[t=      0.0000][INIT                  ] === CBMW detail log opened ===
[t=     39.3877][NEGOTIATE             ] wf=0 tasks=24 arrivalTime=39.3877 deadline=4015.7281 cp=3313.6040 BETA*cp=3644.9644 slack=3976.3404 -> ACCEPTED
[t=     39.3877][DISPATCH              ] wf=0 task=1 -> vm=1 (planned reserved, was idle)
[t=     47.6420][NEGOTIATE             ] wf=1 tasks=23 arrivalTime=47.6420 deadline=609.5492 cp=468.2550 BETA*cp=515.0805 slack=561.9072 -> ACCEPTED
[t=     47.6420][DISPATCH              ] wf=1 task=25 -> vm=0 (planned reserved, was idle)
[t=     65.2390][TASK-COMPLETE         ] task=1 wf=0 vm=1(reserved) actualCPU=25.8513s
[t=     65.2390][DISPATCH              ] wf=0 task=2 -> vm=1 (planned reserved, was idle)
[t=     78.0771][NEGOTIATE             ] wf=2 tasks=40 arrivalTime=78.0771 deadline=641.0331 cp=469.1290 BETA*cp=516.0419 slack=562.9560 -> ACCEPTED
[t=     78.0771][DISPATCH              ] wf=2 task=48 -> vm=8 (planned reserved, was idle)
[t=     78.0771][DISPATCH              ] wf=2 task=49 -> vm=10 (planned reserved, was idle)
[t=     78.0771][DISPATCH              ] wf=2 task=50 -> vm=11 (planned reserved, was idle)
[t=     78.0771][DISPATCH              ] wf=2 task=51 planned=ON-DEMAND -> vm=50 (on-demand)
[t=     78.0771][DISPATCH              ] wf=2 task=52 -> vm=9 (planned reserved, was idle)
[t=     78.0771][DISPATCH              ] wf=2 task=53 -> vm=17 (planned reserved, was idle)
[t=     78.0771][DISPATCH              ] wf=2 task=54 -> vm=20 (planned reserved, was idle)
[t=     78.0771][DISPATCH              ] wf=2 task=55 -> vm=26 (planned reserved, was idle)
[t=     78.0771][DISPATCH              ] wf=2 task=56 -> vm=25 (planned reserved, was idle)
[t=     78.0771][DISPATCH              ] wf=2 task=57 planned=vm17 BUSY -> advanced to vm=13
[t=     78.0771][DISPATCH              ] wf=2 task=58 -> vm=27 (planned reserved, was idle)
[t=     78.0771][DISPATCH              ] wf=2 task=59 planned=vm11 BUSY -> advanced to vm=15
[t=     78.0771][DISPATCH              ] wf=2 task=60 planned=vm20 BUSY -> advanced to vm=16
[t=     78.0771][DISPATCH              ] wf=2 task=61 planned=vm16 BUSY -> advanced to vm=21
[t=     78.0771][DISPATCH              ] wf=2 task=64 planned=vm1 BUSY -> advanced to vm=28
[t=     78.0771][DISPATCH              ] wf=2 task=65 -> vm=18 (planned reserved, was idle)
[t=     78.0771][DISPATCH              ] wf=2 task=66 planned=ON-DEMAND -> vm=51 (on-demand)
[t=     78.0771][DISPATCH              ] wf=2 task=67 -> vm=7 (planned reserved, was idle)
[t=     78.0771][DISPATCH              ] wf=2 task=68 -> vm=5 (planned reserved, was idle)
[t=     78.0771][DISPATCH              ] wf=2 task=69 planned=vm5 BUSY -> advanced to vm=19
[t=     78.0771][DISPATCH              ] wf=2 task=70 -> vm=6 (planned reserved, was idle)
[t=     78.0771][DISPATCH              ] wf=2 task=71 planned=vm25 BUSY -> advanced to vm=29
[t=     78.0771][DISPATCH              ] wf=2 task=72 -> vm=22 (planned reserved, was idle)
[t=     78.0771][DISPATCH              ] wf=2 task=73 planned=vm21 BUSY -> advanced to vm=30
[t=     78.0771][DISPATCH              ] wf=2 task=74 planned=vm16 BUSY -> advanced to vm=31
[t=     78.0771][DISPATCH              ] wf=2 task=77 planned=vm19 BUSY -> advanced to vm=32
[t=     78.0771][DISPATCH              ] wf=2 task=78 -> vm=23 (planned reserved, was idle)
[t=     78.0771][DISPATCH              ] wf=2 task=79 planned=vm15 BUSY -> advanced to vm=33
[t=     78.0771][DISPATCH              ] wf=2 task=80 planned=vm11 BUSY -> advanced to vm=34
[t=     78.0771][DISPATCH              ] wf=2 task=81 -> vm=4 (planned reserved, was idle)
[t=     78.0771][DISPATCH              ] wf=2 task=82 planned=vm13 BUSY -> advanced to vm=35
[t=     78.0771][DISPATCH              ] wf=2 task=83 planned=vm6 BUSY -> advanced to vm=36
[t=     78.0771][DISPATCH              ] wf=2 task=84 planned=vm7 BUSY -> advanced to vm=37
[t=     78.0771][DISPATCH              ] wf=2 task=85 -> vm=24 (planned reserved, was idle)
[t=     78.0771][DISPATCH              ] wf=2 task=86 -> vm=3 (planned reserved, was idle)
[t=     78.0771][DISPATCH              ] wf=2 task=87 -> vm=14 (planned reserved, was idle)
[t=     78.1771][DISPATCH              ] wf=2 task=51 planned=ON-DEMAND -> vm=50 (on-demand)
[t=     78.1771][DISPATCH              ] wf=2 task=66 planned=ON-DEMAND -> vm=51 (on-demand)
[t=     89.1401][TASK-COMPLETE         ] task=2 wf=0 vm=1(reserved) actualCPU=23.9011s
[t=     89.1401][DISPATCH              ] wf=0 task=3 planned=vm0 BUSY -> advanced to vm=38
[t=     90.4401][TASK-COMPLETE         ] task=50 wf=2 vm=11(reserved) actualCPU=12.3630s
[t=    102.0615][NEGOTIATE             ] wf=3 tasks=24 arrivalTime=102.0615 deadline=4078.4019 cp=3313.6040 BETA*cp=3644.9644 slack=3976.3404 -> ACCEPTED
[t=    102.0615][DISPATCH              ] wf=3 task=88 -> vm=1 (planned reserved, was idle)
[t=    108.4485][TASK-COMPLETE         ] task=53 wf=2 vm=17(reserved) actualCPU=30.3714s
[t=    114.9565][TASK-COMPLETE         ] task=69 wf=2 vm=19(reserved) actualCPU=36.8794s
[t=    121.3985][TASK-COMPLETE         ] task=59 wf=2 vm=15(reserved) actualCPU=43.3214s
[t=    127.9135][TASK-COMPLETE         ] task=88 wf=3 vm=1(reserved) actualCPU=25.8520s
[t=    127.9135][DISPATCH              ] wf=3 task=89 planned=vm0 BUSY -> advanced to vm=15
[t=    129.3667][NEGOTIATE             ] wf=4 tasks=23 arrivalTime=129.3667 deadline=691.2739 cp=468.2550 BETA*cp=515.0805 slack=561.9072 -> ACCEPTED
[t=    129.3667][DISPATCH              ] wf=4 task=112 planned=vm13 BUSY -> advanced to vm=17
[t=    130.6295][TASK-COMPLETE         ] task=60 wf=2 vm=16(reserved) actualCPU=52.5524s
[t=    132.6835][TASK-COMPLETE         ] task=56 wf=2 vm=25(reserved) actualCPU=54.6064s
[t=    140.5355][TASK-COMPLETE         ] task=86 wf=2 vm=3(reserved) actualCPU=62.4584s
[t=    141.5254][NEGOTIATE             ] wf=5 tasks=40 arrivalTime=141.5254 deadline=704.4814 cp=469.1290 BETA*cp=516.0419 slack=562.9560 -> ACCEPTED
[t=    141.5254][DISPATCH              ] wf=5 task=135 -> vm=42 (planned reserved, was idle)
[t=    141.5254][DISPATCH              ] wf=5 task=136 -> vm=43 (planned reserved, was idle)
[t=    141.5254][DISPATCH              ] wf=5 task=137 planned=vm4 BUSY -> advanced to vm=16
[t=    141.5254][DISPATCH              ] wf=5 task=138 planned=vm26 BUSY -> advanced to vm=1
[t=    141.5254][DISPATCH              ] wf=5 task=139 planned=vm17 BUSY -> advanced to vm=2
[t=    141.5254][DISPATCH              ] wf=5 task=140 planned=vm8 BUSY -> advanced to vm=39
[t=    141.5254][DISPATCH              ] wf=5 task=141 -> vm=49 (planned reserved, was idle)
[t=    141.5254][DISPATCH              ] wf=5 task=142 -> vm=46 (planned reserved, was idle)
[t=    141.5254][DISPATCH              ] wf=5 task=143 planned=vm37 BUSY -> advanced to vm=3
[t=    141.5254][DISPATCH              ] wf=5 task=144 -> vm=41 (planned reserved, was idle)
[t=    141.5254][DISPATCH              ] wf=5 task=145 planned=vm30 BUSY -> advanced to vm=11
[t=    141.5254][DISPATCH              ] wf=5 task=146 planned=vm36 BUSY -> advanced to vm=12
[t=    141.5254][DISPATCH              ] wf=5 task=147 -> vm=25 (planned reserved, was idle)
[t=    141.5254][DISPATCH              ] wf=5 task=148 -> vm=47 (planned reserved, was idle)
[t=    141.5254][DISPATCH              ] wf=5 task=151 planned=vm46 BUSY -> advanced to vm=19
[t=    141.5254][DISPATCH              ] wf=5 task=152 -> vm=48 (planned reserved, was idle)
[t=    141.5254][DISPATCH              ] wf=5 task=153 planned=ON-DEMAND -> vm=52 (on-demand)
[t=    141.5254][DISPATCH              ] wf=5 task=154 planned=vm47 BUSY -> advanced to vm=40
[t=    141.5254][DISPATCH              ] wf=5 task=155 planned=vm41 BUSY -> advanced to vm=44
[t=    141.5254][DISPATCH              ] wf=5 task=156 planned=vm3 BUSY -> advanced to vm=45
[t=    141.5254][DISPATCH              ] wf=5 task=157 planned=vm38 no-idle-reserved -> on-demand vm=53
[t=    141.5254][DISPATCH              ] wf=5 task=158 planned=vm29 no-idle-reserved -> on-demand vm=54
[t=    141.5254][DISPATCH              ] wf=5 task=159 planned=vm43 no-idle-reserved -> on-demand vm=55
[t=    141.5254][DISPATCH              ] wf=5 task=160 planned=vm42 no-idle-reserved -> on-demand vm=56
[t=    141.5254][DISPATCH              ] wf=5 task=161 planned=vm23 no-idle-reserved -> on-demand vm=57
[t=    141.5254][DISPATCH              ] wf=5 task=164 planned=vm39 no-idle-reserved -> on-demand vm=58
[t=    141.5254][DISPATCH              ] wf=5 task=165 planned=vm44 no-idle-reserved -> on-demand vm=59
[t=    141.5254][DISPATCH              ] wf=5 task=166 planned=vm38 no-idle-reserved -> on-demand vm=60
[t=    141.5254][DISPATCH              ] wf=5 task=167 planned=vm16 no-idle-reserved -> on-demand vm=61
[t=    141.5254][DISPATCH              ] wf=5 task=168 planned=vm11 no-idle-reserved -> on-demand vm=62
[t=    141.5254][DISPATCH              ] wf=5 task=169 planned=vm20 no-idle-reserved -> on-demand vm=63
[t=    141.5254][DISPATCH              ] wf=5 task=170 planned=vm13 no-idle-reserved -> on-demand vm=64
[t=    141.5254][DISPATCH              ] wf=5 task=171 planned=vm15 no-idle-reserved -> on-demand vm=65
[t=    141.5254][DISPATCH              ] wf=5 task=172 planned=vm45 no-idle-reserved -> on-demand vm=66
[t=    141.5254][DISPATCH              ] wf=5 task=173 planned=vm3 no-idle-reserved -> on-demand vm=67
[t=    141.5254][DISPATCH              ] wf=5 task=174 planned=vm40 no-idle-reserved -> on-demand vm=68
[t=    141.6254][DISPATCH              ] wf=5 task=153 planned=ON-DEMAND -> vm=52 (on-demand)
[t=    141.6254][DISPATCH              ] wf=5 task=157 planned=vm38 no-idle-reserved -> on-demand vm=53
[t=    141.6254][DISPATCH              ] wf=5 task=158 planned=vm29 no-idle-reserved -> on-demand vm=54
[t=    141.6254][DISPATCH              ] wf=5 task=159 planned=vm43 no-idle-reserved -> on-demand vm=55
[t=    141.6254][DISPATCH              ] wf=5 task=160 planned=vm42 no-idle-reserved -> on-demand vm=56
[t=    141.6254][DISPATCH              ] wf=5 task=161 planned=vm23 no-idle-reserved -> on-demand vm=57
[t=    141.6254][DISPATCH              ] wf=5 task=164 planned=vm39 no-idle-reserved -> on-demand vm=58
[t=    141.6254][DISPATCH              ] wf=5 task=165 planned=vm44 no-idle-reserved -> on-demand vm=59
[t=    141.6254][DISPATCH              ] wf=5 task=166 planned=vm38 no-idle-reserved -> on-demand vm=60
[t=    141.6254][DISPATCH              ] wf=5 task=167 planned=vm16 no-idle-reserved -> on-demand vm=61
[t=    141.6254][DISPATCH              ] wf=5 task=168 planned=vm11 no-idle-reserved -> on-demand vm=62
[t=    141.6254][DISPATCH              ] wf=5 task=169 planned=vm20 no-idle-reserved -> on-demand vm=63
[t=    141.6254][DISPATCH              ] wf=5 task=170 planned=vm13 no-idle-reserved -> on-demand vm=64
[t=    141.6254][DISPATCH              ] wf=5 task=171 planned=vm15 no-idle-reserved -> on-demand vm=65
[t=    141.6254][DISPATCH              ] wf=5 task=172 planned=vm45 no-idle-reserved -> on-demand vm=66
[t=    141.6254][DISPATCH              ] wf=5 task=173 planned=vm3 no-idle-reserved -> on-demand vm=67
[t=    141.6254][DISPATCH              ] wf=5 task=174 planned=vm40 no-idle-reserved -> on-demand vm=68
[t=    151.8154][TASK-COMPLETE         ] task=89 wf=3 vm=15(reserved) actualCPU=23.9020s
[t=    151.8154][DISPATCH              ] wf=3 task=90 planned=vm5 BUSY -> advanced to vm=15
[t=    153.8884][TASK-COMPLETE         ] task=137 wf=5 vm=16(reserved) actualCPU=12.3630s
[t=    156.1187][NEGOTIATE             ] wf=6 tasks=24 arrivalTime=156.1187 deadline=4132.4591 cp=3313.6040 BETA*cp=3644.9644 slack=3976.3404 -> ACCEPTED
[t=    156.1187][DISPATCH              ] wf=6 task=175 planned=vm0 BUSY -> advanced to vm=16
[t=    161.0674][TASK-COMPLETE         ] task=57 wf=2 vm=13(reserved) actualCPU=82.9903s
[t=    161.4374][TASK-COMPLETE         ] task=25 wf=1 vm=0(reserved) actualCPU=113.7954s
[t=    161.4374][DISPATCH              ] wf=1 task=26 planned=vm2 BUSY -> advanced to vm=0
[t=    161.4374][DISPATCH              ] wf=1 task=27 planned=vm5 BUSY -> advanced to vm=13
[t=    161.4374][DISPATCH              ] wf=1 task=28 planned=ON-DEMAND -> vm=69 (on-demand)
[t=    161.4374][DISPATCH              ] wf=1 task=29 planned=vm3 no-idle-reserved -> on-demand vm=70
[t=    161.4374][DISPATCH              ] wf=1 task=30 planned=vm10 no-idle-reserved -> on-demand vm=71
[t=    161.4374][DISPATCH              ] wf=1 task=31 planned=vm3 no-idle-reserved -> on-demand vm=72
[t=    161.4374][DISPATCH              ] wf=1 task=32 planned=ON-DEMAND -> vm=73 (on-demand)
[t=    161.4374][DISPATCH              ] wf=1 task=33 planned=vm4 no-idle-reserved -> on-demand vm=74
[t=    161.4374][DISPATCH              ] wf=1 task=34 planned=vm0 no-idle-reserved -> on-demand vm=75
[t=    161.4374][DISPATCH              ] wf=1 task=35 planned=vm4 no-idle-reserved -> on-demand vm=76
[t=    161.4374][DISPATCH              ] wf=1 task=36 planned=vm2 no-idle-reserved -> on-demand vm=77
[t=    161.4374][DISPATCH              ] wf=1 task=37 planned=vm1 no-idle-reserved -> on-demand vm=78
[t=    161.4374][DISPATCH              ] wf=1 task=38 planned=vm6 no-idle-reserved -> on-demand vm=79
[t=    161.4374][DISPATCH              ] wf=1 task=39 planned=vm9 no-idle-reserved -> on-demand vm=80
[t=    161.4374][DISPATCH              ] wf=1 task=40 planned=vm8 no-idle-reserved -> on-demand vm=81
[t=    161.4374][DISPATCH              ] wf=1 task=41 planned=vm11 no-idle-reserved -> on-demand vm=82
[t=    161.4374][DISPATCH              ] wf=1 task=42 planned=vm2 no-idle-reserved -> on-demand vm=83
[t=    161.4374][DISPATCH              ] wf=1 task=43 planned=vm12 no-idle-reserved -> on-demand vm=84
[t=    161.4374][DISPATCH              ] wf=1 task=44 planned=vm7 no-idle-reserved -> on-demand vm=85
[t=    161.4374][DISPATCH              ] wf=1 task=45 planned=vm0 no-idle-reserved -> on-demand vm=86
[t=    161.4374][DISPATCH              ] wf=1 task=46 planned=vm1 no-idle-reserved -> on-demand vm=87
[t=    161.5374][DISPATCH              ] wf=1 task=28 planned=ON-DEMAND -> vm=69 (on-demand)
[t=    161.5374][DISPATCH              ] wf=1 task=29 planned=vm3 no-idle-reserved -> on-demand vm=70
[t=    161.5374][DISPATCH              ] wf=1 task=30 planned=vm10 no-idle-reserved -> on-demand vm=71
[t=    161.5374][DISPATCH              ] wf=1 task=31 planned=vm3 no-idle-reserved -> on-demand vm=72
[t=    161.5374][DISPATCH              ] wf=1 task=32 planned=ON-DEMAND -> vm=73 (on-demand)
[t=    161.5374][DISPATCH              ] wf=1 task=33 planned=vm4 no-idle-reserved -> on-demand vm=74
[t=    161.5374][DISPATCH              ] wf=1 task=34 planned=vm0 no-idle-reserved -> on-demand vm=75
[t=    161.5374][DISPATCH              ] wf=1 task=35 planned=vm4 no-idle-reserved -> on-demand vm=76
[t=    161.5374][DISPATCH              ] wf=1 task=36 planned=vm2 no-idle-reserved -> on-demand vm=77
[t=    161.5374][DISPATCH              ] wf=1 task=37 planned=vm1 no-idle-reserved -> on-demand vm=78
[t=    161.5374][DISPATCH              ] wf=1 task=38 planned=vm6 no-idle-reserved -> on-demand vm=79
[t=    161.5374][DISPATCH              ] wf=1 task=39 planned=vm9 no-idle-reserved -> on-demand vm=80
[t=    161.5374][DISPATCH              ] wf=1 task=40 planned=vm8 no-idle-reserved -> on-demand vm=81
[t=    161.5374][DISPATCH              ] wf=1 task=41 planned=vm11 no-idle-reserved -> on-demand vm=82
[t=    161.5374][DISPATCH              ] wf=1 task=42 planned=vm2 no-idle-reserved -> on-demand vm=83
[t=    161.5374][DISPATCH              ] wf=1 task=43 planned=vm12 no-idle-reserved -> on-demand vm=84
[t=    161.5374][DISPATCH              ] wf=1 task=44 planned=vm7 no-idle-reserved -> on-demand vm=85
[t=    161.5374][DISPATCH              ] wf=1 task=45 planned=vm0 no-idle-reserved -> on-demand vm=86
[t=    161.5374][DISPATCH              ] wf=1 task=46 planned=vm1 no-idle-reserved -> on-demand vm=87
[t=    165.1114][TASK-COMPLETE         ] task=74 wf=2 vm=31(reserved) actualCPU=87.0343s
[t=    170.4154][TASK-COMPLETE         ] task=81 wf=2 vm=4(reserved) actualCPU=92.3383s
[t=    171.8974][TASK-COMPLETE         ] task=140 wf=5 vm=39(reserved) actualCPU=30.3720s
[t=    172.3834][TASK-COMPLETE         ] task=55 wf=2 vm=26(reserved) actualCPU=94.3063s
[t=    172.6304][TASK-COMPLETE         ] task=61 wf=2 vm=21(reserved) actualCPU=94.5533s
[t=    178.4054][TASK-COMPLETE         ] task=156 wf=5 vm=45(reserved) actualCPU=36.8800s
[t=    181.9704][TASK-COMPLETE         ] task=175 wf=6 vm=16(reserved) actualCPU=25.8518s
[t=    181.9704][DISPATCH              ] wf=6 task=176 planned=vm1 BUSY -> advanced to vm=16
[t=    184.8474][TASK-COMPLETE         ] task=146 wf=5 vm=12(reserved) actualCPU=43.3220s
[t=    187.6764][TASK-COMPLETE         ] task=54 wf=2 vm=20(reserved) actualCPU=109.5993s
[t=    192.5914][TASK-COMPLETE         ] task=83 wf=2 vm=36(reserved) actualCPU=114.5143s
[t=    194.0784][TASK-COMPLETE         ] task=147 wf=5 vm=25(reserved) actualCPU=52.5530s
[t=    194.3794][TASK-COMPLETE         ] task=84 wf=2 vm=37(reserved) actualCPU=116.3023s
[t=    196.1324][TASK-COMPLETE         ] task=143 wf=5 vm=3(reserved) actualCPU=54.6070s
[t=    199.4254][TASK-COMPLETE         ] task=58 wf=2 vm=27(reserved) actualCPU=121.3483s
[t=    202.5554][TASK-COMPLETE         ] task=80 wf=2 vm=34(reserved) actualCPU=124.4783s
[t=    204.0844][TASK-COMPLETE         ] task=173 wf=5 vm=67(on-demand) actualCPU=62.4590s cost=$0.056525
[t=    205.8724][TASK-COMPLETE         ] task=176 wf=6 vm=16(reserved) actualCPU=23.9020s
[t=    205.8724][DISPATCH              ] wf=6 task=177 -> vm=4 (planned reserved, was idle)
[t=    215.3364][TASK-COMPLETE         ] task=42 wf=1 vm=83(on-demand) actualCPU=53.7990s cost=$0.048688
[t=    221.2914][TASK-COMPLETE         ] task=73 wf=2 vm=30(reserved) actualCPU=143.2143s
[t=    223.9904][TASK-COMPLETE         ] task=72 wf=2 vm=22(reserved) actualCPU=145.9133s
[t=    224.5164][TASK-COMPLETE         ] task=144 wf=5 vm=41(reserved) actualCPU=82.9910s
[t=    227.6614][TASK-COMPLETE         ] task=48 wf=2 vm=8(reserved) actualCPU=149.5843s
[t=    228.3664][TASK-COMPLETE         ] task=46 wf=1 vm=87(on-demand) actualCPU=66.8290s cost=$0.060480
[t=    228.6604][TASK-COMPLETE         ] task=161 wf=5 vm=57(on-demand) actualCPU=87.0350s cost=$0.078767
[t=    233.9644][TASK-COMPLETE         ] task=168 wf=5 vm=62(on-demand) actualCPU=92.3390s cost=$0.083567
[t=    235.8324][TASK-COMPLETE         ] task=142 wf=5 vm=46(reserved) actualCPU=94.3070s
[t=    236.0794][TASK-COMPLETE         ] task=148 wf=5 vm=47(reserved) actualCPU=94.5540s
[t=    243.1624][TASK-COMPLETE         ] task=112 wf=4 vm=17(reserved) actualCPU=113.7958s
[t=    243.1624][DISPATCH              ] wf=4 task=113 planned=vm33 BUSY -> advanced to vm=3
[t=    243.1624][DISPATCH              ] wf=4 task=114 -> vm=21 (planned reserved, was idle)
[t=    243.1624][DISPATCH              ] wf=4 task=115 planned=vm28 BUSY -> advanced to vm=8
[t=    243.1624][DISPATCH              ] wf=4 task=116 planned=vm32 BUSY -> advanced to vm=12
[t=    243.1624][DISPATCH              ] wf=4 task=117 -> vm=30 (planned reserved, was idle)
[t=    243.1624][DISPATCH              ] wf=4 task=118 planned=vm14 BUSY -> advanced to vm=16
[t=    243.1624][DISPATCH              ] wf=4 task=119 -> vm=37 (planned reserved, was idle)
[t=    243.1624][DISPATCH              ] wf=4 task=120 -> vm=34 (planned reserved, was idle)
[t=    243.1624][DISPATCH              ] wf=4 task=121 -> vm=31 (planned reserved, was idle)
[t=    243.1624][DISPATCH              ] wf=4 task=122 planned=vm19 BUSY -> advanced to vm=17
[t=    243.1624][DISPATCH              ] wf=4 task=123 planned=vm17 BUSY -> advanced to vm=20
[t=    243.1624][DISPATCH              ] wf=4 task=124 -> vm=22 (planned reserved, was idle)
[t=    243.1624][DISPATCH              ] wf=4 task=125 -> vm=26 (planned reserved, was idle)
[t=    243.1624][DISPATCH              ] wf=4 task=126 planned=vm29 BUSY -> advanced to vm=25
[t=    243.1624][DISPATCH              ] wf=4 task=127 planned=vm28 BUSY -> advanced to vm=27
[t=    243.1624][DISPATCH              ] wf=4 task=128 planned=vm35 BUSY -> advanced to vm=36
[t=    243.1624][DISPATCH              ] wf=4 task=129 planned=vm8 BUSY -> advanced to vm=39
[t=    243.1624][DISPATCH              ] wf=4 task=130 planned=vm36 BUSY -> advanced to vm=41
[t=    243.1624][DISPATCH              ] wf=4 task=131 planned=vm27 BUSY -> advanced to vm=45
[t=    243.1624][DISPATCH              ] wf=4 task=132 planned=vm10 BUSY -> advanced to vm=46
[t=    243.1624][DISPATCH              ] wf=4 task=133 planned=vm9 BUSY -> advanced to vm=47
[t=    247.0434][TASK-COMPLETE         ] task=49 wf=2 vm=10(reserved) actualCPU=168.9663s
[t=    251.1254][TASK-COMPLETE         ] task=141 wf=5 vm=49(reserved) actualCPU=109.6000s
[t=    252.9024][TASK-COMPLETE         ] task=45 wf=1 vm=86(on-demand) actualCPU=91.3650s cost=$0.082685
[t=    256.1174][TASK-COMPLETE         ] task=31 wf=1 vm=72(on-demand) actualCPU=94.5800s cost=$0.085595
[t=    256.1404][TASK-COMPLETE         ] task=170 wf=5 vm=64(on-demand) actualCPU=114.5150s cost=$0.103636
[t=    257.9284][TASK-COMPLETE         ] task=171 wf=5 vm=65(on-demand) actualCPU=116.3030s cost=$0.105254
[t=    262.8744][TASK-COMPLETE         ] task=145 wf=5 vm=11(reserved) actualCPU=121.3490s
[t=    266.1044][TASK-COMPLETE         ] task=167 wf=5 vm=61(on-demand) actualCPU=124.4790s cost=$0.112653
[t=    266.4704][TASK-COMPLETE         ] task=82 wf=2 vm=35(reserved) actualCPU=188.3933s
[t=    271.0764][TASK-COMPLETE         ] task=52 wf=2 vm=9(reserved) actualCPU=192.9993s
[t=    276.0104][TASK-COMPLETE         ] task=36 wf=1 vm=77(on-demand) actualCPU=114.4730s cost=$0.103598
[t=    278.5824][TASK-COMPLETE         ] task=35 wf=1 vm=76(on-demand) actualCPU=117.0450s cost=$0.105926
[t=    278.6471][TASK-COMPLETE         ] task=65 wf=2 vm=18(reserved) actualCPU=200.5700s
[t=    281.7946][NEGOTIATE             ] wf=7 tasks=23 arrivalTime=281.7946 deadline=843.7018 cp=468.2550 BETA*cp=515.0805 slack=561.9072 -> ACCEPTED
[t=    281.7946][DISPATCH              ] wf=7 task=199 planned=vm22 BUSY -> advanced to vm=9
[t=    282.5374][TASK-COMPLETE         ] task=71 wf=2 vm=29(reserved) actualCPU=204.4603s
[t=    284.8404][TASK-COMPLETE         ] task=160 wf=5 vm=56(on-demand) actualCPU=143.2150s cost=$0.129610
[t=    287.5394][TASK-COMPLETE         ] task=159 wf=5 vm=55(on-demand) actualCPU=145.9140s cost=$0.132052
[t=    289.3524][TASK-COMPLETE         ] task=68 wf=2 vm=5(reserved) actualCPU=211.2753s
[t=    291.1104][TASK-COMPLETE         ] task=135 wf=5 vm=42(reserved) actualCPU=149.5850s
[t=    291.6694][TASK-COMPLETE         ] task=79 wf=2 vm=33(reserved) actualCPU=213.5923s
[t=    292.5664][TASK-COMPLETE         ] task=27 wf=1 vm=13(reserved) actualCPU=131.1290s
[t=    296.9614][TASK-COMPLETE         ] task=129 wf=4 vm=39(reserved) actualCPU=53.7990s
[t=    297.5884][TASK-COMPLETE         ] task=37 wf=1 vm=78(on-demand) actualCPU=136.0510s cost=$0.123126
[t=    304.1594][TASK-COMPLETE         ] task=38 wf=1 vm=79(on-demand) actualCPU=142.6220s cost=$0.129073
[t=    305.0254][TASK-COMPLETE         ] task=44 wf=1 vm=85(on-demand) actualCPU=143.4880s cost=$0.129857
[t=    307.5534][TASK-COMPLETE         ] task=40 wf=1 vm=81(on-demand) actualCPU=146.0160s cost=$0.132144
[t=    307.8904][TASK-COMPLETE         ] task=51 wf=2 vm=50(on-demand) actualCPU=229.7133s cost=$0.207891
[t=    307.8904][DISPATCH              ] wf=2 task=62 planned=vm14 BUSY -> advanced to vm=5
[t=    307.8904][DISPATCH              ] wf=2 task=63 -> vm=18 (planned reserved, was idle)
[t=    308.6164][TASK-COMPLETE         ] task=39 wf=1 vm=80(on-demand) actualCPU=147.0790s cost=$0.133106
[t=    309.9914][TASK-COMPLETE         ] task=133 wf=4 vm=47(reserved) actualCPU=66.8290s
[t=    310.4924][TASK-COMPLETE         ] task=136 wf=5 vm=43(reserved) actualCPU=168.9670s
[t=    310.9034][TASK-COMPLETE         ] task=30 wf=1 vm=71(on-demand) actualCPU=149.3660s cost=$0.135176
[t=    314.5074][TASK-COMPLETE         ] task=64 wf=2 vm=28(reserved) actualCPU=236.4303s
[t=    317.3814][TASK-COMPLETE         ] task=70 wf=2 vm=6(reserved) actualCPU=239.3043s
[t=    318.9244][TASK-COMPLETE         ] task=67 wf=2 vm=7(reserved) actualCPU=240.8473s
[t=    325.1134][TASK-COMPLETE         ] task=77 wf=2 vm=32(reserved) actualCPU=247.0363s
[t=    330.0194][TASK-COMPLETE         ] task=169 wf=5 vm=63(on-demand) actualCPU=188.3940s cost=$0.170497
[t=    334.5254][TASK-COMPLETE         ] task=139 wf=5 vm=2(reserved) actualCPU=193.0000s
[t=    334.6354][TASK-COMPLETE         ] task=132 wf=4 vm=46(reserved) actualCPU=91.4730s
[t=    337.7424][TASK-COMPLETE         ] task=118 wf=4 vm=16(reserved) actualCPU=94.5800s
[t=    342.0954][TASK-COMPLETE         ] task=152 wf=5 vm=48(reserved) actualCPU=200.5700s
[t=    345.1988][NEGOTIATE             ] wf=8 tasks=40 arrivalTime=345.1988 deadline=908.1548 cp=469.1290 BETA*cp=516.0419 slack=562.9560 -> ACCEPTED
[t=    345.1988][DISPATCH              ] wf=8 task=222 planned=vm41 BUSY -> advanced to vm=2
[t=    345.1988][DISPATCH              ] wf=8 task=223 planned=vm12 BUSY -> advanced to vm=6
[t=    345.1988][DISPATCH              ] wf=8 task=224 -> vm=11 (planned reserved, was idle)
[t=    345.1988][DISPATCH              ] wf=8 task=225 planned=vm26 BUSY -> advanced to vm=7
[t=    345.1988][DISPATCH              ] wf=8 task=226 planned=vm37 BUSY -> advanced to vm=10
[t=    345.1988][DISPATCH              ] wf=8 task=227 planned=vm9 BUSY -> advanced to vm=13
[t=    345.1988][DISPATCH              ] wf=8 task=228 planned=vm4 BUSY -> advanced to vm=16
[t=    345.1988][DISPATCH              ] wf=8 task=229 planned=vm26 BUSY -> advanced to vm=28
[t=    345.1988][DISPATCH              ] wf=8 task=230 planned=vm20 BUSY -> advanced to vm=29
[t=    345.1988][DISPATCH              ] wf=8 task=231 planned=vm19 BUSY -> advanced to vm=32
[t=    345.1988][DISPATCH              ] wf=8 task=232 planned=vm6 BUSY -> advanced to vm=33
[t=    345.1988][DISPATCH              ] wf=8 task=233 planned=vm9 BUSY -> advanced to vm=35
[t=    345.1988][DISPATCH              ] wf=8 task=234 planned=vm15 BUSY -> advanced to vm=39
[t=    345.1988][DISPATCH              ] wf=8 task=235 planned=vm3 BUSY -> advanced to vm=42
[t=    345.1988][DISPATCH              ] wf=8 task=238 planned=vm5 BUSY -> advanced to vm=43
[t=    345.1988][DISPATCH              ] wf=8 task=239 planned=vm11 BUSY -> advanced to vm=46
[t=    345.1988][DISPATCH              ] wf=8 task=240 planned=vm26 BUSY -> advanced to vm=47
[t=    345.1988][DISPATCH              ] wf=8 task=241 planned=vm3 BUSY -> advanced to vm=48
[t=    345.1988][DISPATCH              ] wf=8 task=242 planned=vm15 BUSY -> advanced to vm=49
[t=    345.1988][DISPATCH              ] wf=8 task=243 planned=vm7 no-idle-reserved -> on-demand vm=88
[t=    345.1988][DISPATCH              ] wf=8 task=244 planned=vm19 no-idle-reserved -> on-demand vm=89
[t=    345.1988][DISPATCH              ] wf=8 task=245 planned=vm25 no-idle-reserved -> on-demand vm=90
[t=    345.1988][DISPATCH              ] wf=8 task=246 planned=vm34 no-idle-reserved -> on-demand vm=91
[t=    345.1988][DISPATCH              ] wf=8 task=247 planned=vm31 no-idle-reserved -> on-demand vm=92
[t=    345.1988][DISPATCH              ] wf=8 task=248 planned=vm8 no-idle-reserved -> on-demand vm=93
[t=    345.1988][DISPATCH              ] wf=8 task=251 planned=vm32 no-idle-reserved -> on-demand vm=94
[t=    345.1988][DISPATCH              ] wf=8 task=252 planned=vm46 no-idle-reserved -> on-demand vm=95
[t=    345.1988][DISPATCH              ] wf=8 task=253 planned=vm30 no-idle-reserved -> on-demand vm=96
[t=    345.1988][DISPATCH              ] wf=8 task=254 planned=vm11 no-idle-reserved -> on-demand vm=97
[t=    345.1988][DISPATCH              ] wf=8 task=255 planned=vm3 no-idle-reserved -> on-demand vm=98
[t=    345.1988][DISPATCH              ] wf=8 task=256 planned=vm14 no-idle-reserved -> on-demand vm=99
[t=    345.1988][DISPATCH              ] wf=8 task=257 planned=vm8 no-idle-reserved -> on-demand vm=100
[t=    345.1988][DISPATCH              ] wf=8 task=258 planned=vm9 no-idle-reserved -> on-demand vm=101
[t=    345.1988][DISPATCH              ] wf=8 task=259 planned=vm48 no-idle-reserved -> on-demand vm=102
[t=    345.1988][DISPATCH              ] wf=8 task=260 planned=vm2 no-idle-reserved -> on-demand vm=103
[t=    345.1988][DISPATCH              ] wf=8 task=261 planned=vm41 no-idle-reserved -> on-demand vm=104
[t=    345.2988][DISPATCH              ] wf=8 task=243 planned=vm7 no-idle-reserved -> on-demand vm=88
[t=    345.2988][DISPATCH              ] wf=8 task=244 planned=vm19 no-idle-reserved -> on-demand vm=89
[t=    345.2988][DISPATCH              ] wf=8 task=245 planned=vm25 no-idle-reserved -> on-demand vm=90
[t=    345.2988][DISPATCH              ] wf=8 task=246 planned=vm34 no-idle-reserved -> on-demand vm=91
[t=    345.2988][DISPATCH              ] wf=8 task=247 planned=vm31 no-idle-reserved -> on-demand vm=92
[t=    345.2988][DISPATCH              ] wf=8 task=248 planned=vm8 no-idle-reserved -> on-demand vm=93
[t=    345.2988][DISPATCH              ] wf=8 task=251 planned=vm32 no-idle-reserved -> on-demand vm=94
[t=    345.2988][DISPATCH              ] wf=8 task=252 planned=vm46 no-idle-reserved -> on-demand vm=95
[t=    345.2988][DISPATCH              ] wf=8 task=253 planned=vm30 no-idle-reserved -> on-demand vm=96
[t=    345.2988][DISPATCH              ] wf=8 task=254 planned=vm11 no-idle-reserved -> on-demand vm=97
[t=    345.2988][DISPATCH              ] wf=8 task=255 planned=vm3 no-idle-reserved -> on-demand vm=98
[t=    345.2988][DISPATCH              ] wf=8 task=256 planned=vm14 no-idle-reserved -> on-demand vm=99
[t=    345.2988][DISPATCH              ] wf=8 task=257 planned=vm8 no-idle-reserved -> on-demand vm=100
[t=    345.2988][DISPATCH              ] wf=8 task=258 planned=vm9 no-idle-reserved -> on-demand vm=101
[t=    345.2988][DISPATCH              ] wf=8 task=259 planned=vm48 no-idle-reserved -> on-demand vm=102
[t=    345.2988][DISPATCH              ] wf=8 task=260 planned=vm2 no-idle-reserved -> on-demand vm=103
[t=    345.2988][DISPATCH              ] wf=8 task=261 planned=vm41 no-idle-reserved -> on-demand vm=104
[t=    346.0858][TASK-COMPLETE         ] task=158 wf=5 vm=54(on-demand) actualCPU=204.4603s cost=$0.185037
[t=    352.8008][TASK-COMPLETE         ] task=155 wf=5 vm=44(reserved) actualCPU=211.2753s
[t=    355.0258][TASK-COMPLETE         ] task=87 wf=2 vm=14(reserved) actualCPU=276.9487s
[t=    355.2178][TASK-COMPLETE         ] task=166 wf=5 vm=60(on-demand) actualCPU=213.5923s cost=$0.193301
[t=    356.1628][TASK-COMPLETE         ] task=34 wf=1 vm=75(on-demand) actualCPU=194.6253s cost=$0.176136
[t=    357.5618][TASK-COMPLETE         ] task=224 wf=8 vm=11(reserved) actualCPU=12.3630s
[t=    357.6354][TASK-COMPLETE         ] task=123 wf=4 vm=20(reserved) actualCPU=114.4730s
[t=    360.2068][TASK-COMPLETE         ] task=122 wf=4 vm=17(reserved) actualCPU=117.0443s
[t=    367.4558][TASK-COMPLETE         ] task=62 wf=2 vm=5(reserved) actualCPU=59.5653s
[t=    371.2388][TASK-COMPLETE         ] task=138 wf=5 vm=1(reserved) actualCPU=229.7133s
[t=    371.2388][DISPATCH              ] wf=5 task=149 -> vm=5 (planned reserved, was idle)
[t=    371.2388][DISPATCH              ] wf=5 task=150 planned=vm24 BUSY -> advanced to vm=14
[t=    371.5748][TASK-COMPLETE         ] task=78 wf=2 vm=23(reserved) actualCPU=293.4977s
[t=    371.8578][TASK-COMPLETE         ] task=85 wf=2 vm=24(reserved) actualCPU=293.7807s
[t=    372.3408][TASK-COMPLETE         ] task=3 wf=0 vm=38(reserved) actualCPU=283.2007s
[t=    372.3408][DISPATCH              ] wf=0 task=4 planned=vm0 BUSY -> advanced to vm=1
[t=    374.2908][TASK-COMPLETE         ] task=114 wf=4 vm=21(reserved) actualCPU=131.1283s
[t=    375.5708][TASK-COMPLETE         ] task=227 wf=8 vm=13(reserved) actualCPU=30.3720s
[t=    377.8638][TASK-COMPLETE         ] task=66 wf=2 vm=51(on-demand) actualCPU=299.6867s cost=$0.271216
[t=    377.8638][DISPATCH              ] wf=2 task=76 planned=vm2 BUSY -> advanced to vm=21
[t=    377.9564][TASK-COMPLETE         ] task=151 wf=5 vm=19(reserved) actualCPU=236.4310s
[t=    378.4238][TASK-COMPLETE         ] task=29 wf=1 vm=70(on-demand) actualCPU=216.8863s cost=$0.196282
[t=    379.2128][TASK-COMPLETE         ] task=124 wf=4 vm=22(reserved) actualCPU=136.0503s
[t=    380.9298][TASK-COMPLETE         ] task=157 wf=5 vm=53(on-demand) actualCPU=239.3043s cost=$0.216570
[t=    382.1788][TASK-COMPLETE         ] task=243 wf=8 vm=88(on-demand) actualCPU=36.8800s cost=$0.033376
[t=    382.3728][TASK-COMPLETE         ] task=154 wf=5 vm=40(reserved) actualCPU=240.8473s
[t=    385.7838][TASK-COMPLETE         ] task=125 wf=4 vm=26(reserved) actualCPU=142.6213s
[t=    386.6498][TASK-COMPLETE         ] task=131 wf=4 vm=45(reserved) actualCPU=143.4873s
[t=    388.5208][TASK-COMPLETE         ] task=233 wf=8 vm=35(reserved) actualCPU=43.3220s
[t=    388.6618][TASK-COMPLETE         ] task=164 wf=5 vm=58(on-demand) actualCPU=247.0363s cost=$0.223568
[t=    389.1778][TASK-COMPLETE         ] task=127 wf=4 vm=27(reserved) actualCPU=146.0153s
[t=    390.2408][TASK-COMPLETE         ] task=126 wf=4 vm=25(reserved) actualCPU=147.0783s
[t=    392.5278][TASK-COMPLETE         ] task=117 wf=4 vm=30(reserved) actualCPU=149.3653s
[t=    395.5898][TASK-COMPLETE         ] task=199 wf=7 vm=9(reserved) actualCPU=113.7952s
[t=    395.5898][DISPATCH              ] wf=7 task=200 planned=vm47 BUSY -> advanced to vm=27
[t=    395.5898][DISPATCH              ] wf=7 task=201 -> vm=17 (planned reserved, was idle)
[t=    395.5898][DISPATCH              ] wf=7 task=202 planned=vm21 BUSY -> advanced to vm=35
[t=    395.5898][DISPATCH              ] wf=7 task=203 planned=vm37 BUSY -> advanced to vm=9
[t=    395.5898][DISPATCH              ] wf=7 task=204 planned=vm29 BUSY -> advanced to vm=11
[t=    395.5898][DISPATCH              ] wf=7 task=205 planned=vm7 BUSY -> advanced to vm=19
[t=    395.5898][DISPATCH              ] wf=7 task=206 planned=vm17 BUSY -> advanced to vm=13
[t=    395.5898][DISPATCH              ] wf=7 task=207 planned=vm49 BUSY -> advanced to vm=20
[t=    395.5898][DISPATCH              ] wf=7 task=208 planned=vm33 BUSY -> advanced to vm=22
[t=    395.5898][DISPATCH              ] wf=7 task=209 planned=vm12 BUSY -> advanced to vm=26
[t=    395.5898][DISPATCH              ] wf=7 task=210 planned=vm10 BUSY -> advanced to vm=23
[t=    395.5898][DISPATCH              ] wf=7 task=211 planned=vm21 BUSY -> advanced to vm=24
[t=    395.5898][DISPATCH              ] wf=7 task=212 planned=vm22 BUSY -> advanced to vm=25
[t=    395.5898][DISPATCH              ] wf=7 task=213 planned=vm25 BUSY -> advanced to vm=30
[t=    395.5898][DISPATCH              ] wf=7 task=214 planned=vm24 BUSY -> advanced to vm=38
[t=    395.5898][DISPATCH              ] wf=7 task=215 planned=vm13 BUSY -> advanced to vm=40
[t=    395.5898][DISPATCH              ] wf=7 task=216 planned=vm2 BUSY -> advanced to vm=44
[t=    395.5898][DISPATCH              ] wf=7 task=217 planned=vm16 BUSY -> advanced to vm=45
[t=    395.5898][DISPATCH              ] wf=7 task=218 planned=vm23 no-idle-reserved -> on-demand vm=105
[t=    395.5898][DISPATCH              ] wf=7 task=219 planned=vm6 no-idle-reserved -> on-demand vm=106
[t=    395.5898][DISPATCH              ] wf=7 task=220 planned=vm1 no-idle-reserved -> on-demand vm=107
[t=    395.6898][DISPATCH              ] wf=7 task=218 planned=vm23 no-idle-reserved -> on-demand vm=105
[t=    395.6898][DISPATCH              ] wf=7 task=219 planned=vm6 no-idle-reserved -> on-demand vm=106
[t=    395.6898][DISPATCH              ] wf=7 task=220 planned=vm1 no-idle-reserved -> on-demand vm=107
[t=    397.7518][TASK-COMPLETE         ] task=234 wf=8 vm=39(reserved) actualCPU=52.5530s
[t=    399.8058][TASK-COMPLETE         ] task=230 wf=8 vm=29(reserved) actualCPU=54.6070s
[t=    400.4838][TASK-COMPLETE         ] task=63 wf=2 vm=18(reserved) actualCPU=92.5933s
[t=    400.4838][DISPATCH              ] wf=2 task=75 planned=vm12 BUSY -> advanced to vm=18
[t=    407.7578][TASK-COMPLETE         ] task=260 wf=8 vm=103(on-demand) actualCPU=62.4590s cost=$0.056525
[t=    408.5978][TASK-COMPLETE         ] task=26 wf=1 vm=0(reserved) actualCPU=247.1603s
[t=    409.4788][TASK-COMPLETE         ] task=33 wf=1 vm=74(on-demand) actualCPU=247.9413s cost=$0.224387
[t=    411.4598][TASK-COMPLETE         ] task=41 wf=1 vm=82(on-demand) actualCPU=249.9223s cost=$0.226180
[t=    413.3578][TASK-COMPLETE         ] task=43 wf=1 vm=84(on-demand) actualCPU=251.8203s cost=$0.227897
[t=    418.5738][TASK-COMPLETE         ] task=174 wf=5 vm=68(on-demand) actualCPU=276.9483s cost=$0.250638
[t=    427.3688][TASK-COMPLETE         ] task=76 wf=2 vm=21(reserved) actualCPU=49.5050s
[t=    428.1898][TASK-COMPLETE         ] task=231 wf=8 vm=32(reserved) actualCPU=82.9910s
[t=    430.2323][NEGOTIATE             ] wf=9 tasks=24 arrivalTime=430.2323 deadline=4406.5727 cp=3313.6040 BETA*cp=3644.9644 slack=3976.3404 -> ACCEPTED
[t=    430.2323][DISPATCH              ] wf=9 task=262 -> vm=0 (planned reserved, was idle)
[t=    430.8043][TASK-COMPLETE         ] task=149 wf=5 vm=5(reserved) actualCPU=59.5655s
[t=    432.3333][TASK-COMPLETE         ] task=248 wf=8 vm=93(on-demand) actualCPU=87.0345s cost=$0.078766
[t=    435.0163][TASK-COMPLETE         ] task=90 wf=3 vm=15(reserved) actualCPU=283.2008s
[t=    435.0163][DISPATCH              ] wf=3 task=91 planned=vm1 BUSY -> advanced to vm=5
[t=    435.1234][TASK-COMPLETE         ] task=165 wf=5 vm=59(on-demand) actualCPU=293.4980s cost=$0.265616
[t=    435.4064][TASK-COMPLETE         ] task=172 wf=5 vm=66(on-demand) actualCPU=293.7810s cost=$0.265872
[t=    437.6374][TASK-COMPLETE         ] task=255 wf=8 vm=98(on-demand) actualCPU=92.3387s cost=$0.083566
[t=    437.7884][TASK-COMPLETE         ] task=121 wf=4 vm=31(reserved) actualCPU=194.6260s
[t=    439.5054][TASK-COMPLETE         ] task=229 wf=8 vm=28(reserved) actualCPU=94.3067s
[t=    439.7524][TASK-COMPLETE         ] task=235 wf=8 vm=42(reserved) actualCPU=94.5537s
[t=    439.8779][NEGOTIATE             ] wf=10 tasks=23 arrivalTime=439.8779 deadline=1001.7851 cp=468.2550 BETA*cp=515.0805 slack=561.9072 -> ACCEPTED
[t=    439.8779][DISPATCH              ] wf=10 task=286 planned=vm7 BUSY -> advanced to vm=42
[t=    441.3119][TASK-COMPLETE         ] task=153 wf=5 vm=52(on-demand) actualCPU=299.6865s cost=$0.271216
[t=    441.3119][DISPATCH              ] wf=5 task=163 planned=vm2 BUSY -> advanced to vm=21
[t=    444.0178][NEGOTIATE             ] wf=11 tasks=40 arrivalTime=444.0178 deadline=1006.9738 cp=469.1290 BETA*cp=516.0419 slack=562.9560 -> ACCEPTED
[t=    444.0178][DISPATCH              ] wf=11 task=309 planned=vm17 BUSY -> advanced to vm=15
[t=    444.0178][DISPATCH              ] wf=11 task=310 planned=vm27 BUSY -> advanced to vm=28
[t=    444.0178][DISPATCH              ] wf=11 task=311 planned=vm7 BUSY -> advanced to vm=31
[t=    444.0178][DISPATCH              ] wf=11 task=312 -> vm=29 (planned reserved, was idle)
[t=    444.0178][DISPATCH              ] wf=11 task=313 planned=vm21 BUSY -> advanced to vm=32
[t=    444.0178][DISPATCH              ] wf=11 task=314 planned=vm2 BUSY -> advanced to vm=39
[t=    444.0178][DISPATCH              ] wf=11 task=315 planned=vm47 no-idle-reserved -> on-demand vm=108
[t=    444.0178][DISPATCH              ] wf=11 task=316 planned=vm33 no-idle-reserved -> on-demand vm=109
[t=    444.0178][DISPATCH              ] wf=11 task=317 planned=vm21 no-idle-reserved -> on-demand vm=110
[t=    444.0178][DISPATCH              ] wf=11 task=318 planned=vm29 no-idle-reserved -> on-demand vm=111
[t=    444.0178][DISPATCH              ] wf=11 task=319 planned=vm20 no-idle-reserved -> on-demand vm=112
[t=    444.0178][DISPATCH              ] wf=11 task=320 planned=vm18 no-idle-reserved -> on-demand vm=113
[t=    444.0178][DISPATCH              ] wf=11 task=321 planned=vm10 no-idle-reserved -> on-demand vm=114
[t=    444.0178][DISPATCH              ] wf=11 task=322 planned=vm0 no-idle-reserved -> on-demand vm=115
[t=    444.0178][DISPATCH              ] wf=11 task=325 planned=vm10 no-idle-reserved -> on-demand vm=116
[t=    444.0178][DISPATCH              ] wf=11 task=326 planned=vm45 no-idle-reserved -> on-demand vm=117
[t=    444.0178][DISPATCH              ] wf=11 task=327 planned=vm22 no-idle-reserved -> on-demand vm=118
[t=    444.0178][DISPATCH              ] wf=11 task=328 planned=vm14 no-idle-reserved -> on-demand vm=119
[t=    444.0178][DISPATCH              ] wf=11 task=329 planned=vm42 no-idle-reserved -> on-demand vm=120
[t=    444.0178][DISPATCH              ] wf=11 task=330 planned=vm11 no-idle-reserved -> on-demand vm=121
[t=    444.0178][DISPATCH              ] wf=11 task=331 planned=vm26 no-idle-reserved -> on-demand vm=122
[t=    444.0178][DISPATCH              ] wf=11 task=332 planned=vm8 no-idle-reserved -> on-demand vm=123
[t=    444.0178][DISPATCH              ] wf=11 task=333 planned=vm42 no-idle-reserved -> on-demand vm=124
[t=    444.0178][DISPATCH              ] wf=11 task=334 planned=vm39 no-idle-reserved -> on-demand vm=125
[t=    444.0178][DISPATCH              ] wf=11 task=335 planned=vm23 no-idle-reserved -> on-demand vm=126
[t=    444.0178][DISPATCH              ] wf=11 task=338 planned=vm38 no-idle-reserved -> on-demand vm=127
[t=    444.0178][DISPATCH              ] wf=11 task=339 planned=vm43 no-idle-reserved -> on-demand vm=128
[t=    444.0178][DISPATCH              ] wf=11 task=340 planned=vm37 no-idle-reserved -> on-demand vm=129
[t=    444.0178][DISPATCH              ] wf=11 task=341 planned=vm18 no-idle-reserved -> on-demand vm=130
[t=    444.0178][DISPATCH              ] wf=11 task=342 planned=vm8 no-idle-reserved -> on-demand vm=131
[t=    444.0178][DISPATCH              ] wf=11 task=343 planned=vm31 no-idle-reserved -> on-demand vm=132
[t=    444.0178][DISPATCH              ] wf=11 task=344 planned=vm13 no-idle-reserved -> on-demand vm=133
[t=    444.0178][DISPATCH              ] wf=11 task=345 planned=vm14 no-idle-reserved -> on-demand vm=134
[t=    444.0178][DISPATCH              ] wf=11 task=346 planned=vm44 no-idle-reserved -> on-demand vm=135
[t=    444.0178][DISPATCH              ] wf=11 task=347 planned=vm6 no-idle-reserved -> on-demand vm=136
[t=    444.0178][DISPATCH              ] wf=11 task=348 planned=vm40 no-idle-reserved -> on-demand vm=137
[t=    444.1178][DISPATCH              ] wf=11 task=315 planned=vm47 no-idle-reserved -> on-demand vm=108
[t=    444.1178][DISPATCH              ] wf=11 task=316 planned=vm33 no-idle-reserved -> on-demand vm=109
[t=    444.1178][DISPATCH              ] wf=11 task=317 planned=vm21 no-idle-reserved -> on-demand vm=110
[t=    444.1178][DISPATCH              ] wf=11 task=318 planned=vm29 no-idle-reserved -> on-demand vm=111
[t=    444.1178][DISPATCH              ] wf=11 task=319 planned=vm20 no-idle-reserved -> on-demand vm=112
[t=    444.1178][DISPATCH              ] wf=11 task=320 planned=vm18 no-idle-reserved -> on-demand vm=113
[t=    444.1178][DISPATCH              ] wf=11 task=321 planned=vm10 no-idle-reserved -> on-demand vm=114
[t=    444.1178][DISPATCH              ] wf=11 task=322 planned=vm0 no-idle-reserved -> on-demand vm=115
[t=    444.1178][DISPATCH              ] wf=11 task=325 planned=vm10 no-idle-reserved -> on-demand vm=116
[t=    444.1178][DISPATCH              ] wf=11 task=326 planned=vm45 no-idle-reserved -> on-demand vm=117
[t=    444.1178][DISPATCH              ] wf=11 task=327 planned=vm22 no-idle-reserved -> on-demand vm=118
[t=    444.1178][DISPATCH              ] wf=11 task=328 planned=vm14 no-idle-reserved -> on-demand vm=119
[t=    444.1178][DISPATCH              ] wf=11 task=329 planned=vm42 no-idle-reserved -> on-demand vm=120
[t=    444.1178][DISPATCH              ] wf=11 task=330 planned=vm11 no-idle-reserved -> on-demand vm=121
[t=    444.1178][DISPATCH              ] wf=11 task=331 planned=vm26 no-idle-reserved -> on-demand vm=122
[t=    444.1178][DISPATCH              ] wf=11 task=332 planned=vm8 no-idle-reserved -> on-demand vm=123
[t=    444.1178][DISPATCH              ] wf=11 task=333 planned=vm42 no-idle-reserved -> on-demand vm=124
[t=    444.1178][DISPATCH              ] wf=11 task=334 planned=vm39 no-idle-reserved -> on-demand vm=125
[t=    444.1178][DISPATCH              ] wf=11 task=335 planned=vm23 no-idle-reserved -> on-demand vm=126
[t=    444.1178][DISPATCH              ] wf=11 task=338 planned=vm38 no-idle-reserved -> on-demand vm=127
[t=    444.1178][DISPATCH              ] wf=11 task=339 planned=vm43 no-idle-reserved -> on-demand vm=128
[t=    444.1178][DISPATCH              ] wf=11 task=340 planned=vm37 no-idle-reserved -> on-demand vm=129
[t=    444.1178][DISPATCH              ] wf=11 task=341 planned=vm18 no-idle-reserved -> on-demand vm=130
[t=    444.1178][DISPATCH              ] wf=11 task=342 planned=vm8 no-idle-reserved -> on-demand vm=131
[t=    444.1178][DISPATCH              ] wf=11 task=343 planned=vm31 no-idle-reserved -> on-demand vm=132
[t=    444.1178][DISPATCH              ] wf=11 task=344 planned=vm13 no-idle-reserved -> on-demand vm=133
[t=    444.1178][DISPATCH              ] wf=11 task=345 planned=vm14 no-idle-reserved -> on-demand vm=134
[t=    444.1178][DISPATCH              ] wf=11 task=346 planned=vm44 no-idle-reserved -> on-demand vm=135
[t=    444.1178][DISPATCH              ] wf=11 task=347 planned=vm6 no-idle-reserved -> on-demand vm=136
[t=    444.1178][DISPATCH              ] wf=11 task=348 planned=vm40 no-idle-reserved -> on-demand vm=137
[t=    446.9958][TASK-COMPLETE         ] task=32 wf=1 vm=73(on-demand) actualCPU=285.4583s cost=$0.258340
[t=    448.7736][NEGOTIATE             ] wf=12 tasks=24 arrivalTime=448.7736 deadline=4425.1140 cp=3313.6040 BETA*cp=3644.9644 slack=3976.3404 -> ACCEPTED
[t=    448.7736][DISPATCH              ] wf=12 task=349 planned=vm4 no-idle-reserved -> on-demand vm=138
[t=    448.8736][DISPATCH              ] wf=12 task=349 planned=vm4 no-idle-reserved -> on-demand vm=138
[t=    449.3886][TASK-COMPLETE         ] task=216 wf=7 vm=44(reserved) actualCPU=53.7988s
[t=    449.4790][NEGOTIATE             ] wf=13 tasks=23 arrivalTime=449.4790 deadline=1011.3862 cp=468.2550 BETA*cp=515.0805 slack=561.9072 -> ACCEPTED
[t=    449.4790][DISPATCH              ] wf=13 task=373 planned=vm5 BUSY -> advanced to vm=44
[t=    454.0066][TASK-COMPLETE         ] task=28 wf=1 vm=69(on-demand) actualCPU=292.4692s cost=$0.264685
[t=    454.0066][DISPATCH              ] wf=1 task=47 planned=vm1 no-idle-reserved -> on-demand vm=139
[t=    454.1066][DISPATCH              ] wf=1 task=47 planned=vm1 no-idle-reserved -> on-demand vm=139
[t=    454.7986][TASK-COMPLETE         ] task=228 wf=8 vm=16(reserved) actualCPU=109.5998s
[t=    456.0836][TASK-COMPLETE         ] task=262 wf=9 vm=0(reserved) actualCPU=25.8513s
[t=    456.0836][DISPATCH              ] wf=9 task=263 -> vm=0 (planned reserved, was idle)
[t=    456.3806][TASK-COMPLETE         ] task=311 wf=11 vm=31(reserved) actualCPU=12.3629s
[t=    459.8136][TASK-COMPLETE         ] task=257 wf=8 vm=100(on-demand) actualCPU=114.5148s cost=$0.103636
[t=    460.0486][TASK-COMPLETE         ] task=116 wf=4 vm=12(reserved) actualCPU=216.8862s
[t=    461.6016][TASK-COMPLETE         ] task=258 wf=8 vm=101(on-demand) actualCPU=116.3028s cost=$0.105254
[t=    462.5186][TASK-COMPLETE         ] task=220 wf=7 vm=107(on-demand) actualCPU=66.8288s cost=$0.060480
[t=    463.8326][TASK-COMPLETE         ] task=150 wf=5 vm=14(reserved) actualCPU=92.5938s
[t=    463.8326][DISPATCH              ] wf=5 task=162 planned=vm18 BUSY -> advanced to vm=12
[t=    466.5476][TASK-COMPLETE         ] task=232 wf=8 vm=33(reserved) actualCPU=121.3488s
[t=    469.7776][TASK-COMPLETE         ] task=254 wf=8 vm=97(on-demand) actualCPU=124.4788s cost=$0.112653
[t=    473.2177][NEGOTIATE             ] wf=14 tasks=40 arrivalTime=473.2177 deadline=1036.1737 cp=469.1290 BETA*cp=516.0419 slack=562.9560 -> ACCEPTED
[t=    473.2177][DISPATCH              ] wf=14 task=396 planned=vm15 BUSY -> advanced to vm=14
[t=    473.2177][DISPATCH              ] wf=14 task=397 planned=vm15 BUSY -> advanced to vm=16
[t=    473.2177][DISPATCH              ] wf=14 task=398 planned=vm36 BUSY -> advanced to vm=31
[t=    473.2177][DISPATCH              ] wf=14 task=399 planned=vm15 BUSY -> advanced to vm=33
[t=    473.2177][DISPATCH              ] wf=14 task=400 planned=vm15 no-idle-reserved -> on-demand vm=140
[t=    473.2177][DISPATCH              ] wf=14 task=401 planned=vm29 no-idle-reserved -> on-demand vm=141
[t=    473.2177][DISPATCH              ] wf=14 task=402 planned=vm15 no-idle-reserved -> on-demand vm=142
[t=    473.2177][DISPATCH              ] wf=14 task=403 planned=vm49 no-idle-reserved -> on-demand vm=143
[t=    473.2177][DISPATCH              ] wf=14 task=404 planned=vm25 no-idle-reserved -> on-demand vm=144
[t=    473.2177][DISPATCH              ] wf=14 task=405 planned=vm2 no-idle-reserved -> on-demand vm=145
[t=    473.2177][DISPATCH              ] wf=14 task=406 planned=vm15 no-idle-reserved -> on-demand vm=146
[t=    473.2177][DISPATCH              ] wf=14 task=407 planned=vm25 no-idle-reserved -> on-demand vm=147
[t=    473.2177][DISPATCH              ] wf=14 task=408 planned=vm39 no-idle-reserved -> on-demand vm=148
[t=    473.2177][DISPATCH              ] wf=14 task=409 planned=vm2 no-idle-reserved -> on-demand vm=149
[t=    473.2177][DISPATCH              ] wf=14 task=412 planned=vm15 no-idle-reserved -> on-demand vm=150
[t=    473.2177][DISPATCH              ] wf=14 task=413 planned=vm15 no-idle-reserved -> on-demand vm=151
[t=    473.2177][DISPATCH              ] wf=14 task=414 planned=vm15 no-idle-reserved -> on-demand vm=152
[t=    473.2177][DISPATCH              ] wf=14 task=415 planned=vm15 no-idle-reserved -> on-demand vm=153
[t=    473.2177][DISPATCH              ] wf=14 task=416 planned=vm15 no-idle-reserved -> on-demand vm=154
[t=    473.2177][DISPATCH              ] wf=14 task=417 planned=vm17 no-idle-reserved -> on-demand vm=155
[t=    473.2177][DISPATCH              ] wf=14 task=418 planned=vm15 no-idle-reserved -> on-demand vm=156
[t=    473.2177][DISPATCH              ] wf=14 task=419 planned=vm15 no-idle-reserved -> on-demand vm=157
[t=    473.2177][DISPATCH              ] wf=14 task=420 planned=vm39 no-idle-reserved -> on-demand vm=158
[t=    473.2177][DISPATCH              ] wf=14 task=421 planned=vm0 no-idle-reserved -> on-demand vm=159
[t=    473.2177][DISPATCH              ] wf=14 task=422 planned=vm33 no-idle-reserved -> on-demand vm=160
[t=    473.2177][DISPATCH              ] wf=14 task=425 planned=vm4 no-idle-reserved -> on-demand vm=161
[t=    473.2177][DISPATCH              ] wf=14 task=426 planned=vm23 no-idle-reserved -> on-demand vm=162
[t=    473.2177][DISPATCH              ] wf=14 task=427 planned=vm6 no-idle-reserved -> on-demand vm=163
[t=    473.2177][DISPATCH              ] wf=14 task=428 planned=vm23 no-idle-reserved -> on-demand vm=164
[t=    473.2177][DISPATCH              ] wf=14 task=429 planned=vm12 no-idle-reserved -> on-demand vm=165
[t=    473.2177][DISPATCH              ] wf=14 task=430 planned=vm47 no-idle-reserved -> on-demand vm=166
[t=    473.2177][DISPATCH              ] wf=14 task=431 planned=vm15 no-idle-reserved -> on-demand vm=167
[t=    473.2177][DISPATCH              ] wf=14 task=432 planned=vm16 no-idle-reserved -> on-demand vm=168
[t=    473.2177][DISPATCH              ] wf=14 task=433 planned=vm24 no-idle-reserved -> on-demand vm=169
[t=    473.2177][DISPATCH              ] wf=14 task=434 planned=vm10 no-idle-reserved -> on-demand vm=170
[t=    473.2177][DISPATCH              ] wf=14 task=435 planned=vm3 no-idle-reserved -> on-demand vm=171
[t=    473.3177][DISPATCH              ] wf=14 task=400 planned=vm15 no-idle-reserved -> on-demand vm=140
[t=    473.3177][DISPATCH              ] wf=14 task=401 planned=vm29 no-idle-reserved -> on-demand vm=141
[t=    473.3177][DISPATCH              ] wf=14 task=402 planned=vm15 no-idle-reserved -> on-demand vm=142
[t=    473.3177][DISPATCH              ] wf=14 task=403 planned=vm49 no-idle-reserved -> on-demand vm=143
[t=    473.3177][DISPATCH              ] wf=14 task=404 planned=vm25 no-idle-reserved -> on-demand vm=144
[t=    473.3177][DISPATCH              ] wf=14 task=405 planned=vm2 no-idle-reserved -> on-demand vm=145
[t=    473.3177][DISPATCH              ] wf=14 task=406 planned=vm15 no-idle-reserved -> on-demand vm=146
[t=    473.3177][DISPATCH              ] wf=14 task=407 planned=vm25 no-idle-reserved -> on-demand vm=147
[t=    473.3177][DISPATCH              ] wf=14 task=408 planned=vm39 no-idle-reserved -> on-demand vm=148
[t=    473.3177][DISPATCH              ] wf=14 task=409 planned=vm2 no-idle-reserved -> on-demand vm=149
[t=    473.3177][DISPATCH              ] wf=14 task=412 planned=vm15 no-idle-reserved -> on-demand vm=150
[t=    473.3177][DISPATCH              ] wf=14 task=413 planned=vm15 no-idle-reserved -> on-demand vm=151
[t=    473.3177][DISPATCH              ] wf=14 task=414 planned=vm15 no-idle-reserved -> on-demand vm=152
[t=    473.3177][DISPATCH              ] wf=14 task=415 planned=vm15 no-idle-reserved -> on-demand vm=153
[t=    473.3177][DISPATCH              ] wf=14 task=416 planned=vm15 no-idle-reserved -> on-demand vm=154
[t=    473.3177][DISPATCH              ] wf=14 task=417 planned=vm17 no-idle-reserved -> on-demand vm=155
[t=    473.3177][DISPATCH              ] wf=14 task=418 planned=vm15 no-idle-reserved -> on-demand vm=156
[t=    473.3177][DISPATCH              ] wf=14 task=419 planned=vm15 no-idle-reserved -> on-demand vm=157
[t=    473.3177][DISPATCH              ] wf=14 task=420 planned=vm39 no-idle-reserved -> on-demand vm=158
[t=    473.3177][DISPATCH              ] wf=14 task=421 planned=vm0 no-idle-reserved -> on-demand vm=159
[t=    473.3177][DISPATCH              ] wf=14 task=422 planned=vm33 no-idle-reserved -> on-demand vm=160
[t=    473.3177][DISPATCH              ] wf=14 task=425 planned=vm4 no-idle-reserved -> on-demand vm=161
[t=    473.3177][DISPATCH              ] wf=14 task=426 planned=vm23 no-idle-reserved -> on-demand vm=162
[t=    473.3177][DISPATCH              ] wf=14 task=427 planned=vm6 no-idle-reserved -> on-demand vm=163
[t=    473.3177][DISPATCH              ] wf=14 task=428 planned=vm23 no-idle-reserved -> on-demand vm=164
[t=    473.3177][DISPATCH              ] wf=14 task=429 planned=vm12 no-idle-reserved -> on-demand vm=165
[t=    473.3177][DISPATCH              ] wf=14 task=430 planned=vm47 no-idle-reserved -> on-demand vm=166
[t=    473.3177][DISPATCH              ] wf=14 task=431 planned=vm15 no-idle-reserved -> on-demand vm=167
[t=    473.3177][DISPATCH              ] wf=14 task=432 planned=vm16 no-idle-reserved -> on-demand vm=168
[t=    473.3177][DISPATCH              ] wf=14 task=433 planned=vm24 no-idle-reserved -> on-demand vm=169
[t=    473.3177][DISPATCH              ] wf=14 task=434 planned=vm10 no-idle-reserved -> on-demand vm=170
[t=    473.3177][DISPATCH              ] wf=14 task=435 planned=vm3 no-idle-reserved -> on-demand vm=171
[t=    474.3896][TASK-COMPLETE         ] task=314 wf=11 vm=39(reserved) actualCPU=30.3719s
[t=    474.7256][TASK-COMPLETE         ] task=349 wf=12 vm=138(on-demand) actualCPU=25.8520s cost=$0.023396
[t=    474.7256][DISPATCH              ] wf=12 task=350 planned=vm1 BUSY -> advanced to vm=39
[t=    479.9856][TASK-COMPLETE         ] task=263 wf=9 vm=0(reserved) actualCPU=23.9020s
[t=    479.9856][DISPATCH              ] wf=9 task=264 planned=vm3 BUSY -> advanced to vm=0
[t=    480.9976][TASK-COMPLETE         ] task=330 wf=11 vm=121(on-demand) actualCPU=36.8799s cost=$0.033376
[t=    485.5806][TASK-COMPLETE         ] task=398 wf=14 vm=31(reserved) actualCPU=12.3630s
[t=    487.0546][TASK-COMPLETE         ] task=219 wf=7 vm=106(on-demand) actualCPU=91.3648s cost=$0.082685
[t=    487.4396][TASK-COMPLETE         ] task=320 wf=11 vm=113(on-demand) actualCPU=43.3219s cost=$0.039206
[t=    488.5136][TASK-COMPLETE         ] task=247 wf=8 vm=92(on-demand) actualCPU=143.2148s cost=$0.129609
[t=    489.0726][TASK-COMPLETE         ] task=177 wf=6 vm=4(reserved) actualCPU=283.2002s
[t=    489.0726][DISPATCH              ] wf=6 task=178 planned=vm2 BUSY -> advanced to vm=4
[t=    490.1696][TASK-COMPLETE         ] task=205 wf=7 vm=19(reserved) actualCPU=94.5798s
[t=    490.3226][TASK-COMPLETE         ] task=113 wf=4 vm=3(reserved) actualCPU=247.1602s
[t=    490.8166][TASK-COMPLETE         ] task=163 wf=5 vm=21(reserved) actualCPU=49.5047s
[t=    491.1036][TASK-COMPLETE         ] task=120 wf=4 vm=34(reserved) actualCPU=247.9412s
[t=    491.2128][TASK-COMPLETE         ] task=246 wf=8 vm=91(on-demand) actualCPU=145.9140s cost=$0.132052
[t=    493.0848][TASK-COMPLETE         ] task=128 wf=4 vm=36(reserved) actualCPU=249.9223s
[t=    494.7838][TASK-COMPLETE         ] task=222 wf=8 vm=2(reserved) actualCPU=149.5850s
[t=    494.9828][TASK-COMPLETE         ] task=130 wf=4 vm=41(reserved) actualCPU=251.8203s
[t=    496.6698][TASK-COMPLETE         ] task=321 wf=11 vm=114(on-demand) actualCPU=52.5520s cost=$0.047560
[t=    498.6268][TASK-COMPLETE         ] task=350 wf=12 vm=39(reserved) actualCPU=23.9012s
[t=    498.6268][DISPATCH              ] wf=12 task=351 planned=vm7 BUSY -> advanced to vm=2
[t=    498.7248][TASK-COMPLETE         ] task=317 wf=11 vm=110(on-demand) actualCPU=54.6070s cost=$0.049419
[t=    503.6888][TASK-COMPLETE         ] task=401 wf=14 vm=141(on-demand) actualCPU=30.3711s cost=$0.027486
[t=    506.5768][TASK-COMPLETE         ] task=347 wf=11 vm=136(on-demand) actualCPU=62.4590s cost=$0.056525
[t=    510.0628][TASK-COMPLETE         ] task=210 wf=7 vm=23(reserved) actualCPU=114.4730s
[t=    510.1968][TASK-COMPLETE         ] task=417 wf=14 vm=155(on-demand) actualCPU=36.8791s cost=$0.033376
[t=    512.6348][TASK-COMPLETE         ] task=209 wf=7 vm=26(reserved) actualCPU=117.0450s
[t=    514.1658][TASK-COMPLETE         ] task=223 wf=8 vm=6(reserved) actualCPU=168.9670s
[t=    516.0948][TASK-COMPLETE         ] task=47 wf=1 vm=139(on-demand) actualCPU=61.9881s cost=$0.056099
[t=    516.0948][WF-COMPLETE           ] wf=1 completionTime=516.0948 deadline=609.5492 margin=93.4545 -> MET
[t=    516.6388][TASK-COMPLETE         ] task=407 wf=14 vm=147(on-demand) actualCPU=43.3211s cost=$0.039206
[t=    525.8698][TASK-COMPLETE         ] task=408 wf=14 vm=148(on-demand) actualCPU=52.5521s cost=$0.047560
[t=    526.7188][TASK-COMPLETE         ] task=201 wf=7 vm=17(reserved) actualCPU=131.1290s
[t=    527.1088][TASK-COMPLETE         ] task=318 wf=11 vm=111(on-demand) actualCPU=82.9910s cost=$0.075107
[t=    527.9238][TASK-COMPLETE         ] task=404 wf=14 vm=144(on-demand) actualCPU=54.6061s cost=$0.049419
[t=    528.6208][TASK-COMPLETE         ] task=119 wf=4 vm=37(reserved) actualCPU=285.4583s
[t=    531.1528][TASK-COMPLETE         ] task=335 wf=11 vm=126(on-demand) actualCPU=87.0350s cost=$0.078767
[t=    531.6408][TASK-COMPLETE         ] task=211 wf=7 vm=24(reserved) actualCPU=136.0510s
[t=    533.6928][TASK-COMPLETE         ] task=256 wf=8 vm=99(on-demand) actualCPU=188.3940s cost=$0.170497
[t=    535.6318][TASK-COMPLETE         ] task=115 wf=4 vm=8(reserved) actualCPU=292.4693s
[t=    535.6318][DISPATCH              ] wf=4 task=134 planned=vm1 BUSY -> advanced to vm=17
[t=    535.7758][TASK-COMPLETE         ] task=434 wf=14 vm=170(on-demand) actualCPU=62.4581s cost=$0.056525
[t=    536.4568][TASK-COMPLETE         ] task=342 wf=11 vm=131(on-demand) actualCPU=92.3390s cost=$0.083567
[t=    538.1988][TASK-COMPLETE         ] task=226 wf=8 vm=10(reserved) actualCPU=193.0000s
[t=    538.2118][TASK-COMPLETE         ] task=212 wf=7 vm=25(reserved) actualCPU=142.6220s
[t=    538.4238][TASK-COMPLETE         ] task=316 wf=11 vm=109(on-demand) actualCPU=94.3060s cost=$0.085347
[t=    538.6708][TASK-COMPLETE         ] task=322 wf=11 vm=115(on-demand) actualCPU=94.5530s cost=$0.085570
[t=    539.1778][TASK-COMPLETE         ] task=218 wf=7 vm=105(on-demand) actualCPU=143.4880s cost=$0.129857
[t=    541.6058][TASK-COMPLETE         ] task=214 wf=7 vm=38(reserved) actualCPU=146.0160s
[t=    542.6688][TASK-COMPLETE         ] task=213 wf=7 vm=30(reserved) actualCPU=147.0790s
[t=    544.9558][TASK-COMPLETE         ] task=204 wf=7 vm=11(reserved) actualCPU=149.3660s
[t=    545.7688][TASK-COMPLETE         ] task=239 wf=8 vm=46(reserved) actualCPU=200.5700s
[t=    547.3048][TASK-COMPLETE         ] task=75 wf=2 vm=18(reserved) actualCPU=146.8210s
[t=    547.3048][WF-COMPLETE           ] wf=2 completionTime=547.3048 deadline=641.0331 margin=93.7283 -> MET
[t=    549.7598][TASK-COMPLETE         ] task=245 wf=8 vm=90(on-demand) actualCPU=204.4610s cost=$0.185037
[t=    553.6738][TASK-COMPLETE         ] task=286 wf=10 vm=42(reserved) actualCPU=113.7959s
[t=    553.6738][DISPATCH              ] wf=10 task=287 planned=vm5 BUSY -> advanced to vm=3
[t=    553.6738][DISPATCH              ] wf=10 task=288 planned=vm0 BUSY -> advanced to vm=10
[t=    553.6738][DISPATCH              ] wf=10 task=289 -> vm=19 (planned reserved, was idle)
[t=    553.6738][DISPATCH              ] wf=10 task=290 planned=vm27 BUSY -> advanced to vm=6
[t=    553.6738][DISPATCH              ] wf=10 task=291 planned=vm22 BUSY -> advanced to vm=8
[t=    553.6738][DISPATCH              ] wf=10 task=292 planned=vm10 BUSY -> advanced to vm=21
[t=    553.6738][DISPATCH              ] wf=10 task=293 planned=vm9 BUSY -> advanced to vm=11
[t=    553.6738][DISPATCH              ] wf=10 task=294 planned=vm28 BUSY -> advanced to vm=18
[t=    553.6738][DISPATCH              ] wf=10 task=295 -> vm=26 (planned reserved, was idle)
[t=    553.6738][DISPATCH              ] wf=10 task=296 planned=vm12 BUSY -> advanced to vm=24
[t=    553.6738][DISPATCH              ] wf=10 task=297 planned=vm5 BUSY -> advanced to vm=23
[t=    553.6738][DISPATCH              ] wf=10 task=298 planned=vm15 BUSY -> advanced to vm=25
[t=    553.6738][DISPATCH              ] wf=10 task=299 planned=vm16 BUSY -> advanced to vm=30
[t=    553.6738][DISPATCH              ] wf=10 task=300 planned=vm20 BUSY -> advanced to vm=31
[t=    553.6738][DISPATCH              ] wf=10 task=301 planned=vm19 BUSY -> advanced to vm=34
[t=    553.6738][DISPATCH              ] wf=10 task=302 planned=vm35 BUSY -> advanced to vm=36
[t=    553.6738][DISPATCH              ] wf=10 task=303 planned=vm5 BUSY -> advanced to vm=37
[t=    553.6738][DISPATCH              ] wf=10 task=304 planned=vm36 BUSY -> advanced to vm=38
[t=    553.6738][DISPATCH              ] wf=10 task=305 planned=vm17 BUSY -> advanced to vm=39
[t=    553.6738][DISPATCH              ] wf=10 task=306 planned=vm7 BUSY -> advanced to vm=41
[t=    553.6738][DISPATCH              ] wf=10 task=307 planned=vm6 BUSY -> advanced to vm=42
[t=    553.7178][TASK-COMPLETE         ] task=315 wf=11 vm=108(on-demand) actualCPU=109.6000s cost=$0.099188
[t=    556.3078][TASK-COMPLETE         ] task=405 wf=14 vm=145(on-demand) actualCPU=82.9901s cost=$0.075106
[t=    556.4748][TASK-COMPLETE         ] task=242 wf=8 vm=49(reserved) actualCPU=211.2760s
[t=    558.6328][TASK-COMPLETE         ] task=344 wf=11 vm=133(on-demand) actualCPU=114.5150s cost=$0.103636
[t=    558.8918][TASK-COMPLETE         ] task=253 wf=8 vm=96(on-demand) actualCPU=213.5930s cost=$0.193302
[t=    560.3518][TASK-COMPLETE         ] task=422 wf=14 vm=160(on-demand) actualCPU=87.0341s cost=$0.078766
[t=    560.4208][TASK-COMPLETE         ] task=345 wf=11 vm=134(on-demand) actualCPU=116.3030s cost=$0.105254
[t=    563.2748][TASK-COMPLETE         ] task=373 wf=13 vm=44(reserved) actualCPU=113.7958s
[t=    563.2748][DISPATCH              ] wf=13 task=374 planned=vm34 BUSY -> advanced to vm=44
[t=    563.2748][DISPATCH              ] wf=13 task=375 planned=vm32 BUSY -> advanced to vm=46
[t=    563.2748][DISPATCH              ] wf=13 task=376 planned=vm5 BUSY -> advanced to vm=49
[t=    563.2748][DISPATCH              ] wf=13 task=377 planned=vm31 no-idle-reserved -> on-demand vm=172
[t=    563.2748][DISPATCH              ] wf=13 task=378 planned=vm49 no-idle-reserved -> on-demand vm=173
[t=    563.2748][DISPATCH              ] wf=13 task=379 planned=vm26 no-idle-reserved -> on-demand vm=174
[t=    563.2748][DISPATCH              ] wf=13 task=380 planned=vm5 no-idle-reserved -> on-demand vm=175
[t=    563.2748][DISPATCH              ] wf=13 task=381 planned=vm45 no-idle-reserved -> on-demand vm=176
[t=    563.2748][DISPATCH              ] wf=13 task=382 planned=vm30 no-idle-reserved -> on-demand vm=177
[t=    563.2748][DISPATCH              ] wf=13 task=383 planned=vm30 no-idle-reserved -> on-demand vm=178
[t=    563.2748][DISPATCH              ] wf=13 task=384 planned=vm28 no-idle-reserved -> on-demand vm=179
[t=    563.2748][DISPATCH              ] wf=13 task=385 planned=vm34 no-idle-reserved -> on-demand vm=180
[t=    563.2748][DISPATCH              ] wf=13 task=386 planned=vm41 no-idle-reserved -> on-demand vm=181
[t=    563.2748][DISPATCH              ] wf=13 task=387 planned=vm48 no-idle-reserved -> on-demand vm=182
[t=    563.2748][DISPATCH              ] wf=13 task=388 planned=vm46 no-idle-reserved -> on-demand vm=183
[t=    563.2748][DISPATCH              ] wf=13 task=389 planned=vm40 no-idle-reserved -> on-demand vm=184
[t=    563.2748][DISPATCH              ] wf=13 task=390 planned=vm11 no-idle-reserved -> on-demand vm=185
[t=    563.2748][DISPATCH              ] wf=13 task=391 planned=vm4 no-idle-reserved -> on-demand vm=186
[t=    563.2748][DISPATCH              ] wf=13 task=392 planned=vm45 no-idle-reserved -> on-demand vm=187
[t=    563.2748][DISPATCH              ] wf=13 task=393 planned=vm25 no-idle-reserved -> on-demand vm=188
[t=    563.2748][DISPATCH              ] wf=13 task=394 planned=vm9 no-idle-reserved -> on-demand vm=189
[t=    563.3748][DISPATCH              ] wf=13 task=377 planned=vm31 no-idle-reserved -> on-demand vm=172
[t=    563.3748][DISPATCH              ] wf=13 task=378 planned=vm49 no-idle-reserved -> on-demand vm=173
[t=    563.3748][DISPATCH              ] wf=13 task=379 planned=vm26 no-idle-reserved -> on-demand vm=174
[t=    563.3748][DISPATCH              ] wf=13 task=380 planned=vm5 no-idle-reserved -> on-demand vm=175
[t=    563.3748][DISPATCH              ] wf=13 task=381 planned=vm45 no-idle-reserved -> on-demand vm=176
[t=    563.3748][DISPATCH              ] wf=13 task=382 planned=vm30 no-idle-reserved -> on-demand vm=177
[t=    563.3748][DISPATCH              ] wf=13 task=383 planned=vm30 no-idle-reserved -> on-demand vm=178
[t=    563.3748][DISPATCH              ] wf=13 task=384 planned=vm28 no-idle-reserved -> on-demand vm=179
[t=    563.3748][DISPATCH              ] wf=13 task=385 planned=vm34 no-idle-reserved -> on-demand vm=180
[t=    563.3748][DISPATCH              ] wf=13 task=386 planned=vm41 no-idle-reserved -> on-demand vm=181
[t=    563.3748][DISPATCH              ] wf=13 task=387 planned=vm48 no-idle-reserved -> on-demand vm=182
[t=    563.3748][DISPATCH              ] wf=13 task=388 planned=vm46 no-idle-reserved -> on-demand vm=183
[t=    563.3748][DISPATCH              ] wf=13 task=389 planned=vm40 no-idle-reserved -> on-demand vm=184
[t=    563.3748][DISPATCH              ] wf=13 task=390 planned=vm11 no-idle-reserved -> on-demand vm=185
[t=    563.3748][DISPATCH              ] wf=13 task=391 planned=vm4 no-idle-reserved -> on-demand vm=186
[t=    563.3748][DISPATCH              ] wf=13 task=392 planned=vm45 no-idle-reserved -> on-demand vm=187
[t=    563.3748][DISPATCH              ] wf=13 task=393 planned=vm25 no-idle-reserved -> on-demand vm=188
[t=    563.3748][DISPATCH              ] wf=13 task=394 planned=vm9 no-idle-reserved -> on-demand vm=189
[t=    565.4668][TASK-COMPLETE         ] task=319 wf=11 vm=112(on-demand) actualCPU=121.3490s cost=$0.109821
[t=    565.6558][TASK-COMPLETE         ] task=429 wf=14 vm=165(on-demand) actualCPU=92.3381s cost=$0.083566
[t=    567.6238][TASK-COMPLETE         ] task=403 wf=14 vm=143(on-demand) actualCPU=94.3061s cost=$0.085347
[t=    567.8708][TASK-COMPLETE         ] task=409 wf=14 vm=149(on-demand) actualCPU=94.5531s cost=$0.085571
[t=    568.5968][TASK-COMPLETE         ] task=341 wf=11 vm=130(on-demand) actualCPU=124.4790s cost=$0.112653
[t=    573.3532][NEGOTIATE             ] wf=15 tasks=24 arrivalTime=573.3532 deadline=4549.6936 cp=3313.6040 BETA*cp=3644.9644 slack=3976.3404 -> ACCEPTED
[t=    573.3532][DISPATCH              ] wf=15 task=436 planned=vm3 no-idle-reserved -> on-demand vm=190
[t=    573.4532][DISPATCH              ] wf=15 task=436 planned=vm3 no-idle-reserved -> on-demand vm=190
[t=    574.9122][TASK-COMPLETE         ] task=225 wf=8 vm=7(reserved) actualCPU=229.7134s
[t=    574.9122][DISPATCH              ] wf=8 task=236 planned=vm3 BUSY -> advanced to vm=7
[t=    574.9122][DISPATCH              ] wf=8 task=237 planned=vm18 no-idle-reserved -> on-demand vm=191
[t=    575.0122][DISPATCH              ] wf=8 task=237 planned=vm18 no-idle-reserved -> on-demand vm=191
[t=    576.6641][NEGOTIATE             ] wf=16 tasks=23 arrivalTime=576.6641 deadline=1138.5713 cp=468.2550 BETA*cp=515.0805 slack=561.9072 -> ACCEPTED
[t=    576.6641][DISPATCH              ] wf=16 task=460 planned=vm22 no-idle-reserved -> on-demand vm=192
[t=    576.7641][DISPATCH              ] wf=16 task=460 planned=vm22 no-idle-reserved -> on-demand vm=192
[t=    581.6291][TASK-COMPLETE         ] task=238 wf=8 vm=43(reserved) actualCPU=236.4303s
[t=    582.9171][TASK-COMPLETE         ] task=402 wf=14 vm=142(on-demand) actualCPU=109.5995s cost=$0.099188
[t=    584.6031][TASK-COMPLETE         ] task=244 wf=8 vm=89(on-demand) actualCPU=239.3043s cost=$0.216570
[t=    586.0461][TASK-COMPLETE         ] task=241 wf=8 vm=48(reserved) actualCPU=240.8473s
[t=    587.3321][TASK-COMPLETE         ] task=334 wf=11 vm=125(on-demand) actualCPU=143.2144s cost=$0.129609
[t=    587.5761][TASK-COMPLETE         ] task=4 wf=0 vm=1(reserved) actualCPU=215.2353s
[t=    587.5761][DISPATCH              ] wf=0 task=5 -> vm=1 (planned reserved, was idle)
[t=    587.8321][TASK-COMPLETE         ] task=431 wf=14 vm=167(on-demand) actualCPU=114.5145s cost=$0.103636
[t=    589.6201][TASK-COMPLETE         ] task=432 wf=14 vm=168(on-demand) actualCPU=116.3025s cost=$0.105254
[t=    590.0311][TASK-COMPLETE         ] task=333 wf=11 vm=124(on-demand) actualCPU=145.9134s cost=$0.132052
[t=    590.2151][TASK-COMPLETE         ] task=208 wf=7 vm=22(reserved) actualCPU=194.6253s
[t=    592.3351][TASK-COMPLETE         ] task=251 wf=8 vm=94(on-demand) actualCPU=247.0363s cost=$0.223568
[t=    593.6021][TASK-COMPLETE         ] task=309 wf=11 vm=15(reserved) actualCPU=149.5844s
[t=    594.6661][TASK-COMPLETE         ] task=406 wf=14 vm=146(on-demand) actualCPU=121.3485s cost=$0.109820
[t=    597.6201][TASK-COMPLETE         ] task=134 wf=4 vm=17(reserved) actualCPU=61.9884s
[t=    597.6201][WF-COMPLETE           ] wf=4 completionTime=597.6201 deadline=691.2739 margin=93.6538 -> MET
[t=    597.7961][TASK-COMPLETE         ] task=428 wf=14 vm=164(on-demand) actualCPU=124.4785s cost=$0.112653
[t=    599.3051][TASK-COMPLETE         ] task=436 wf=15 vm=190(on-demand) actualCPU=25.8519s cost=$0.023396
[t=    599.3051][DISPATCH              ] wf=15 task=437 planned=vm3 BUSY -> advanced to vm=15
[t=    606.1007][NEGOTIATE             ] wf=17 tasks=40 arrivalTime=606.1007 deadline=1169.0567 cp=469.1290 BETA*cp=516.0419 slack=562.9560 -> ACCEPTED
[t=    606.1007][DISPATCH              ] wf=17 task=483 planned=vm6 BUSY -> advanced to vm=17
[t=    606.1007][DISPATCH              ] wf=17 task=484 planned=vm6 BUSY -> advanced to vm=22
[t=    606.1007][DISPATCH              ] wf=17 task=485 planned=vm11 BUSY -> advanced to vm=43
[t=    606.1007][DISPATCH              ] wf=17 task=486 planned=vm6 BUSY -> advanced to vm=48
[t=    606.1007][DISPATCH              ] wf=17 task=487 planned=vm6 no-idle-reserved -> on-demand vm=193
[t=    606.1007][DISPATCH              ] wf=17 task=488 planned=vm2 no-idle-reserved -> on-demand vm=194
[t=    606.1007][DISPATCH              ] wf=17 task=489 planned=vm6 no-idle-reserved -> on-demand vm=195
[t=    606.1007][DISPATCH              ] wf=17 task=490 planned=vm36 no-idle-reserved -> on-demand vm=196
[t=    606.1007][DISPATCH              ] wf=17 task=491 planned=vm31 no-idle-reserved -> on-demand vm=197
[t=    606.1007][DISPATCH              ] wf=17 task=492 planned=vm37 no-idle-reserved -> on-demand vm=198
[t=    606.1007][DISPATCH              ] wf=17 task=493 planned=vm6 no-idle-reserved -> on-demand vm=199
[t=    606.1007][DISPATCH              ] wf=17 task=494 planned=vm28 no-idle-reserved -> on-demand vm=200
[t=    606.1007][DISPATCH              ] wf=17 task=495 planned=vm10 no-idle-reserved -> on-demand vm=201
[t=    606.1007][DISPATCH              ] wf=17 task=496 planned=vm13 no-idle-reserved -> on-demand vm=202
[t=    606.1007][DISPATCH              ] wf=17 task=499 planned=vm6 no-idle-reserved -> on-demand vm=203
[t=    606.1007][DISPATCH              ] wf=17 task=500 planned=vm33 no-idle-reserved -> on-demand vm=204
[t=    606.1007][DISPATCH              ] wf=17 task=501 planned=vm6 no-idle-reserved -> on-demand vm=205
[t=    606.1007][DISPATCH              ] wf=17 task=502 planned=vm6 no-idle-reserved -> on-demand vm=206
[t=    606.1007][DISPATCH              ] wf=17 task=503 planned=vm6 no-idle-reserved -> on-demand vm=207
[t=    606.1007][DISPATCH              ] wf=17 task=504 planned=vm12 no-idle-reserved -> on-demand vm=208
[t=    606.1007][DISPATCH              ] wf=17 task=505 planned=vm6 no-idle-reserved -> on-demand vm=209
[t=    606.1007][DISPATCH              ] wf=17 task=506 planned=vm6 no-idle-reserved -> on-demand vm=210
[t=    606.1007][DISPATCH              ] wf=17 task=507 planned=vm16 no-idle-reserved -> on-demand vm=211
[t=    606.1007][DISPATCH              ] wf=17 task=508 planned=vm2 no-idle-reserved -> on-demand vm=212
[t=    606.1007][DISPATCH              ] wf=17 task=509 planned=vm0 no-idle-reserved -> on-demand vm=213
[t=    606.1007][DISPATCH              ] wf=17 task=512 planned=vm4 no-idle-reserved -> on-demand vm=214
[t=    606.1007][DISPATCH              ] wf=17 task=513 planned=vm1 no-idle-reserved -> on-demand vm=215
[t=    606.1007][DISPATCH              ] wf=17 task=514 planned=vm44 no-idle-reserved -> on-demand vm=216
[t=    606.1007][DISPATCH              ] wf=17 task=515 planned=vm14 no-idle-reserved -> on-demand vm=217
[t=    606.1007][DISPATCH              ] wf=17 task=516 planned=vm6 no-idle-reserved -> on-demand vm=218
[t=    606.1007][DISPATCH              ] wf=17 task=517 planned=vm43 no-idle-reserved -> on-demand vm=219
[t=    606.1007][DISPATCH              ] wf=17 task=518 planned=vm0 no-idle-reserved -> on-demand vm=220
[t=    606.1007][DISPATCH              ] wf=17 task=519 planned=vm11 no-idle-reserved -> on-demand vm=221
[t=    606.1007][DISPATCH              ] wf=17 task=520 planned=vm29 no-idle-reserved -> on-demand vm=222
[t=    606.1007][DISPATCH              ] wf=17 task=521 planned=vm5 no-idle-reserved -> on-demand vm=223
[t=    606.1007][DISPATCH              ] wf=17 task=522 planned=vm15 no-idle-reserved -> on-demand vm=224
[t=    606.2007][DISPATCH              ] wf=17 task=487 planned=vm6 no-idle-reserved -> on-demand vm=193
[t=    606.2007][DISPATCH              ] wf=17 task=488 planned=vm2 no-idle-reserved -> on-demand vm=194
[t=    606.2007][DISPATCH              ] wf=17 task=489 planned=vm6 no-idle-reserved -> on-demand vm=195
[t=    606.2007][DISPATCH              ] wf=17 task=490 planned=vm36 no-idle-reserved -> on-demand vm=196
[t=    606.2007][DISPATCH              ] wf=17 task=491 planned=vm31 no-idle-reserved -> on-demand vm=197
[t=    606.2007][DISPATCH              ] wf=17 task=492 planned=vm37 no-idle-reserved -> on-demand vm=198
[t=    606.2007][DISPATCH              ] wf=17 task=493 planned=vm6 no-idle-reserved -> on-demand vm=199
[t=    606.2007][DISPATCH              ] wf=17 task=494 planned=vm28 no-idle-reserved -> on-demand vm=200
[t=    606.2007][DISPATCH              ] wf=17 task=495 planned=vm10 no-idle-reserved -> on-demand vm=201
[t=    606.2007][DISPATCH              ] wf=17 task=496 planned=vm13 no-idle-reserved -> on-demand vm=202
[t=    606.2007][DISPATCH              ] wf=17 task=499 planned=vm6 no-idle-reserved -> on-demand vm=203
[t=    606.2007][DISPATCH              ] wf=17 task=500 planned=vm33 no-idle-reserved -> on-demand vm=204
[t=    606.2007][DISPATCH              ] wf=17 task=501 planned=vm6 no-idle-reserved -> on-demand vm=205
[t=    606.2007][DISPATCH              ] wf=17 task=502 planned=vm6 no-idle-reserved -> on-demand vm=206
[t=    606.2007][DISPATCH              ] wf=17 task=503 planned=vm6 no-idle-reserved -> on-demand vm=207
[t=    606.2007][DISPATCH              ] wf=17 task=504 planned=vm12 no-idle-reserved -> on-demand vm=208
[t=    606.2007][DISPATCH              ] wf=17 task=505 planned=vm6 no-idle-reserved -> on-demand vm=209
[t=    606.2007][DISPATCH              ] wf=17 task=506 planned=vm6 no-idle-reserved -> on-demand vm=210
[t=    606.2007][DISPATCH              ] wf=17 task=507 planned=vm16 no-idle-reserved -> on-demand vm=211
[t=    606.2007][DISPATCH              ] wf=17 task=508 planned=vm2 no-idle-reserved -> on-demand vm=212
[t=    606.2007][DISPATCH              ] wf=17 task=509 planned=vm0 no-idle-reserved -> on-demand vm=213
[t=    606.2007][DISPATCH              ] wf=17 task=512 planned=vm4 no-idle-reserved -> on-demand vm=214
[t=    606.2007][DISPATCH              ] wf=17 task=513 planned=vm1 no-idle-reserved -> on-demand vm=215
[t=    606.2007][DISPATCH              ] wf=17 task=514 planned=vm44 no-idle-reserved -> on-demand vm=216
[t=    606.2007][DISPATCH              ] wf=17 task=515 planned=vm14 no-idle-reserved -> on-demand vm=217
[t=    606.2007][DISPATCH              ] wf=17 task=516 planned=vm6 no-idle-reserved -> on-demand vm=218
[t=    606.2007][DISPATCH              ] wf=17 task=517 planned=vm43 no-idle-reserved -> on-demand vm=219
[t=    606.2007][DISPATCH              ] wf=17 task=518 planned=vm0 no-idle-reserved -> on-demand vm=220
[t=    606.2007][DISPATCH              ] wf=17 task=519 planned=vm11 no-idle-reserved -> on-demand vm=221
[t=    606.2007][DISPATCH              ] wf=17 task=520 planned=vm29 no-idle-reserved -> on-demand vm=222
[t=    606.2007][DISPATCH              ] wf=17 task=521 planned=vm5 no-idle-reserved -> on-demand vm=223
[t=    606.2007][DISPATCH              ] wf=17 task=522 planned=vm15 no-idle-reserved -> on-demand vm=224
[t=    607.4721][TASK-COMPLETE         ] task=303 wf=10 vm=37(reserved) actualCPU=53.7983s
[t=    610.6531][TASK-COMPLETE         ] task=162 wf=5 vm=12(reserved) actualCPU=146.8205s
[t=    610.6531][WF-COMPLETE           ] wf=5 completionTime=610.6531 deadline=704.4814 margin=93.8283 -> MET
[t=    612.4761][TASK-COMPLETE         ] task=203 wf=7 vm=9(reserved) actualCPU=216.8863s
[t=    612.9841][TASK-COMPLETE         ] task=310 wf=11 vm=28(reserved) actualCPU=168.9664s
[t=    616.5321][TASK-COMPLETE         ] task=421 wf=14 vm=159(on-demand) actualCPU=143.2145s cost=$0.129609
[t=    617.1731][TASK-COMPLETE         ] task=390 wf=13 vm=185(on-demand) actualCPU=53.7984s cost=$0.048688
[t=    618.4631][TASK-COMPLETE         ] task=485 wf=17 vm=43(reserved) actualCPU=12.3624s
[t=    619.2311][TASK-COMPLETE         ] task=420 wf=14 vm=158(on-demand) actualCPU=145.9135s cost=$0.132052
[t=    620.5021][TASK-COMPLETE         ] task=307 wf=10 vm=42(reserved) actualCPU=66.8283s
[t=    621.9702][NEGOTIATE             ] wf=18 tasks=24 arrivalTime=621.9702 deadline=4598.3106 cp=3313.6040 BETA*cp=3644.9644 slack=3976.3404 -> ACCEPTED
[t=    621.9702][DISPATCH              ] wf=18 task=523 planned=vm1 BUSY -> advanced to vm=9
[t=    622.2471][TASK-COMPLETE         ] task=261 wf=8 vm=104(on-demand) actualCPU=276.9483s cost=$0.250638
[t=    622.8021][TASK-COMPLETE         ] task=396 wf=14 vm=14(reserved) actualCPU=149.5845s
[t=    623.2071][TASK-COMPLETE         ] task=437 wf=15 vm=15(reserved) actualCPU=23.9020s
[t=    623.2071][DISPATCH              ] wf=15 task=438 planned=vm8 BUSY -> advanced to vm=12
[t=    624.0601][TASK-COMPLETE         ] task=5 wf=0 vm=1(reserved) actualCPU=36.4840s
[t=    624.0601][DISPATCH              ] wf=0 task=6 planned=vm0 BUSY -> advanced to vm=1
[t=    630.2031][TASK-COMPLETE         ] task=394 wf=13 vm=189(on-demand) actualCPU=66.8284s cost=$0.060480
[t=    632.5111][TASK-COMPLETE         ] task=343 wf=11 vm=132(on-demand) actualCPU=188.3934s cost=$0.170496
[t=    634.4781][TASK-COMPLETE         ] task=236 wf=8 vm=7(reserved) actualCPU=59.5659s
[t=    636.5721][TASK-COMPLETE         ] task=488 wf=17 vm=194(on-demand) actualCPU=30.3714s cost=$0.027486
[t=    637.0171][TASK-COMPLETE         ] task=313 wf=11 vm=32(reserved) actualCPU=192.9994s
[t=    638.7961][TASK-COMPLETE         ] task=252 wf=8 vm=95(on-demand) actualCPU=293.4973s cost=$0.265615
[t=    639.0791][TASK-COMPLETE         ] task=259 wf=8 vm=102(on-demand) actualCPU=293.7803s cost=$0.265871
[t=    642.1841][TASK-COMPLETE         ] task=397 wf=14 vm=16(reserved) actualCPU=168.9665s
[t=    642.7501][TASK-COMPLETE         ] task=200 wf=7 vm=27(reserved) actualCPU=247.1603s
[t=    643.0801][TASK-COMPLETE         ] task=504 wf=17 vm=208(on-demand) actualCPU=36.8794s cost=$0.033376
[t=    643.5311][TASK-COMPLETE         ] task=207 wf=7 vm=20(reserved) actualCPU=247.9413s
[t=    644.6871][TASK-COMPLETE         ] task=326 wf=11 vm=117(on-demand) actualCPU=200.5694s cost=$0.181515
[t=    644.8851][TASK-COMPLETE         ] task=240 wf=8 vm=47(reserved) actualCPU=299.6863s
[t=    644.8851][DISPATCH              ] wf=8 task=250 planned=vm1 BUSY -> advanced to vm=7
[t=    645.0381][TASK-COMPLETE         ] task=306 wf=10 vm=41(reserved) actualCPU=91.3643s
[t=    645.5121][TASK-COMPLETE         ] task=215 wf=7 vm=40(reserved) actualCPU=249.9223s
[t=    647.4101][TASK-COMPLETE         ] task=217 wf=7 vm=45(reserved) actualCPU=251.8203s
[t=    647.8221][TASK-COMPLETE         ] task=523 wf=18 vm=9(reserved) actualCPU=25.8519s
[t=    647.8221][DISPATCH              ] wf=18 task=524 planned=vm7 BUSY -> advanced to vm=9
[t=    648.2531][TASK-COMPLETE         ] task=292 wf=10 vm=21(reserved) actualCPU=94.5793s
[t=    648.5781][TASK-COMPLETE         ] task=332 wf=11 vm=123(on-demand) actualCPU=204.4604s cost=$0.185037
[t=    649.5221][TASK-COMPLETE         ] task=494 wf=17 vm=200(on-demand) actualCPU=43.3214s cost=$0.039206
[t=    650.2521][TASK-COMPLETE         ] task=91 wf=3 vm=5(reserved) actualCPU=215.2358s
[t=    650.2521][DISPATCH              ] wf=3 task=92 planned=vm3 BUSY -> advanced to vm=5
[t=    654.7391][TASK-COMPLETE         ] task=393 wf=13 vm=188(on-demand) actualCPU=91.3644s cost=$0.082685
[t=    655.3931][TASK-COMPLETE         ] task=329 wf=11 vm=120(on-demand) actualCPU=211.2754s cost=$0.191204
[t=    657.7101][TASK-COMPLETE         ] task=340 wf=11 vm=129(on-demand) actualCPU=213.5924s cost=$0.193301
[t=    657.9541][TASK-COMPLETE         ] task=379 wf=13 vm=174(on-demand) actualCPU=94.5794s cost=$0.085594
[t=    658.7531][TASK-COMPLETE         ] task=495 wf=17 vm=201(on-demand) actualCPU=52.5524s cost=$0.047560
[t=    660.8071][TASK-COMPLETE         ] task=491 wf=17 vm=197(on-demand) actualCPU=54.6064s cost=$0.049419
[t=    661.7111][TASK-COMPLETE         ] task=430 wf=14 vm=166(on-demand) actualCPU=188.3935s cost=$0.170496
[t=    666.3171][TASK-COMPLETE         ] task=400 wf=14 vm=140(on-demand) actualCPU=192.9995s cost=$0.174665
[t=    666.8953][NEGOTIATE             ] wf=19 tasks=23 arrivalTime=666.8953 deadline=1228.8025 cp=468.2550 BETA*cp=515.0805 slack=561.9072 -> ACCEPTED
[t=    666.8953][DISPATCH              ] wf=19 task=547 -> vm=41 (planned reserved, was idle)
[t=    667.6053][TASK-COMPLETE         ] task=237 wf=8 vm=191(on-demand) actualCPU=92.5931s cost=$0.083797
[t=    667.6053][DISPATCH              ] wf=8 task=249 planned=vm13 BUSY -> advanced to vm=14
[t=    668.1463][TASK-COMPLETE         ] task=297 wf=10 vm=23(reserved) actualCPU=114.4725s
[t=    668.6593][TASK-COMPLETE         ] task=521 wf=17 vm=223(on-demand) actualCPU=62.4586s cost=$0.056525
[t=    670.7183][TASK-COMPLETE         ] task=296 wf=10 vm=24(reserved) actualCPU=117.0445s
[t=    671.7233][TASK-COMPLETE         ] task=524 wf=18 vm=9(reserved) actualCPU=23.9012s
[t=    671.7233][DISPATCH              ] wf=18 task=525 -> vm=9 (planned reserved, was idle)
[t=    673.7313][TASK-COMPLETE         ] task=312 wf=11 vm=29(reserved) actualCPU=229.7136s
[t=    673.7313][DISPATCH              ] wf=11 task=323 planned=vm6 BUSY -> advanced to vm=15
[t=    673.7313][DISPATCH              ] wf=11 task=324 -> vm=24 (planned reserved, was idle)
[t=    673.8873][TASK-COMPLETE         ] task=413 wf=14 vm=151(on-demand) actualCPU=200.5697s cost=$0.181516
[t=    677.7783][TASK-COMPLETE         ] task=419 wf=14 vm=157(on-demand) actualCPU=204.4607s cost=$0.185037
[t=    677.8478][TASK-COMPLETE         ] task=384 wf=13 vm=179(on-demand) actualCPU=114.4730s cost=$0.103598
[t=    680.4193][TASK-COMPLETE         ] task=383 wf=13 vm=178(on-demand) actualCPU=117.0446s cost=$0.105925
[t=    680.5483][TASK-COMPLETE         ] task=325 wf=11 vm=116(on-demand) actualCPU=236.4306s cost=$0.213970
[t=    681.0483][TASK-COMPLETE         ] task=206 wf=7 vm=13(reserved) actualCPU=285.4585s
[t=    683.4223][TASK-COMPLETE         ] task=331 wf=11 vm=122(on-demand) actualCPU=239.3046s cost=$0.216571
[t=    684.5933][TASK-COMPLETE         ] task=416 wf=14 vm=154(on-demand) actualCPU=211.2757s cost=$0.191204
[t=    684.8023][TASK-COMPLETE         ] task=288 wf=10 vm=10(reserved) actualCPU=131.1285s
[t=    684.9653][TASK-COMPLETE         ] task=328 wf=11 vm=119(on-demand) actualCPU=240.8476s cost=$0.217967
[t=    686.7353][TASK-COMPLETE         ] task=92 wf=3 vm=5(reserved) actualCPU=36.4832s
[t=    686.7353][DISPATCH              ] wf=3 task=93 planned=vm2 BUSY -> advanced to vm=5
[t=    686.9103][TASK-COMPLETE         ] task=427 wf=14 vm=163(on-demand) actualCPU=213.5927s cost=$0.193301
[t=    688.0593][TASK-COMPLETE         ] task=202 wf=7 vm=35(reserved) actualCPU=292.4695s
[t=    688.0593][DISPATCH              ] wf=7 task=221 planned=vm1 BUSY -> advanced to vm=10
[t=    689.1913][TASK-COMPLETE         ] task=492 wf=17 vm=198(on-demand) actualCPU=82.9906s cost=$0.075107
[t=    689.7243][TASK-COMPLETE         ] task=298 wf=10 vm=25(reserved) actualCPU=136.0505s
[t=    690.5593][TASK-COMPLETE         ] task=460 wf=16 vm=192(on-demand) actualCPU=113.7952s cost=$0.102985
[t=    690.5593][DISPATCH              ] wf=16 task=461 planned=vm10 BUSY -> advanced to vm=13
[t=    690.5593][DISPATCH              ] wf=16 task=462 planned=vm22 BUSY -> advanced to vm=16
[t=    690.5593][DISPATCH              ] wf=16 task=463 planned=vm17 BUSY -> advanced to vm=20
[t=    690.5593][DISPATCH              ] wf=16 task=464 planned=vm12 BUSY -> advanced to vm=21
[t=    690.5593][DISPATCH              ] wf=16 task=465 -> vm=42 (planned reserved, was idle)
[t=    690.5593][DISPATCH              ] wf=16 task=466 planned=vm17 BUSY -> advanced to vm=23
[t=    690.5593][DISPATCH              ] wf=16 task=467 -> vm=25 (planned reserved, was idle)
[t=    690.5593][DISPATCH              ] wf=16 task=468 planned=vm7 BUSY -> advanced to vm=27
[t=    690.5593][DISPATCH              ] wf=16 task=469 planned=vm4 BUSY -> advanced to vm=28
[t=    690.5593][DISPATCH              ] wf=16 task=470 planned=vm20 BUSY -> advanced to vm=29
[t=    690.5593][DISPATCH              ] wf=16 task=471 planned=vm19 BUSY -> advanced to vm=32
[t=    690.5593][DISPATCH              ] wf=16 task=472 planned=vm29 BUSY -> advanced to vm=35
[t=    690.5593][DISPATCH              ] wf=16 task=473 planned=vm36 BUSY -> advanced to vm=37
[t=    690.5593][DISPATCH              ] wf=16 task=474 -> vm=40 (planned reserved, was idle)
[t=    690.5593][DISPATCH              ] wf=16 task=475 planned=vm39 BUSY -> advanced to vm=43
[t=    690.5593][DISPATCH              ] wf=16 task=476 planned=vm24 BUSY -> advanced to vm=45
[t=    690.5593][DISPATCH              ] wf=16 task=477 planned=vm5 BUSY -> advanced to vm=47
[t=    690.5593][DISPATCH              ] wf=16 task=478 planned=vm21 no-idle-reserved -> on-demand vm=225
[t=    690.5593][DISPATCH              ] wf=16 task=479 planned=vm38 no-idle-reserved -> on-demand vm=226
[t=    690.5593][DISPATCH              ] wf=16 task=480 planned=vm13 no-idle-reserved -> on-demand vm=227
[t=    690.5593][DISPATCH              ] wf=16 task=481 planned=vm4 no-idle-reserved -> on-demand vm=228
[t=    690.6593][DISPATCH              ] wf=16 task=478 planned=vm21 no-idle-reserved -> on-demand vm=225
[t=    690.6593][DISPATCH              ] wf=16 task=479 planned=vm38 no-idle-reserved -> on-demand vm=226
[t=    690.6593][DISPATCH              ] wf=16 task=480 planned=vm13 no-idle-reserved -> on-demand vm=227
[t=    690.6593][DISPATCH              ] wf=16 task=481 planned=vm4 no-idle-reserved -> on-demand vm=228
[t=    691.1543][TASK-COMPLETE         ] task=338 wf=11 vm=127(on-demand) actualCPU=247.0366s cost=$0.223568
[t=    693.2353][TASK-COMPLETE         ] task=509 wf=17 vm=213(on-demand) actualCPU=87.0346s cost=$0.078766
[t=    694.3893][TASK-COMPLETE         ] task=250 wf=8 vm=7(reserved) actualCPU=49.5042s
[t=    694.4038][TASK-COMPLETE         ] task=375 wf=13 vm=46(reserved) actualCPU=131.1290s
[t=    696.2953][TASK-COMPLETE         ] task=299 wf=10 vm=30(reserved) actualCPU=142.6215s
[t=    697.1613][TASK-COMPLETE         ] task=305 wf=10 vm=39(reserved) actualCPU=143.4875s
[t=    698.5393][TASK-COMPLETE         ] task=516 wf=17 vm=218(on-demand) actualCPU=92.3386s cost=$0.083566
[t=    699.4253][TASK-COMPLETE         ] task=385 wf=13 vm=180(on-demand) actualCPU=136.0506s cost=$0.123126
[t=    699.6893][TASK-COMPLETE         ] task=301 wf=10 vm=34(reserved) actualCPU=146.0155s
[t=    700.5073][TASK-COMPLETE         ] task=490 wf=17 vm=196(on-demand) actualCPU=94.3066s cost=$0.085347
[t=    700.7523][TASK-COMPLETE         ] task=300 wf=10 vm=31(reserved) actualCPU=147.0785s
[t=    700.8623][TASK-COMPLETE         ] task=496 wf=17 vm=202(on-demand) actualCPU=94.6616s cost=$0.085669
[t=    702.9313][TASK-COMPLETE         ] task=399 wf=14 vm=33(reserved) actualCPU=229.7137s
[t=    702.9313][DISPATCH              ] wf=14 task=410 planned=vm24 BUSY -> advanced to vm=7
[t=    702.9313][DISPATCH              ] wf=14 task=411 planned=vm35 BUSY -> advanced to vm=30
[t=    703.0398][TASK-COMPLETE         ] task=291 wf=10 vm=8(reserved) actualCPU=149.3660s
[t=    704.3078][TASK-COMPLETE         ] task=178 wf=6 vm=4(reserved) actualCPU=215.2352s
[t=    704.3078][DISPATCH              ] wf=6 task=179 planned=vm3 BUSY -> advanced to vm=4
[t=    705.9958][TASK-COMPLETE         ] task=386 wf=13 vm=181(on-demand) actualCPU=142.6210s cost=$0.129072
[t=    706.8618][TASK-COMPLETE         ] task=392 wf=13 vm=187(on-demand) actualCPU=143.4870s cost=$0.129856
[t=    709.3898][TASK-COMPLETE         ] task=388 wf=13 vm=183(on-demand) actualCPU=146.0150s cost=$0.132144
[t=    709.7478][TASK-COMPLETE         ] task=412 wf=14 vm=150(on-demand) actualCPU=236.4301s cost=$0.213969
[t=    710.4528][TASK-COMPLETE         ] task=387 wf=13 vm=182(on-demand) actualCPU=147.0780s cost=$0.133106
[t=    712.6218][TASK-COMPLETE         ] task=418 wf=14 vm=156(on-demand) actualCPU=239.3041s cost=$0.216570
[t=    712.7398][TASK-COMPLETE         ] task=378 wf=13 vm=173(on-demand) actualCPU=149.3650s cost=$0.135175
[t=    714.1648][TASK-COMPLETE         ] task=415 wf=14 vm=153(on-demand) actualCPU=240.8471s cost=$0.217967
[t=    715.7998][TASK-COMPLETE         ] task=489 wf=17 vm=195(on-demand) actualCPU=109.5991s cost=$0.099187
[t=    720.3538][TASK-COMPLETE         ] task=425 wf=14 vm=161(on-demand) actualCPU=247.0361s cost=$0.223568
[t=    720.7148][TASK-COMPLETE         ] task=518 wf=17 vm=220(on-demand) actualCPU=114.5141s cost=$0.103635
[t=    721.0658][TASK-COMPLETE         ] task=348 wf=11 vm=137(on-demand) actualCPU=276.9480s cost=$0.250638
[t=    722.5028][TASK-COMPLETE         ] task=519 wf=17 vm=221(on-demand) actualCPU=116.3021s cost=$0.105253
[t=    727.5488][TASK-COMPLETE         ] task=493 wf=17 vm=199(on-demand) actualCPU=121.3481s cost=$0.109820
[t=    730.6788][TASK-COMPLETE         ] task=515 wf=17 vm=217(on-demand) actualCPU=124.4781s cost=$0.112653
[t=    733.2968][TASK-COMPLETE         ] task=323 wf=11 vm=15(reserved) actualCPU=59.5655s
[t=    737.6148][TASK-COMPLETE         ] task=339 wf=11 vm=128(on-demand) actualCPU=293.4970s cost=$0.265615
[t=    737.8978][TASK-COMPLETE         ] task=346 wf=11 vm=135(on-demand) actualCPU=293.7800s cost=$0.265871
[t=    740.7918][TASK-COMPLETE         ] task=179 wf=6 vm=4(reserved) actualCPU=36.4840s
[t=    740.7918][DISPATCH              ] wf=6 task=180 -> vm=4 (planned reserved, was idle)
[t=    743.8038][TASK-COMPLETE         ] task=327 wf=11 vm=118(on-demand) actualCPU=299.6860s cost=$0.271216
[t=    743.8038][DISPATCH              ] wf=11 task=337 planned=vm5 BUSY -> advanced to vm=15
[t=    744.3578][TASK-COMPLETE         ] task=477 wf=16 vm=47(reserved) actualCPU=53.7985s
[t=    748.2998][TASK-COMPLETE         ] task=295 wf=10 vm=26(reserved) actualCPU=194.6260s
[t=    749.4148][TASK-COMPLETE         ] task=508 wf=17 vm=212(on-demand) actualCPU=143.2141s cost=$0.129609
[t=    750.0478][TASK-COMPLETE         ] task=221 wf=7 vm=10(reserved) actualCPU=61.9885s
[t=    750.0478][WF-COMPLETE           ] wf=7 completionTime=750.0478 deadline=843.7018 margin=93.6540 -> MET
[t=    750.2658][TASK-COMPLETE         ] task=435 wf=14 vm=171(on-demand) actualCPU=276.9481s cost=$0.250638
[t=    752.1138][TASK-COMPLETE         ] task=507 wf=17 vm=211(on-demand) actualCPU=145.9131s cost=$0.132051
[t=    755.6848][TASK-COMPLETE         ] task=483 wf=17 vm=17(reserved) actualCPU=149.5841s
[t=    757.4878][TASK-COMPLETE         ] task=481 wf=16 vm=228(on-demand) actualCPU=66.8285s cost=$0.060480
[t=    757.9998][TASK-COMPLETE         ] task=382 wf=13 vm=177(on-demand) actualCPU=194.6250s cost=$0.176136
[t=    762.4968][TASK-COMPLETE         ] task=410 wf=14 vm=7(reserved) actualCPU=59.5655s
[t=    763.1858][TASK-COMPLETE         ] task=264 wf=9 vm=0(reserved) actualCPU=283.2002s
[t=    763.1858][DISPATCH              ] wf=9 task=265 planned=vm5 BUSY -> advanced to vm=0
[t=    764.9238][TASK-COMPLETE         ] task=6 wf=0 vm=1(reserved) actualCPU=140.8637s
[t=    764.9238][DISPATCH              ] wf=0 task=7 -> vm=1 (planned reserved, was idle)
[t=    766.3248][TASK-COMPLETE         ] task=324 wf=11 vm=24(reserved) actualCPU=92.5935s
[t=    766.3248][DISPATCH              ] wf=11 task=336 planned=vm21 BUSY -> advanced to vm=7
[t=    766.8148][TASK-COMPLETE         ] task=426 wf=14 vm=162(on-demand) actualCPU=293.4971s cost=$0.265615
[t=    767.0978][TASK-COMPLETE         ] task=433 wf=14 vm=169(on-demand) actualCPU=293.7801s cost=$0.265871
[t=    770.5608][TASK-COMPLETE         ] task=290 wf=10 vm=6(reserved) actualCPU=216.8870s
[t=    773.0038][TASK-COMPLETE         ] task=414 wf=14 vm=152(on-demand) actualCPU=299.6861s cost=$0.271216
[t=    773.0038][DISPATCH              ] wf=14 task=424 -> vm=8 (planned reserved, was idle)
[t=    775.0668][TASK-COMPLETE         ] task=484 wf=17 vm=22(reserved) actualCPU=168.9661s
[t=    780.2608][TASK-COMPLETE         ] task=377 wf=13 vm=172(on-demand) actualCPU=216.8860s cost=$0.196282
[t=    780.6908][TASK-COMPLETE         ] task=547 wf=19 vm=41(reserved) actualCPU=113.7955s
[t=    780.6908][DISPATCH              ] wf=19 task=548 planned=vm23 BUSY -> advanced to vm=6
[t=    780.6908][DISPATCH              ] wf=19 task=549 planned=vm25 BUSY -> advanced to vm=10
[t=    780.6908][DISPATCH              ] wf=19 task=550 -> vm=41 (planned reserved, was idle)
[t=    780.6908][DISPATCH              ] wf=19 task=551 planned=vm32 BUSY -> advanced to vm=17
[t=    780.6908][DISPATCH              ] wf=19 task=552 -> vm=34 (planned reserved, was idle)
[t=    780.6908][DISPATCH              ] wf=19 task=553 planned=vm16 BUSY -> advanced to vm=22
[t=    780.6908][DISPATCH              ] wf=19 task=554 planned=vm41 BUSY -> advanced to vm=24
[t=    780.6908][DISPATCH              ] wf=19 task=555 planned=vm34 BUSY -> advanced to vm=26
[t=    780.6908][DISPATCH              ] wf=19 task=556 planned=vm3 BUSY -> advanced to vm=31
[t=    780.6908][DISPATCH              ] wf=19 task=557 planned=vm24 BUSY -> advanced to vm=33
[t=    780.6908][DISPATCH              ] wf=19 task=558 planned=vm23 BUSY -> advanced to vm=39
[t=    780.6908][DISPATCH              ] wf=19 task=559 planned=vm1 BUSY -> advanced to vm=46
[t=    780.6908][DISPATCH              ] wf=19 task=560 planned=vm26 BUSY -> advanced to vm=47
[t=    780.6908][DISPATCH              ] wf=19 task=561 planned=vm33 no-idle-reserved -> on-demand vm=229
[t=    780.6908][DISPATCH              ] wf=19 task=562 planned=vm32 no-idle-reserved -> on-demand vm=230
[t=    780.6908][DISPATCH              ] wf=19 task=563 planned=vm9 no-idle-reserved -> on-demand vm=231
[t=    780.6908][DISPATCH              ] wf=19 task=564 planned=vm10 no-idle-reserved -> on-demand vm=232
[t=    780.6908][DISPATCH              ] wf=19 task=565 planned=vm41 no-idle-reserved -> on-demand vm=233
[t=    780.6908][DISPATCH              ] wf=19 task=566 planned=vm30 no-idle-reserved -> on-demand vm=234
[t=    780.6908][DISPATCH              ] wf=19 task=567 planned=vm15 no-idle-reserved -> on-demand vm=235
[t=    780.6908][DISPATCH              ] wf=19 task=568 planned=vm1 no-idle-reserved -> on-demand vm=236
[t=    780.7908][DISPATCH              ] wf=19 task=561 planned=vm33 no-idle-reserved -> on-demand vm=229
[t=    780.7908][DISPATCH              ] wf=19 task=562 planned=vm32 no-idle-reserved -> on-demand vm=230
[t=    780.7908][DISPATCH              ] wf=19 task=563 planned=vm9 no-idle-reserved -> on-demand vm=231
[t=    780.7908][DISPATCH              ] wf=19 task=564 planned=vm10 no-idle-reserved -> on-demand vm=232
[t=    780.7908][DISPATCH              ] wf=19 task=565 planned=vm41 no-idle-reserved -> on-demand vm=233
[t=    780.7908][DISPATCH              ] wf=19 task=566 planned=vm30 no-idle-reserved -> on-demand vm=234
[t=    780.7908][DISPATCH              ] wf=19 task=567 planned=vm15 no-idle-reserved -> on-demand vm=235
[t=    780.7908][DISPATCH              ] wf=19 task=568 planned=vm1 no-idle-reserved -> on-demand vm=236
[t=    781.8278][TASK-COMPLETE         ] task=351 wf=12 vm=2(reserved) actualCPU=283.2010s
[t=    781.8278][DISPATCH              ] wf=12 task=352 planned=vm6 BUSY -> advanced to vm=2
[t=    782.0238][TASK-COMPLETE         ] task=480 wf=16 vm=227(on-demand) actualCPU=91.3645s cost=$0.082685
[t=    785.1388][TASK-COMPLETE         ] task=466 wf=16 vm=23(reserved) actualCPU=94.5795s
[t=    793.3088][TASK-COMPLETE         ] task=337 wf=11 vm=15(reserved) actualCPU=49.5050s
[t=    794.5938][TASK-COMPLETE         ] task=517 wf=17 vm=219(on-demand) actualCPU=188.3931s cost=$0.170496
[t=    795.5248][TASK-COMPLETE         ] task=411 wf=14 vm=30(reserved) actualCPU=92.5935s
[t=    795.5248][DISPATCH              ] wf=14 task=423 planned=vm27 BUSY -> advanced to vm=15
[t=    799.1998][TASK-COMPLETE         ] task=487 wf=17 vm=193(on-demand) actualCPU=192.9991s cost=$0.174664
[t=    800.8348][TASK-COMPLETE         ] task=287 wf=10 vm=3(reserved) actualCPU=247.1610s
[t=    801.6158][TASK-COMPLETE         ] task=294 wf=10 vm=18(reserved) actualCPU=247.9420s
[t=    803.5968][TASK-COMPLETE         ] task=302 wf=10 vm=36(reserved) actualCPU=249.9230s
[t=    805.0318][TASK-COMPLETE         ] task=471 wf=16 vm=32(reserved) actualCPU=114.4725s
[t=    805.4948][TASK-COMPLETE         ] task=304 wf=10 vm=38(reserved) actualCPU=251.8210s
[t=    806.7698][TASK-COMPLETE         ] task=500 wf=17 vm=204(on-demand) actualCPU=200.5691s cost=$0.181515
[t=    807.3011][NEGOTIATE             ] wf=20 tasks=40 arrivalTime=807.3011 deadline=1370.2571 cp=469.1290 BETA*cp=516.0419 slack=562.9560 -> ACCEPTED
[t=    807.3011][DISPATCH              ] wf=20 task=570 -> vm=3 (planned reserved, was idle)
[t=    807.3011][DISPATCH              ] wf=20 task=571 planned=vm19 BUSY -> advanced to vm=18
[t=    807.3011][DISPATCH              ] wf=20 task=572 planned=vm7 BUSY -> advanced to vm=23
[t=    807.3011][DISPATCH              ] wf=20 task=573 planned=vm33 BUSY -> advanced to vm=30
[t=    807.3011][DISPATCH              ] wf=20 task=574 planned=vm6 BUSY -> advanced to vm=32
[t=    807.3011][DISPATCH              ] wf=20 task=575 planned=vm12 BUSY -> advanced to vm=36
[t=    807.3011][DISPATCH              ] wf=20 task=576 planned=vm31 BUSY -> advanced to vm=38
[t=    807.3011][DISPATCH              ] wf=20 task=577 planned=vm22 no-idle-reserved -> on-demand vm=237
[t=    807.3011][DISPATCH              ] wf=20 task=578 planned=vm20 no-idle-reserved -> on-demand vm=238
[t=    807.3011][DISPATCH              ] wf=20 task=579 planned=vm18 no-idle-reserved -> on-demand vm=239
[t=    807.3011][DISPATCH              ] wf=20 task=580 planned=vm37 no-idle-reserved -> on-demand vm=240
[t=    807.3011][DISPATCH              ] wf=20 task=581 planned=vm12 no-idle-reserved -> on-demand vm=241
[t=    807.3011][DISPATCH              ] wf=20 task=582 planned=vm14 no-idle-reserved -> on-demand vm=242
[t=    807.3011][DISPATCH              ] wf=20 task=583 planned=vm2 no-idle-reserved -> on-demand vm=243
[t=    807.3011][DISPATCH              ] wf=20 task=586 planned=vm48 no-idle-reserved -> on-demand vm=244
[t=    807.3011][DISPATCH              ] wf=20 task=587 planned=vm5 no-idle-reserved -> on-demand vm=245
[t=    807.3011][DISPATCH              ] wf=20 task=588 planned=vm32 no-idle-reserved -> on-demand vm=246
[t=    807.3011][DISPATCH              ] wf=20 task=589 planned=vm1 no-idle-reserved -> on-demand vm=247
[t=    807.3011][DISPATCH              ] wf=20 task=590 planned=vm46 no-idle-reserved -> on-demand vm=248
[t=    807.3011][DISPATCH              ] wf=20 task=591 planned=vm2 no-idle-reserved -> on-demand vm=249
[t=    807.3011][DISPATCH              ] wf=20 task=592 planned=vm49 no-idle-reserved -> on-demand vm=250
[t=    807.3011][DISPATCH              ] wf=20 task=593 planned=vm45 no-idle-reserved -> on-demand vm=251
[t=    807.3011][DISPATCH              ] wf=20 task=594 planned=vm28 no-idle-reserved -> on-demand vm=252
[t=    807.3011][DISPATCH              ] wf=20 task=595 planned=vm27 no-idle-reserved -> on-demand vm=253
[t=    807.3011][DISPATCH              ] wf=20 task=596 planned=vm2 no-idle-reserved -> on-demand vm=254
[t=    807.3011][DISPATCH              ] wf=20 task=599 planned=vm19 no-idle-reserved -> on-demand vm=255
[t=    807.3011][DISPATCH              ] wf=20 task=600 planned=vm35 no-idle-reserved -> on-demand vm=256
[t=    807.3011][DISPATCH              ] wf=20 task=601 planned=vm17 no-idle-reserved -> on-demand vm=257
[t=    807.3011][DISPATCH              ] wf=20 task=602 planned=vm7 no-idle-reserved -> on-demand vm=258
[t=    807.3011][DISPATCH              ] wf=20 task=603 planned=vm1 no-idle-reserved -> on-demand vm=259
[t=    807.3011][DISPATCH              ] wf=20 task=604 planned=vm3 no-idle-reserved -> on-demand vm=260
[t=    807.3011][DISPATCH              ] wf=20 task=605 planned=vm0 no-idle-reserved -> on-demand vm=261
[t=    807.3011][DISPATCH              ] wf=20 task=606 planned=vm4 no-idle-reserved -> on-demand vm=262
[t=    807.3011][DISPATCH              ] wf=20 task=607 planned=vm41 no-idle-reserved -> on-demand vm=263
[t=    807.3011][DISPATCH              ] wf=20 task=608 planned=vm3 no-idle-reserved -> on-demand vm=264
[t=    807.3011][DISPATCH              ] wf=20 task=609 planned=vm7 no-idle-reserved -> on-demand vm=265
[t=    807.4011][DISPATCH              ] wf=20 task=577 planned=vm22 no-idle-reserved -> on-demand vm=237
[t=    807.4011][DISPATCH              ] wf=20 task=578 planned=vm20 no-idle-reserved -> on-demand vm=238
[t=    807.4011][DISPATCH              ] wf=20 task=579 planned=vm18 no-idle-reserved -> on-demand vm=239
[t=    807.4011][DISPATCH              ] wf=20 task=580 planned=vm37 no-idle-reserved -> on-demand vm=240
[t=    807.4011][DISPATCH              ] wf=20 task=581 planned=vm12 no-idle-reserved -> on-demand vm=241
[t=    807.4011][DISPATCH              ] wf=20 task=582 planned=vm14 no-idle-reserved -> on-demand vm=242
[t=    807.4011][DISPATCH              ] wf=20 task=583 planned=vm2 no-idle-reserved -> on-demand vm=243
[t=    807.4011][DISPATCH              ] wf=20 task=586 planned=vm48 no-idle-reserved -> on-demand vm=244
[t=    807.4011][DISPATCH              ] wf=20 task=587 planned=vm5 no-idle-reserved -> on-demand vm=245
[t=    807.4011][DISPATCH              ] wf=20 task=588 planned=vm32 no-idle-reserved -> on-demand vm=246
[t=    807.4011][DISPATCH              ] wf=20 task=589 planned=vm1 no-idle-reserved -> on-demand vm=247
[t=    807.4011][DISPATCH              ] wf=20 task=590 planned=vm46 no-idle-reserved -> on-demand vm=248
[t=    807.4011][DISPATCH              ] wf=20 task=591 planned=vm2 no-idle-reserved -> on-demand vm=249
[t=    807.4011][DISPATCH              ] wf=20 task=592 planned=vm49 no-idle-reserved -> on-demand vm=250
[t=    807.4011][DISPATCH              ] wf=20 task=593 planned=vm45 no-idle-reserved -> on-demand vm=251
[t=    807.4011][DISPATCH              ] wf=20 task=594 planned=vm28 no-idle-reserved -> on-demand vm=252
[t=    807.4011][DISPATCH              ] wf=20 task=595 planned=vm27 no-idle-reserved -> on-demand vm=253
[t=    807.4011][DISPATCH              ] wf=20 task=596 planned=vm2 no-idle-reserved -> on-demand vm=254
[t=    807.4011][DISPATCH              ] wf=20 task=599 planned=vm19 no-idle-reserved -> on-demand vm=255
[t=    807.4011][DISPATCH              ] wf=20 task=600 planned=vm35 no-idle-reserved -> on-demand vm=256
[t=    807.4011][DISPATCH              ] wf=20 task=601 planned=vm17 no-idle-reserved -> on-demand vm=257
[t=    807.4011][DISPATCH              ] wf=20 task=602 planned=vm7 no-idle-reserved -> on-demand vm=258
[t=    807.4011][DISPATCH              ] wf=20 task=603 planned=vm1 no-idle-reserved -> on-demand vm=259
[t=    807.4011][DISPATCH              ] wf=20 task=604 planned=vm3 no-idle-reserved -> on-demand vm=260
[t=    807.4011][DISPATCH              ] wf=20 task=605 planned=vm0 no-idle-reserved -> on-demand vm=261
[t=    807.4011][DISPATCH              ] wf=20 task=606 planned=vm4 no-idle-reserved -> on-demand vm=262
[t=    807.4011][DISPATCH              ] wf=20 task=607 planned=vm41 no-idle-reserved -> on-demand vm=263
[t=    807.4011][DISPATCH              ] wf=20 task=608 planned=vm3 no-idle-reserved -> on-demand vm=264
[t=    807.4011][DISPATCH              ] wf=20 task=609 planned=vm7 no-idle-reserved -> on-demand vm=265
[t=    807.6038][TASK-COMPLETE         ] task=470 wf=16 vm=29(reserved) actualCPU=117.0445s
[t=    810.4348][TASK-COMPLETE         ] task=374 wf=13 vm=44(reserved) actualCPU=247.1600s
[t=    810.6608][TASK-COMPLETE         ] task=506 wf=17 vm=210(on-demand) actualCPU=204.4601s cost=$0.185036
[t=    811.3158][TASK-COMPLETE         ] task=381 wf=13 vm=176(on-demand) actualCPU=247.9410s cost=$0.224387
[t=    813.2968][TASK-COMPLETE         ] task=389 wf=13 vm=184(on-demand) actualCPU=249.9220s cost=$0.226179
[t=    814.4258][TASK-COMPLETE         ] task=249 wf=8 vm=14(reserved) actualCPU=146.8205s
[t=    814.4258][WF-COMPLETE           ] wf=8 completionTime=814.4258 deadline=908.1548 margin=93.7290 -> MET
[t=    815.1948][TASK-COMPLETE         ] task=391 wf=13 vm=186(on-demand) actualCPU=251.8200s cost=$0.227897
[t=    817.4758][TASK-COMPLETE         ] task=503 wf=17 vm=207(on-demand) actualCPU=211.2751s cost=$0.191204
[t=    819.6638][TASK-COMPLETE         ] task=572 wf=20 vm=23(reserved) actualCPU=12.3626s
[t=    819.7928][TASK-COMPLETE         ] task=514 wf=17 vm=216(on-demand) actualCPU=213.5921s cost=$0.193301
[t=    821.6878][TASK-COMPLETE         ] task=462 wf=16 vm=16(reserved) actualCPU=131.1285s
[t=    822.5088][TASK-COMPLETE         ] task=424 wf=14 vm=8(reserved) actualCPU=49.5050s
[t=    826.6098][TASK-COMPLETE         ] task=472 wf=16 vm=35(reserved) actualCPU=136.0505s
[t=    827.3391][NEGOTIATE             ] wf=21 tasks=24 arrivalTime=827.3391 deadline=4803.6795 cp=3313.6040 BETA*cp=3644.9644 slack=3976.3404 -> ACCEPTED
[t=    827.3391][DISPATCH              ] wf=21 task=610 planned=vm1 BUSY -> advanced to vm=29
[t=    827.5988][TASK-COMPLETE         ] task=93 wf=3 vm=5(reserved) actualCPU=140.8635s
[t=    827.5988][DISPATCH              ] wf=3 task=94 planned=vm3 BUSY -> advanced to vm=5
[t=    833.1808][TASK-COMPLETE         ] task=473 wf=16 vm=37(reserved) actualCPU=142.6215s
[t=    834.1468][TASK-COMPLETE         ] task=479 wf=16 vm=226(on-demand) actualCPU=143.4875s cost=$0.129856
[t=    834.5898][TASK-COMPLETE         ] task=564 wf=19 vm=232(on-demand) actualCPU=53.7990s cost=$0.048688
[t=    835.8138][TASK-COMPLETE         ] task=486 wf=17 vm=48(reserved) actualCPU=229.7131s
[t=    835.8138][DISPATCH              ] wf=17 task=497 planned=vm18 BUSY -> advanced to vm=8
[t=    835.8138][DISPATCH              ] wf=17 task=498 planned=vm24 BUSY -> advanced to vm=14
[t=    836.5748][TASK-COMPLETE         ] task=475 wf=16 vm=43(reserved) actualCPU=146.0155s
[t=    837.6378][TASK-COMPLETE         ] task=474 wf=16 vm=40(reserved) actualCPU=147.0785s
[t=    837.6731][TASK-COMPLETE         ] task=575 wf=20 vm=36(reserved) actualCPU=30.3720s
[t=    839.1321][TASK-COMPLETE         ] task=293 wf=10 vm=11(reserved) actualCPU=285.4584s
[t=    839.9251][TASK-COMPLETE         ] task=465 wf=16 vm=42(reserved) actualCPU=149.3658s
[t=    842.6311][TASK-COMPLETE         ] task=499 wf=17 vm=203(on-demand) actualCPU=236.4304s cost=$0.213970
[t=    844.2811][TASK-COMPLETE         ] task=591 wf=20 vm=249(on-demand) actualCPU=36.8800s cost=$0.033376
[t=    845.5051][TASK-COMPLETE         ] task=505 wf=17 vm=209(on-demand) actualCPU=239.3044s cost=$0.216571
[t=    846.1431][TASK-COMPLETE         ] task=289 wf=10 vm=19(reserved) actualCPU=292.4694s
[t=    846.1431][DISPATCH              ] wf=10 task=308 planned=vm4 BUSY -> advanced to vm=36
[t=    847.0481][TASK-COMPLETE         ] task=502 wf=17 vm=206(on-demand) actualCPU=240.8474s cost=$0.217967
[t=    847.6191][TASK-COMPLETE         ] task=568 wf=19 vm=236(on-demand) actualCPU=66.8284s cost=$0.060480
[t=    848.8331][TASK-COMPLETE         ] task=380 wf=13 vm=175(on-demand) actualCPU=285.4584s cost=$0.258340
[t=    850.7231][TASK-COMPLETE         ] task=581 wf=20 vm=241(on-demand) actualCPU=43.3220s cost=$0.039206
[t=    853.1911][TASK-COMPLETE         ] task=610 wf=21 vm=29(reserved) actualCPU=25.8520s
[t=    853.1911][DISPATCH              ] wf=21 task=611 planned=vm1 BUSY -> advanced to vm=29
[t=    853.2377][TASK-COMPLETE         ] task=512 wf=17 vm=214(on-demand) actualCPU=247.0370s cost=$0.223568
[t=    855.7441][TASK-COMPLETE         ] task=376 wf=13 vm=49(reserved) actualCPU=292.4694s
[t=    855.7441][DISPATCH              ] wf=13 task=395 planned=vm9 BUSY -> advanced to vm=40
[t=    859.9541][TASK-COMPLETE         ] task=582 wf=20 vm=242(on-demand) actualCPU=52.5530s cost=$0.047560
[t=    862.0081][TASK-COMPLETE         ] task=578 wf=20 vm=238(on-demand) actualCPU=54.6070s cost=$0.049419
[t=    868.4803][NEGOTIATE             ] wf=22 tasks=23 arrivalTime=868.4803 deadline=1430.3875 cp=468.2550 BETA*cp=515.0805 slack=561.9072 -> ACCEPTED
[t=    868.4803][DISPATCH              ] wf=22 task=634 planned=vm22 BUSY -> advanced to vm=11
[t=    869.8593][TASK-COMPLETE         ] task=608 wf=20 vm=264(on-demand) actualCPU=62.4582s cost=$0.056525
[t=    872.1553][TASK-COMPLETE         ] task=567 wf=19 vm=235(on-demand) actualCPU=91.3645s cost=$0.082685
[t=    875.2703][TASK-COMPLETE         ] task=553 wf=19 vm=22(reserved) actualCPU=94.5795s
[t=    877.0923][TASK-COMPLETE         ] task=611 wf=21 vm=29(reserved) actualCPU=23.9012s
[t=    877.0923][DISPATCH              ] wf=21 task=612 planned=vm7 BUSY -> advanced to vm=16
[t=    881.6553][TASK-COMPLETE         ] task=180 wf=6 vm=4(reserved) actualCPU=140.8635s
[t=    881.6553][DISPATCH              ] wf=6 task=181 -> vm=4 (planned reserved, was idle)
[t=    883.1493][TASK-COMPLETE         ] task=522 wf=17 vm=224(on-demand) actualCPU=276.9486s cost=$0.250638
[t=    885.1853][TASK-COMPLETE         ] task=469 wf=16 vm=28(reserved) actualCPU=194.6260s
[t=    885.5993][TASK-COMPLETE         ] task=7 wf=0 vm=1(reserved) actualCPU=120.6755s
[t=    885.5993][DISPATCH              ] wf=0 task=8 planned=vm0 BUSY -> advanced to vm=1
[t=    890.3913][TASK-COMPLETE         ] task=579 wf=20 vm=239(on-demand) actualCPU=82.9902s cost=$0.075106
[t=    894.4353][TASK-COMPLETE         ] task=596 wf=20 vm=254(on-demand) actualCPU=87.0342s cost=$0.078766
[t=    895.1633][TASK-COMPLETE         ] task=558 wf=19 vm=39(reserved) actualCPU=114.4725s
[t=    895.3793][TASK-COMPLETE         ] task=497 wf=17 vm=8(reserved) actualCPU=59.5655s
[t=    897.7353][TASK-COMPLETE         ] task=557 wf=19 vm=33(reserved) actualCPU=117.0445s
[t=    899.6983][TASK-COMPLETE         ] task=513 wf=17 vm=215(on-demand) actualCPU=293.4976s cost=$0.265615
[t=    899.7401][TASK-COMPLETE         ] task=603 wf=20 vm=259(on-demand) actualCPU=92.3390s cost=$0.083567
[t=    899.9811][TASK-COMPLETE         ] task=520 wf=17 vm=222(on-demand) actualCPU=293.7804s cost=$0.265871
[t=    901.7081][TASK-COMPLETE         ] task=577 wf=20 vm=237(on-demand) actualCPU=94.3070s cost=$0.085348
[t=    901.9551][TASK-COMPLETE         ] task=583 wf=20 vm=243(on-demand) actualCPU=94.5540s cost=$0.085571
[t=    905.8871][TASK-COMPLETE         ] task=501 wf=17 vm=205(on-demand) actualCPU=299.6864s cost=$0.271216
[t=    905.8871][DISPATCH              ] wf=17 task=511 planned=vm0 BUSY -> advanced to vm=8
[t=    906.4071][TASK-COMPLETE         ] task=438 wf=15 vm=12(reserved) actualCPU=283.2000s
[t=    906.4071][DISPATCH              ] wf=15 task=439 planned=vm8 BUSY -> advanced to vm=12
[t=    907.4461][TASK-COMPLETE         ] task=464 wf=16 vm=21(reserved) actualCPU=216.8868s
[t=    908.1126][NEGOTIATE             ] wf=23 tasks=40 arrivalTime=908.1126 deadline=1471.0686 cp=469.1290 BETA*cp=516.0419 slack=562.9560 -> ACCEPTED
[t=    908.1126][DISPATCH              ] wf=23 task=657 planned=vm16 BUSY -> advanced to vm=19
[t=    908.1126][DISPATCH              ] wf=23 task=658 planned=vm25 BUSY -> advanced to vm=21
[t=    908.1126][DISPATCH              ] wf=23 task=659 planned=vm6 BUSY -> advanced to vm=22
[t=    908.1126][DISPATCH              ] wf=23 task=660 planned=vm25 BUSY -> advanced to vm=23
[t=    908.1126][DISPATCH              ] wf=23 task=661 planned=vm25 BUSY -> advanced to vm=28
[t=    908.1126][DISPATCH              ] wf=23 task=662 planned=vm2 BUSY -> advanced to vm=29
[t=    908.1126][DISPATCH              ] wf=23 task=663 -> vm=37 (planned reserved, was idle)
[t=    908.1126][DISPATCH              ] wf=23 task=664 planned=vm32 BUSY -> advanced to vm=33
[t=    908.1126][DISPATCH              ] wf=23 task=665 planned=vm28 BUSY -> advanced to vm=35
[t=    908.1126][DISPATCH              ] wf=23 task=666 planned=vm12 BUSY -> advanced to vm=39
[t=    908.1126][DISPATCH              ] wf=23 task=667 -> vm=43 (planned reserved, was idle)
[t=    908.1126][DISPATCH              ] wf=23 task=668 planned=vm5 BUSY -> advanced to vm=42
[t=    908.1126][DISPATCH              ] wf=23 task=669 planned=vm8 BUSY -> advanced to vm=44
[t=    908.1126][DISPATCH              ] wf=23 task=670 planned=vm8 BUSY -> advanced to vm=48
[t=    908.1126][DISPATCH              ] wf=23 task=673 planned=vm14 BUSY -> advanced to vm=49
[t=    908.1126][DISPATCH              ] wf=23 task=674 planned=vm11 no-idle-reserved -> on-demand vm=266
[t=    908.1126][DISPATCH              ] wf=23 task=675 planned=vm25 no-idle-reserved -> on-demand vm=267
[t=    908.1126][DISPATCH              ] wf=23 task=676 planned=vm25 no-idle-reserved -> on-demand vm=268
[t=    908.1126][DISPATCH              ] wf=23 task=677 planned=vm28 no-idle-reserved -> on-demand vm=269
[t=    908.1126][DISPATCH              ] wf=23 task=678 planned=vm18 no-idle-reserved -> on-demand vm=270
[t=    908.1126][DISPATCH              ] wf=23 task=679 planned=vm31 no-idle-reserved -> on-demand vm=271
[t=    908.1126][DISPATCH              ] wf=23 task=680 planned=vm36 no-idle-reserved -> on-demand vm=272
[t=    908.1126][DISPATCH              ] wf=23 task=681 planned=vm31 no-idle-reserved -> on-demand vm=273
[t=    908.1126][DISPATCH              ] wf=23 task=682 planned=vm30 no-idle-reserved -> on-demand vm=274
[t=    908.1126][DISPATCH              ] wf=23 task=683 planned=vm26 no-idle-reserved -> on-demand vm=275
[t=    908.1126][DISPATCH              ] wf=23 task=686 planned=vm38 no-idle-reserved -> on-demand vm=276
[t=    908.1126][DISPATCH              ] wf=23 task=687 planned=vm17 no-idle-reserved -> on-demand vm=277
[t=    908.1126][DISPATCH              ] wf=23 task=688 planned=vm25 no-idle-reserved -> on-demand vm=278
[t=    908.1126][DISPATCH              ] wf=23 task=689 planned=vm8 no-idle-reserved -> on-demand vm=279
[t=    908.1126][DISPATCH              ] wf=23 task=690 planned=vm11 no-idle-reserved -> on-demand vm=280
[t=    908.1126][DISPATCH              ] wf=23 task=691 planned=vm24 no-idle-reserved -> on-demand vm=281
[t=    908.1126][DISPATCH              ] wf=23 task=692 planned=vm15 no-idle-reserved -> on-demand vm=282
[t=    908.1126][DISPATCH              ] wf=23 task=693 planned=vm16 no-idle-reserved -> on-demand vm=283
[t=    908.1126][DISPATCH              ] wf=23 task=694 planned=vm27 no-idle-reserved -> on-demand vm=284
[t=    908.1126][DISPATCH              ] wf=23 task=695 planned=vm4 no-idle-reserved -> on-demand vm=285
[t=    908.1126][DISPATCH              ] wf=23 task=696 planned=vm18 no-idle-reserved -> on-demand vm=286
[t=    908.1321][TASK-COMPLETE         ] task=308 wf=10 vm=36(reserved) actualCPU=61.9890s
[t=    908.1321][WF-COMPLETE           ] wf=10 completionTime=908.1321 deadline=1001.7851 margin=93.6530 -> MET
[t=    908.1321][DISPATCH              ] wf=23 task=674 planned=vm11 BUSY -> advanced to vm=36
[t=    908.1321][DISPATCH              ] wf=23 task=675 planned=vm25 no-idle-reserved -> on-demand vm=266
[t=    908.1321][DISPATCH              ] wf=23 task=676 planned=vm25 no-idle-reserved -> on-demand vm=267
[t=    908.1321][DISPATCH              ] wf=23 task=677 planned=vm28 no-idle-reserved -> on-demand vm=268
[t=    908.1321][DISPATCH              ] wf=23 task=678 planned=vm18 no-idle-reserved -> on-demand vm=269
[t=    908.1321][DISPATCH              ] wf=23 task=679 planned=vm31 no-idle-reserved -> on-demand vm=270
[t=    908.1321][DISPATCH              ] wf=23 task=680 planned=vm36 no-idle-reserved -> on-demand vm=271
[t=    908.1321][DISPATCH              ] wf=23 task=681 planned=vm31 no-idle-reserved -> on-demand vm=272
[t=    908.1321][DISPATCH              ] wf=23 task=682 planned=vm30 no-idle-reserved -> on-demand vm=273
[t=    908.1321][DISPATCH              ] wf=23 task=683 planned=vm26 no-idle-reserved -> on-demand vm=274
[t=    908.1321][DISPATCH              ] wf=23 task=686 planned=vm38 no-idle-reserved -> on-demand vm=275
[t=    908.1321][DISPATCH              ] wf=23 task=687 planned=vm17 no-idle-reserved -> on-demand vm=276
[t=    908.1321][DISPATCH              ] wf=23 task=688 planned=vm25 no-idle-reserved -> on-demand vm=277
[t=    908.1321][DISPATCH              ] wf=23 task=689 planned=vm8 no-idle-reserved -> on-demand vm=278
[t=    908.1321][DISPATCH              ] wf=23 task=690 planned=vm11 no-idle-reserved -> on-demand vm=279
[t=    908.1321][DISPATCH              ] wf=23 task=691 planned=vm24 no-idle-reserved -> on-demand vm=280
[t=    908.1321][DISPATCH              ] wf=23 task=692 planned=vm15 no-idle-reserved -> on-demand vm=281
[t=    908.1321][DISPATCH              ] wf=23 task=693 planned=vm16 no-idle-reserved -> on-demand vm=282
[t=    908.1321][DISPATCH              ] wf=23 task=694 planned=vm27 no-idle-reserved -> on-demand vm=283
[t=    908.1321][DISPATCH              ] wf=23 task=695 planned=vm4 no-idle-reserved -> on-demand vm=284
[t=    908.1321][DISPATCH              ] wf=23 task=696 planned=vm18 no-idle-reserved -> on-demand vm=285
[t=    908.2126][DISPATCH              ] wf=23 task=675 planned=vm25 no-idle-reserved -> on-demand vm=266
[t=    908.2126][DISPATCH              ] wf=23 task=676 planned=vm25 no-idle-reserved -> on-demand vm=267
[t=    908.2126][DISPATCH              ] wf=23 task=677 planned=vm28 no-idle-reserved -> on-demand vm=268
[t=    908.2126][DISPATCH              ] wf=23 task=678 planned=vm18 no-idle-reserved -> on-demand vm=269
[t=    908.2126][DISPATCH              ] wf=23 task=679 planned=vm31 no-idle-reserved -> on-demand vm=270
[t=    908.2126][DISPATCH              ] wf=23 task=680 planned=vm36 no-idle-reserved -> on-demand vm=271
[t=    908.2126][DISPATCH              ] wf=23 task=681 planned=vm31 no-idle-reserved -> on-demand vm=272
[t=    908.2126][DISPATCH              ] wf=23 task=682 planned=vm30 no-idle-reserved -> on-demand vm=273
[t=    908.2126][DISPATCH              ] wf=23 task=683 planned=vm26 no-idle-reserved -> on-demand vm=274
[t=    908.2126][DISPATCH              ] wf=23 task=686 planned=vm38 no-idle-reserved -> on-demand vm=275
[t=    908.2126][DISPATCH              ] wf=23 task=687 planned=vm17 no-idle-reserved -> on-demand vm=276
[t=    908.2126][DISPATCH              ] wf=23 task=688 planned=vm25 no-idle-reserved -> on-demand vm=277
[t=    908.2126][DISPATCH              ] wf=23 task=689 planned=vm8 no-idle-reserved -> on-demand vm=278
[t=    908.2126][DISPATCH              ] wf=23 task=690 planned=vm11 no-idle-reserved -> on-demand vm=279
[t=    908.2126][DISPATCH              ] wf=23 task=691 planned=vm24 no-idle-reserved -> on-demand vm=280
[t=    908.2126][DISPATCH              ] wf=23 task=692 planned=vm15 no-idle-reserved -> on-demand vm=281
[t=    908.2126][DISPATCH              ] wf=23 task=693 planned=vm16 no-idle-reserved -> on-demand vm=282
[t=    908.2126][DISPATCH              ] wf=23 task=694 planned=vm27 no-idle-reserved -> on-demand vm=283
[t=    908.2126][DISPATCH              ] wf=23 task=695 planned=vm4 no-idle-reserved -> on-demand vm=284
[t=    908.2126][DISPATCH              ] wf=23 task=696 planned=vm18 no-idle-reserved -> on-demand vm=285
[t=    911.8191][TASK-COMPLETE         ] task=549 wf=19 vm=10(reserved) actualCPU=131.1284s
[t=    913.1451][TASK-COMPLETE         ] task=336 wf=11 vm=7(reserved) actualCPU=146.8204s
[t=    913.1451][WF-COMPLETE           ] wf=11 completionTime=913.1451 deadline=1006.9738 margin=93.8286 -> MET
[t=    916.7411][TASK-COMPLETE         ] task=559 wf=19 vm=46(reserved) actualCPU=136.0504s
[t=    916.9011][TASK-COMPLETE         ] task=576 wf=20 vm=38(reserved) actualCPU=109.6000s
[t=    917.7331][TASK-COMPLETE         ] task=395 wf=13 vm=40(reserved) actualCPU=61.9890s
[t=    917.7331][WF-COMPLETE           ] wf=13 completionTime=917.7331 deadline=1011.3862 margin=93.6530 -> MET
[t=    920.4751][TASK-COMPLETE         ] task=659 wf=23 vm=22(reserved) actualCPU=12.3626s
[t=    921.9161][TASK-COMPLETE         ] task=605 wf=20 vm=261(on-demand) actualCPU=114.5150s cost=$0.103636
[t=    923.3121][TASK-COMPLETE         ] task=560 wf=19 vm=47(reserved) actualCPU=142.6214s
[t=    923.7041][TASK-COMPLETE         ] task=606 wf=20 vm=262(on-demand) actualCPU=116.3030s cost=$0.105254
[t=    924.2781][TASK-COMPLETE         ] task=566 wf=19 vm=234(on-demand) actualCPU=143.4874s cost=$0.129856
[t=    926.8061][TASK-COMPLETE         ] task=562 wf=19 vm=230(on-demand) actualCPU=146.0154s cost=$0.132144
[t=    927.8691][TASK-COMPLETE         ] task=561 wf=19 vm=229(on-demand) actualCPU=147.0784s cost=$0.133106
[t=    928.4071][TASK-COMPLETE         ] task=498 wf=17 vm=14(reserved) actualCPU=92.5934s
[t=    928.4071][DISPATCH              ] wf=17 task=510 planned=vm21 BUSY -> advanced to vm=7
[t=    928.7501][TASK-COMPLETE         ] task=580 wf=20 vm=240(on-demand) actualCPU=121.3490s cost=$0.109821
[t=    930.0561][TASK-COMPLETE         ] task=552 wf=19 vm=34(reserved) actualCPU=149.3654s
[t=    931.8801][TASK-COMPLETE         ] task=602 wf=20 vm=258(on-demand) actualCPU=124.4790s cost=$0.112653
[t=    937.7201][TASK-COMPLETE         ] task=461 wf=16 vm=13(reserved) actualCPU=247.1608s
[t=    938.4841][TASK-COMPLETE         ] task=662 wf=23 vm=29(reserved) actualCPU=30.3716s
[t=    938.5013][TASK-COMPLETE         ] task=468 wf=16 vm=27(reserved) actualCPU=247.9420s
[t=    940.4821][TASK-COMPLETE         ] task=476 wf=16 vm=45(reserved) actualCPU=249.9228s
[t=    942.3451][TASK-COMPLETE         ] task=423 wf=14 vm=15(reserved) actualCPU=146.8204s
[t=    942.3451][WF-COMPLETE           ] wf=14 completionTime=942.3451 deadline=1036.1737 margin=93.8285 -> MET
[t=    942.4801][TASK-COMPLETE         ] task=478 wf=16 vm=225(on-demand) actualCPU=251.8208s cost=$0.227898
[t=    945.0921][TASK-COMPLETE         ] task=678 wf=23 vm=269(on-demand) actualCPU=36.8796s cost=$0.033376
[t=    948.2741][TASK-COMPLETE         ] task=94 wf=3 vm=5(reserved) actualCPU=120.6754s
[t=    948.2741][DISPATCH              ] wf=3 task=95 planned=vm2 BUSY -> advanced to vm=34
[t=    950.6161][TASK-COMPLETE         ] task=595 wf=20 vm=253(on-demand) actualCPU=143.2150s cost=$0.129610
[t=    951.4341][TASK-COMPLETE         ] task=668 wf=23 vm=42(reserved) actualCPU=43.3216s
[t=    953.3151][TASK-COMPLETE         ] task=594 wf=20 vm=252(on-demand) actualCPU=145.9140s cost=$0.132052
[t=    954.9241][TASK-COMPLETE         ] task=525 wf=18 vm=9(reserved) actualCPU=283.2008s
[t=    954.9241][DISPATCH              ] wf=18 task=526 -> vm=9 (planned reserved, was idle)
[t=    955.3921][TASK-COMPLETE         ] task=511 wf=17 vm=8(reserved) actualCPU=49.5050s
[t=    956.8861][TASK-COMPLETE         ] task=570 wf=20 vm=3(reserved) actualCPU=149.5850s
[t=    959.1094][NEGOTIATE             ] wf=24 tasks=24 arrivalTime=959.1094 deadline=4935.4498 cp=3313.6040 BETA*cp=3644.9644 slack=3976.3404 -> ACCEPTED
[t=    959.1094][DISPATCH              ] wf=24 task=697 planned=vm4 BUSY -> advanced to vm=3
[t=    960.6651][TASK-COMPLETE         ] task=669 wf=23 vm=44(reserved) actualCPU=52.5526s
[t=    962.7191][TASK-COMPLETE         ] task=665 wf=23 vm=35(reserved) actualCPU=54.6066s
[t=    970.6711][TASK-COMPLETE         ] task=695 wf=23 vm=284(on-demand) actualCPU=62.4586s cost=$0.056525
[t=    975.3161][TASK-COMPLETE         ] task=556 wf=19 vm=31(reserved) actualCPU=194.6254s
[t=    976.0181][TASK-COMPLETE         ] task=467 wf=16 vm=25(reserved) actualCPU=285.4588s
[t=    976.2681][TASK-COMPLETE         ] task=571 wf=20 vm=18(reserved) actualCPU=168.9670s
[t=    978.4211][TASK-COMPLETE         ] task=265 wf=9 vm=0(reserved) actualCPU=215.2354s
[t=    978.4211][DISPATCH              ] wf=9 task=266 -> vm=0 (planned reserved, was idle)
[t=    982.2761][TASK-COMPLETE         ] task=634 wf=22 vm=11(reserved) actualCPU=113.7958s
[t=    982.2761][DISPATCH              ] wf=22 task=635 planned=vm39 BUSY -> advanced to vm=44
[t=    982.2761][DISPATCH              ] wf=22 task=636 -> vm=15 (planned reserved, was idle)
[t=    982.2761][DISPATCH              ] wf=22 task=637 -> vm=29 (planned reserved, was idle)
[t=    982.2761][DISPATCH              ] wf=22 task=638 planned=vm36 BUSY -> advanced to vm=5
[t=    982.2761][DISPATCH              ] wf=22 task=639 planned=vm23 BUSY -> advanced to vm=8
[t=    982.2761][DISPATCH              ] wf=22 task=640 -> vm=13 (planned reserved, was idle)
[t=    982.2761][DISPATCH              ] wf=22 task=641 planned=vm20 BUSY -> advanced to vm=10
[t=    982.2761][DISPATCH              ] wf=22 task=642 -> vm=40 (planned reserved, was idle)
[t=    982.2761][DISPATCH              ] wf=22 task=643 planned=vm29 BUSY -> advanced to vm=11
[t=    982.2761][DISPATCH              ] wf=22 task=644 -> vm=14 (planned reserved, was idle)
[t=    982.2761][DISPATCH              ] wf=22 task=645 planned=vm10 BUSY -> advanced to vm=18
[t=    982.2761][DISPATCH              ] wf=22 task=646 planned=vm16 BUSY -> advanced to vm=22
[t=    982.2761][DISPATCH              ] wf=22 task=647 planned=vm18 BUSY -> advanced to vm=25
[t=    982.2761][DISPATCH              ] wf=22 task=648 planned=vm22 BUSY -> advanced to vm=27
[t=    982.2761][DISPATCH              ] wf=22 task=649 planned=vm21 BUSY -> advanced to vm=31
[t=    982.2761][DISPATCH              ] wf=22 task=650 -> vm=42 (planned reserved, was idle)
[t=    982.2761][DISPATCH              ] wf=22 task=651 planned=vm10 BUSY -> advanced to vm=35
[t=    982.2761][DISPATCH              ] wf=22 task=652 -> vm=47 (planned reserved, was idle)
[t=    982.2761][DISPATCH              ] wf=22 task=653 planned=vm20 BUSY -> advanced to vm=38
[t=    982.2761][DISPATCH              ] wf=22 task=654 planned=vm12 BUSY -> advanced to vm=45
[t=    982.2761][DISPATCH              ] wf=22 task=655 planned=vm2 BUSY -> advanced to vm=46
[t=    983.0291][TASK-COMPLETE         ] task=463 wf=16 vm=20(reserved) actualCPU=292.4698s
[t=    983.0291][DISPATCH              ] wf=16 task=482 planned=vm4 BUSY -> advanced to vm=20
[t=    984.9611][TASK-COMPLETE         ] task=697 wf=24 vm=3(reserved) actualCPU=25.8517s
[t=    984.9611][DISPATCH              ] wf=24 task=698 planned=vm8 BUSY -> advanced to vm=3
[t=    991.1031][TASK-COMPLETE         ] task=666 wf=23 vm=39(reserved) actualCPU=82.9906s
[t=    995.2471][TASK-COMPLETE         ] task=683 wf=23 vm=274(on-demand) actualCPU=87.0346s cost=$0.078766
[t=    995.7951][TASK-COMPLETE         ] task=604 wf=20 vm=260(on-demand) actualCPU=188.3940s cost=$0.170497
[t=    997.0631][TASK-COMPLETE         ] task=352 wf=12 vm=2(reserved) actualCPU=215.2354s
[t=    997.0631][DISPATCH              ] wf=12 task=353 -> vm=2 (planned reserved, was idle)
[t=    997.5771][TASK-COMPLETE         ] task=551 wf=19 vm=17(reserved) actualCPU=216.8864s
[t=   1000.3011][TASK-COMPLETE         ] task=574 wf=20 vm=32(reserved) actualCPU=193.0000s
[t=   1000.5511][TASK-COMPLETE         ] task=690 wf=23 vm=279(on-demand) actualCPU=92.3386s cost=$0.083566
[t=   1002.3311][TASK-COMPLETE         ] task=181 wf=6 vm=4(reserved) actualCPU=120.6758s
[t=   1002.3311][DISPATCH              ] wf=6 task=182 planned=vm5 BUSY -> advanced to vm=4
[t=   1002.4196][TASK-COMPLETE         ] task=664 wf=23 vm=33(reserved) actualCPU=94.3070s
[t=   1002.6661][TASK-COMPLETE         ] task=670 wf=23 vm=48(reserved) actualCPU=94.5536s
[t=   1007.9711][TASK-COMPLETE         ] task=587 wf=20 vm=245(on-demand) actualCPU=200.5700s cost=$0.181516
[t=   1008.8631][TASK-COMPLETE         ] task=698 wf=24 vm=3(reserved) actualCPU=23.9020s
[t=   1008.8631][DISPATCH              ] wf=24 task=699 planned=vm10 BUSY -> advanced to vm=48
[t=   1011.8621][TASK-COMPLETE         ] task=593 wf=20 vm=251(on-demand) actualCPU=204.4610s cost=$0.185037
[t=   1013.8795][NEGOTIATE             ] wf=25 tasks=23 arrivalTime=1013.8795 deadline=1575.7867 cp=468.2550 BETA*cp=515.0805 slack=561.9072 -> ACCEPTED
[t=   1013.8795][DISPATCH              ] wf=25 task=721 planned=vm26 BUSY -> advanced to vm=3
[t=   1014.9045][TASK-COMPLETE         ] task=266 wf=9 vm=0(reserved) actualCPU=36.4834s
[t=   1014.9045][DISPATCH              ] wf=9 task=267 planned=vm6 BUSY -> advanced to vm=0
[t=   1017.7125][TASK-COMPLETE         ] task=663 wf=23 vm=37(reserved) actualCPU=109.5999s
[t=   1018.6765][TASK-COMPLETE         ] task=590 wf=20 vm=248(on-demand) actualCPU=211.2754s cost=$0.191204
[t=   1020.9935][TASK-COMPLETE         ] task=601 wf=20 vm=257(on-demand) actualCPU=213.5924s cost=$0.193301
[t=   1022.7275][TASK-COMPLETE         ] task=692 wf=23 vm=281(on-demand) actualCPU=114.5149s cost=$0.103636
[t=   1024.5155][TASK-COMPLETE         ] task=693 wf=23 vm=282(on-demand) actualCPU=116.3029s cost=$0.105254
[t=   1027.8515][TASK-COMPLETE         ] task=548 wf=19 vm=6(reserved) actualCPU=247.1607s
[t=   1028.6325][TASK-COMPLETE         ] task=555 wf=19 vm=26(reserved) actualCPU=247.9417s
[t=   1029.4615][TASK-COMPLETE         ] task=667 wf=23 vm=43(reserved) actualCPU=121.3489s
[t=   1030.7135][TASK-COMPLETE         ] task=563 wf=19 vm=231(on-demand) actualCPU=249.9227s cost=$0.226180
[t=   1032.6115][TASK-COMPLETE         ] task=565 wf=19 vm=233(on-demand) actualCPU=251.8207s cost=$0.227898
[t=   1032.6916][TASK-COMPLETE         ] task=689 wf=23 vm=278(on-demand) actualCPU=124.4790s cost=$0.112653
[t=   1033.5465][TASK-COMPLETE         ] task=353 wf=12 vm=2(reserved) actualCPU=36.4834s
[t=   1033.5465][DISPATCH              ] wf=12 task=354 planned=vm7 BUSY -> advanced to vm=37
[t=   1036.0745][TASK-COMPLETE         ] task=651 wf=22 vm=35(reserved) actualCPU=53.7984s
[t=   1036.3202][NEGOTIATE             ] wf=26 tasks=40 arrivalTime=1036.3202 deadline=1599.2762 cp=469.1290 BETA*cp=516.0419 slack=562.9560 -> ACCEPTED
[t=   1036.3202][DISPATCH              ] wf=26 task=744 planned=vm10 BUSY -> advanced to vm=2
[t=   1036.3202][DISPATCH              ] wf=26 task=745 -> vm=43 (planned reserved, was idle)
[t=   1036.3202][DISPATCH              ] wf=26 task=746 -> vm=17 (planned reserved, was idle)
[t=   1036.3202][DISPATCH              ] wf=26 task=747 planned=vm5 BUSY -> advanced to vm=6
[t=   1036.3202][DISPATCH              ] wf=26 task=748 planned=vm2 BUSY -> advanced to vm=26
[t=   1036.3202][DISPATCH              ] wf=26 task=749 planned=vm10 BUSY -> advanced to vm=32
[t=   1036.3202][DISPATCH              ] wf=26 task=750 planned=vm40 BUSY -> advanced to vm=33
[t=   1036.3202][DISPATCH              ] wf=26 task=751 planned=vm31 BUSY -> advanced to vm=35
[t=   1036.3202][DISPATCH              ] wf=26 task=752 planned=vm26 BUSY -> advanced to vm=39
[t=   1036.3202][DISPATCH              ] wf=26 task=753 planned=vm30 no-idle-reserved -> on-demand vm=269
[t=   1036.3202][DISPATCH              ] wf=26 task=754 planned=vm5 no-idle-reserved -> on-demand vm=274
[t=   1036.3202][DISPATCH              ] wf=26 task=755 planned=vm6 no-idle-reserved -> on-demand vm=278
[t=   1036.3202][DISPATCH              ] wf=26 task=756 planned=vm4 no-idle-reserved -> on-demand vm=281
[t=   1036.3202][DISPATCH              ] wf=26 task=757 planned=vm6 no-idle-reserved -> on-demand vm=284
[t=   1036.3202][DISPATCH              ] wf=26 task=760 planned=vm33 no-idle-reserved -> on-demand vm=286
[t=   1036.3202][DISPATCH              ] wf=26 task=761 planned=vm32 no-idle-reserved -> on-demand vm=287
[t=   1036.3202][DISPATCH              ] wf=26 task=762 planned=vm12 no-idle-reserved -> on-demand vm=288
[t=   1036.3202][DISPATCH              ] wf=26 task=763 planned=vm23 no-idle-reserved -> on-demand vm=289
[t=   1036.3202][DISPATCH              ] wf=26 task=764 planned=vm24 no-idle-reserved -> on-demand vm=290
[t=   1036.3202][DISPATCH              ] wf=26 task=765 planned=vm19 no-idle-reserved -> on-demand vm=291
[t=   1036.3202][DISPATCH              ] wf=26 task=766 planned=vm21 no-idle-reserved -> on-demand vm=292
[t=   1036.3202][DISPATCH              ] wf=26 task=767 planned=vm37 no-idle-reserved -> on-demand vm=293
[t=   1036.3202][DISPATCH              ] wf=26 task=768 planned=vm39 no-idle-reserved -> on-demand vm=294
[t=   1036.3202][DISPATCH              ] wf=26 task=769 planned=vm36 no-idle-reserved -> on-demand vm=295
[t=   1036.3202][DISPATCH              ] wf=26 task=770 planned=vm1 no-idle-reserved -> on-demand vm=296
[t=   1036.3202][DISPATCH              ] wf=26 task=773 planned=vm37 no-idle-reserved -> on-demand vm=297
[t=   1036.3202][DISPATCH              ] wf=26 task=774 planned=vm45 no-idle-reserved -> on-demand vm=298
[t=   1036.3202][DISPATCH              ] wf=26 task=775 planned=vm35 no-idle-reserved -> on-demand vm=299
[t=   1036.3202][DISPATCH              ] wf=26 task=776 planned=vm17 no-idle-reserved -> on-demand vm=300
[t=   1036.3202][DISPATCH              ] wf=26 task=777 planned=vm11 no-idle-reserved -> on-demand vm=301
[t=   1036.3202][DISPATCH              ] wf=26 task=778 planned=vm29 no-idle-reserved -> on-demand vm=302
[t=   1036.3202][DISPATCH              ] wf=26 task=779 planned=vm15 no-idle-reserved -> on-demand vm=303
[t=   1036.3202][DISPATCH              ] wf=26 task=780 planned=vm16 no-idle-reserved -> on-demand vm=304
[t=   1036.3202][DISPATCH              ] wf=26 task=781 planned=vm49 no-idle-reserved -> on-demand vm=305
[t=   1036.3202][DISPATCH              ] wf=26 task=782 planned=vm4 no-idle-reserved -> on-demand vm=306
[t=   1036.3202][DISPATCH              ] wf=26 task=783 planned=vm43 no-idle-reserved -> on-demand vm=307
[t=   1036.4202][DISPATCH              ] wf=26 task=761 planned=vm32 no-idle-reserved -> on-demand vm=287
[t=   1036.4202][DISPATCH              ] wf=26 task=762 planned=vm12 no-idle-reserved -> on-demand vm=288
[t=   1036.4202][DISPATCH              ] wf=26 task=763 planned=vm23 no-idle-reserved -> on-demand vm=289
[t=   1036.4202][DISPATCH              ] wf=26 task=764 planned=vm24 no-idle-reserved -> on-demand vm=290
[t=   1036.4202][DISPATCH              ] wf=26 task=765 planned=vm19 no-idle-reserved -> on-demand vm=291
[t=   1036.4202][DISPATCH              ] wf=26 task=766 planned=vm21 no-idle-reserved -> on-demand vm=292
[t=   1036.4202][DISPATCH              ] wf=26 task=767 planned=vm37 no-idle-reserved -> on-demand vm=293
[t=   1036.4202][DISPATCH              ] wf=26 task=768 planned=vm39 no-idle-reserved -> on-demand vm=294
[t=   1036.4202][DISPATCH              ] wf=26 task=769 planned=vm36 no-idle-reserved -> on-demand vm=295
[t=   1036.4202][DISPATCH              ] wf=26 task=770 planned=vm1 no-idle-reserved -> on-demand vm=296
[t=   1036.4202][DISPATCH              ] wf=26 task=773 planned=vm37 no-idle-reserved -> on-demand vm=297
[t=   1036.4202][DISPATCH              ] wf=26 task=774 planned=vm45 no-idle-reserved -> on-demand vm=298
[t=   1036.4202][DISPATCH              ] wf=26 task=775 planned=vm35 no-idle-reserved -> on-demand vm=299
[t=   1036.4202][DISPATCH              ] wf=26 task=776 planned=vm17 no-idle-reserved -> on-demand vm=300
[t=   1036.4202][DISPATCH              ] wf=26 task=777 planned=vm11 no-idle-reserved -> on-demand vm=301
[t=   1036.4202][DISPATCH              ] wf=26 task=778 planned=vm29 no-idle-reserved -> on-demand vm=302
[t=   1036.4202][DISPATCH              ] wf=26 task=779 planned=vm15 no-idle-reserved -> on-demand vm=303
[t=   1036.4202][DISPATCH              ] wf=26 task=780 planned=vm16 no-idle-reserved -> on-demand vm=304
[t=   1036.4202][DISPATCH              ] wf=26 task=781 planned=vm49 no-idle-reserved -> on-demand vm=305
[t=   1036.4202][DISPATCH              ] wf=26 task=782 planned=vm4 no-idle-reserved -> on-demand vm=306
[t=   1036.4202][DISPATCH              ] wf=26 task=783 planned=vm43 no-idle-reserved -> on-demand vm=307
[t=   1037.0142][TASK-COMPLETE         ] task=573 wf=20 vm=30(reserved) actualCPU=229.7131s
[t=   1037.0142][DISPATCH              ] wf=20 task=584 planned=vm6 BUSY -> advanced to vm=30
[t=   1037.0142][DISPATCH              ] wf=20 task=585 planned=vm13 no-idle-reserved -> on-demand vm=308
[t=   1037.1142][DISPATCH              ] wf=20 task=585 planned=vm13 no-idle-reserved -> on-demand vm=308
[t=   1043.8312][TASK-COMPLETE         ] task=586 wf=20 vm=244(on-demand) actualCPU=236.4301s cost=$0.213969
[t=   1045.0172][TASK-COMPLETE         ] task=482 wf=16 vm=20(reserved) actualCPU=61.9881s
[t=   1045.0172][WF-COMPLETE           ] wf=16 completionTime=1045.0172 deadline=1138.5713 margin=93.5541 -> MET
[t=   1046.7052][TASK-COMPLETE         ] task=592 wf=20 vm=250(on-demand) actualCPU=239.3041s cost=$0.216570
[t=   1048.2482][TASK-COMPLETE         ] task=589 wf=20 vm=247(on-demand) actualCPU=240.8471s cost=$0.217967
[t=   1048.6832][TASK-COMPLETE         ] task=746 wf=26 vm=17(reserved) actualCPU=12.3630s
[t=   1049.1042][TASK-COMPLETE         ] task=655 wf=22 vm=46(reserved) actualCPU=66.8281s
[t=   1051.4272][TASK-COMPLETE         ] task=682 wf=23 vm=273(on-demand) actualCPU=143.2147s cost=$0.129609
[t=   1054.1262][TASK-COMPLETE         ] task=681 wf=23 vm=272(on-demand) actualCPU=145.9137s cost=$0.132052
[t=   1054.4372][TASK-COMPLETE         ] task=599 wf=20 vm=255(on-demand) actualCPU=247.0361s cost=$0.223568
[t=   1057.6972][TASK-COMPLETE         ] task=657 wf=23 vm=19(reserved) actualCPU=149.5847s
[t=   1066.1492][TASK-COMPLETE         ] task=554 wf=19 vm=24(reserved) actualCPU=285.4585s
[t=   1066.6922][TASK-COMPLETE         ] task=749 wf=26 vm=32(reserved) actualCPU=30.3720s
[t=   1073.1602][TASK-COMPLETE         ] task=550 wf=19 vm=41(reserved) actualCPU=292.4695s
[t=   1073.1602][DISPATCH              ] wf=19 task=569 planned=vm1 BUSY -> advanced to vm=17
[t=   1073.3002][TASK-COMPLETE         ] task=765 wf=26 vm=291(on-demand) actualCPU=36.8800s cost=$0.033376
[t=   1073.6402][TASK-COMPLETE         ] task=654 wf=22 vm=45(reserved) actualCPU=91.3641s
[t=   1075.2272][TASK-COMPLETE         ] task=510 wf=17 vm=7(reserved) actualCPU=146.8201s
[t=   1075.2272][WF-COMPLETE           ] wf=17 completionTime=1075.2272 deadline=1169.0567 margin=93.8295 -> MET
[t=   1076.8552][TASK-COMPLETE         ] task=640 wf=22 vm=13(reserved) actualCPU=94.5791s
[t=   1077.0792][TASK-COMPLETE         ] task=658 wf=23 vm=21(reserved) actualCPU=168.9667s
[t=   1079.6422][TASK-COMPLETE         ] task=755 wf=26 vm=278(on-demand) actualCPU=43.3220s cost=$0.039206
[t=   1084.3492][TASK-COMPLETE         ] task=609 wf=20 vm=265(on-demand) actualCPU=276.9481s cost=$0.250638
[t=   1088.8732][TASK-COMPLETE         ] task=756 wf=26 vm=281(on-demand) actualCPU=52.5530s cost=$0.047560
[t=   1090.9272][TASK-COMPLETE         ] task=752 wf=26 vm=39(reserved) actualCPU=54.6070s
[t=   1095.8222][TASK-COMPLETE         ] task=8 wf=0 vm=1(reserved) actualCPU=210.2229s
[t=   1095.8222][DISPATCH              ] wf=0 task=9 -> vm=1 (planned reserved, was idle)
[t=   1096.5802][TASK-COMPLETE         ] task=584 wf=20 vm=30(reserved) actualCPU=59.5660s
[t=   1096.6066][TASK-COMPLETE         ] task=691 wf=23 vm=280(on-demand) actualCPU=188.3940s cost=$0.170497
[t=   1096.7486][TASK-COMPLETE         ] task=645 wf=22 vm=18(reserved) actualCPU=114.4724s
[t=   1098.8786][TASK-COMPLETE         ] task=782 wf=26 vm=306(on-demand) actualCPU=62.4583s cost=$0.056525
[t=   1099.3206][TASK-COMPLETE         ] task=644 wf=22 vm=14(reserved) actualCPU=117.0444s
[t=   1100.8986][TASK-COMPLETE         ] task=600 wf=20 vm=256(on-demand) actualCPU=293.4974s cost=$0.265615
[t=   1101.1126][TASK-COMPLETE         ] task=661 wf=23 vm=28(reserved) actualCPU=193.0000s
[t=   1101.1821][TASK-COMPLETE         ] task=607 wf=20 vm=263(on-demand) actualCPU=293.7810s cost=$0.265872
[t=   1105.1990][NEGOTIATE             ] wf=27 tasks=24 arrivalTime=1105.1990 deadline=5081.5394 cp=3313.6040 BETA*cp=3644.9644 slack=3976.3404 -> ACCEPTED
[t=   1105.1990][DISPATCH              ] wf=27 task=784 planned=vm15 BUSY -> advanced to vm=28
[t=   1107.0876][TASK-COMPLETE         ] task=588 wf=20 vm=246(on-demand) actualCPU=299.6864s cost=$0.271216
[t=   1107.0876][DISPATCH              ] wf=20 task=598 planned=vm0 BUSY -> advanced to vm=41
[t=   1108.7016][TASK-COMPLETE         ] task=674 wf=23 vm=36(reserved) actualCPU=200.5694s
[t=   1109.5130][NEGOTIATE             ] wf=28 tasks=23 arrivalTime=1109.5130 deadline=1671.4202 cp=468.2550 BETA*cp=515.0805 slack=561.9072 -> ACCEPTED
[t=   1109.5130][DISPATCH              ] wf=28 task=808 planned=vm26 BUSY -> advanced to vm=7
[t=   1112.1145][NEGOTIATE             ] wf=29 tasks=40 arrivalTime=1112.1145 deadline=1675.0705 cp=469.1290 BETA*cp=516.0419 slack=562.9560 -> ACCEPTED
[t=   1112.1145][DISPATCH              ] wf=29 task=831 planned=vm15 BUSY -> advanced to vm=13
[t=   1112.1145][DISPATCH              ] wf=29 task=832 planned=vm15 BUSY -> advanced to vm=14
[t=   1112.1145][DISPATCH              ] wf=29 task=833 planned=vm22 BUSY -> advanced to vm=18
[t=   1112.1145][DISPATCH              ] wf=29 task=834 planned=vm15 BUSY -> advanced to vm=19
[t=   1112.1145][DISPATCH              ] wf=29 task=835 planned=vm15 BUSY -> advanced to vm=20
[t=   1112.1145][DISPATCH              ] wf=29 task=836 planned=vm14 BUSY -> advanced to vm=21
[t=   1112.1145][DISPATCH              ] wf=29 task=837 planned=vm7 BUSY -> advanced to vm=24
[t=   1112.1145][DISPATCH              ] wf=29 task=838 planned=vm44 BUSY -> advanced to vm=30
[t=   1112.1145][DISPATCH              ] wf=29 task=839 planned=vm43 BUSY -> advanced to vm=32
[t=   1112.1145][DISPATCH              ] wf=29 task=840 planned=vm40 BUSY -> advanced to vm=36
[t=   1112.1145][DISPATCH              ] wf=29 task=841 planned=vm15 BUSY -> advanced to vm=39
[t=   1112.1145][DISPATCH              ] wf=29 task=842 planned=vm39 BUSY -> advanced to vm=45
[t=   1112.1145][DISPATCH              ] wf=29 task=843 planned=vm36 BUSY -> advanced to vm=46
[t=   1112.1145][DISPATCH              ] wf=29 task=844 planned=vm2 no-idle-reserved -> on-demand vm=272
[t=   1112.1145][DISPATCH              ] wf=29 task=847 planned=vm15 no-idle-reserved -> on-demand vm=278
[t=   1112.1145][DISPATCH              ] wf=29 task=848 planned=vm4 no-idle-reserved -> on-demand vm=309
[t=   1112.1145][DISPATCH              ] wf=29 task=849 planned=vm15 no-idle-reserved -> on-demand vm=310
[t=   1112.1145][DISPATCH              ] wf=29 task=850 planned=vm15 no-idle-reserved -> on-demand vm=311
[t=   1112.1145][DISPATCH              ] wf=29 task=851 planned=vm15 no-idle-reserved -> on-demand vm=312
[t=   1112.1145][DISPATCH              ] wf=29 task=852 planned=vm12 no-idle-reserved -> on-demand vm=313
[t=   1112.1145][DISPATCH              ] wf=29 task=853 planned=vm15 no-idle-reserved -> on-demand vm=314
[t=   1112.1145][DISPATCH              ] wf=29 task=854 planned=vm5 no-idle-reserved -> on-demand vm=315
[t=   1112.1145][DISPATCH              ] wf=29 task=855 planned=vm13 no-idle-reserved -> on-demand vm=316
[t=   1112.1145][DISPATCH              ] wf=29 task=856 planned=vm48 no-idle-reserved -> on-demand vm=317
[t=   1112.1145][DISPATCH              ] wf=29 task=857 planned=vm32 no-idle-reserved -> on-demand vm=318
[t=   1112.1145][DISPATCH              ] wf=29 task=860 planned=vm47 no-idle-reserved -> on-demand vm=319
[t=   1112.1145][DISPATCH              ] wf=29 task=861 planned=vm0 no-idle-reserved -> on-demand vm=320
[t=   1112.1145][DISPATCH              ] wf=29 task=862 planned=vm38 no-idle-reserved -> on-demand vm=321
[t=   1112.1145][DISPATCH              ] wf=29 task=863 planned=vm23 no-idle-reserved -> on-demand vm=322
[t=   1112.1145][DISPATCH              ] wf=29 task=864 planned=vm15 no-idle-reserved -> on-demand vm=323
[t=   1112.1145][DISPATCH              ] wf=29 task=865 planned=vm33 no-idle-reserved -> on-demand vm=324
[t=   1112.1145][DISPATCH              ] wf=29 task=866 planned=vm19 no-idle-reserved -> on-demand vm=325
[t=   1112.1145][DISPATCH              ] wf=29 task=867 planned=vm22 no-idle-reserved -> on-demand vm=326
[t=   1112.1145][DISPATCH              ] wf=29 task=868 planned=vm27 no-idle-reserved -> on-demand vm=327
[t=   1112.1145][DISPATCH              ] wf=29 task=869 planned=vm11 no-idle-reserved -> on-demand vm=328
[t=   1112.1145][DISPATCH              ] wf=29 task=870 planned=vm14 no-idle-reserved -> on-demand vm=329
[t=   1112.2145][DISPATCH              ] wf=29 task=848 planned=vm4 no-idle-reserved -> on-demand vm=309
[t=   1112.2145][DISPATCH              ] wf=29 task=849 planned=vm15 no-idle-reserved -> on-demand vm=310
[t=   1112.2145][DISPATCH              ] wf=29 task=850 planned=vm15 no-idle-reserved -> on-demand vm=311
[t=   1112.2145][DISPATCH              ] wf=29 task=851 planned=vm15 no-idle-reserved -> on-demand vm=312
[t=   1112.2145][DISPATCH              ] wf=29 task=852 planned=vm12 no-idle-reserved -> on-demand vm=313
[t=   1112.2145][DISPATCH              ] wf=29 task=853 planned=vm15 no-idle-reserved -> on-demand vm=314
[t=   1112.2145][DISPATCH              ] wf=29 task=854 planned=vm5 no-idle-reserved -> on-demand vm=315
[t=   1112.2145][DISPATCH              ] wf=29 task=855 planned=vm13 no-idle-reserved -> on-demand vm=316
[t=   1112.2145][DISPATCH              ] wf=29 task=856 planned=vm48 no-idle-reserved -> on-demand vm=317
[t=   1112.2145][DISPATCH              ] wf=29 task=857 planned=vm32 no-idle-reserved -> on-demand vm=318
[t=   1112.2145][DISPATCH              ] wf=29 task=860 planned=vm47 no-idle-reserved -> on-demand vm=319
[t=   1112.2145][DISPATCH              ] wf=29 task=861 planned=vm0 no-idle-reserved -> on-demand vm=320
[t=   1112.2145][DISPATCH              ] wf=29 task=862 planned=vm38 no-idle-reserved -> on-demand vm=321
[t=   1112.2145][DISPATCH              ] wf=29 task=863 planned=vm23 no-idle-reserved -> on-demand vm=322
[t=   1112.2145][DISPATCH              ] wf=29 task=864 planned=vm15 no-idle-reserved -> on-demand vm=323
[t=   1112.2145][DISPATCH              ] wf=29 task=865 planned=vm33 no-idle-reserved -> on-demand vm=324
[t=   1112.2145][DISPATCH              ] wf=29 task=866 planned=vm19 no-idle-reserved -> on-demand vm=325
[t=   1112.2145][DISPATCH              ] wf=29 task=867 planned=vm22 no-idle-reserved -> on-demand vm=326
[t=   1112.2145][DISPATCH              ] wf=29 task=868 planned=vm27 no-idle-reserved -> on-demand vm=327
[t=   1112.2145][DISPATCH              ] wf=29 task=869 planned=vm11 no-idle-reserved -> on-demand vm=328
[t=   1112.2145][DISPATCH              ] wf=29 task=870 planned=vm14 no-idle-reserved -> on-demand vm=329
[t=   1112.6730][TASK-COMPLETE         ] task=680 wf=23 vm=271(on-demand) actualCPU=204.4604s cost=$0.185037
[t=   1113.4050][TASK-COMPLETE         ] task=636 wf=22 vm=15(reserved) actualCPU=131.1288s
[t=   1118.3270][TASK-COMPLETE         ] task=646 wf=22 vm=22(reserved) actualCPU=136.0508s
[t=   1119.3110][TASK-COMPLETE         ] task=753 wf=26 vm=269(on-demand) actualCPU=82.9907s cost=$0.075107
[t=   1119.4880][TASK-COMPLETE         ] task=677 wf=23 vm=268(on-demand) actualCPU=211.2754s cost=$0.191204
[t=   1121.6430][TASK-COMPLETE         ] task=439 wf=15 vm=12(reserved) actualCPU=215.2358s
[t=   1121.6430][DISPATCH              ] wf=15 task=440 planned=vm10 BUSY -> advanced to vm=15
[t=   1121.8050][TASK-COMPLETE         ] task=688 wf=23 vm=277(on-demand) actualCPU=213.5924s cost=$0.193301
[t=   1123.4550][TASK-COMPLETE         ] task=770 wf=26 vm=296(on-demand) actualCPU=87.0347s cost=$0.078766
[t=   1124.4770][TASK-COMPLETE         ] task=833 wf=29 vm=18(reserved) actualCPU=12.3625s
[t=   1124.8980][TASK-COMPLETE         ] task=647 wf=22 vm=25(reserved) actualCPU=142.6218s
[t=   1125.7640][TASK-COMPLETE         ] task=653 wf=22 vm=38(reserved) actualCPU=143.4878s
[t=   1127.6750][TASK-COMPLETE         ] task=721 wf=25 vm=3(reserved) actualCPU=113.7955s
[t=   1127.6750][DISPATCH              ] wf=25 task=722 planned=vm9 BUSY -> advanced to vm=3
[t=   1127.6750][DISPATCH              ] wf=25 task=723 planned=vm14 BUSY -> advanced to vm=12
[t=   1127.6750][DISPATCH              ] wf=25 task=724 planned=vm8 BUSY -> advanced to vm=18
[t=   1127.6750][DISPATCH              ] wf=25 task=725 planned=vm33 BUSY -> advanced to vm=22
[t=   1127.6750][DISPATCH              ] wf=25 task=726 planned=vm28 BUSY -> advanced to vm=25
[t=   1127.6750][DISPATCH              ] wf=25 task=727 planned=vm12 BUSY -> advanced to vm=38
[t=   1127.6750][DISPATCH              ] wf=25 task=728 planned=vm48 no-idle-reserved -> on-demand vm=268
[t=   1127.6750][DISPATCH              ] wf=25 task=729 planned=vm34 no-idle-reserved -> on-demand vm=271
[t=   1127.6750][DISPATCH              ] wf=25 task=730 planned=vm32 no-idle-reserved -> on-demand vm=277
[t=   1127.6750][DISPATCH              ] wf=25 task=731 planned=vm13 no-idle-reserved -> on-demand vm=330
[t=   1127.6750][DISPATCH              ] wf=25 task=732 planned=vm9 no-idle-reserved -> on-demand vm=331
[t=   1127.6750][DISPATCH              ] wf=25 task=733 planned=vm5 no-idle-reserved -> on-demand vm=332
[t=   1127.6750][DISPATCH              ] wf=25 task=734 planned=vm20 no-idle-reserved -> on-demand vm=333
[t=   1127.6750][DISPATCH              ] wf=25 task=735 planned=vm23 no-idle-reserved -> on-demand vm=334
[t=   1127.6750][DISPATCH              ] wf=25 task=736 planned=vm22 no-idle-reserved -> on-demand vm=335
[t=   1127.6750][DISPATCH              ] wf=25 task=737 planned=vm44 no-idle-reserved -> on-demand vm=336
[t=   1127.6750][DISPATCH              ] wf=25 task=738 planned=vm3 no-idle-reserved -> on-demand vm=337
[t=   1127.6750][DISPATCH              ] wf=25 task=739 planned=vm46 no-idle-reserved -> on-demand vm=338
[t=   1127.6750][DISPATCH              ] wf=25 task=740 planned=vm21 no-idle-reserved -> on-demand vm=339
[t=   1127.6750][DISPATCH              ] wf=25 task=741 planned=vm6 no-idle-reserved -> on-demand vm=340
[t=   1127.6750][DISPATCH              ] wf=25 task=742 planned=vm5 no-idle-reserved -> on-demand vm=341
[t=   1127.7750][DISPATCH              ] wf=25 task=731 planned=vm13 no-idle-reserved -> on-demand vm=330
[t=   1127.7750][DISPATCH              ] wf=25 task=732 planned=vm9 no-idle-reserved -> on-demand vm=331
[t=   1127.7750][DISPATCH              ] wf=25 task=733 planned=vm5 no-idle-reserved -> on-demand vm=332
[t=   1127.7750][DISPATCH              ] wf=25 task=734 planned=vm20 no-idle-reserved -> on-demand vm=333
[t=   1127.7750][DISPATCH              ] wf=25 task=735 planned=vm23 no-idle-reserved -> on-demand vm=334
[t=   1127.7750][DISPATCH              ] wf=25 task=736 planned=vm22 no-idle-reserved -> on-demand vm=335
[t=   1127.7750][DISPATCH              ] wf=25 task=737 planned=vm44 no-idle-reserved -> on-demand vm=336
[t=   1127.7750][DISPATCH              ] wf=25 task=738 planned=vm3 no-idle-reserved -> on-demand vm=337
[t=   1127.7750][DISPATCH              ] wf=25 task=739 planned=vm46 no-idle-reserved -> on-demand vm=338
[t=   1127.7750][DISPATCH              ] wf=25 task=740 planned=vm21 no-idle-reserved -> on-demand vm=339
[t=   1127.7750][DISPATCH              ] wf=25 task=741 planned=vm6 no-idle-reserved -> on-demand vm=340
[t=   1127.7750][DISPATCH              ] wf=25 task=742 planned=vm5 no-idle-reserved -> on-demand vm=341
[t=   1128.2920][TASK-COMPLETE         ] task=649 wf=22 vm=31(reserved) actualCPU=146.0158s
[t=   1128.7590][TASK-COMPLETE         ] task=777 wf=26 vm=301(on-demand) actualCPU=92.3387s cost=$0.083567
[t=   1129.3550][TASK-COMPLETE         ] task=648 wf=22 vm=27(reserved) actualCPU=147.0788s
[t=   1129.7080][TASK-COMPLETE         ] task=585 wf=20 vm=308(on-demand) actualCPU=92.5937s cost=$0.083797
[t=   1129.7080][DISPATCH              ] wf=20 task=597 planned=vm11 BUSY -> advanced to vm=27
[t=   1130.6270][TASK-COMPLETE         ] task=751 wf=26 vm=35(reserved) actualCPU=94.3067s
[t=   1130.8740][TASK-COMPLETE         ] task=757 wf=26 vm=284(on-demand) actualCPU=94.5537s cost=$0.085571
[t=   1131.0500][TASK-COMPLETE         ] task=784 wf=27 vm=28(reserved) actualCPU=25.8510s
[t=   1131.0500][DISPATCH              ] wf=27 task=785 planned=vm1 BUSY -> advanced to vm=28
[t=   1131.6420][TASK-COMPLETE         ] task=639 wf=22 vm=8(reserved) actualCPU=149.3658s
[t=   1135.1490][TASK-COMPLETE         ] task=569 wf=19 vm=17(reserved) actualCPU=61.9887s
[t=   1135.1490][WF-COMPLETE           ] wf=19 completionTime=1135.1490 deadline=1228.8025 margin=93.6535 -> MET
[t=   1137.8260][TASK-COMPLETE         ] task=660 wf=23 vm=23(reserved) actualCPU=229.7134s
[t=   1137.8260][DISPATCH              ] wf=23 task=671 planned=vm19 BUSY -> advanced to vm=23
[t=   1137.8260][DISPATCH              ] wf=23 task=672 planned=vm27 BUSY -> advanced to vm=8
[t=   1142.4860][TASK-COMPLETE         ] task=836 wf=29 vm=21(reserved) actualCPU=30.3715s
[t=   1144.5430][TASK-COMPLETE         ] task=673 wf=23 vm=49(reserved) actualCPU=236.4304s
[t=   1145.9200][TASK-COMPLETE         ] task=750 wf=26 vm=33(reserved) actualCPU=109.5997s
[t=   1147.5170][TASK-COMPLETE         ] task=679 wf=23 vm=270(on-demand) actualCPU=239.3044s cost=$0.216570
[t=   1149.0600][TASK-COMPLETE         ] task=676 wf=23 vm=267(on-demand) actualCPU=240.8474s cost=$0.217967
[t=   1149.0945][TASK-COMPLETE         ] task=852 wf=29 vm=313(on-demand) actualCPU=36.8800s cost=$0.033376
[t=   1150.9345][TASK-COMPLETE         ] task=779 wf=26 vm=303(on-demand) actualCPU=114.5142s cost=$0.103635
[t=   1152.7225][TASK-COMPLETE         ] task=780 wf=26 vm=304(on-demand) actualCPU=116.3022s cost=$0.105254
[t=   1154.9515][TASK-COMPLETE         ] task=785 wf=27 vm=28(reserved) actualCPU=23.9015s
[t=   1154.9515][DISPATCH              ] wf=27 task=786 planned=vm14 BUSY -> advanced to vm=17
[t=   1155.2495][TASK-COMPLETE         ] task=686 wf=23 vm=275(on-demand) actualCPU=247.0369s cost=$0.223568
[t=   1155.4365][TASK-COMPLETE         ] task=842 wf=29 vm=45(reserved) actualCPU=43.3220s
[t=   1155.7685][TASK-COMPLETE         ] task=267 wf=9 vm=0(reserved) actualCPU=140.8640s
[t=   1155.7685][DISPATCH              ] wf=9 task=268 planned=vm6 BUSY -> advanced to vm=0
[t=   1156.5925][TASK-COMPLETE         ] task=598 wf=20 vm=41(reserved) actualCPU=49.5049s
[t=   1157.6685][TASK-COMPLETE         ] task=754 wf=26 vm=274(on-demand) actualCPU=121.3482s cost=$0.109820
[t=   1158.1265][TASK-COMPLETE         ] task=440 wf=15 vm=15(reserved) actualCPU=36.4835s
[t=   1158.1265][DISPATCH              ] wf=15 task=441 planned=vm9 BUSY -> advanced to vm=15
[t=   1158.4965][TASK-COMPLETE         ] task=95 wf=3 vm=34(reserved) actualCPU=210.2223s
[t=   1158.4965][DISPATCH              ] wf=3 task=96 planned=vm3 BUSY -> advanced to vm=21
[t=   1160.2925][TASK-COMPLETE         ] task=612 wf=21 vm=16(reserved) actualCPU=283.2002s
[t=   1160.2925][DISPATCH              ] wf=21 task=613 planned=vm12 BUSY -> advanced to vm=16
[t=   1160.8985][TASK-COMPLETE         ] task=776 wf=26 vm=300(on-demand) actualCPU=124.4782s cost=$0.112653
[t=   1164.6675][TASK-COMPLETE         ] task=843 wf=29 vm=46(reserved) actualCPU=52.5530s
[t=   1166.7215][TASK-COMPLETE         ] task=839 wf=29 vm=32(reserved) actualCPU=54.6070s
[t=   1170.1595][TASK-COMPLETE         ] task=526 wf=18 vm=9(reserved) actualCPU=215.2353s
[t=   1170.1595][DISPATCH              ] wf=18 task=527 planned=vm10 BUSY -> advanced to vm=9
[t=   1174.4105][TASK-COMPLETE         ] task=354 wf=12 vm=37(reserved) actualCPU=140.8640s
[t=   1174.4105][DISPATCH              ] wf=12 task=355 planned=vm8 BUSY -> advanced to vm=28
[t=   1174.6735][TASK-COMPLETE         ] task=869 wf=29 vm=328(on-demand) actualCPU=62.4590s cost=$0.056525
[t=   1176.9015][TASK-COMPLETE         ] task=643 wf=22 vm=11(reserved) actualCPU=194.6253s
[t=   1179.6345][TASK-COMPLETE         ] task=769 wf=26 vm=295(on-demand) actualCPU=143.2142s cost=$0.129609
[t=   1181.5735][TASK-COMPLETE         ] task=738 wf=25 vm=337(on-demand) actualCPU=53.7985s cost=$0.048688
[t=   1182.3335][TASK-COMPLETE         ] task=768 wf=26 vm=294(on-demand) actualCPU=145.9132s cost=$0.132051
[t=   1185.1615][TASK-COMPLETE         ] task=696 wf=23 vm=285(on-demand) actualCPU=276.9489s cost=$0.250639
[t=   1185.9045][TASK-COMPLETE         ] task=744 wf=26 vm=2(reserved) actualCPU=149.5842s
[t=   1194.6035][TASK-COMPLETE         ] task=742 wf=25 vm=341(on-demand) actualCPU=66.8285s cost=$0.060480
[t=   1195.1055][TASK-COMPLETE         ] task=840 wf=29 vm=36(reserved) actualCPU=82.9910s
[t=   1197.3915][TASK-COMPLETE         ] task=671 wf=23 vm=23(reserved) actualCPU=59.5655s
[t=   1199.1625][TASK-COMPLETE         ] task=638 wf=22 vm=5(reserved) actualCPU=216.8863s
[t=   1199.2495][TASK-COMPLETE         ] task=857 wf=29 vm=318(on-demand) actualCPU=87.0350s cost=$0.078767
[t=   1201.7105][TASK-COMPLETE         ] task=687 wf=23 vm=276(on-demand) actualCPU=293.4979s cost=$0.265616
[t=   1201.9935][TASK-COMPLETE         ] task=694 wf=23 vm=283(on-demand) actualCPU=293.7809s cost=$0.265872
[t=   1204.5535][TASK-COMPLETE         ] task=864 wf=29 vm=323(on-demand) actualCPU=92.3390s cost=$0.083567
[t=   1205.2865][TASK-COMPLETE         ] task=745 wf=26 vm=43(reserved) actualCPU=168.9662s
[t=   1206.4215][TASK-COMPLETE         ] task=838 wf=29 vm=30(reserved) actualCPU=94.3070s
[t=   1206.6435][TASK-COMPLETE         ] task=527 wf=18 vm=9(reserved) actualCPU=36.4840s
[t=   1206.6435][DISPATCH              ] wf=18 task=528 -> vm=11 (planned reserved, was idle)
[t=   1206.6685][TASK-COMPLETE         ] task=844 wf=29 vm=272(on-demand) actualCPU=94.5540s cost=$0.085571
[t=   1207.8995][TASK-COMPLETE         ] task=675 wf=23 vm=266(on-demand) actualCPU=299.6869s cost=$0.271217
[t=   1207.8995][DISPATCH              ] wf=23 task=685 planned=vm1 BUSY -> advanced to vm=31
[t=   1212.5535][TASK-COMPLETE         ] task=182 wf=6 vm=4(reserved) actualCPU=210.2223s
[t=   1212.5535][DISPATCH              ] wf=6 task=183 -> vm=4 (planned reserved, was idle)
[t=   1219.1395][TASK-COMPLETE         ] task=741 wf=25 vm=340(on-demand) actualCPU=91.3645s cost=$0.082685
[t=   1221.7145][TASK-COMPLETE         ] task=837 wf=29 vm=24(reserved) actualCPU=109.6000s
[t=   1222.2545][TASK-COMPLETE         ] task=727 wf=25 vm=38(reserved) actualCPU=94.5795s
[t=   1223.3085][TASK-COMPLETE         ] task=808 wf=28 vm=7(reserved) actualCPU=113.7955s
[t=   1223.3085][DISPATCH              ] wf=28 task=809 planned=vm10 BUSY -> advanced to vm=2
[t=   1223.3085][DISPATCH              ] wf=28 task=810 -> vm=24 (planned reserved, was idle)
[t=   1223.3085][DISPATCH              ] wf=28 task=811 planned=vm6 BUSY -> advanced to vm=5
[t=   1223.3085][DISPATCH              ] wf=28 task=812 planned=vm42 BUSY -> advanced to vm=7
[t=   1223.3085][DISPATCH              ] wf=28 task=813 planned=vm31 BUSY -> advanced to vm=9
[t=   1223.3085][DISPATCH              ] wf=28 task=814 planned=vm13 BUSY -> advanced to vm=23
[t=   1223.3085][DISPATCH              ] wf=28 task=815 -> vm=35 (planned reserved, was idle)
[t=   1223.3085][DISPATCH              ] wf=28 task=816 planned=vm12 BUSY -> advanced to vm=30
[t=   1223.3085][DISPATCH              ] wf=28 task=817 -> vm=41 (planned reserved, was idle)
[t=   1223.3085][DISPATCH              ] wf=28 task=818 planned=vm21 BUSY -> advanced to vm=32
[t=   1223.3085][DISPATCH              ] wf=28 task=819 planned=vm20 BUSY -> advanced to vm=33
[t=   1223.3085][DISPATCH              ] wf=28 task=820 planned=vm0 BUSY -> advanced to vm=34
[t=   1223.3085][DISPATCH              ] wf=28 task=821 planned=vm25 BUSY -> advanced to vm=36
[t=   1223.3085][DISPATCH              ] wf=28 task=822 planned=vm30 BUSY -> advanced to vm=37
[t=   1223.3085][DISPATCH              ] wf=28 task=823 planned=vm27 BUSY -> advanced to vm=38
[t=   1223.3085][DISPATCH              ] wf=28 task=824 planned=vm41 BUSY -> advanced to vm=43
[t=   1223.3085][DISPATCH              ] wf=28 task=825 planned=vm12 BUSY -> advanced to vm=45
[t=   1223.3085][DISPATCH              ] wf=28 task=826 planned=vm28 BUSY -> advanced to vm=46
[t=   1223.3085][DISPATCH              ] wf=28 task=827 planned=vm26 BUSY -> advanced to vm=49
[t=   1223.3085][DISPATCH              ] wf=28 task=828 planned=vm6 no-idle-reserved -> on-demand vm=266
[t=   1223.3085][DISPATCH              ] wf=28 task=829 planned=vm0 no-idle-reserved -> on-demand vm=342
[t=   1223.4085][DISPATCH              ] wf=28 task=829 planned=vm0 no-idle-reserved -> on-demand vm=342
[t=   1224.8135][TASK-COMPLETE         ] task=778 wf=26 vm=302(on-demand) actualCPU=188.3932s cost=$0.170496
[t=   1226.7295][TASK-COMPLETE         ] task=866 wf=29 vm=325(on-demand) actualCPU=114.5150s cost=$0.103636
[t=   1227.4094][NEGOTIATE             ] wf=30 tasks=24 arrivalTime=1227.4094 deadline=5203.7498 cp=3313.6040 BETA*cp=3644.9644 slack=3976.3404 -> ACCEPTED
[t=   1227.4094][DISPATCH              ] wf=30 task=871 planned=vm3 no-idle-reserved -> on-demand vm=343
[t=   1227.5094][DISPATCH              ] wf=30 task=871 planned=vm3 no-idle-reserved -> on-demand vm=343
[t=   1228.5174][TASK-COMPLETE         ] task=867 wf=29 vm=326(on-demand) actualCPU=116.3030s cost=$0.105254
[t=   1229.3194][TASK-COMPLETE         ] task=748 wf=26 vm=26(reserved) actualCPU=192.9992s
[t=   1229.4364][TASK-COMPLETE         ] task=635 wf=22 vm=44(reserved) actualCPU=247.1603s
[t=   1230.2174][TASK-COMPLETE         ] task=642 wf=22 vm=40(reserved) actualCPU=247.9413s
[t=   1230.4194][TASK-COMPLETE         ] task=672 wf=23 vm=8(reserved) actualCPU=92.5935s
[t=   1230.4194][DISPATCH              ] wf=23 task=684 planned=vm17 BUSY -> advanced to vm=40
[t=   1232.1984][TASK-COMPLETE         ] task=650 wf=22 vm=42(reserved) actualCPU=249.9223s
[t=   1233.4634][TASK-COMPLETE         ] task=841 wf=29 vm=39(reserved) actualCPU=121.3490s
[t=   1234.0964][TASK-COMPLETE         ] task=652 wf=22 vm=47(reserved) actualCPU=251.8203s
[t=   1236.6934][TASK-COMPLETE         ] task=863 wf=29 vm=322(on-demand) actualCPU=124.4790s cost=$0.112653
[t=   1236.9894][TASK-COMPLETE         ] task=761 wf=26 vm=287(on-demand) actualCPU=200.5692s cost=$0.181515
[t=   1240.8804][TASK-COMPLETE         ] task=767 wf=26 vm=293(on-demand) actualCPU=204.4602s cost=$0.185036
[t=   1242.2474][TASK-COMPLETE         ] task=732 wf=25 vm=331(on-demand) actualCPU=114.4725s cost=$0.103598
[t=   1244.8194][TASK-COMPLETE         ] task=731 wf=25 vm=330(on-demand) actualCPU=117.0445s cost=$0.105925
[t=   1247.6954][TASK-COMPLETE         ] task=764 wf=26 vm=290(on-demand) actualCPU=211.2752s cost=$0.191204
[t=   1250.0124][TASK-COMPLETE         ] task=775 wf=26 vm=299(on-demand) actualCPU=213.5922s cost=$0.193301
[t=   1253.3614][TASK-COMPLETE         ] task=871 wf=30 vm=343(on-demand) actualCPU=25.8520s cost=$0.023396
[t=   1253.3614][DISPATCH              ] wf=30 task=872 planned=vm3 BUSY -> advanced to vm=26
[t=   1255.4294][TASK-COMPLETE         ] task=856 wf=29 vm=317(on-demand) actualCPU=143.2150s cost=$0.129610
[t=   1257.4044][TASK-COMPLETE         ] task=685 wf=23 vm=31(reserved) actualCPU=49.5050s
[t=   1258.1284][TASK-COMPLETE         ] task=855 wf=29 vm=316(on-demand) actualCPU=145.9140s cost=$0.132052
[t=   1258.8034][TASK-COMPLETE         ] task=723 wf=25 vm=12(reserved) actualCPU=131.1285s
[t=   1261.6994][TASK-COMPLETE         ] task=831 wf=29 vm=13(reserved) actualCPU=149.5850s
[t=   1263.8254][TASK-COMPLETE         ] task=733 wf=25 vm=332(on-demand) actualCPU=136.0505s cost=$0.123126
[t=   1265.8520][NEGOTIATE             ] wf=31 tasks=23 arrivalTime=1265.8520 deadline=1827.7592 cp=468.2550 BETA*cp=515.0805 slack=561.9072 -> ACCEPTED
[t=   1265.8520][DISPATCH              ] wf=31 task=895 planned=vm25 BUSY -> advanced to vm=8
[t=   1266.0334][TASK-COMPLETE         ] task=747 wf=26 vm=6(reserved) actualCPU=229.7132s
[t=   1266.0334][DISPATCH              ] wf=26 task=758 planned=vm3 BUSY -> advanced to vm=6
[t=   1266.0334][DISPATCH              ] wf=26 task=759 planned=vm19 BUSY -> advanced to vm=12
[t=   1267.7344][TASK-COMPLETE         ] task=641 wf=22 vm=10(reserved) actualCPU=285.4583s
[t=   1270.3964][TASK-COMPLETE         ] task=734 wf=25 vm=333(on-demand) actualCPU=142.6215s cost=$0.129072
[t=   1271.2624][TASK-COMPLETE         ] task=740 wf=25 vm=339(on-demand) actualCPU=143.4875s cost=$0.129856
[t=   1272.7504][TASK-COMPLETE         ] task=760 wf=26 vm=286(on-demand) actualCPU=236.4302s cost=$0.213969
[t=   1273.7904][TASK-COMPLETE         ] task=736 wf=25 vm=335(on-demand) actualCPU=146.0155s cost=$0.132144
[t=   1274.7454][TASK-COMPLETE         ] task=637 wf=22 vm=29(reserved) actualCPU=292.4693s
[t=   1274.7454][DISPATCH              ] wf=22 task=656 planned=vm2 BUSY -> advanced to vm=10
[t=   1274.8540][TASK-COMPLETE         ] task=735 wf=25 vm=334(on-demand) actualCPU=147.0790s cost=$0.133106
[t=   1275.7250][TASK-COMPLETE         ] task=766 wf=26 vm=292(on-demand) actualCPU=239.3047s cost=$0.216571
[t=   1276.4440][TASK-COMPLETE         ] task=268 wf=9 vm=0(reserved) actualCPU=120.6755s
[t=   1276.4440][DISPATCH              ] wf=9 task=269 planned=vm5 BUSY -> advanced to vm=0
[t=   1276.5290][TASK-COMPLETE         ] task=597 wf=20 vm=27(reserved) actualCPU=146.8210s
[t=   1276.5290][WF-COMPLETE           ] wf=20 completionTime=1276.5290 deadline=1370.2571 margin=93.7282 -> MET
[t=   1277.0410][TASK-COMPLETE         ] task=726 wf=25 vm=25(reserved) actualCPU=149.3660s
[t=   1277.1075][TASK-COMPLETE         ] task=825 wf=28 vm=45(reserved) actualCPU=53.7990s
[t=   1277.2625][TASK-COMPLETE         ] task=872 wf=30 vm=26(reserved) actualCPU=23.9010s
[t=   1277.2625][DISPATCH              ] wf=30 task=873 planned=vm15 BUSY -> advanced to vm=13
[t=   1277.3725][TASK-COMPLETE         ] task=763 wf=26 vm=289(on-demand) actualCPU=240.9522s cost=$0.218062
[t=   1281.0815][TASK-COMPLETE         ] task=832 wf=29 vm=14(reserved) actualCPU=168.9670s
[t=   1283.4565][TASK-COMPLETE         ] task=773 wf=26 vm=297(on-demand) actualCPU=247.0362s cost=$0.223568
[t=   1290.2375][TASK-COMPLETE         ] task=829 wf=28 vm=342(on-demand) actualCPU=66.8290s cost=$0.060480
[t=   1292.0635][TASK-COMPLETE         ] task=699 wf=24 vm=48(reserved) actualCPU=283.2003s
[t=   1292.0635][DISPATCH              ] wf=24 task=700 planned=vm13 BUSY -> advanced to vm=14
[t=   1295.0865][TASK-COMPLETE         ] task=355 wf=12 vm=28(reserved) actualCPU=120.6760s
[t=   1295.0865][DISPATCH              ] wf=12 task=356 planned=vm7 BUSY -> advanced to vm=25
[t=   1298.9905][TASK-COMPLETE         ] task=441 wf=15 vm=15(reserved) actualCPU=140.8640s
[t=   1298.9905][DISPATCH              ] wf=15 task=442 planned=vm8 BUSY -> advanced to vm=15
[t=   1300.6085][TASK-COMPLETE         ] task=865 wf=29 vm=324(on-demand) actualCPU=188.3940s cost=$0.170497
[t=   1303.5133][NEGOTIATE             ] wf=32 tasks=40 arrivalTime=1303.5133 deadline=1866.4693 cp=469.1290 BETA*cp=516.0419 slack=562.9560 -> ACCEPTED
[t=   1303.5133][DISPATCH              ] wf=32 task=918 planned=vm18 BUSY -> advanced to vm=26
[t=   1303.5133][DISPATCH              ] wf=32 task=919 planned=vm33 BUSY -> advanced to vm=27
[t=   1303.5133][DISPATCH              ] wf=32 task=920 planned=vm19 BUSY -> advanced to vm=28
[t=   1303.5133][DISPATCH              ] wf=32 task=921 planned=vm33 BUSY -> advanced to vm=29
[t=   1303.5133][DISPATCH              ] wf=32 task=922 planned=vm33 BUSY -> advanced to vm=31
[t=   1303.5133][DISPATCH              ] wf=32 task=923 planned=vm15 BUSY -> advanced to vm=39
[t=   1303.5133][DISPATCH              ] wf=32 task=924 planned=vm8 BUSY -> advanced to vm=42
[t=   1303.5133][DISPATCH              ] wf=32 task=925 planned=vm30 BUSY -> advanced to vm=44
[t=   1303.5133][DISPATCH              ] wf=32 task=926 planned=vm13 BUSY -> advanced to vm=45
[t=   1303.5133][DISPATCH              ] wf=32 task=927 planned=vm24 BUSY -> advanced to vm=47
[t=   1303.5133][DISPATCH              ] wf=32 task=928 planned=vm43 BUSY -> advanced to vm=48
[t=   1303.5133][DISPATCH              ] wf=32 task=929 planned=vm20 no-idle-reserved -> on-demand vm=344
[t=   1303.5133][DISPATCH              ] wf=32 task=930 planned=vm12 no-idle-reserved -> on-demand vm=345
[t=   1303.5133][DISPATCH              ] wf=32 task=931 planned=vm2 no-idle-reserved -> on-demand vm=346
[t=   1303.5133][DISPATCH              ] wf=32 task=934 planned=vm26 no-idle-reserved -> on-demand vm=347
[t=   1303.5133][DISPATCH              ] wf=32 task=935 planned=vm45 no-idle-reserved -> on-demand vm=348
[t=   1303.5133][DISPATCH              ] wf=32 task=936 planned=vm33 no-idle-reserved -> on-demand vm=349
[t=   1303.5133][DISPATCH              ] wf=32 task=937 planned=vm31 no-idle-reserved -> on-demand vm=350
[t=   1303.5133][DISPATCH              ] wf=32 task=938 planned=vm34 no-idle-reserved -> on-demand vm=351
[t=   1303.5133][DISPATCH              ] wf=32 task=939 planned=vm0 no-idle-reserved -> on-demand vm=352
[t=   1303.5133][DISPATCH              ] wf=32 task=940 planned=vm27 no-idle-reserved -> on-demand vm=353
[t=   1303.5133][DISPATCH              ] wf=32 task=941 planned=vm49 no-idle-reserved -> on-demand vm=354
[t=   1303.5133][DISPATCH              ] wf=32 task=942 planned=vm41 no-idle-reserved -> on-demand vm=355
[t=   1303.5133][DISPATCH              ] wf=32 task=943 planned=vm35 no-idle-reserved -> on-demand vm=356
[t=   1303.5133][DISPATCH              ] wf=32 task=944 planned=vm16 no-idle-reserved -> on-demand vm=357
[t=   1303.5133][DISPATCH              ] wf=32 task=947 planned=vm37 no-idle-reserved -> on-demand vm=358
[t=   1303.5133][DISPATCH              ] wf=32 task=948 planned=vm28 no-idle-reserved -> on-demand vm=359
[t=   1303.5133][DISPATCH              ] wf=32 task=949 planned=vm29 no-idle-reserved -> on-demand vm=360
[t=   1303.5133][DISPATCH              ] wf=32 task=950 planned=vm19 no-idle-reserved -> on-demand vm=361
[t=   1303.5133][DISPATCH              ] wf=32 task=951 planned=vm9 no-idle-reserved -> on-demand vm=362
[t=   1303.5133][DISPATCH              ] wf=32 task=952 planned=vm10 no-idle-reserved -> on-demand vm=363
[t=   1303.5133][DISPATCH              ] wf=32 task=953 planned=vm16 no-idle-reserved -> on-demand vm=364
[t=   1303.5133][DISPATCH              ] wf=32 task=954 planned=vm17 no-idle-reserved -> on-demand vm=365
[t=   1303.5133][DISPATCH              ] wf=32 task=955 planned=vm24 no-idle-reserved -> on-demand vm=366
[t=   1303.5133][DISPATCH              ] wf=32 task=956 planned=vm8 no-idle-reserved -> on-demand vm=367
[t=   1303.5133][DISPATCH              ] wf=32 task=957 planned=vm39 no-idle-reserved -> on-demand vm=368
[t=   1303.6133][DISPATCH              ] wf=32 task=929 planned=vm20 no-idle-reserved -> on-demand vm=344
[t=   1303.6133][DISPATCH              ] wf=32 task=930 planned=vm12 no-idle-reserved -> on-demand vm=345
[t=   1303.6133][DISPATCH              ] wf=32 task=931 planned=vm2 no-idle-reserved -> on-demand vm=346
[t=   1303.6133][DISPATCH              ] wf=32 task=934 planned=vm26 no-idle-reserved -> on-demand vm=347
[t=   1303.6133][DISPATCH              ] wf=32 task=935 planned=vm45 no-idle-reserved -> on-demand vm=348
[t=   1303.6133][DISPATCH              ] wf=32 task=936 planned=vm33 no-idle-reserved -> on-demand vm=349
[t=   1303.6133][DISPATCH              ] wf=32 task=937 planned=vm31 no-idle-reserved -> on-demand vm=350
[t=   1303.6133][DISPATCH              ] wf=32 task=938 planned=vm34 no-idle-reserved -> on-demand vm=351
[t=   1303.6133][DISPATCH              ] wf=32 task=939 planned=vm0 no-idle-reserved -> on-demand vm=352
[t=   1303.6133][DISPATCH              ] wf=32 task=940 planned=vm27 no-idle-reserved -> on-demand vm=353
[t=   1303.6133][DISPATCH              ] wf=32 task=941 planned=vm49 no-idle-reserved -> on-demand vm=354
[t=   1303.6133][DISPATCH              ] wf=32 task=942 planned=vm41 no-idle-reserved -> on-demand vm=355
[t=   1303.6133][DISPATCH              ] wf=32 task=943 planned=vm35 no-idle-reserved -> on-demand vm=356
[t=   1303.6133][DISPATCH              ] wf=32 task=944 planned=vm16 no-idle-reserved -> on-demand vm=357
[t=   1303.6133][DISPATCH              ] wf=32 task=947 planned=vm37 no-idle-reserved -> on-demand vm=358
[t=   1303.6133][DISPATCH              ] wf=32 task=948 planned=vm28 no-idle-reserved -> on-demand vm=359
[t=   1303.6133][DISPATCH              ] wf=32 task=949 planned=vm29 no-idle-reserved -> on-demand vm=360
[t=   1303.6133][DISPATCH              ] wf=32 task=950 planned=vm19 no-idle-reserved -> on-demand vm=361
[t=   1303.6133][DISPATCH              ] wf=32 task=951 planned=vm9 no-idle-reserved -> on-demand vm=362
[t=   1303.6133][DISPATCH              ] wf=32 task=952 planned=vm10 no-idle-reserved -> on-demand vm=363
[t=   1303.6133][DISPATCH              ] wf=32 task=953 planned=vm16 no-idle-reserved -> on-demand vm=364
[t=   1303.6133][DISPATCH              ] wf=32 task=954 planned=vm17 no-idle-reserved -> on-demand vm=365
[t=   1303.6133][DISPATCH              ] wf=32 task=955 planned=vm24 no-idle-reserved -> on-demand vm=366
[t=   1303.6133][DISPATCH              ] wf=32 task=956 planned=vm8 no-idle-reserved -> on-demand vm=367
[t=   1303.6133][DISPATCH              ] wf=32 task=957 planned=vm39 no-idle-reserved -> on-demand vm=368
[t=   1305.1143][TASK-COMPLETE         ] task=835 wf=29 vm=20(reserved) actualCPU=192.9998s
[t=   1308.1505][NEGOTIATE             ] wf=33 tasks=24 arrivalTime=1308.1505 deadline=5284.4909 cp=3313.6040 BETA*cp=3644.9644 slack=3976.3404 -> ACCEPTED
[t=   1308.1505][DISPATCH              ] wf=33 task=958 planned=vm5 BUSY -> advanced to vm=20
[t=   1312.7835][TASK-COMPLETE         ] task=848 wf=29 vm=309(on-demand) actualCPU=200.5691s cost=$0.181515
[t=   1313.3685][TASK-COMPLETE         ] task=783 wf=26 vm=307(on-demand) actualCPU=276.9483s cost=$0.250638
[t=   1314.6725][TASK-COMPLETE         ] task=828 wf=28 vm=266(on-demand) actualCPU=91.3641s cost=$0.082684
[t=   1315.8755][TASK-COMPLETE         ] task=920 wf=32 vm=28(reserved) actualCPU=12.3622s
[t=   1316.6745][TASK-COMPLETE         ] task=854 wf=29 vm=315(on-demand) actualCPU=204.4601s cost=$0.185036
[t=   1317.8875][TASK-COMPLETE         ] task=814 wf=28 vm=23(reserved) actualCPU=94.5791s
[t=   1322.3005][TASK-COMPLETE         ] task=730 wf=25 vm=277(on-demand) actualCPU=194.6255s cost=$0.176136
[t=   1323.4895][TASK-COMPLETE         ] task=851 wf=29 vm=312(on-demand) actualCPU=211.2751s cost=$0.191204
[t=   1325.5985][TASK-COMPLETE         ] task=758 wf=26 vm=6(reserved) actualCPU=59.5651s
[t=   1325.8065][TASK-COMPLETE         ] task=862 wf=29 vm=321(on-demand) actualCPU=213.5921s cost=$0.193301
[t=   1326.8009][NEGOTIATE             ] wf=34 tasks=23 arrivalTime=1326.8009 deadline=1888.7081 cp=468.2550 BETA*cp=515.0805 slack=561.9072 -> ACCEPTED
[t=   1326.8009][DISPATCH              ] wf=34 task=982 -> vm=6 (planned reserved, was idle)
[t=   1326.8275][TASK-COMPLETE         ] task=9 wf=0 vm=1(reserved) actualCPU=231.0053s
[t=   1326.8275][DISPATCH              ] wf=0 task=10 planned=vm0 BUSY -> advanced to vm=1
[t=   1326.9358][NEGOTIATE             ] wf=35 tasks=40 arrivalTime=1326.9358 deadline=1889.8918 cp=469.1290 BETA*cp=516.0419 slack=562.9560 -> ACCEPTED
[t=   1326.9358][DISPATCH              ] wf=35 task=1005 planned=vm25 BUSY -> advanced to vm=23
[t=   1326.9358][DISPATCH              ] wf=35 task=1006 planned=vm25 BUSY -> advanced to vm=28
[t=   1326.9358][DISPATCH              ] wf=35 task=1007 planned=vm0 no-idle-reserved -> on-demand vm=266
[t=   1326.9358][DISPATCH              ] wf=35 task=1008 planned=vm25 no-idle-reserved -> on-demand vm=369
[t=   1326.9358][DISPATCH              ] wf=35 task=1009 planned=vm25 no-idle-reserved -> on-demand vm=370
[t=   1326.9358][DISPATCH              ] wf=35 task=1010 planned=vm11 no-idle-reserved -> on-demand vm=371
[t=   1326.9358][DISPATCH              ] wf=35 task=1011 planned=vm13 no-idle-reserved -> on-demand vm=372
[t=   1326.9358][DISPATCH              ] wf=35 task=1012 planned=vm31 no-idle-reserved -> on-demand vm=373
[t=   1326.9358][DISPATCH              ] wf=35 task=1013 planned=vm45 no-idle-reserved -> on-demand vm=374
[t=   1326.9358][DISPATCH              ] wf=35 task=1014 planned=vm46 no-idle-reserved -> on-demand vm=375
[t=   1326.9358][DISPATCH              ] wf=35 task=1015 planned=vm10 no-idle-reserved -> on-demand vm=376
[t=   1326.9358][DISPATCH              ] wf=35 task=1016 planned=vm1 no-idle-reserved -> on-demand vm=377
[t=   1326.9358][DISPATCH              ] wf=35 task=1017 planned=vm24 no-idle-reserved -> on-demand vm=378
[t=   1326.9358][DISPATCH              ] wf=35 task=1018 planned=vm32 no-idle-reserved -> on-demand vm=379
[t=   1326.9358][DISPATCH              ] wf=35 task=1021 planned=vm25 no-idle-reserved -> on-demand vm=380
[t=   1326.9358][DISPATCH              ] wf=35 task=1022 planned=vm25 no-idle-reserved -> on-demand vm=381
[t=   1326.9358][DISPATCH              ] wf=35 task=1023 planned=vm25 no-idle-reserved -> on-demand vm=382
[t=   1326.9358][DISPATCH              ] wf=35 task=1024 planned=vm25 no-idle-reserved -> on-demand vm=383
[t=   1326.9358][DISPATCH              ] wf=35 task=1025 planned=vm25 no-idle-reserved -> on-demand vm=384
[t=   1326.9358][DISPATCH              ] wf=35 task=1026 planned=vm8 no-idle-reserved -> on-demand vm=385
[t=   1326.9358][DISPATCH              ] wf=35 task=1027 planned=vm25 no-idle-reserved -> on-demand vm=386
[t=   1326.9358][DISPATCH              ] wf=35 task=1028 planned=vm25 no-idle-reserved -> on-demand vm=387
[t=   1326.9358][DISPATCH              ] wf=35 task=1029 planned=vm25 no-idle-reserved -> on-demand vm=388
[t=   1326.9358][DISPATCH              ] wf=35 task=1030 planned=vm25 no-idle-reserved -> on-demand vm=389
[t=   1326.9358][DISPATCH              ] wf=35 task=1031 planned=vm36 no-idle-reserved -> on-demand vm=390
[t=   1326.9358][DISPATCH              ] wf=35 task=1034 planned=vm25 no-idle-reserved -> on-demand vm=391
[t=   1326.9358][DISPATCH              ] wf=35 task=1035 planned=vm25 no-idle-reserved -> on-demand vm=392
[t=   1326.9358][DISPATCH              ] wf=35 task=1036 planned=vm47 no-idle-reserved -> on-demand vm=393
[t=   1326.9358][DISPATCH              ] wf=35 task=1037 planned=vm26 no-idle-reserved -> on-demand vm=394
[t=   1326.9358][DISPATCH              ] wf=35 task=1038 planned=vm1 no-idle-reserved -> on-demand vm=395
[t=   1326.9358][DISPATCH              ] wf=35 task=1039 planned=vm43 no-idle-reserved -> on-demand vm=396
[t=   1326.9358][DISPATCH              ] wf=35 task=1040 planned=vm24 no-idle-reserved -> on-demand vm=397
[t=   1326.9358][DISPATCH              ] wf=35 task=1041 planned=vm25 no-idle-reserved -> on-demand vm=398
[t=   1326.9358][DISPATCH              ] wf=35 task=1042 planned=vm25 no-idle-reserved -> on-demand vm=399
[t=   1326.9358][DISPATCH              ] wf=35 task=1043 planned=vm17 no-idle-reserved -> on-demand vm=400
[t=   1326.9358][DISPATCH              ] wf=35 task=1044 planned=vm25 no-idle-reserved -> on-demand vm=401
[t=   1327.0358][DISPATCH              ] wf=35 task=1008 planned=vm25 no-idle-reserved -> on-demand vm=369
[t=   1327.0358][DISPATCH              ] wf=35 task=1009 planned=vm25 no-idle-reserved -> on-demand vm=370
[t=   1327.0358][DISPATCH              ] wf=35 task=1010 planned=vm11 no-idle-reserved -> on-demand vm=371
[t=   1327.0358][DISPATCH              ] wf=35 task=1011 planned=vm13 no-idle-reserved -> on-demand vm=372
[t=   1327.0358][DISPATCH              ] wf=35 task=1012 planned=vm31 no-idle-reserved -> on-demand vm=373
[t=   1327.0358][DISPATCH              ] wf=35 task=1013 planned=vm45 no-idle-reserved -> on-demand vm=374
[t=   1327.0358][DISPATCH              ] wf=35 task=1014 planned=vm46 no-idle-reserved -> on-demand vm=375
[t=   1327.0358][DISPATCH              ] wf=35 task=1015 planned=vm10 no-idle-reserved -> on-demand vm=376
[t=   1327.0358][DISPATCH              ] wf=35 task=1016 planned=vm1 no-idle-reserved -> on-demand vm=377
[t=   1327.0358][DISPATCH              ] wf=35 task=1017 planned=vm24 no-idle-reserved -> on-demand vm=378
[t=   1327.0358][DISPATCH              ] wf=35 task=1018 planned=vm32 no-idle-reserved -> on-demand vm=379
[t=   1327.0358][DISPATCH              ] wf=35 task=1021 planned=vm25 no-idle-reserved -> on-demand vm=380
[t=   1327.0358][DISPATCH              ] wf=35 task=1022 planned=vm25 no-idle-reserved -> on-demand vm=381
[t=   1327.0358][DISPATCH              ] wf=35 task=1023 planned=vm25 no-idle-reserved -> on-demand vm=382
[t=   1327.0358][DISPATCH              ] wf=35 task=1024 planned=vm25 no-idle-reserved -> on-demand vm=383
[t=   1327.0358][DISPATCH              ] wf=35 task=1025 planned=vm25 no-idle-reserved -> on-demand vm=384
[t=   1327.0358][DISPATCH              ] wf=35 task=1026 planned=vm8 no-idle-reserved -> on-demand vm=385
[t=   1327.0358][DISPATCH              ] wf=35 task=1027 planned=vm25 no-idle-reserved -> on-demand vm=386
[t=   1327.0358][DISPATCH              ] wf=35 task=1028 planned=vm25 no-idle-reserved -> on-demand vm=387
[t=   1327.0358][DISPATCH              ] wf=35 task=1029 planned=vm25 no-idle-reserved -> on-demand vm=388
[t=   1327.0358][DISPATCH              ] wf=35 task=1030 planned=vm25 no-idle-reserved -> on-demand vm=389
[t=   1327.0358][DISPATCH              ] wf=35 task=1031 planned=vm36 no-idle-reserved -> on-demand vm=390
[t=   1327.0358][DISPATCH              ] wf=35 task=1034 planned=vm25 no-idle-reserved -> on-demand vm=391
[t=   1327.0358][DISPATCH              ] wf=35 task=1035 planned=vm25 no-idle-reserved -> on-demand vm=392
[t=   1327.0358][DISPATCH              ] wf=35 task=1036 planned=vm47 no-idle-reserved -> on-demand vm=393
[t=   1327.0358][DISPATCH              ] wf=35 task=1037 planned=vm26 no-idle-reserved -> on-demand vm=394
[t=   1327.0358][DISPATCH              ] wf=35 task=1038 planned=vm1 no-idle-reserved -> on-demand vm=395
[t=   1327.0358][DISPATCH              ] wf=35 task=1039 planned=vm43 no-idle-reserved -> on-demand vm=396
[t=   1327.0358][DISPATCH              ] wf=35 task=1040 planned=vm24 no-idle-reserved -> on-demand vm=397
[t=   1327.0358][DISPATCH              ] wf=35 task=1041 planned=vm25 no-idle-reserved -> on-demand vm=398
[t=   1327.0358][DISPATCH              ] wf=35 task=1042 planned=vm25 no-idle-reserved -> on-demand vm=399
[t=   1327.0358][DISPATCH              ] wf=35 task=1043 planned=vm17 no-idle-reserved -> on-demand vm=400
[t=   1327.0358][DISPATCH              ] wf=35 task=1044 planned=vm25 no-idle-reserved -> on-demand vm=401
[t=   1329.1612][NEGOTIATE             ] wf=36 tasks=24 arrivalTime=1329.1612 deadline=5305.5016 cp=3313.6040 BETA*cp=3644.9644 slack=3976.3404 -> ACCEPTED
[t=   1329.1612][DISPATCH              ] wf=36 task=1045 planned=vm7 no-idle-reserved -> on-demand vm=402
[t=   1329.2612][DISPATCH              ] wf=36 task=1045 planned=vm7 no-idle-reserved -> on-demand vm=402
[t=   1329.9175][TASK-COMPLETE         ] task=774 wf=26 vm=298(on-demand) actualCPU=293.4973s cost=$0.265615
[t=   1330.2005][TASK-COMPLETE         ] task=781 wf=26 vm=305(on-demand) actualCPU=293.7803s cost=$0.265871
[t=   1333.8845][TASK-COMPLETE         ] task=923 wf=32 vm=39(reserved) actualCPU=30.3712s
[t=   1334.0025][TASK-COMPLETE         ] task=958 wf=33 vm=20(reserved) actualCPU=25.8520s
[t=   1334.0025][DISPATCH              ] wf=33 task=959 planned=vm5 BUSY -> advanced to vm=20
[t=   1336.1065][TASK-COMPLETE         ] task=762 wf=26 vm=288(on-demand) actualCPU=299.6863s cost=$0.271216
[t=   1336.1065][DISPATCH              ] wf=26 task=772 planned=vm3 BUSY -> advanced to vm=39
[t=   1336.7335][TASK-COMPLETE         ] task=656 wf=22 vm=10(reserved) actualCPU=61.9881s
[t=   1336.7335][WF-COMPLETE           ] wf=22 completionTime=1336.7335 deadline=1430.3875 margin=93.6540 -> MET
[t=   1337.7805][TASK-COMPLETE         ] task=819 wf=28 vm=33(reserved) actualCPU=114.4721s
[t=   1339.2985][TASK-COMPLETE         ] task=1007 wf=35 vm=266(on-demand) actualCPU=12.3628s cost=$0.011188
[t=   1340.3525][TASK-COMPLETE         ] task=818 wf=28 vm=32(reserved) actualCPU=117.0441s
[t=   1340.4925][TASK-COMPLETE         ] task=939 wf=32 vm=352(on-demand) actualCPU=36.8792s cost=$0.033376
[t=   1341.8275][TASK-COMPLETE         ] task=834 wf=29 vm=19(reserved) actualCPU=229.7131s
[t=   1341.8275][DISPATCH              ] wf=29 task=845 planned=vm4 BUSY -> advanced to vm=10
[t=   1341.8275][DISPATCH              ] wf=29 task=846 planned=vm34 BUSY -> advanced to vm=19
[t=   1342.0119][NEGOTIATE             ] wf=37 tasks=23 arrivalTime=1342.0119 deadline=1903.9191 cp=468.2550 BETA*cp=515.0805 slack=561.9072 -> ACCEPTED
[t=   1342.0119][DISPATCH              ] wf=37 task=1069 planned=vm0 BUSY -> advanced to vm=32
[t=   1344.5615][TASK-COMPLETE         ] task=725 wf=25 vm=22(reserved) actualCPU=216.8865s
[t=   1346.9345][TASK-COMPLETE         ] task=929 wf=32 vm=344(on-demand) actualCPU=43.3212s cost=$0.039206
[t=   1347.5065][TASK-COMPLETE         ] task=528 wf=18 vm=11(reserved) actualCPU=140.8631s
[t=   1347.5065][DISPATCH              ] wf=18 task=529 planned=vm10 BUSY -> advanced to vm=11
[t=   1348.5445][TASK-COMPLETE         ] task=847 wf=29 vm=278(on-demand) actualCPU=236.4301s cost=$0.213969
[t=   1351.5185][TASK-COMPLETE         ] task=853 wf=29 vm=314(on-demand) actualCPU=239.3041s cost=$0.216570
[t=   1353.0615][TASK-COMPLETE         ] task=850 wf=29 vm=311(on-demand) actualCPU=240.8471s cost=$0.217967
[t=   1354.4215][NEGOTIATE             ] wf=38 tasks=40 arrivalTime=1354.4215 deadline=1917.3775 cp=469.1290 BETA*cp=516.0419 slack=562.9560 -> ACCEPTED
[t=   1354.4215][DISPATCH              ] wf=38 task=1092 planned=vm32 BUSY -> advanced to vm=22
[t=   1354.4215][DISPATCH              ] wf=38 task=1093 planned=vm32 BUSY -> advanced to vm=33
[t=   1354.4215][DISPATCH              ] wf=38 task=1094 planned=vm8 no-idle-reserved -> on-demand vm=266
[t=   1354.4215][DISPATCH              ] wf=38 task=1095 planned=vm32 no-idle-reserved -> on-demand vm=403
[t=   1354.4215][DISPATCH              ] wf=38 task=1096 planned=vm32 no-idle-reserved -> on-demand vm=404
[t=   1354.4215][DISPATCH              ] wf=38 task=1097 planned=vm9 no-idle-reserved -> on-demand vm=405
[t=   1354.4215][DISPATCH              ] wf=38 task=1098 planned=vm32 no-idle-reserved -> on-demand vm=406
[t=   1354.4215][DISPATCH              ] wf=38 task=1099 planned=vm32 no-idle-reserved -> on-demand vm=407
[t=   1354.4215][DISPATCH              ] wf=38 task=1100 planned=vm19 no-idle-reserved -> on-demand vm=408
[t=   1354.4215][DISPATCH              ] wf=38 task=1101 planned=vm9 no-idle-reserved -> on-demand vm=409
[t=   1354.4215][DISPATCH              ] wf=38 task=1102 planned=vm32 no-idle-reserved -> on-demand vm=410
[t=   1354.4215][DISPATCH              ] wf=38 task=1103 planned=vm15 no-idle-reserved -> on-demand vm=411
[t=   1354.4215][DISPATCH              ] wf=38 task=1104 planned=vm46 no-idle-reserved -> on-demand vm=412
[t=   1354.4215][DISPATCH              ] wf=38 task=1105 planned=vm32 no-idle-reserved -> on-demand vm=413
[t=   1354.4215][DISPATCH              ] wf=38 task=1108 planned=vm32 no-idle-reserved -> on-demand vm=414
[t=   1354.4215][DISPATCH              ] wf=38 task=1109 planned=vm32 no-idle-reserved -> on-demand vm=415
[t=   1354.4215][DISPATCH              ] wf=38 task=1110 planned=vm32 no-idle-reserved -> on-demand vm=416
[t=   1354.4215][DISPATCH              ] wf=38 task=1111 planned=vm32 no-idle-reserved -> on-demand vm=417
[t=   1354.4215][DISPATCH              ] wf=38 task=1112 planned=vm32 no-idle-reserved -> on-demand vm=418
[t=   1354.4215][DISPATCH              ] wf=38 task=1113 planned=vm7 no-idle-reserved -> on-demand vm=419
[t=   1354.4215][DISPATCH              ] wf=38 task=1114 planned=vm32 no-idle-reserved -> on-demand vm=420
[t=   1354.4215][DISPATCH              ] wf=38 task=1115 planned=vm32 no-idle-reserved -> on-demand vm=421
[t=   1354.4215][DISPATCH              ] wf=38 task=1116 planned=vm32 no-idle-reserved -> on-demand vm=422
[t=   1354.4215][DISPATCH              ] wf=38 task=1117 planned=vm32 no-idle-reserved -> on-demand vm=423
[t=   1354.4215][DISPATCH              ] wf=38 task=1118 planned=vm45 no-idle-reserved -> on-demand vm=424
[t=   1354.4215][DISPATCH              ] wf=38 task=1121 planned=vm32 no-idle-reserved -> on-demand vm=425
[t=   1354.4215][DISPATCH              ] wf=38 task=1122 planned=vm32 no-idle-reserved -> on-demand vm=426
[t=   1354.4215][DISPATCH              ] wf=38 task=1123 planned=vm37 no-idle-reserved -> on-demand vm=427
[t=   1354.4215][DISPATCH              ] wf=38 task=1124 planned=vm36 no-idle-reserved -> on-demand vm=428
[t=   1354.4215][DISPATCH              ] wf=38 task=1125 planned=vm22 no-idle-reserved -> on-demand vm=429
[t=   1354.4215][DISPATCH              ] wf=38 task=1126 planned=vm8 no-idle-reserved -> on-demand vm=430
[t=   1354.4215][DISPATCH              ] wf=38 task=1127 planned=vm32 no-idle-reserved -> on-demand vm=431
[t=   1354.4215][DISPATCH              ] wf=38 task=1128 planned=vm33 no-idle-reserved -> on-demand vm=432
[t=   1354.4215][DISPATCH              ] wf=38 task=1129 planned=vm32 no-idle-reserved -> on-demand vm=433
[t=   1354.4215][DISPATCH              ] wf=38 task=1130 planned=vm11 no-idle-reserved -> on-demand vm=434
[t=   1354.4215][DISPATCH              ] wf=38 task=1131 planned=vm32 no-idle-reserved -> on-demand vm=435
[t=   1354.4365][TASK-COMPLETE         ] task=810 wf=28 vm=24(reserved) actualCPU=131.1281s
[t=   1354.4365][DISPATCH              ] wf=38 task=1095 planned=vm32 BUSY -> advanced to vm=24
[t=   1354.4365][DISPATCH              ] wf=38 task=1096 planned=vm32 no-idle-reserved -> on-demand vm=403
[t=   1354.4365][DISPATCH              ] wf=38 task=1097 planned=vm9 no-idle-reserved -> on-demand vm=404
[t=   1354.4365][DISPATCH              ] wf=38 task=1098 planned=vm32 no-idle-reserved -> on-demand vm=405
[t=   1354.4365][DISPATCH              ] wf=38 task=1099 planned=vm32 no-idle-reserved -> on-demand vm=406
[t=   1354.4365][DISPATCH              ] wf=38 task=1100 planned=vm19 no-idle-reserved -> on-demand vm=407
[t=   1354.4365][DISPATCH              ] wf=38 task=1101 planned=vm9 no-idle-reserved -> on-demand vm=408
[t=   1354.4365][DISPATCH              ] wf=38 task=1102 planned=vm32 no-idle-reserved -> on-demand vm=409
[t=   1354.4365][DISPATCH              ] wf=38 task=1103 planned=vm15 no-idle-reserved -> on-demand vm=410
[t=   1354.4365][DISPATCH              ] wf=38 task=1104 planned=vm46 no-idle-reserved -> on-demand vm=411
[t=   1354.4365][DISPATCH              ] wf=38 task=1105 planned=vm32 no-idle-reserved -> on-demand vm=412
[t=   1354.4365][DISPATCH              ] wf=38 task=1108 planned=vm32 no-idle-reserved -> on-demand vm=413
[t=   1354.4365][DISPATCH              ] wf=38 task=1109 planned=vm32 no-idle-reserved -> on-demand vm=414
[t=   1354.4365][DISPATCH              ] wf=38 task=1110 planned=vm32 no-idle-reserved -> on-demand vm=415
[t=   1354.4365][DISPATCH              ] wf=38 task=1111 planned=vm32 no-idle-reserved -> on-demand vm=416
[t=   1354.4365][DISPATCH              ] wf=38 task=1112 planned=vm32 no-idle-reserved -> on-demand vm=417
[t=   1354.4365][DISPATCH              ] wf=38 task=1113 planned=vm7 no-idle-reserved -> on-demand vm=418
[t=   1354.4365][DISPATCH              ] wf=38 task=1114 planned=vm32 no-idle-reserved -> on-demand vm=419
[t=   1354.4365][DISPATCH              ] wf=38 task=1115 planned=vm32 no-idle-reserved -> on-demand vm=420
[t=   1354.4365][DISPATCH              ] wf=38 task=1116 planned=vm32 no-idle-reserved -> on-demand vm=421
[t=   1354.4365][DISPATCH              ] wf=38 task=1117 planned=vm32 no-idle-reserved -> on-demand vm=422
[t=   1354.4365][DISPATCH              ] wf=38 task=1118 planned=vm45 no-idle-reserved -> on-demand vm=423
[t=   1354.4365][DISPATCH              ] wf=38 task=1121 planned=vm32 no-idle-reserved -> on-demand vm=424
[t=   1354.4365][DISPATCH              ] wf=38 task=1122 planned=vm32 no-idle-reserved -> on-demand vm=425
[t=   1354.4365][DISPATCH              ] wf=38 task=1123 planned=vm37 no-idle-reserved -> on-demand vm=426
[t=   1354.4365][DISPATCH              ] wf=38 task=1124 planned=vm36 no-idle-reserved -> on-demand vm=427
[t=   1354.4365][DISPATCH              ] wf=38 task=1125 planned=vm22 no-idle-reserved -> on-demand vm=428
[t=   1354.4365][DISPATCH              ] wf=38 task=1126 planned=vm8 no-idle-reserved -> on-demand vm=429
[t=   1354.4365][DISPATCH              ] wf=38 task=1127 planned=vm32 no-idle-reserved -> on-demand vm=430
[t=   1354.4365][DISPATCH              ] wf=38 task=1128 planned=vm33 no-idle-reserved -> on-demand vm=431
[t=   1354.4365][DISPATCH              ] wf=38 task=1129 planned=vm32 no-idle-reserved -> on-demand vm=432
[t=   1354.4365][DISPATCH              ] wf=38 task=1130 planned=vm11 no-idle-reserved -> on-demand vm=433
[t=   1354.4365][DISPATCH              ] wf=38 task=1131 planned=vm32 no-idle-reserved -> on-demand vm=434
[t=   1354.5215][DISPATCH              ] wf=38 task=1096 planned=vm32 no-idle-reserved -> on-demand vm=403
[t=   1354.5215][DISPATCH              ] wf=38 task=1097 planned=vm9 no-idle-reserved -> on-demand vm=404
[t=   1354.5215][DISPATCH              ] wf=38 task=1098 planned=vm32 no-idle-reserved -> on-demand vm=405
[t=   1354.5215][DISPATCH              ] wf=38 task=1099 planned=vm32 no-idle-reserved -> on-demand vm=406
[t=   1354.5215][DISPATCH              ] wf=38 task=1100 planned=vm19 no-idle-reserved -> on-demand vm=407
[t=   1354.5215][DISPATCH              ] wf=38 task=1101 planned=vm9 no-idle-reserved -> on-demand vm=408
[t=   1354.5215][DISPATCH              ] wf=38 task=1102 planned=vm32 no-idle-reserved -> on-demand vm=409
[t=   1354.5215][DISPATCH              ] wf=38 task=1103 planned=vm15 no-idle-reserved -> on-demand vm=410
[t=   1354.5215][DISPATCH              ] wf=38 task=1104 planned=vm46 no-idle-reserved -> on-demand vm=411
[t=   1354.5215][DISPATCH              ] wf=38 task=1105 planned=vm32 no-idle-reserved -> on-demand vm=412
[t=   1354.5215][DISPATCH              ] wf=38 task=1108 planned=vm32 no-idle-reserved -> on-demand vm=413
[t=   1354.5215][DISPATCH              ] wf=38 task=1109 planned=vm32 no-idle-reserved -> on-demand vm=414
[t=   1354.5215][DISPATCH              ] wf=38 task=1110 planned=vm32 no-idle-reserved -> on-demand vm=415
[t=   1354.5215][DISPATCH              ] wf=38 task=1111 planned=vm32 no-idle-reserved -> on-demand vm=416
[t=   1354.5215][DISPATCH              ] wf=38 task=1112 planned=vm32 no-idle-reserved -> on-demand vm=417
[t=   1354.5215][DISPATCH              ] wf=38 task=1113 planned=vm7 no-idle-reserved -> on-demand vm=418
[t=   1354.5215][DISPATCH              ] wf=38 task=1114 planned=vm32 no-idle-reserved -> on-demand vm=419
[t=   1354.5215][DISPATCH              ] wf=38 task=1115 planned=vm32 no-idle-reserved -> on-demand vm=420
[t=   1354.5215][DISPATCH              ] wf=38 task=1116 planned=vm32 no-idle-reserved -> on-demand vm=421
[t=   1354.5215][DISPATCH              ] wf=38 task=1117 planned=vm32 no-idle-reserved -> on-demand vm=422
[t=   1354.5215][DISPATCH              ] wf=38 task=1118 planned=vm45 no-idle-reserved -> on-demand vm=423
[t=   1354.5215][DISPATCH              ] wf=38 task=1121 planned=vm32 no-idle-reserved -> on-demand vm=424
[t=   1354.5215][DISPATCH              ] wf=38 task=1122 planned=vm32 no-idle-reserved -> on-demand vm=425
[t=   1354.5215][DISPATCH              ] wf=38 task=1123 planned=vm37 no-idle-reserved -> on-demand vm=426
[t=   1354.5215][DISPATCH              ] wf=38 task=1124 planned=vm36 no-idle-reserved -> on-demand vm=427
[t=   1354.5215][DISPATCH              ] wf=38 task=1125 planned=vm22 no-idle-reserved -> on-demand vm=428
[t=   1354.5215][DISPATCH              ] wf=38 task=1126 planned=vm8 no-idle-reserved -> on-demand vm=429
[t=   1354.5215][DISPATCH              ] wf=38 task=1127 planned=vm32 no-idle-reserved -> on-demand vm=430
[t=   1354.5215][DISPATCH              ] wf=38 task=1128 planned=vm33 no-idle-reserved -> on-demand vm=431
[t=   1354.5215][DISPATCH              ] wf=38 task=1129 planned=vm32 no-idle-reserved -> on-demand vm=432
[t=   1354.5215][DISPATCH              ] wf=38 task=1130 planned=vm11 no-idle-reserved -> on-demand vm=433
[t=   1354.5215][DISPATCH              ] wf=38 task=1131 planned=vm32 no-idle-reserved -> on-demand vm=434
[t=   1355.1125][TASK-COMPLETE         ] task=1045 wf=36 vm=402(on-demand) actualCPU=25.8513s cost=$0.023395
[t=   1355.1125][DISPATCH              ] wf=36 task=1046 planned=vm7 no-idle-reserved -> on-demand vm=435
[t=   1356.1655][TASK-COMPLETE         ] task=930 wf=32 vm=345(on-demand) actualCPU=52.5522s cost=$0.047560
[t=   1357.4075][TASK-COMPLETE         ] task=1010 wf=35 vm=371(on-demand) actualCPU=30.3717s cost=$0.027486
[t=   1357.9045][TASK-COMPLETE         ] task=959 wf=33 vm=20(reserved) actualCPU=23.9020s
[t=   1357.9045][DISPATCH              ] wf=33 task=960 planned=vm18 BUSY -> advanced to vm=20
[t=   1358.1195][TASK-COMPLETE         ] task=926 wf=32 vm=45(reserved) actualCPU=54.6062s
[t=   1358.6265][TASK-COMPLETE         ] task=759 wf=26 vm=12(reserved) actualCPU=92.5930s
[t=   1358.6265][DISPATCH              ] wf=26 task=771 planned=vm18 BUSY -> advanced to vm=12
[t=   1359.2505][TASK-COMPLETE         ] task=860 wf=29 vm=319(on-demand) actualCPU=247.0360s cost=$0.223568
[t=   1359.3595][TASK-COMPLETE         ] task=820 wf=28 vm=34(reserved) actualCPU=136.0510s
[t=   1363.9155][TASK-COMPLETE         ] task=1026 wf=35 vm=385(on-demand) actualCPU=36.8797s cost=$0.033376
[t=   1365.9305][TASK-COMPLETE         ] task=821 wf=28 vm=36(reserved) actualCPU=142.6220s
[t=   1366.0715][TASK-COMPLETE         ] task=956 wf=32 vm=367(on-demand) actualCPU=62.4582s cost=$0.056525
[t=   1366.7845][TASK-COMPLETE         ] task=1094 wf=38 vm=266(on-demand) actualCPU=12.3630s cost=$0.011188
[t=   1366.7965][TASK-COMPLETE         ] task=827 wf=28 vm=49(reserved) actualCPU=143.4880s
[t=   1369.3245][TASK-COMPLETE         ] task=823 wf=28 vm=38(reserved) actualCPU=146.0160s
[t=   1370.3575][TASK-COMPLETE         ] task=1016 wf=35 vm=377(on-demand) actualCPU=43.3217s cost=$0.039206
[t=   1370.3875][TASK-COMPLETE         ] task=822 wf=28 vm=37(reserved) actualCPU=147.0790s
[t=   1372.6745][TASK-COMPLETE         ] task=813 wf=28 vm=9(reserved) actualCPU=149.3660s
[t=   1374.8355][TASK-COMPLETE         ] task=722 wf=25 vm=3(reserved) actualCPU=247.1605s
[t=   1375.5285][TASK-COMPLETE         ] task=613 wf=21 vm=16(reserved) actualCPU=215.2360s
[t=   1375.5285][DISPATCH              ] wf=21 task=614 planned=vm0 BUSY -> advanced to vm=3
[t=   1375.6170][TASK-COMPLETE         ] task=729 wf=25 vm=271(on-demand) actualCPU=247.9420s cost=$0.224388
[t=   1377.2395][TASK-COMPLETE         ] task=684 wf=23 vm=40(reserved) actualCPU=146.8200s
[t=   1377.2395][WF-COMPLETE           ] wf=23 completionTime=1377.2395 deadline=1471.0686 margin=93.8291 -> MET
[t=   1377.6975][TASK-COMPLETE         ] task=737 wf=25 vm=336(on-demand) actualCPU=249.9225s cost=$0.226180
[t=   1379.0145][TASK-COMPLETE         ] task=1046 wf=36 vm=435(on-demand) actualCPU=23.9020s cost=$0.021631
[t=   1379.0145][DISPATCH              ] wf=36 task=1047 planned=vm19 BUSY -> advanced to vm=9
[t=   1379.5885][TASK-COMPLETE         ] task=1017 wf=35 vm=378(on-demand) actualCPU=52.5527s cost=$0.047560
[t=   1379.6480][TASK-COMPLETE         ] task=895 wf=31 vm=8(reserved) actualCPU=113.7960s
[t=   1379.6480][TASK-COMPLETE         ] task=739 wf=25 vm=338(on-demand) actualCPU=251.8730s cost=$0.227945
[t=   1379.6480][DISPATCH              ] wf=31 task=896 planned=vm14 BUSY -> advanced to vm=8
[t=   1379.6480][DISPATCH              ] wf=31 task=897 planned=vm9 BUSY -> advanced to vm=16
[t=   1379.6480][DISPATCH              ] wf=31 task=898 planned=vm0 BUSY -> advanced to vm=34
[t=   1379.6480][DISPATCH              ] wf=31 task=899 -> vm=36 (planned reserved, was idle)
[t=   1379.6480][DISPATCH              ] wf=31 task=900 planned=vm27 BUSY -> advanced to vm=37
[t=   1379.6480][DISPATCH              ] wf=31 task=901 planned=vm7 BUSY -> advanced to vm=38
[t=   1379.6480][DISPATCH              ] wf=31 task=902 planned=vm7 BUSY -> advanced to vm=40
[t=   1379.6480][DISPATCH              ] wf=31 task=903 planned=vm40 BUSY -> advanced to vm=45
[t=   1379.6480][DISPATCH              ] wf=31 task=904 planned=vm7 BUSY -> advanced to vm=49
[t=   1379.6480][DISPATCH              ] wf=31 task=905 planned=vm8 no-idle-reserved -> on-demand vm=266
[t=   1379.6480][DISPATCH              ] wf=31 task=906 planned=vm2 no-idle-reserved -> on-demand vm=435
[t=   1379.6480][DISPATCH              ] wf=31 task=907 planned=vm5 no-idle-reserved -> on-demand vm=436
[t=   1379.6480][DISPATCH              ] wf=31 task=908 planned=vm17 no-idle-reserved -> on-demand vm=437
[t=   1379.6480][DISPATCH              ] wf=31 task=909 planned=vm26 no-idle-reserved -> on-demand vm=438
[t=   1379.6480][DISPATCH              ] wf=31 task=910 planned=vm25 no-idle-reserved -> on-demand vm=439
[t=   1379.6480][DISPATCH              ] wf=31 task=911 planned=vm44 no-idle-reserved -> on-demand vm=440
[t=   1379.6480][DISPATCH              ] wf=31 task=912 planned=vm2 no-idle-reserved -> on-demand vm=441
[t=   1379.6480][DISPATCH              ] wf=31 task=913 planned=vm46 no-idle-reserved -> on-demand vm=442
[t=   1379.6480][DISPATCH              ] wf=31 task=914 planned=vm18 no-idle-reserved -> on-demand vm=443
[t=   1379.6480][DISPATCH              ] wf=31 task=915 planned=vm6 no-idle-reserved -> on-demand vm=444
[t=   1379.6480][DISPATCH              ] wf=31 task=916 planned=vm5 no-idle-reserved -> on-demand vm=445
[t=   1379.7480][DISPATCH              ] wf=31 task=907 planned=vm5 no-idle-reserved -> on-demand vm=436
[t=   1379.7480][DISPATCH              ] wf=31 task=908 planned=vm17 no-idle-reserved -> on-demand vm=437
[t=   1379.7480][DISPATCH              ] wf=31 task=909 planned=vm26 no-idle-reserved -> on-demand vm=438
[t=   1379.7480][DISPATCH              ] wf=31 task=910 planned=vm25 no-idle-reserved -> on-demand vm=439
[t=   1379.7480][DISPATCH              ] wf=31 task=911 planned=vm44 no-idle-reserved -> on-demand vm=440
[t=   1379.7480][DISPATCH              ] wf=31 task=912 planned=vm2 no-idle-reserved -> on-demand vm=441
[t=   1379.7480][DISPATCH              ] wf=31 task=913 planned=vm46 no-idle-reserved -> on-demand vm=442
[t=   1379.7480][DISPATCH              ] wf=31 task=914 planned=vm18 no-idle-reserved -> on-demand vm=443
[t=   1379.7480][DISPATCH              ] wf=31 task=915 planned=vm6 no-idle-reserved -> on-demand vm=444
[t=   1379.7480][DISPATCH              ] wf=31 task=916 planned=vm5 no-idle-reserved -> on-demand vm=445
[t=   1381.6420][TASK-COMPLETE         ] task=1013 wf=35 vm=374(on-demand) actualCPU=54.6063s cost=$0.049419
[t=   1384.8930][TASK-COMPLETE         ] task=1097 wf=38 vm=404(on-demand) actualCPU=30.3715s cost=$0.027486
[t=   1385.6110][TASK-COMPLETE         ] task=772 wf=26 vm=39(reserved) actualCPU=49.5045s
[t=   1386.5040][TASK-COMPLETE         ] task=927 wf=32 vm=47(reserved) actualCPU=82.9908s
[t=   1389.1630][TASK-COMPLETE         ] task=870 wf=29 vm=329(on-demand) actualCPU=276.9486s cost=$0.250638
[t=   1389.4940][TASK-COMPLETE         ] task=1043 wf=35 vm=400(on-demand) actualCPU=62.4583s cost=$0.056525
[t=   1389.6040][TASK-COMPLETE         ] task=96 wf=3 vm=21(reserved) actualCPU=231.1076s
[t=   1389.6040][DISPATCH              ] wf=3 task=97 planned=vm2 BUSY -> advanced to vm=21
[t=   1390.6480][TASK-COMPLETE         ] task=944 wf=32 vm=357(on-demand) actualCPU=87.0348s cost=$0.078766
[t=   1391.4010][TASK-COMPLETE         ] task=1113 wf=38 vm=418(on-demand) actualCPU=36.8795s cost=$0.033376
[t=   1395.9520][TASK-COMPLETE         ] task=951 wf=32 vm=362(on-demand) actualCPU=92.3388s cost=$0.083567
[t=   1397.8200][TASK-COMPLETE         ] task=925 wf=32 vm=44(reserved) actualCPU=94.3068s
[t=   1397.8435][TASK-COMPLETE         ] task=1103 wf=38 vm=410(on-demand) actualCPU=43.3220s cost=$0.039206
[t=   1398.1665][TASK-COMPLETE         ] task=931 wf=32 vm=346(on-demand) actualCPU=94.5532s cost=$0.085571
[t=   1401.3935][TASK-COMPLETE         ] task=845 wf=29 vm=10(reserved) actualCPU=59.5660s
[t=   1405.7115][TASK-COMPLETE         ] task=861 wf=29 vm=320(on-demand) actualCPU=293.4970s cost=$0.265615
[t=   1405.9945][TASK-COMPLETE         ] task=868 wf=29 vm=327(on-demand) actualCPU=293.7800s cost=$0.265871
[t=   1407.0745][TASK-COMPLETE         ] task=1104 wf=38 vm=411(on-demand) actualCPU=52.5530s cost=$0.047560
[t=   1409.1285][TASK-COMPLETE         ] task=1100 wf=38 vm=407(on-demand) actualCPU=54.6070s cost=$0.049419
[t=   1410.0265][TASK-COMPLETE         ] task=1014 wf=35 vm=375(on-demand) actualCPU=82.9907s cost=$0.075107
[t=   1411.9005][TASK-COMPLETE         ] task=849 wf=29 vm=310(on-demand) actualCPU=299.6860s cost=$0.271216
[t=   1411.9005][DISPATCH              ] wf=29 task=859 planned=vm4 BUSY -> advanced to vm=10
[t=   1412.0115][TASK-COMPLETE         ] task=614 wf=21 vm=3(reserved) actualCPU=36.4830s
[t=   1412.0115][DISPATCH              ] wf=21 task=615 planned=vm11 BUSY -> advanced to vm=3
[t=   1413.1125][TASK-COMPLETE         ] task=924 wf=32 vm=42(reserved) actualCPU=109.5992s
[t=   1413.1340][TASK-COMPLETE         ] task=728 wf=25 vm=268(on-demand) actualCPU=285.4590s cost=$0.258340
[t=   1413.2673][NEGOTIATE             ] wf=39 tasks=24 arrivalTime=1413.2673 deadline=5389.6077 cp=3313.6040 BETA*cp=3644.9644 slack=3976.3404 -> ACCEPTED
[t=   1413.2673][DISPATCH              ] wf=39 task=1132 planned=vm0 BUSY -> advanced to vm=39
[t=   1414.0700][TASK-COMPLETE         ] task=1031 wf=35 vm=390(on-demand) actualCPU=87.0342s cost=$0.078766
[t=   1416.9800][TASK-COMPLETE         ] task=1130 wf=38 vm=433(on-demand) actualCPU=62.4585s cost=$0.056525
[t=   1417.9340][TASK-COMPLETE         ] task=817 wf=28 vm=41(reserved) actualCPU=194.6255s
[t=   1418.1280][TASK-COMPLETE         ] task=953 wf=32 vm=364(on-demand) actualCPU=114.5147s cost=$0.103636
[t=   1419.3740][TASK-COMPLETE         ] task=1038 wf=35 vm=395(on-demand) actualCPU=92.3382s cost=$0.083566
[t=   1419.6660][TASK-COMPLETE         ] task=442 wf=15 vm=15(reserved) actualCPU=120.6755s
[t=   1419.6660][DISPATCH              ] wf=15 task=443 planned=vm6 BUSY -> advanced to vm=15
[t=   1419.9160][TASK-COMPLETE         ] task=954 wf=32 vm=365(on-demand) actualCPU=116.3027s cost=$0.105254
[t=   1420.1450][TASK-COMPLETE         ] task=724 wf=25 vm=18(reserved) actualCPU=292.4700s
[t=   1420.1450][DISPATCH              ] wf=25 task=743 planned=vm1 BUSY -> advanced to vm=18
[t=   1421.3420][TASK-COMPLETE         ] task=1012 wf=35 vm=373(on-demand) actualCPU=94.3062s cost=$0.085347
[t=   1421.5890][TASK-COMPLETE         ] task=1018 wf=35 vm=379(on-demand) actualCPU=94.5532s cost=$0.085571
[t=   1424.8620][TASK-COMPLETE         ] task=928 wf=32 vm=48(reserved) actualCPU=121.3487s
[t=   1428.0920][TASK-COMPLETE         ] task=950 wf=32 vm=361(on-demand) actualCPU=124.4787s cost=$0.112653
[t=   1433.5470][TASK-COMPLETE         ] task=912 wf=31 vm=441(on-demand) actualCPU=53.7990s cost=$0.048688
[t=   1434.4210][TASK-COMPLETE         ] task=846 wf=29 vm=19(reserved) actualCPU=92.5935s
[t=   1434.4210][DISPATCH              ] wf=29 task=858 planned=vm28 BUSY -> advanced to vm=19
[t=   1436.6350][TASK-COMPLETE         ] task=1011 wf=35 vm=372(on-demand) actualCPU=109.5992s cost=$0.099187
[t=   1437.5120][TASK-COMPLETE         ] task=1101 wf=38 vm=408(on-demand) actualCPU=82.9905s cost=$0.075106
[t=   1438.1520][TASK-COMPLETE         ] task=786 wf=27 vm=17(reserved) actualCPU=283.2005s
[t=   1438.1520][DISPATCH              ] wf=27 task=787 planned=vm12 BUSY -> advanced to vm=17
[t=   1439.1190][TASK-COMPLETE         ] task=1132 wf=39 vm=39(reserved) actualCPU=25.8517s
[t=   1439.1190][DISPATCH              ] wf=39 task=1133 planned=vm0 BUSY -> advanced to vm=39
[t=   1440.1950][TASK-COMPLETE         ] task=812 wf=28 vm=7(reserved) actualCPU=216.8865s
[t=   1440.5960][TASK-COMPLETE         ] task=982 wf=34 vm=6(reserved) actualCPU=113.7951s
[t=   1440.5960][DISPATCH              ] wf=34 task=983 planned=vm12 BUSY -> advanced to vm=6
[t=   1440.5960][DISPATCH              ] wf=34 task=984 planned=vm28 BUSY -> advanced to vm=7
[t=   1440.5960][DISPATCH              ] wf=34 task=985 planned=vm36 BUSY -> advanced to vm=41
[t=   1440.5960][DISPATCH              ] wf=34 task=986 -> vm=48 (planned reserved, was idle)
[t=   1440.5960][DISPATCH              ] wf=34 task=987 planned=vm40 BUSY -> advanced to vm=42
[t=   1440.5960][DISPATCH              ] wf=34 task=988 planned=vm21 BUSY -> advanced to vm=44
[t=   1440.5960][DISPATCH              ] wf=34 task=989 planned=vm17 BUSY -> advanced to vm=47
[t=   1440.5960][DISPATCH              ] wf=34 task=990 planned=vm3 no-idle-reserved -> on-demand vm=404
[t=   1440.5960][DISPATCH              ] wf=34 task=991 planned=vm42 no-idle-reserved -> on-demand vm=407
[t=   1440.5960][DISPATCH              ] wf=34 task=992 planned=vm23 no-idle-reserved -> on-demand vm=410
[t=   1440.5960][DISPATCH              ] wf=34 task=993 planned=vm22 no-idle-reserved -> on-demand vm=418
[t=   1440.5960][DISPATCH              ] wf=34 task=994 planned=vm31 no-idle-reserved -> on-demand vm=433
[t=   1440.5960][DISPATCH              ] wf=34 task=995 planned=vm32 no-idle-reserved -> on-demand vm=446
[t=   1440.5960][DISPATCH              ] wf=34 task=996 planned=vm38 no-idle-reserved -> on-demand vm=447
[t=   1440.5960][DISPATCH              ] wf=34 task=997 planned=vm34 no-idle-reserved -> on-demand vm=448
[t=   1440.5960][DISPATCH              ] wf=34 task=998 planned=vm43 no-idle-reserved -> on-demand vm=449
[t=   1440.5960][DISPATCH              ] wf=34 task=999 planned=vm20 no-idle-reserved -> on-demand vm=450
[t=   1440.5960][DISPATCH              ] wf=34 task=1000 planned=vm32 no-idle-reserved -> on-demand vm=451
[t=   1440.5960][DISPATCH              ] wf=34 task=1001 planned=vm33 no-idle-reserved -> on-demand vm=452
[t=   1440.5960][DISPATCH              ] wf=34 task=1002 planned=vm18 no-idle-reserved -> on-demand vm=453
[t=   1440.5960][DISPATCH              ] wf=34 task=1003 planned=vm6 no-idle-reserved -> on-demand vm=454
[t=   1440.6960][DISPATCH              ] wf=34 task=995 planned=vm32 no-idle-reserved -> on-demand vm=446
[t=   1440.6960][DISPATCH              ] wf=34 task=996 planned=vm38 no-idle-reserved -> on-demand vm=447
[t=   1440.6960][DISPATCH              ] wf=34 task=997 planned=vm34 no-idle-reserved -> on-demand vm=448
[t=   1440.6960][DISPATCH              ] wf=34 task=998 planned=vm43 no-idle-reserved -> on-demand vm=449
[t=   1440.6960][DISPATCH              ] wf=34 task=999 planned=vm20 no-idle-reserved -> on-demand vm=450
[t=   1440.6960][DISPATCH              ] wf=34 task=1000 planned=vm32 no-idle-reserved -> on-demand vm=451
[t=   1440.6960][DISPATCH              ] wf=34 task=1001 planned=vm33 no-idle-reserved -> on-demand vm=452
[t=   1440.6960][DISPATCH              ] wf=34 task=1002 planned=vm18 no-idle-reserved -> on-demand vm=453
[t=   1440.6960][DISPATCH              ] wf=34 task=1003 planned=vm6 no-idle-reserved -> on-demand vm=454
[t=   1441.5500][TASK-COMPLETE         ] task=1040 wf=35 vm=397(on-demand) actualCPU=114.5142s cost=$0.103635
[t=   1441.6600][TASK-COMPLETE         ] task=1118 wf=38 vm=423(on-demand) actualCPU=87.1385s cost=$0.078860
[t=   1443.3380][TASK-COMPLETE         ] task=1041 wf=35 vm=398(on-demand) actualCPU=116.3022s cost=$0.105254
[t=   1443.5590][TASK-COMPLETE         ] task=183 wf=6 vm=4(reserved) actualCPU=231.0055s
[t=   1443.5590][DISPATCH              ] wf=6 task=184 planned=vm1 BUSY -> advanced to vm=4
[t=   1446.5770][TASK-COMPLETE         ] task=916 wf=31 vm=445(on-demand) actualCPU=66.8290s cost=$0.060480
[t=   1446.8280][TASK-COMPLETE         ] task=943 wf=32 vm=356(on-demand) actualCPU=143.2147s cost=$0.129609
[t=   1446.8605][TASK-COMPLETE         ] task=1125 wf=38 vm=428(on-demand) actualCPU=92.3390s cost=$0.083567
[t=   1448.3840][TASK-COMPLETE         ] task=1015 wf=35 vm=376(on-demand) actualCPU=121.3482s cost=$0.109820
[t=   1448.8280][TASK-COMPLETE         ] task=1099 wf=38 vm=406(on-demand) actualCPU=94.3065s cost=$0.085347
[t=   1449.0750][TASK-COMPLETE         ] task=1105 wf=38 vm=412(on-demand) actualCPU=94.5535s cost=$0.085571
[t=   1449.5270][TASK-COMPLETE         ] task=942 wf=32 vm=355(on-demand) actualCPU=145.9137s cost=$0.132052
[t=   1451.5140][TASK-COMPLETE         ] task=1037 wf=35 vm=394(on-demand) actualCPU=124.4782s cost=$0.112653
[t=   1453.0980][TASK-COMPLETE         ] task=918 wf=32 vm=26(reserved) actualCPU=149.5847s
[t=   1455.8070][TASK-COMPLETE         ] task=1069 wf=37 vm=32(reserved) actualCPU=113.7951s
[t=   1455.8070][DISPATCH              ] wf=37 task=1070 planned=vm0 BUSY -> advanced to vm=26
[t=   1455.8070][DISPATCH              ] wf=37 task=1071 planned=vm49 BUSY -> advanced to vm=32
[t=   1455.8070][DISPATCH              ] wf=37 task=1072 planned=vm0 no-idle-reserved -> on-demand vm=406
[t=   1455.8070][DISPATCH              ] wf=37 task=1073 planned=vm0 no-idle-reserved -> on-demand vm=423
[t=   1455.8070][DISPATCH              ] wf=37 task=1074 planned=vm0 no-idle-reserved -> on-demand vm=428
[t=   1455.8070][DISPATCH              ] wf=37 task=1075 planned=vm35 no-idle-reserved -> on-demand vm=455
[t=   1455.8070][DISPATCH              ] wf=37 task=1076 planned=vm0 no-idle-reserved -> on-demand vm=456
[t=   1455.8070][DISPATCH              ] wf=37 task=1077 planned=vm0 no-idle-reserved -> on-demand vm=457
[t=   1455.8070][DISPATCH              ] wf=37 task=1078 planned=vm0 no-idle-reserved -> on-demand vm=458
[t=   1455.8070][DISPATCH              ] wf=37 task=1079 planned=vm41 no-idle-reserved -> on-demand vm=459
[t=   1455.8070][DISPATCH              ] wf=37 task=1080 planned=vm39 no-idle-reserved -> on-demand vm=460
[t=   1455.8070][DISPATCH              ] wf=37 task=1081 planned=vm20 no-idle-reserved -> on-demand vm=461
[t=   1455.8070][DISPATCH              ] wf=37 task=1082 planned=vm21 no-idle-reserved -> on-demand vm=462
[t=   1455.8070][DISPATCH              ] wf=37 task=1083 planned=vm0 no-idle-reserved -> on-demand vm=463
[t=   1455.8070][DISPATCH              ] wf=37 task=1084 planned=vm4 no-idle-reserved -> on-demand vm=464
[t=   1455.8070][DISPATCH              ] wf=37 task=1085 planned=vm0 no-idle-reserved -> on-demand vm=465
[t=   1455.8070][DISPATCH              ] wf=37 task=1086 planned=vm21 no-idle-reserved -> on-demand vm=466
[t=   1455.8070][DISPATCH              ] wf=37 task=1087 planned=vm0 no-idle-reserved -> on-demand vm=467
[t=   1455.8070][DISPATCH              ] wf=37 task=1088 planned=vm2 no-idle-reserved -> on-demand vm=468
[t=   1455.8070][DISPATCH              ] wf=37 task=1089 planned=vm29 no-idle-reserved -> on-demand vm=469
[t=   1455.8070][DISPATCH              ] wf=37 task=1090 planned=vm27 no-idle-reserved -> on-demand vm=470
[t=   1455.9070][DISPATCH              ] wf=37 task=1075 planned=vm35 no-idle-reserved -> on-demand vm=455
[t=   1455.9070][DISPATCH              ] wf=37 task=1076 planned=vm0 no-idle-reserved -> on-demand vm=456
[t=   1455.9070][DISPATCH              ] wf=37 task=1077 planned=vm0 no-idle-reserved -> on-demand vm=457
[t=   1455.9070][DISPATCH              ] wf=37 task=1078 planned=vm0 no-idle-reserved -> on-demand vm=458
[t=   1455.9070][DISPATCH              ] wf=37 task=1079 planned=vm41 no-idle-reserved -> on-demand vm=459
[t=   1455.9070][DISPATCH              ] wf=37 task=1080 planned=vm39 no-idle-reserved -> on-demand vm=460
[t=   1455.9070][DISPATCH              ] wf=37 task=1081 planned=vm20 no-idle-reserved -> on-demand vm=461
[t=   1455.9070][DISPATCH              ] wf=37 task=1082 planned=vm21 no-idle-reserved -> on-demand vm=462
[t=   1455.9070][DISPATCH              ] wf=37 task=1083 planned=vm0 no-idle-reserved -> on-demand vm=463
[t=   1455.9070][DISPATCH              ] wf=37 task=1084 planned=vm4 no-idle-reserved -> on-demand vm=464
[t=   1455.9070][DISPATCH              ] wf=37 task=1085 planned=vm0 no-idle-reserved -> on-demand vm=465
[t=   1455.9070][DISPATCH              ] wf=37 task=1086 planned=vm21 no-idle-reserved -> on-demand vm=466
[t=   1455.9070][DISPATCH              ] wf=37 task=1087 planned=vm0 no-idle-reserved -> on-demand vm=467
[t=   1455.9070][DISPATCH              ] wf=37 task=1088 planned=vm2 no-idle-reserved -> on-demand vm=468
[t=   1455.9070][DISPATCH              ] wf=37 task=1089 planned=vm29 no-idle-reserved -> on-demand vm=469
[t=   1455.9070][DISPATCH              ] wf=37 task=1090 planned=vm27 no-idle-reserved -> on-demand vm=470
[t=   1461.4050][TASK-COMPLETE         ] task=859 wf=29 vm=10(reserved) actualCPU=49.5045s
[t=   1463.0210][TASK-COMPLETE         ] task=1133 wf=39 vm=39(reserved) actualCPU=23.9020s
[t=   1463.0210][DISPATCH              ] wf=39 task=1134 planned=vm16 BUSY -> advanced to vm=10
[t=   1464.1210][TASK-COMPLETE         ] task=1098 wf=38 vm=405(on-demand) actualCPU=109.5995s cost=$0.099188
[t=   1468.1820][TASK-COMPLETE         ] task=529 wf=18 vm=11(reserved) actualCPU=120.6755s
[t=   1468.1820][DISPATCH              ] wf=18 task=530 planned=vm9 BUSY -> advanced to vm=11
[t=   1469.0360][TASK-COMPLETE         ] task=1127 wf=38 vm=430(on-demand) actualCPU=114.5145s cost=$0.103636
[t=   1470.2500][TASK-COMPLETE         ] task=1030 wf=35 vm=389(on-demand) actualCPU=143.2142s cost=$0.129609
[t=   1470.4690][TASK-COMPLETE         ] task=809 wf=28 vm=2(reserved) actualCPU=247.1605s
[t=   1470.8240][TASK-COMPLETE         ] task=1128 wf=38 vm=431(on-demand) actualCPU=116.3025s cost=$0.105254
[t=   1471.1130][TASK-COMPLETE         ] task=915 wf=31 vm=444(on-demand) actualCPU=91.3650s cost=$0.082685
[t=   1471.2500][TASK-COMPLETE         ] task=816 wf=28 vm=30(reserved) actualCPU=247.9415s
[t=   1472.4800][TASK-COMPLETE         ] task=919 wf=32 vm=27(reserved) actualCPU=168.9667s
[t=   1472.9490][TASK-COMPLETE         ] task=1029 wf=35 vm=388(on-demand) actualCPU=145.9132s cost=$0.132051
[t=   1473.2310][TASK-COMPLETE         ] task=824 wf=28 vm=43(reserved) actualCPU=249.9225s
[t=   1474.2280][TASK-COMPLETE         ] task=901 wf=31 vm=38(reserved) actualCPU=94.5800s
[t=   1475.1290][TASK-COMPLETE         ] task=826 wf=28 vm=46(reserved) actualCPU=251.8205s
[t=   1475.8700][TASK-COMPLETE         ] task=1102 wf=38 vm=409(on-demand) actualCPU=121.3485s cost=$0.109820
[t=   1476.5200][TASK-COMPLETE         ] task=1005 wf=35 vm=23(reserved) actualCPU=149.5842s
[t=   1479.0000][TASK-COMPLETE         ] task=1124 wf=38 vm=427(on-demand) actualCPU=124.4785s cost=$0.112653
[t=   1482.1340][TASK-COMPLETE         ] task=743 wf=25 vm=18(reserved) actualCPU=61.9890s
[t=   1482.1340][WF-COMPLETE           ] wf=25 completionTime=1482.1340 deadline=1575.7867 margin=93.6527 -> MET
[t=   1486.6670][TASK-COMPLETE         ] task=269 wf=9 vm=0(reserved) actualCPU=210.2230s
[t=   1486.6670][DISPATCH              ] wf=9 task=270 planned=vm3 BUSY -> advanced to vm=0
[t=   1492.0070][TASK-COMPLETE         ] task=952 wf=32 vm=363(on-demand) actualCPU=188.3937s cost=$0.170496
[t=   1494.1210][TASK-COMPLETE         ] task=906 wf=31 vm=435(on-demand) actualCPU=114.4730s cost=$0.103598
[t=   1494.4950][TASK-COMPLETE         ] task=999 wf=34 vm=450(on-demand) actualCPU=53.7990s cost=$0.048688
[t=   1495.9020][TASK-COMPLETE         ] task=1006 wf=35 vm=28(reserved) actualCPU=168.9662s
[t=   1496.5130][TASK-COMPLETE         ] task=922 wf=32 vm=31(reserved) actualCPU=192.9997s
[t=   1496.6930][TASK-COMPLETE         ] task=905 wf=31 vm=266(on-demand) actualCPU=117.0450s cost=$0.105926
[t=   1497.7360][TASK-COMPLETE         ] task=1117 wf=38 vm=422(on-demand) actualCPU=143.2145s cost=$0.129609
[t=   1500.4350][TASK-COMPLETE         ] task=1116 wf=38 vm=421(on-demand) actualCPU=145.9135s cost=$0.132052
[t=   1504.0060][TASK-COMPLETE         ] task=1092 wf=38 vm=22(reserved) actualCPU=149.5845s
[t=   1504.1830][TASK-COMPLETE         ] task=935 wf=32 vm=348(on-demand) actualCPU=200.5697s cost=$0.181516
[t=   1505.3090][TASK-COMPLETE         ] task=356 wf=12 vm=25(reserved) actualCPU=210.2225s
[t=   1505.3090][DISPATCH              ] wf=12 task=357 planned=vm4 BUSY -> advanced to vm=2
[t=   1505.4470][TASK-COMPLETE         ] task=771 wf=26 vm=12(reserved) actualCPU=146.8205s
[t=   1505.4470][WF-COMPLETE           ] wf=26 completionTime=1505.4470 deadline=1599.2762 margin=93.8293 -> MET
[t=   1507.2990][TASK-COMPLETE         ] task=700 wf=24 vm=14(reserved) actualCPU=215.2355s
[t=   1507.2990][DISPATCH              ] wf=24 task=701 planned=vm0 BUSY -> advanced to vm=12
[t=   1507.5250][TASK-COMPLETE         ] task=1003 wf=34 vm=454(on-demand) actualCPU=66.8290s cost=$0.060480
[t=   1508.0740][TASK-COMPLETE         ] task=941 wf=32 vm=354(on-demand) actualCPU=204.4607s cost=$0.185037
[t=   1508.7670][TASK-COMPLETE         ] task=815 wf=28 vm=35(reserved) actualCPU=285.4585s
[t=   1509.7060][TASK-COMPLETE         ] task=1086 wf=37 vm=466(on-demand) actualCPU=53.7990s cost=$0.048688
[t=   1510.7770][TASK-COMPLETE         ] task=897 wf=31 vm=16(reserved) actualCPU=131.1290s
[t=   1514.8890][TASK-COMPLETE         ] task=938 wf=32 vm=351(on-demand) actualCPU=211.2757s cost=$0.191205
[t=   1515.4290][TASK-COMPLETE         ] task=1039 wf=35 vm=396(on-demand) actualCPU=188.3932s cost=$0.170496
[t=   1515.7780][TASK-COMPLETE         ] task=811 wf=28 vm=5(reserved) actualCPU=292.4695s
[t=   1515.7780][DISPATCH              ] wf=28 task=830 planned=vm0 BUSY -> advanced to vm=30
[t=   1515.7990][TASK-COMPLETE         ] task=907 wf=31 vm=436(on-demand) actualCPU=136.0510s cost=$0.123126
[t=   1517.2060][TASK-COMPLETE         ] task=949 wf=32 vm=360(on-demand) actualCPU=213.5927s cost=$0.193301
[t=   1520.0350][TASK-COMPLETE         ] task=1009 wf=35 vm=370(on-demand) actualCPU=192.9992s cost=$0.174664
[t=   1520.0524][NEGOTIATE             ] wf=40 tasks=23 arrivalTime=1520.0524 deadline=2081.9596 cp=468.2550 BETA*cp=515.0805 slack=561.9072 -> ACCEPTED
[t=   1520.0524][DISPATCH              ] wf=40 task=1156 planned=vm24 BUSY -> advanced to vm=5
[t=   1522.3694][TASK-COMPLETE         ] task=908 wf=31 vm=437(on-demand) actualCPU=142.6213s cost=$0.129072
[t=   1522.7354][TASK-COMPLETE         ] task=1090 wf=37 vm=470(on-demand) actualCPU=66.8284s cost=$0.060480
[t=   1523.2354][TASK-COMPLETE         ] task=914 wf=31 vm=443(on-demand) actualCPU=143.4873s cost=$0.129856
[t=   1523.3884][TASK-COMPLETE         ] task=1093 wf=38 vm=33(reserved) actualCPU=168.9669s
[t=   1525.7634][TASK-COMPLETE         ] task=910 wf=31 vm=439(on-demand) actualCPU=146.0153s cost=$0.132144
[t=   1526.8264][TASK-COMPLETE         ] task=909 wf=31 vm=438(on-demand) actualCPU=147.0783s cost=$0.133106
[t=   1527.6054][TASK-COMPLETE         ] task=1022 wf=35 vm=381(on-demand) actualCPU=200.5696s cost=$0.181515
[t=   1529.0134][TASK-COMPLETE         ] task=900 wf=31 vm=37(reserved) actualCPU=149.3653s
[t=   1531.4964][TASK-COMPLETE         ] task=1028 wf=35 vm=387(on-demand) actualCPU=204.4606s cost=$0.185037
[t=   1532.0604][TASK-COMPLETE         ] task=1002 wf=34 vm=453(on-demand) actualCPU=91.3644s cost=$0.082685
[t=   1533.2264][TASK-COMPLETE         ] task=921 wf=32 vm=29(reserved) actualCPU=229.7131s
[t=   1533.2264][DISPATCH              ] wf=32 task=932 planned=vm20 BUSY -> advanced to vm=27
[t=   1533.2264][DISPATCH              ] wf=32 task=933 planned=vm21 BUSY -> advanced to vm=14
[t=   1535.1754][TASK-COMPLETE         ] task=988 wf=34 vm=44(reserved) actualCPU=94.5794s
[t=   1538.3114][TASK-COMPLETE         ] task=1025 wf=35 vm=384(on-demand) actualCPU=211.2756s cost=$0.191204
[t=   1540.0434][TASK-COMPLETE         ] task=934 wf=32 vm=347(on-demand) actualCPU=236.4301s cost=$0.213969
[t=   1540.6284][TASK-COMPLETE         ] task=1036 wf=35 vm=393(on-demand) actualCPU=213.5926s cost=$0.193301
[t=   1542.9154][TASK-COMPLETE         ] task=1126 wf=38 vm=429(on-demand) actualCPU=188.3939s cost=$0.170496
[t=   1543.0254][TASK-COMPLETE         ] task=940 wf=32 vm=353(on-demand) actualCPU=239.4121s cost=$0.216668
[t=   1543.7824][TASK-COMPLETE         ] task=701 wf=24 vm=12(reserved) actualCPU=36.4834s
[t=   1543.7824][DISPATCH              ] wf=24 task=702 planned=vm10 BUSY -> advanced to vm=12
[t=   1544.4604][TASK-COMPLETE         ] task=937 wf=32 vm=350(on-demand) actualCPU=240.8471s cost=$0.217967
[t=   1547.2714][TASK-COMPLETE         ] task=1089 wf=37 vm=469(on-demand) actualCPU=91.3644s cost=$0.082685
[t=   1547.5214][TASK-COMPLETE         ] task=1096 wf=38 vm=403(on-demand) actualCPU=192.9999s cost=$0.174665
[t=   1550.4864][TASK-COMPLETE         ] task=1075 wf=37 vm=455(on-demand) actualCPU=94.5794s cost=$0.085594
[t=   1550.6494][TASK-COMPLETE         ] task=947 wf=32 vm=358(on-demand) actualCPU=247.0361s cost=$0.223568
[t=   1552.8754][TASK-COMPLETE         ] task=615 wf=21 vm=3(reserved) actualCPU=140.8639s
[t=   1552.8754][DISPATCH              ] wf=21 task=616 planned=vm2 BUSY -> advanced to vm=3
[t=   1555.0684][TASK-COMPLETE         ] task=993 wf=34 vm=418(on-demand) actualCPU=114.4724s cost=$0.103597
[t=   1555.0915][TASK-COMPLETE         ] task=1109 wf=38 vm=414(on-demand) actualCPU=200.5700s cost=$0.181516
[t=   1556.7494][TASK-COMPLETE         ] task=1008 wf=35 vm=369(on-demand) actualCPU=229.7136s cost=$0.207891
[t=   1556.7494][DISPATCH              ] wf=35 task=1019 planned=vm1 BUSY -> advanced to vm=16
[t=   1556.7494][DISPATCH              ] wf=35 task=1020 -> vm=44 (planned reserved, was idle)
[t=   1557.6404][TASK-COMPLETE         ] task=992 wf=34 vm=410(on-demand) actualCPU=117.0444s cost=$0.105925
[t=   1558.9824][TASK-COMPLETE         ] task=1115 wf=38 vm=420(on-demand) actualCPU=204.4609s cost=$0.185037
[t=   1560.4634][TASK-COMPLETE         ] task=873 wf=30 vm=13(reserved) actualCPU=283.2009s
[t=   1560.4634][DISPATCH              ] wf=30 task=874 planned=vm14 BUSY -> advanced to vm=13
[t=   1563.4664][TASK-COMPLETE         ] task=1021 wf=35 vm=380(on-demand) actualCPU=236.4306s cost=$0.213970
[t=   1565.7974][TASK-COMPLETE         ] task=1112 wf=38 vm=417(on-demand) actualCPU=211.2759s cost=$0.191205
[t=   1566.3404][TASK-COMPLETE         ] task=1027 wf=35 vm=386(on-demand) actualCPU=239.3046s cost=$0.216571
[t=   1567.8834][TASK-COMPLETE         ] task=1024 wf=35 vm=383(on-demand) actualCPU=240.8476s cost=$0.217967
[t=   1568.1144][TASK-COMPLETE         ] task=1123 wf=38 vm=426(on-demand) actualCPU=213.5929s cost=$0.193302
[t=   1570.3794][TASK-COMPLETE         ] task=1080 wf=37 vm=460(on-demand) actualCPU=114.4724s cost=$0.103597
[t=   1571.7244][TASK-COMPLETE         ] task=984 wf=34 vm=7(reserved) actualCPU=131.1284s
[t=   1572.9514][TASK-COMPLETE         ] task=1079 wf=37 vm=459(on-demand) actualCPU=117.0444s cost=$0.105925
[t=   1574.0724][TASK-COMPLETE         ] task=1034 wf=35 vm=391(on-demand) actualCPU=247.0366s cost=$0.223568
[t=   1574.2734][TASK-COMPLETE         ] task=904 wf=31 vm=49(reserved) actualCPU=194.6253s
[t=   1576.6464][TASK-COMPLETE         ] task=994 wf=34 vm=433(on-demand) actualCPU=136.0504s cost=$0.123126
[t=   1577.7664][TASK-COMPLETE         ] task=830 wf=28 vm=30(reserved) actualCPU=61.9884s
[t=   1577.7664][WF-COMPLETE           ] wf=28 completionTime=1577.7664 deadline=1671.4202 margin=93.6538 -> MET
[t=   1580.2930][NEGOTIATE             ] wf=41 tasks=40 arrivalTime=1580.2930 deadline=2143.2490 cp=469.1290 BETA*cp=516.0419 slack=562.9560 -> ACCEPTED
[t=   1580.2930][DISPATCH              ] wf=41 task=1179 -> vm=49 (planned reserved, was idle)
[t=   1580.2930][DISPATCH              ] wf=41 task=1180 planned=vm49 BUSY -> advanced to vm=7
[t=   1580.2930][DISPATCH              ] wf=41 task=1181 planned=vm11 BUSY -> advanced to vm=18
[t=   1580.2930][DISPATCH              ] wf=41 task=1182 planned=vm49 BUSY -> advanced to vm=22
[t=   1580.2930][DISPATCH              ] wf=41 task=1183 planned=vm49 BUSY -> advanced to vm=23
[t=   1580.2930][DISPATCH              ] wf=41 task=1184 planned=vm9 BUSY -> advanced to vm=25
[t=   1580.2930][DISPATCH              ] wf=41 task=1185 planned=vm45 BUSY -> advanced to vm=28
[t=   1580.2930][DISPATCH              ] wf=41 task=1186 -> vm=30 (planned reserved, was idle)
[t=   1580.2930][DISPATCH              ] wf=41 task=1187 planned=vm24 BUSY -> advanced to vm=29
[t=   1580.2930][DISPATCH              ] wf=41 task=1188 planned=vm29 BUSY -> advanced to vm=31
[t=   1580.2930][DISPATCH              ] wf=41 task=1189 planned=vm11 BUSY -> advanced to vm=33
[t=   1580.2930][DISPATCH              ] wf=41 task=1190 planned=vm21 BUSY -> advanced to vm=35
[t=   1580.2930][DISPATCH              ] wf=41 task=1191 planned=vm15 BUSY -> advanced to vm=37
[t=   1580.2930][DISPATCH              ] wf=41 task=1192 planned=vm15 BUSY -> advanced to vm=38
[t=   1580.2930][DISPATCH              ] wf=41 task=1195 planned=vm22 BUSY -> advanced to vm=39
[t=   1580.2930][DISPATCH              ] wf=41 task=1196 planned=vm35 BUSY -> advanced to vm=43
[t=   1580.2930][DISPATCH              ] wf=41 task=1197 planned=vm49 BUSY -> advanced to vm=46
[t=   1580.2930][DISPATCH              ] wf=41 task=1198 planned=vm4 no-idle-reserved -> on-demand vm=266
[t=   1580.2930][DISPATCH              ] wf=41 task=1199 planned=vm41 no-idle-reserved -> on-demand vm=403
[t=   1580.2930][DISPATCH              ] wf=41 task=1200 planned=vm14 no-idle-reserved -> on-demand vm=414
[t=   1580.2930][DISPATCH              ] wf=41 task=1201 planned=vm23 no-idle-reserved -> on-demand vm=417
[t=   1580.2930][DISPATCH              ] wf=41 task=1202 planned=vm0 no-idle-reserved -> on-demand vm=420
[t=   1580.2930][DISPATCH              ] wf=41 task=1203 planned=vm44 no-idle-reserved -> on-demand vm=426
[t=   1580.2930][DISPATCH              ] wf=41 task=1204 planned=vm43 no-idle-reserved -> on-demand vm=433
[t=   1580.2930][DISPATCH              ] wf=41 task=1205 planned=vm8 no-idle-reserved -> on-demand vm=435
[t=   1580.2930][DISPATCH              ] wf=41 task=1208 planned=vm48 no-idle-reserved -> on-demand vm=471
[t=   1580.2930][DISPATCH              ] wf=41 task=1209 planned=vm27 no-idle-reserved -> on-demand vm=472
[t=   1580.2930][DISPATCH              ] wf=41 task=1210 planned=vm40 no-idle-reserved -> on-demand vm=473
[t=   1580.2930][DISPATCH              ] wf=41 task=1211 planned=vm15 no-idle-reserved -> on-demand vm=474
[t=   1580.2930][DISPATCH              ] wf=41 task=1212 planned=vm10 no-idle-reserved -> on-demand vm=475
[t=   1580.2930][DISPATCH              ] wf=41 task=1213 planned=vm26 no-idle-reserved -> on-demand vm=476
[t=   1580.2930][DISPATCH              ] wf=41 task=1214 planned=vm11 no-idle-reserved -> on-demand vm=477
[t=   1580.2930][DISPATCH              ] wf=41 task=1215 planned=vm13 no-idle-reserved -> on-demand vm=478
[t=   1580.2930][DISPATCH              ] wf=41 task=1216 planned=vm7 no-idle-reserved -> on-demand vm=479
[t=   1580.2930][DISPATCH              ] wf=41 task=1217 planned=vm7 no-idle-reserved -> on-demand vm=480
[t=   1580.2930][DISPATCH              ] wf=41 task=1218 planned=vm28 no-idle-reserved -> on-demand vm=481
[t=   1580.3930][DISPATCH              ] wf=41 task=1208 planned=vm48 no-idle-reserved -> on-demand vm=471
[t=   1580.3930][DISPATCH              ] wf=41 task=1209 planned=vm27 no-idle-reserved -> on-demand vm=472
[t=   1580.3930][DISPATCH              ] wf=41 task=1210 planned=vm40 no-idle-reserved -> on-demand vm=473
[t=   1580.3930][DISPATCH              ] wf=41 task=1211 planned=vm15 no-idle-reserved -> on-demand vm=474
[t=   1580.3930][DISPATCH              ] wf=41 task=1212 planned=vm10 no-idle-reserved -> on-demand vm=475
[t=   1580.3930][DISPATCH              ] wf=41 task=1213 planned=vm26 no-idle-reserved -> on-demand vm=476
[t=   1580.3930][DISPATCH              ] wf=41 task=1214 planned=vm11 no-idle-reserved -> on-demand vm=477
[t=   1580.3930][DISPATCH              ] wf=41 task=1215 planned=vm13 no-idle-reserved -> on-demand vm=478
[t=   1580.3930][DISPATCH              ] wf=41 task=1216 planned=vm7 no-idle-reserved -> on-demand vm=479
[t=   1580.3930][DISPATCH              ] wf=41 task=1217 planned=vm7 no-idle-reserved -> on-demand vm=480
[t=   1580.3930][DISPATCH              ] wf=41 task=1218 planned=vm28 no-idle-reserved -> on-demand vm=481
[t=   1580.5614][TASK-COMPLETE         ] task=957 wf=32 vm=368(on-demand) actualCPU=276.9481s cost=$0.250638
[t=   1581.2414][TASK-COMPLETE         ] task=858 wf=29 vm=19(reserved) actualCPU=146.8204s
[t=   1581.2414][WF-COMPLETE           ] wf=29 completionTime=1581.2414 deadline=1675.0705 margin=93.8291 -> MET
[t=   1583.3174][TASK-COMPLETE         ] task=995 wf=34 vm=446(on-demand) actualCPU=142.6214s cost=$0.129072
[t=   1584.1504][TASK-COMPLETE         ] task=1095 wf=38 vm=24(reserved) actualCPU=229.7138s
[t=   1584.1504][DISPATCH              ] wf=38 task=1106 planned=vm42 BUSY -> advanced to vm=19
[t=   1584.1504][DISPATCH              ] wf=38 task=1107 planned=vm34 BUSY -> advanced to vm=24
[t=   1584.1840][TASK-COMPLETE         ] task=1001 wf=34 vm=452(on-demand) actualCPU=143.4880s cost=$0.129857
[t=   1586.7114][TASK-COMPLETE         ] task=997 wf=34 vm=448(on-demand) actualCPU=146.0154s cost=$0.132144
[t=   1586.9354][TASK-COMPLETE         ] task=1071 wf=37 vm=32(reserved) actualCPU=131.1284s
[t=   1587.7744][TASK-COMPLETE         ] task=996 wf=34 vm=447(on-demand) actualCPU=147.0784s cost=$0.133106
[t=   1589.9614][TASK-COMPLETE         ] task=987 wf=34 vm=42(reserved) actualCPU=149.3654s
[t=   1590.9524][TASK-COMPLETE         ] task=1108 wf=38 vm=413(on-demand) actualCPU=236.4309s cost=$0.213970
[t=   1591.9574][TASK-COMPLETE         ] task=1081 wf=37 vm=461(on-demand) actualCPU=136.0504s cost=$0.123126
[t=   1592.6554][TASK-COMPLETE         ] task=1181 wf=41 vm=18(reserved) actualCPU=12.3624s
[t=   1592.7924][TASK-COMPLETE         ] task=932 wf=32 vm=27(reserved) actualCPU=59.5660s
[t=   1593.8264][TASK-COMPLETE         ] task=1114 wf=38 vm=419(on-demand) actualCPU=239.3049s cost=$0.216571
[t=   1595.3694][TASK-COMPLETE         ] task=1111 wf=38 vm=416(on-demand) actualCPU=240.8479s cost=$0.217967
[t=   1596.5344][TASK-COMPLETE         ] task=899 wf=31 vm=36(reserved) actualCPU=216.8863s
[t=   1597.1104][TASK-COMPLETE         ] task=948 wf=32 vm=359(on-demand) actualCPU=293.4971s cost=$0.265615
[t=   1597.3934][TASK-COMPLETE         ] task=955 wf=32 vm=366(on-demand) actualCPU=293.7801s cost=$0.265871
[t=   1598.5284][TASK-COMPLETE         ] task=1082 wf=37 vm=462(on-demand) actualCPU=142.6214s cost=$0.129072
[t=   1599.3944][TASK-COMPLETE         ] task=1088 wf=37 vm=468(on-demand) actualCPU=143.4874s cost=$0.129856
[t=   1601.5584][TASK-COMPLETE         ] task=1121 wf=38 vm=424(on-demand) actualCPU=247.0369s cost=$0.223568
[t=   1601.9224][TASK-COMPLETE         ] task=1084 wf=37 vm=464(on-demand) actualCPU=146.0154s cost=$0.132144
[t=   1602.9854][TASK-COMPLETE         ] task=1083 wf=37 vm=463(on-demand) actualCPU=147.0784s cost=$0.133106
[t=   1603.2994][TASK-COMPLETE         ] task=936 wf=32 vm=349(on-demand) actualCPU=299.6861s cost=$0.271216
[t=   1603.2994][DISPATCH              ] wf=32 task=946 planned=vm6 BUSY -> advanced to vm=18
[t=   1603.9844][TASK-COMPLETE         ] task=1044 wf=35 vm=401(on-demand) actualCPU=276.9486s cost=$0.250638
[t=   1605.1724][TASK-COMPLETE         ] task=1074 wf=37 vm=428(on-demand) actualCPU=149.3654s cost=$0.135176
[t=   1608.7404][NEGOTIATE             ] wf=42 tasks=24 arrivalTime=1608.7404 deadline=5585.0808 cp=3313.6040 BETA*cp=3644.9644 slack=3976.3404 -> ACCEPTED
[t=   1608.7404][DISPATCH              ] wf=42 task=1219 planned=vm6 BUSY -> advanced to vm=27
[t=   1610.6644][TASK-COMPLETE         ] task=1184 wf=41 vm=25(reserved) actualCPU=30.3714s
[t=   1614.6570][NEGOTIATE             ] wf=43 tasks=23 arrivalTime=1614.6570 deadline=2176.5642 cp=468.2550 BETA*cp=515.0805 slack=561.9072 -> ACCEPTED
[t=   1614.6570][DISPATCH              ] wf=43 task=1243 planned=vm11 BUSY -> advanced to vm=25
[t=   1616.3150][TASK-COMPLETE         ] task=1019 wf=35 vm=16(reserved) actualCPU=59.5656s
[t=   1617.1730][TASK-COMPLETE         ] task=1200 wf=41 vm=414(on-demand) actualCPU=36.8800s cost=$0.033376
[t=   1620.5330][TASK-COMPLETE         ] task=1035 wf=35 vm=392(on-demand) actualCPU=293.4972s cost=$0.265615
[t=   1620.8160][TASK-COMPLETE         ] task=1042 wf=35 vm=399(on-demand) actualCPU=293.7802s cost=$0.265871
[t=   1622.0175][NEGOTIATE             ] wf=44 tasks=40 arrivalTime=1622.0175 deadline=2184.9735 cp=469.1290 BETA*cp=516.0419 slack=562.9560 -> ACCEPTED
[t=   1622.0175][DISPATCH              ] wf=44 task=1266 planned=vm49 BUSY -> advanced to vm=16
[t=   1622.0175][DISPATCH              ] wf=44 task=1267 planned=vm49 BUSY -> advanced to vm=32
[t=   1622.0175][DISPATCH              ] wf=44 task=1268 planned=vm28 BUSY -> advanced to vm=36
[t=   1622.0175][DISPATCH              ] wf=44 task=1269 planned=vm49 BUSY -> advanced to vm=42
[t=   1622.0175][DISPATCH              ] wf=44 task=1270 planned=vm49 no-idle-reserved -> on-demand vm=416
[t=   1622.0175][DISPATCH              ] wf=44 task=1271 planned=vm23 no-idle-reserved -> on-demand vm=482
[t=   1622.0175][DISPATCH              ] wf=44 task=1272 planned=vm49 no-idle-reserved -> on-demand vm=483
[t=   1622.0175][DISPATCH              ] wf=44 task=1273 planned=vm25 no-idle-reserved -> on-demand vm=484
[t=   1622.0175][DISPATCH              ] wf=44 task=1274 planned=vm22 no-idle-reserved -> on-demand vm=485
[t=   1622.0175][DISPATCH              ] wf=44 task=1275 planned=vm45 no-idle-reserved -> on-demand vm=486
[t=   1622.0175][DISPATCH              ] wf=44 task=1276 planned=vm49 no-idle-reserved -> on-demand vm=487
[t=   1622.0175][DISPATCH              ] wf=44 task=1277 planned=vm9 no-idle-reserved -> on-demand vm=488
[t=   1622.0175][DISPATCH              ] wf=44 task=1278 planned=vm29 no-idle-reserved -> on-demand vm=489
[t=   1622.0175][DISPATCH              ] wf=44 task=1279 planned=vm7 no-idle-reserved -> on-demand vm=490
[t=   1622.0175][DISPATCH              ] wf=44 task=1282 planned=vm49 no-idle-reserved -> on-demand vm=491
[t=   1622.0175][DISPATCH              ] wf=44 task=1283 planned=vm49 no-idle-reserved -> on-demand vm=492
[t=   1622.0175][DISPATCH              ] wf=44 task=1284 planned=vm49 no-idle-reserved -> on-demand vm=493
[t=   1622.0175][DISPATCH              ] wf=44 task=1285 planned=vm49 no-idle-reserved -> on-demand vm=494
[t=   1622.0175][DISPATCH              ] wf=44 task=1286 planned=vm49 no-idle-reserved -> on-demand vm=495
[t=   1622.0175][DISPATCH              ] wf=44 task=1287 planned=vm14 no-idle-reserved -> on-demand vm=496
[t=   1622.0175][DISPATCH              ] wf=44 task=1288 planned=vm49 no-idle-reserved -> on-demand vm=497
[t=   1622.0175][DISPATCH              ] wf=44 task=1289 planned=vm49 no-idle-reserved -> on-demand vm=498
[t=   1622.0175][DISPATCH              ] wf=44 task=1290 planned=vm49 no-idle-reserved -> on-demand vm=499
[t=   1622.0175][DISPATCH              ] wf=44 task=1291 planned=vm37 no-idle-reserved -> on-demand vm=500
[t=   1622.0175][DISPATCH              ] wf=44 task=1292 planned=vm43 no-idle-reserved -> on-demand vm=501
[t=   1622.0175][DISPATCH              ] wf=44 task=1295 planned=vm25 no-idle-reserved -> on-demand vm=502
[t=   1622.0175][DISPATCH              ] wf=44 task=1296 planned=vm49 no-idle-reserved -> on-demand vm=503
[t=   1622.0175][DISPATCH              ] wf=44 task=1297 planned=vm47 no-idle-reserved -> on-demand vm=504
[t=   1622.0175][DISPATCH              ] wf=44 task=1298 planned=vm29 no-idle-reserved -> on-demand vm=505
[t=   1622.0175][DISPATCH              ] wf=44 task=1299 planned=vm23 no-idle-reserved -> on-demand vm=506
[t=   1622.0175][DISPATCH              ] wf=44 task=1300 planned=vm42 no-idle-reserved -> on-demand vm=507
[t=   1622.0175][DISPATCH              ] wf=44 task=1301 planned=vm26 no-idle-reserved -> on-demand vm=508
[t=   1622.0175][DISPATCH              ] wf=44 task=1302 planned=vm28 no-idle-reserved -> on-demand vm=509
[t=   1622.0175][DISPATCH              ] wf=44 task=1303 planned=vm49 no-idle-reserved -> on-demand vm=510
[t=   1622.0175][DISPATCH              ] wf=44 task=1304 planned=vm15 no-idle-reserved -> on-demand vm=511
[t=   1622.0175][DISPATCH              ] wf=44 task=1305 planned=vm26 no-idle-reserved -> on-demand vm=512
[t=   1622.1175][DISPATCH              ] wf=44 task=1271 planned=vm23 no-idle-reserved -> on-demand vm=482
[t=   1622.1175][DISPATCH              ] wf=44 task=1272 planned=vm49 no-idle-reserved -> on-demand vm=483
[t=   1622.1175][DISPATCH              ] wf=44 task=1273 planned=vm25 no-idle-reserved -> on-demand vm=484
[t=   1622.1175][DISPATCH              ] wf=44 task=1274 planned=vm22 no-idle-reserved -> on-demand vm=485
[t=   1622.1175][DISPATCH              ] wf=44 task=1275 planned=vm45 no-idle-reserved -> on-demand vm=486
[t=   1622.1175][DISPATCH              ] wf=44 task=1276 planned=vm49 no-idle-reserved -> on-demand vm=487
[t=   1622.1175][DISPATCH              ] wf=44 task=1277 planned=vm9 no-idle-reserved -> on-demand vm=488
[t=   1622.1175][DISPATCH              ] wf=44 task=1278 planned=vm29 no-idle-reserved -> on-demand vm=489
[t=   1622.1175][DISPATCH              ] wf=44 task=1279 planned=vm7 no-idle-reserved -> on-demand vm=490
[t=   1622.1175][DISPATCH              ] wf=44 task=1282 planned=vm49 no-idle-reserved -> on-demand vm=491
[t=   1622.1175][DISPATCH              ] wf=44 task=1283 planned=vm49 no-idle-reserved -> on-demand vm=492
[t=   1622.1175][DISPATCH              ] wf=44 task=1284 planned=vm49 no-idle-reserved -> on-demand vm=493
[t=   1622.1175][DISPATCH              ] wf=44 task=1285 planned=vm49 no-idle-reserved -> on-demand vm=494
[t=   1622.1175][DISPATCH              ] wf=44 task=1286 planned=vm49 no-idle-reserved -> on-demand vm=495
[t=   1622.1175][DISPATCH              ] wf=44 task=1287 planned=vm14 no-idle-reserved -> on-demand vm=496
[t=   1622.1175][DISPATCH              ] wf=44 task=1288 planned=vm49 no-idle-reserved -> on-demand vm=497
[t=   1622.1175][DISPATCH              ] wf=44 task=1289 planned=vm49 no-idle-reserved -> on-demand vm=498
[t=   1622.1175][DISPATCH              ] wf=44 task=1290 planned=vm49 no-idle-reserved -> on-demand vm=499
[t=   1622.1175][DISPATCH              ] wf=44 task=1291 planned=vm37 no-idle-reserved -> on-demand vm=500
[t=   1622.1175][DISPATCH              ] wf=44 task=1292 planned=vm43 no-idle-reserved -> on-demand vm=501
[t=   1622.1175][DISPATCH              ] wf=44 task=1295 planned=vm25 no-idle-reserved -> on-demand vm=502
[t=   1622.1175][DISPATCH              ] wf=44 task=1296 planned=vm49 no-idle-reserved -> on-demand vm=503
[t=   1622.1175][DISPATCH              ] wf=44 task=1297 planned=vm47 no-idle-reserved -> on-demand vm=504
[t=   1622.1175][DISPATCH              ] wf=44 task=1298 planned=vm29 no-idle-reserved -> on-demand vm=505
[t=   1622.1175][DISPATCH              ] wf=44 task=1299 planned=vm23 no-idle-reserved -> on-demand vm=506
[t=   1622.1175][DISPATCH              ] wf=44 task=1300 planned=vm42 no-idle-reserved -> on-demand vm=507
[t=   1622.1175][DISPATCH              ] wf=44 task=1301 planned=vm26 no-idle-reserved -> on-demand vm=508
[t=   1622.1175][DISPATCH              ] wf=44 task=1302 planned=vm28 no-idle-reserved -> on-demand vm=509
[t=   1622.1175][DISPATCH              ] wf=44 task=1303 planned=vm49 no-idle-reserved -> on-demand vm=510
[t=   1622.1175][DISPATCH              ] wf=44 task=1304 planned=vm15 no-idle-reserved -> on-demand vm=511
[t=   1622.1175][DISPATCH              ] wf=44 task=1305 planned=vm26 no-idle-reserved -> on-demand vm=512
[t=   1623.6145][TASK-COMPLETE         ] task=1190 wf=41 vm=35(reserved) actualCPU=43.3215s
[t=   1625.8195][TASK-COMPLETE         ] task=933 wf=32 vm=14(reserved) actualCPU=92.5932s
[t=   1625.8195][DISPATCH              ] wf=32 task=945 planned=vm13 BUSY -> advanced to vm=14
[t=   1626.2985][TASK-COMPLETE         ] task=10 wf=0 vm=1(reserved) actualCPU=299.4710s
[t=   1626.2985][DISPATCH              ] wf=0 task=11 planned=vm2 BUSY -> advanced to vm=1
[t=   1626.7225][TASK-COMPLETE         ] task=1023 wf=35 vm=382(on-demand) actualCPU=299.6868s cost=$0.271217
[t=   1626.7225][DISPATCH              ] wf=35 task=1033 planned=vm9 BUSY -> advanced to vm=35
[t=   1626.8090][TASK-COMPLETE         ] task=896 wf=31 vm=8(reserved) actualCPU=247.1610s
[t=   1627.5895][TASK-COMPLETE         ] task=903 wf=31 vm=45(reserved) actualCPU=247.9415s
[t=   1629.6705][TASK-COMPLETE         ] task=911 wf=31 vm=440(on-demand) actualCPU=249.9225s cost=$0.226180
[t=   1629.8885][TASK-COMPLETE         ] task=443 wf=15 vm=15(reserved) actualCPU=210.2225s
[t=   1629.8885][DISPATCH              ] wf=15 task=444 planned=vm5 BUSY -> advanced to vm=8
[t=   1631.4695][TASK-COMPLETE         ] task=1131 wf=38 vm=434(on-demand) actualCPU=276.9480s cost=$0.250638
[t=   1631.5690][TASK-COMPLETE         ] task=913 wf=31 vm=442(on-demand) actualCPU=251.8210s cost=$0.227898
[t=   1632.8450][TASK-COMPLETE         ] task=1191 wf=41 vm=37(reserved) actualCPU=52.5521s
[t=   1633.8480][TASK-COMPLETE         ] task=1156 wf=40 vm=5(reserved) actualCPU=113.7957s
[t=   1633.8480][DISPATCH              ] wf=40 task=1157 planned=vm14 BUSY -> advanced to vm=5
[t=   1633.8480][DISPATCH              ] wf=40 task=1158 planned=vm23 BUSY -> advanced to vm=15
[t=   1633.8480][DISPATCH              ] wf=40 task=1159 planned=vm49 BUSY -> advanced to vm=37
[t=   1633.8480][DISPATCH              ] wf=40 task=1160 planned=vm4 BUSY -> advanced to vm=45
[t=   1633.8480][DISPATCH              ] wf=40 task=1161 planned=vm38 no-idle-reserved -> on-demand vm=513
[t=   1633.8480][DISPATCH              ] wf=40 task=1162 planned=vm7 no-idle-reserved -> on-demand vm=514
[t=   1633.8480][DISPATCH              ] wf=40 task=1163 planned=vm6 no-idle-reserved -> on-demand vm=515
[t=   1633.8480][DISPATCH              ] wf=40 task=1164 planned=vm9 no-idle-reserved -> on-demand vm=516
[t=   1633.8480][DISPATCH              ] wf=40 task=1165 planned=vm3 no-idle-reserved -> on-demand vm=517
[t=   1633.8480][DISPATCH              ] wf=40 task=1166 planned=vm14 no-idle-reserved -> on-demand vm=518
[t=   1633.8480][DISPATCH              ] wf=40 task=1167 planned=vm13 no-idle-reserved -> on-demand vm=519
[t=   1633.8480][DISPATCH              ] wf=40 task=1168 planned=vm5 no-idle-reserved -> on-demand vm=520
[t=   1633.8480][DISPATCH              ] wf=40 task=1169 planned=vm12 no-idle-reserved -> on-demand vm=521
[t=   1633.8480][DISPATCH              ] wf=40 task=1170 planned=vm34 no-idle-reserved -> on-demand vm=522
[t=   1633.8480][DISPATCH              ] wf=40 task=1171 planned=vm31 no-idle-reserved -> on-demand vm=523
[t=   1633.8480][DISPATCH              ] wf=40 task=1172 planned=vm3 no-idle-reserved -> on-demand vm=524
[t=   1633.8480][DISPATCH              ] wf=40 task=1173 planned=vm8 no-idle-reserved -> on-demand vm=525
[t=   1633.8480][DISPATCH              ] wf=40 task=1174 planned=vm30 no-idle-reserved -> on-demand vm=526
[t=   1633.8480][DISPATCH              ] wf=40 task=1175 planned=vm28 no-idle-reserved -> on-demand vm=527
[t=   1633.8480][DISPATCH              ] wf=40 task=1176 planned=vm4 no-idle-reserved -> on-demand vm=528
[t=   1633.8480][DISPATCH              ] wf=40 task=1177 planned=vm5 no-idle-reserved -> on-demand vm=529
[t=   1633.9480][DISPATCH              ] wf=40 task=1161 planned=vm38 no-idle-reserved -> on-demand vm=513
[t=   1633.9480][DISPATCH              ] wf=40 task=1162 planned=vm7 no-idle-reserved -> on-demand vm=514
[t=   1633.9480][DISPATCH              ] wf=40 task=1163 planned=vm6 no-idle-reserved -> on-demand vm=515
[t=   1633.9480][DISPATCH              ] wf=40 task=1164 planned=vm9 no-idle-reserved -> on-demand vm=516
[t=   1633.9480][DISPATCH              ] wf=40 task=1165 planned=vm3 no-idle-reserved -> on-demand vm=517
[t=   1633.9480][DISPATCH              ] wf=40 task=1166 planned=vm14 no-idle-reserved -> on-demand vm=518
[t=   1633.9480][DISPATCH              ] wf=40 task=1167 planned=vm13 no-idle-reserved -> on-demand vm=519
[t=   1633.9480][DISPATCH              ] wf=40 task=1168 planned=vm5 no-idle-reserved -> on-demand vm=520
[t=   1633.9480][DISPATCH              ] wf=40 task=1169 planned=vm12 no-idle-reserved -> on-demand vm=521
[t=   1633.9480][DISPATCH              ] wf=40 task=1170 planned=vm34 no-idle-reserved -> on-demand vm=522
[t=   1633.9480][DISPATCH              ] wf=40 task=1171 planned=vm31 no-idle-reserved -> on-demand vm=523
[t=   1633.9480][DISPATCH              ] wf=40 task=1172 planned=vm3 no-idle-reserved -> on-demand vm=524
[t=   1633.9480][DISPATCH              ] wf=40 task=1173 planned=vm8 no-idle-reserved -> on-demand vm=525
[t=   1633.9480][DISPATCH              ] wf=40 task=1174 planned=vm30 no-idle-reserved -> on-demand vm=526
[t=   1633.9480][DISPATCH              ] wf=40 task=1175 planned=vm28 no-idle-reserved -> on-demand vm=527
[t=   1633.9480][DISPATCH              ] wf=40 task=1176 planned=vm4 no-idle-reserved -> on-demand vm=528
[t=   1633.9480][DISPATCH              ] wf=40 task=1177 planned=vm5 no-idle-reserved -> on-demand vm=529
[t=   1634.3800][TASK-COMPLETE         ] task=1268 wf=44 vm=36(reserved) actualCPU=12.3625s
[t=   1634.5920][TASK-COMPLETE         ] task=1219 wf=42 vm=27(reserved) actualCPU=25.8516s
[t=   1634.5920][DISPATCH              ] wf=42 task=1220 planned=vm12 BUSY -> advanced to vm=27
[t=   1634.8990][TASK-COMPLETE         ] task=1187 wf=41 vm=29(reserved) actualCPU=54.6061s
[t=   1635.2210][TASK-COMPLETE         ] task=991 wf=34 vm=407(on-demand) actualCPU=194.6250s cost=$0.176136
[t=   1641.1050][TASK-COMPLETE         ] task=960 wf=33 vm=20(reserved) actualCPU=283.2005s
[t=   1641.1050][DISPATCH              ] wf=33 task=961 planned=vm17 BUSY -> advanced to vm=20
[t=   1642.8510][TASK-COMPLETE         ] task=1217 wf=41 vm=480(on-demand) actualCPU=62.4581s cost=$0.056525
[t=   1643.7160][TASK-COMPLETE         ] task=1106 wf=38 vm=19(reserved) actualCPU=59.5657s
[t=   1648.0190][TASK-COMPLETE         ] task=1122 wf=38 vm=425(on-demand) actualCPU=293.4975s cost=$0.265615
[t=   1648.3020][TASK-COMPLETE         ] task=1129 wf=38 vm=432(on-demand) actualCPU=293.7805s cost=$0.265871
[t=   1649.3430][TASK-COMPLETE         ] task=1020 wf=35 vm=44(reserved) actualCPU=92.5937s
[t=   1649.3430][DISPATCH              ] wf=35 task=1032 planned=vm30 BUSY -> advanced to vm=19
[t=   1650.5320][TASK-COMPLETE         ] task=1078 wf=37 vm=458(on-demand) actualCPU=194.6250s cost=$0.176136
[t=   1652.4890][TASK-COMPLETE         ] task=1271 wf=44 vm=482(on-demand) actualCPU=30.3715s cost=$0.027486
[t=   1652.8040][TASK-COMPLETE         ] task=946 wf=32 vm=18(reserved) actualCPU=49.5047s
[t=   1653.3870][TASK-COMPLETE         ] task=787 wf=27 vm=17(reserved) actualCPU=215.2350s
[t=   1653.3870][DISPATCH              ] wf=27 task=788 planned=vm6 BUSY -> advanced to vm=44
[t=   1654.2080][TASK-COMPLETE         ] task=1110 wf=38 vm=415(on-demand) actualCPU=299.6865s cost=$0.271216
[t=   1654.2080][DISPATCH              ] wf=38 task=1120 planned=vm6 BUSY -> advanced to vm=17
[t=   1657.4820][TASK-COMPLETE         ] task=986 wf=34 vm=48(reserved) actualCPU=216.8860s
[t=   1658.4940][TASK-COMPLETE         ] task=1220 wf=42 vm=27(reserved) actualCPU=23.9020s
[t=   1658.4940][DISPATCH              ] wf=42 task=1221 planned=vm20 BUSY -> advanced to vm=18
[t=   1658.9970][TASK-COMPLETE         ] task=1287 wf=44 vm=496(on-demand) actualCPU=36.8795s cost=$0.033376
[t=   1662.2150][TASK-COMPLETE         ] task=1047 wf=36 vm=9(reserved) actualCPU=283.2006s
[t=   1662.2150][DISPATCH              ] wf=36 task=1048 planned=vm18 BUSY -> advanced to vm=9
[t=   1663.2830][TASK-COMPLETE         ] task=1188 wf=41 vm=31(reserved) actualCPU=82.9901s
[t=   1665.1070][TASK-COMPLETE         ] task=902 wf=31 vm=40(reserved) actualCPU=285.4590s
[t=   1665.4390][TASK-COMPLETE         ] task=1277 wf=44 vm=488(on-demand) actualCPU=43.3215s cost=$0.039206
[t=   1667.3270][TASK-COMPLETE         ] task=1205 wf=41 vm=435(on-demand) actualCPU=87.0341s cost=$0.078766
[t=   1672.1180][TASK-COMPLETE         ] task=898 wf=31 vm=34(reserved) actualCPU=292.4700s
[t=   1672.1180][DISPATCH              ] wf=31 task=917 planned=vm10 BUSY -> advanced to vm=27
[t=   1672.6930][TASK-COMPLETE         ] task=1073 wf=37 vm=423(on-demand) actualCPU=216.8860s cost=$0.196282
[t=   1672.7320][TASK-COMPLETE         ] task=1212 wf=41 vm=475(on-demand) actualCPU=92.3390s cost=$0.083567
[t=   1673.5510][TASK-COMPLETE         ] task=616 wf=21 vm=3(reserved) actualCPU=120.6756s
[t=   1673.5510][DISPATCH              ] wf=21 task=617 planned=vm13 BUSY -> advanced to vm=3
[t=   1674.6000][TASK-COMPLETE         ] task=1186 wf=41 vm=30(reserved) actualCPU=94.3070s
[t=   1674.6705][TASK-COMPLETE         ] task=1278 wf=44 vm=489(on-demand) actualCPU=52.5530s cost=$0.047560
[t=   1674.8465][TASK-COMPLETE         ] task=1192 wf=41 vm=38(reserved) actualCPU=94.5535s
[t=   1676.2275][TASK-COMPLETE         ] task=1033 wf=35 vm=35(reserved) actualCPU=49.5050s
[t=   1676.7245][TASK-COMPLETE         ] task=1274 wf=44 vm=485(on-demand) actualCPU=54.6070s cost=$0.049419
[t=   1676.7444][TASK-COMPLETE         ] task=1107 wf=38 vm=24(reserved) actualCPU=92.5940s
[t=   1676.7444][DISPATCH              ] wf=38 task=1119 planned=vm37 BUSY -> advanced to vm=24
[t=   1678.4044][TASK-COMPLETE         ] task=530 wf=18 vm=11(reserved) actualCPU=210.2224s
[t=   1678.4044][DISPATCH              ] wf=18 task=531 -> vm=11 (planned reserved, was idle)
[t=   1679.8422][NEGOTIATE             ] wf=45 tasks=24 arrivalTime=1679.8422 deadline=5656.1826 cp=3313.6040 BETA*cp=3644.9644 slack=3976.3404 -> ACCEPTED
[t=   1679.8422][DISPATCH              ] wf=45 task=1306 planned=vm22 BUSY -> advanced to vm=38
[t=   1680.1339][NEGOTIATE             ] wf=46 tasks=23 arrivalTime=1680.1339 deadline=2242.0411 cp=468.2550 BETA*cp=515.0805 slack=561.9072 -> ACCEPTED
[t=   1680.1339][DISPATCH              ] wf=46 task=1330 planned=vm10 BUSY -> advanced to vm=29
[t=   1680.3649][TASK-COMPLETE         ] task=11 wf=0 vm=1(reserved) actualCPU=54.0663s
[t=   1680.3649][DISPATCH              ] wf=0 task=12 -> vm=1 (planned reserved, was idle)
[t=   1684.5759][TASK-COMPLETE         ] task=1304 wf=44 vm=511(on-demand) actualCPU=62.4583s cost=$0.056525
[t=   1684.6464][TASK-COMPLETE         ] task=702 wf=24 vm=12(reserved) actualCPU=140.8640s
[t=   1684.6464][DISPATCH              ] wf=24 task=703 planned=vm15 BUSY -> advanced to vm=12
[t=   1687.7464][TASK-COMPLETE         ] task=1173 wf=40 vm=525(on-demand) actualCPU=53.7983s cost=$0.048687
[t=   1687.7570][TASK-COMPLETE         ] task=983 wf=34 vm=6(reserved) actualCPU=247.1610s
[t=   1688.5374][TASK-COMPLETE         ] task=990 wf=34 vm=404(on-demand) actualCPU=247.9414s cost=$0.224387
[t=   1689.0744][TASK-COMPLETE         ] task=97 wf=3 vm=21(reserved) actualCPU=299.4703s
[t=   1689.0744][DISPATCH              ] wf=3 task=98 planned=vm2 BUSY -> advanced to vm=6
[t=   1689.8704][TASK-COMPLETE         ] task=788 wf=27 vm=44(reserved) actualCPU=36.4833s
[t=   1689.8704][DISPATCH              ] wf=27 task=789 planned=vm16 BUSY -> advanced to vm=21
[t=   1689.8930][TASK-COMPLETE         ] task=1185 wf=41 vm=28(reserved) actualCPU=109.6000s
[t=   1690.6184][TASK-COMPLETE         ] task=998 wf=34 vm=449(on-demand) actualCPU=249.9224s cost=$0.226180
[t=   1692.5164][TASK-COMPLETE         ] task=1000 wf=34 vm=451(on-demand) actualCPU=251.8204s cost=$0.227897
[t=   1694.9074][TASK-COMPLETE         ] task=1214 wf=41 vm=477(on-demand) actualCPU=114.5144s cost=$0.103636
[t=   1696.6954][TASK-COMPLETE         ] task=1215 wf=41 vm=478(on-demand) actualCPU=116.3024s cost=$0.105254
[t=   1700.7764][TASK-COMPLETE         ] task=1177 wf=40 vm=529(on-demand) actualCPU=66.8283s cost=$0.060480
[t=   1701.6414][TASK-COMPLETE         ] task=1189 wf=41 vm=33(reserved) actualCPU=121.3484s
[t=   1702.9674][TASK-COMPLETE         ] task=1070 wf=37 vm=26(reserved) actualCPU=247.1604s
[t=   1703.7124][TASK-COMPLETE         ] task=1120 wf=38 vm=17(reserved) actualCPU=49.5043s
[t=   1703.8484][TASK-COMPLETE         ] task=1077 wf=37 vm=457(on-demand) actualCPU=247.9414s cost=$0.224387
[t=   1704.8714][TASK-COMPLETE         ] task=1211 wf=41 vm=474(on-demand) actualCPU=124.4784s cost=$0.112653
[t=   1705.1084][TASK-COMPLETE         ] task=1275 wf=44 vm=486(on-demand) actualCPU=82.9908s cost=$0.075107
[t=   1705.6934][TASK-COMPLETE         ] task=1306 wf=45 vm=38(reserved) actualCPU=25.8511s
[t=   1705.6934][DISPATCH              ] wf=45 task=1307 planned=vm11 BUSY -> advanced to vm=17
[t=   1705.8294][TASK-COMPLETE         ] task=1085 wf=37 vm=465(on-demand) actualCPU=249.9224s cost=$0.226180
[t=   1707.7274][TASK-COMPLETE         ] task=1087 wf=37 vm=467(on-demand) actualCPU=251.8204s cost=$0.227897
[t=   1709.1524][TASK-COMPLETE         ] task=1292 wf=44 vm=501(on-demand) actualCPU=87.0348s cost=$0.078767
[t=   1714.4564][TASK-COMPLETE         ] task=1299 wf=44 vm=506(on-demand) actualCPU=92.3388s cost=$0.083567
[t=   1715.4921][NEGOTIATE             ] wf=47 tasks=40 arrivalTime=1715.4921 deadline=2278.4481 cp=469.1290 BETA*cp=516.0419 slack=562.9560 -> ACCEPTED
[t=   1715.4921][DISPATCH              ] wf=47 task=1353 planned=vm0 BUSY -> advanced to vm=26
[t=   1715.4921][DISPATCH              ] wf=47 task=1354 planned=vm0 BUSY -> advanced to vm=28
[t=   1715.4921][DISPATCH              ] wf=47 task=1355 planned=vm24 BUSY -> advanced to vm=30
[t=   1715.4921][DISPATCH              ] wf=47 task=1356 planned=vm0 BUSY -> advanced to vm=31
[t=   1715.4921][DISPATCH              ] wf=47 task=1357 planned=vm0 BUSY -> advanced to vm=33
[t=   1715.4921][DISPATCH              ] wf=47 task=1358 planned=vm17 BUSY -> advanced to vm=34
[t=   1715.4921][DISPATCH              ] wf=47 task=1359 planned=vm29 BUSY -> advanced to vm=35
[t=   1715.4921][DISPATCH              ] wf=47 task=1360 planned=vm21 BUSY -> advanced to vm=36
[t=   1715.4921][DISPATCH              ] wf=47 task=1361 planned=vm41 BUSY -> advanced to vm=38
[t=   1715.4921][DISPATCH              ] wf=47 task=1362 planned=vm6 BUSY -> advanced to vm=40
[t=   1715.4921][DISPATCH              ] wf=47 task=1363 planned=vm31 BUSY -> advanced to vm=44
[t=   1715.4921][DISPATCH              ] wf=47 task=1364 planned=vm12 BUSY -> advanced to vm=48
[t=   1715.4921][DISPATCH              ] wf=47 task=1365 planned=vm39 no-idle-reserved -> on-demand vm=530
[t=   1715.4921][DISPATCH              ] wf=47 task=1366 planned=vm24 no-idle-reserved -> on-demand vm=531
[t=   1715.4921][DISPATCH              ] wf=47 task=1369 planned=vm34 no-idle-reserved -> on-demand vm=532
[t=   1715.4921][DISPATCH              ] wf=47 task=1370 planned=vm5 no-idle-reserved -> on-demand vm=533
[t=   1715.4921][DISPATCH              ] wf=47 task=1371 planned=vm0 no-idle-reserved -> on-demand vm=534
[t=   1715.4921][DISPATCH              ] wf=47 task=1372 planned=vm0 no-idle-reserved -> on-demand vm=535
[t=   1715.4921][DISPATCH              ] wf=47 task=1373 planned=vm22 no-idle-reserved -> on-demand vm=536
[t=   1715.4921][DISPATCH              ] wf=47 task=1374 planned=vm11 no-idle-reserved -> on-demand vm=537
[t=   1715.4921][DISPATCH              ] wf=47 task=1375 planned=vm0 no-idle-reserved -> on-demand vm=538
[t=   1715.4921][DISPATCH              ] wf=47 task=1376 planned=vm8 no-idle-reserved -> on-demand vm=539
[t=   1715.4921][DISPATCH              ] wf=47 task=1377 planned=vm30 no-idle-reserved -> on-demand vm=540
[t=   1715.4921][DISPATCH              ] wf=47 task=1378 planned=vm6 no-idle-reserved -> on-demand vm=541
[t=   1715.4921][DISPATCH              ] wf=47 task=1379 planned=vm9 no-idle-reserved -> on-demand vm=542
[t=   1715.4921][DISPATCH              ] wf=47 task=1382 planned=vm45 no-idle-reserved -> on-demand vm=543
[t=   1715.4921][DISPATCH              ] wf=47 task=1383 planned=vm11 no-idle-reserved -> on-demand vm=544
[t=   1715.4921][DISPATCH              ] wf=47 task=1384 planned=vm2 no-idle-reserved -> on-demand vm=545
[t=   1715.4921][DISPATCH              ] wf=47 task=1385 planned=vm25 no-idle-reserved -> on-demand vm=546
[t=   1715.4921][DISPATCH              ] wf=47 task=1386 planned=vm10 no-idle-reserved -> on-demand vm=547
[t=   1715.4921][DISPATCH              ] wf=47 task=1387 planned=vm45 no-idle-reserved -> on-demand vm=548
[t=   1715.4921][DISPATCH              ] wf=47 task=1388 planned=vm22 no-idle-reserved -> on-demand vm=549
[t=   1715.4921][DISPATCH              ] wf=47 task=1389 planned=vm24 no-idle-reserved -> on-demand vm=550
[t=   1715.4921][DISPATCH              ] wf=47 task=1390 planned=vm23 no-idle-reserved -> on-demand vm=551
[t=   1715.4921][DISPATCH              ] wf=47 task=1391 planned=vm3 no-idle-reserved -> on-demand vm=552
[t=   1715.4921][DISPATCH              ] wf=47 task=1392 planned=vm2 no-idle-reserved -> on-demand vm=553
[t=   1715.5921][DISPATCH              ] wf=47 task=1365 planned=vm39 no-idle-reserved -> on-demand vm=530
[t=   1715.5921][DISPATCH              ] wf=47 task=1366 planned=vm24 no-idle-reserved -> on-demand vm=531
[t=   1715.5921][DISPATCH              ] wf=47 task=1369 planned=vm34 no-idle-reserved -> on-demand vm=532
[t=   1715.5921][DISPATCH              ] wf=47 task=1370 planned=vm5 no-idle-reserved -> on-demand vm=533
[t=   1715.5921][DISPATCH              ] wf=47 task=1371 planned=vm0 no-idle-reserved -> on-demand vm=534
[t=   1715.5921][DISPATCH              ] wf=47 task=1372 planned=vm0 no-idle-reserved -> on-demand vm=535
[t=   1715.5921][DISPATCH              ] wf=47 task=1373 planned=vm22 no-idle-reserved -> on-demand vm=536
[t=   1715.5921][DISPATCH              ] wf=47 task=1374 planned=vm11 no-idle-reserved -> on-demand vm=537
[t=   1715.5921][DISPATCH              ] wf=47 task=1375 planned=vm0 no-idle-reserved -> on-demand vm=538
[t=   1715.5921][DISPATCH              ] wf=47 task=1376 planned=vm8 no-idle-reserved -> on-demand vm=539
[t=   1715.5921][DISPATCH              ] wf=47 task=1377 planned=vm30 no-idle-reserved -> on-demand vm=540
[t=   1715.5921][DISPATCH              ] wf=47 task=1378 planned=vm6 no-idle-reserved -> on-demand vm=541
[t=   1715.5921][DISPATCH              ] wf=47 task=1379 planned=vm9 no-idle-reserved -> on-demand vm=542
[t=   1715.5921][DISPATCH              ] wf=47 task=1382 planned=vm45 no-idle-reserved -> on-demand vm=543
[t=   1715.5921][DISPATCH              ] wf=47 task=1383 planned=vm11 no-idle-reserved -> on-demand vm=544
[t=   1715.5921][DISPATCH              ] wf=47 task=1384 planned=vm2 no-idle-reserved -> on-demand vm=545
[t=   1715.5921][DISPATCH              ] wf=47 task=1385 planned=vm25 no-idle-reserved -> on-demand vm=546
[t=   1715.5921][DISPATCH              ] wf=47 task=1386 planned=vm10 no-idle-reserved -> on-demand vm=547
[t=   1715.5921][DISPATCH              ] wf=47 task=1387 planned=vm45 no-idle-reserved -> on-demand vm=548
[t=   1715.5921][DISPATCH              ] wf=47 task=1388 planned=vm22 no-idle-reserved -> on-demand vm=549
[t=   1715.5921][DISPATCH              ] wf=47 task=1389 planned=vm24 no-idle-reserved -> on-demand vm=550
[t=   1715.5921][DISPATCH              ] wf=47 task=1390 planned=vm23 no-idle-reserved -> on-demand vm=551
[t=   1715.5921][DISPATCH              ] wf=47 task=1391 planned=vm3 no-idle-reserved -> on-demand vm=552
[t=   1715.5921][DISPATCH              ] wf=47 task=1392 planned=vm2 no-idle-reserved -> on-demand vm=553
[t=   1716.4241][TASK-COMPLETE         ] task=1273 wf=44 vm=484(on-demand) actualCPU=94.3066s cost=$0.085347
[t=   1716.6711][TASK-COMPLETE         ] task=1279 wf=44 vm=490(on-demand) actualCPU=94.5536s cost=$0.085571
[t=   1717.6721][TASK-COMPLETE         ] task=270 wf=9 vm=0(reserved) actualCPU=231.0051s
[t=   1717.6721][DISPATCH              ] wf=9 task=271 planned=vm7 BUSY -> advanced to vm=0
[t=   1723.5071][TASK-COMPLETE         ] task=1204 wf=41 vm=433(on-demand) actualCPU=143.2141s cost=$0.129609
[t=   1725.3121][TASK-COMPLETE         ] task=1176 wf=40 vm=528(on-demand) actualCPU=91.3640s cost=$0.082684
[t=   1726.0541][TASK-COMPLETE         ] task=989 wf=34 vm=47(reserved) actualCPU=285.4581s
[t=   1726.2061][TASK-COMPLETE         ] task=1203 wf=41 vm=426(on-demand) actualCPU=145.9131s cost=$0.132051
[t=   1727.8551][TASK-COMPLETE         ] task=1355 wf=47 vm=30(reserved) actualCPU=12.3630s
[t=   1728.4521][TASK-COMPLETE         ] task=1243 wf=43 vm=25(reserved) actualCPU=113.7951s
[t=   1728.4521][DISPATCH              ] wf=43 task=1244 planned=vm49 BUSY -> advanced to vm=25
[t=   1728.4521][DISPATCH              ] wf=43 task=1245 planned=vm27 BUSY -> advanced to vm=30
[t=   1728.4521][DISPATCH              ] wf=43 task=1246 planned=vm1 BUSY -> advanced to vm=47
[t=   1728.4521][DISPATCH              ] wf=43 task=1247 planned=vm46 no-idle-reserved -> on-demand vm=554
[t=   1728.4521][DISPATCH              ] wf=43 task=1248 planned=vm39 no-idle-reserved -> on-demand vm=555
[t=   1728.4521][DISPATCH              ] wf=43 task=1249 planned=vm22 no-idle-reserved -> on-demand vm=556
[t=   1728.4521][DISPATCH              ] wf=43 task=1250 planned=vm48 no-idle-reserved -> on-demand vm=557
[t=   1728.4521][DISPATCH              ] wf=43 task=1251 planned=vm12 no-idle-reserved -> on-demand vm=558
[t=   1728.4521][DISPATCH              ] wf=43 task=1252 planned=vm41 no-idle-reserved -> on-demand vm=559
[t=   1728.4521][DISPATCH              ] wf=43 task=1253 planned=vm25 no-idle-reserved -> on-demand vm=560
[t=   1728.4521][DISPATCH              ] wf=43 task=1254 planned=vm24 no-idle-reserved -> on-demand vm=561
[t=   1728.4521][DISPATCH              ] wf=43 task=1255 planned=vm32 no-idle-reserved -> on-demand vm=562
[t=   1728.4521][DISPATCH              ] wf=43 task=1256 planned=vm33 no-idle-reserved -> on-demand vm=563
[t=   1728.4521][DISPATCH              ] wf=43 task=1257 planned=vm37 no-idle-reserved -> on-demand vm=564
[t=   1728.4521][DISPATCH              ] wf=43 task=1258 planned=vm36 no-idle-reserved -> on-demand vm=565
[t=   1728.4521][DISPATCH              ] wf=43 task=1259 planned=vm20 no-idle-reserved -> on-demand vm=566
[t=   1728.4521][DISPATCH              ] wf=43 task=1260 planned=vm8 no-idle-reserved -> on-demand vm=567
[t=   1728.4521][DISPATCH              ] wf=43 task=1261 planned=vm40 no-idle-reserved -> on-demand vm=568
[t=   1728.4521][DISPATCH              ] wf=43 task=1262 planned=vm35 no-idle-reserved -> on-demand vm=569
[t=   1728.4521][DISPATCH              ] wf=43 task=1263 planned=vm20 no-idle-reserved -> on-demand vm=570
[t=   1728.4521][DISPATCH              ] wf=43 task=1264 planned=vm21 no-idle-reserved -> on-demand vm=571
[t=   1728.5280][TASK-COMPLETE         ] task=1162 wf=40 vm=514(on-demand) actualCPU=94.5800s cost=$0.085595
[t=   1728.5280][DISPATCH              ] wf=43 task=1247 planned=vm46 no-idle-reserved -> on-demand vm=554
[t=   1728.5280][DISPATCH              ] wf=43 task=1248 planned=vm39 no-idle-reserved -> on-demand vm=555
[t=   1728.5280][DISPATCH              ] wf=43 task=1249 planned=vm22 no-idle-reserved -> on-demand vm=556
[t=   1728.5280][DISPATCH              ] wf=43 task=1250 planned=vm48 no-idle-reserved -> on-demand vm=557
[t=   1728.5280][DISPATCH              ] wf=43 task=1251 planned=vm12 no-idle-reserved -> on-demand vm=558
[t=   1728.5280][DISPATCH              ] wf=43 task=1252 planned=vm41 no-idle-reserved -> on-demand vm=559
[t=   1728.5280][DISPATCH              ] wf=43 task=1253 planned=vm25 no-idle-reserved -> on-demand vm=560
[t=   1728.5280][DISPATCH              ] wf=43 task=1254 planned=vm24 no-idle-reserved -> on-demand vm=561
[t=   1728.5280][DISPATCH              ] wf=43 task=1255 planned=vm32 no-idle-reserved -> on-demand vm=562
[t=   1728.5280][DISPATCH              ] wf=43 task=1256 planned=vm33 no-idle-reserved -> on-demand vm=563
[t=   1728.5280][DISPATCH              ] wf=43 task=1257 planned=vm37 no-idle-reserved -> on-demand vm=564
[t=   1728.5280][DISPATCH              ] wf=43 task=1258 planned=vm36 no-idle-reserved -> on-demand vm=565
[t=   1728.5280][DISPATCH              ] wf=43 task=1259 planned=vm20 no-idle-reserved -> on-demand vm=566
[t=   1728.5280][DISPATCH              ] wf=43 task=1260 planned=vm8 no-idle-reserved -> on-demand vm=567
[t=   1728.5280][DISPATCH              ] wf=43 task=1261 planned=vm40 no-idle-reserved -> on-demand vm=568
[t=   1728.5280][DISPATCH              ] wf=43 task=1262 planned=vm35 no-idle-reserved -> on-demand vm=569
[t=   1728.5280][DISPATCH              ] wf=43 task=1263 planned=vm20 no-idle-reserved -> on-demand vm=570
[t=   1728.5280][DISPATCH              ] wf=43 task=1264 planned=vm21 no-idle-reserved -> on-demand vm=571
[t=   1728.5521][DISPATCH              ] wf=43 task=1247 planned=vm46 no-idle-reserved -> on-demand vm=554
[t=   1728.5521][DISPATCH              ] wf=43 task=1248 planned=vm39 no-idle-reserved -> on-demand vm=555
[t=   1728.5521][DISPATCH              ] wf=43 task=1249 planned=vm22 no-idle-reserved -> on-demand vm=556
[t=   1728.5521][DISPATCH              ] wf=43 task=1250 planned=vm48 no-idle-reserved -> on-demand vm=557
[t=   1728.5521][DISPATCH              ] wf=43 task=1251 planned=vm12 no-idle-reserved -> on-demand vm=558
[t=   1728.5521][DISPATCH              ] wf=43 task=1252 planned=vm41 no-idle-reserved -> on-demand vm=559
[t=   1728.5521][DISPATCH              ] wf=43 task=1253 planned=vm25 no-idle-reserved -> on-demand vm=560
[t=   1728.5521][DISPATCH              ] wf=43 task=1254 planned=vm24 no-idle-reserved -> on-demand vm=561
[t=   1728.5521][DISPATCH              ] wf=43 task=1255 planned=vm32 no-idle-reserved -> on-demand vm=562
[t=   1728.5521][DISPATCH              ] wf=43 task=1256 planned=vm33 no-idle-reserved -> on-demand vm=563
[t=   1728.5521][DISPATCH              ] wf=43 task=1257 planned=vm37 no-idle-reserved -> on-demand vm=564
[t=   1728.5521][DISPATCH              ] wf=43 task=1258 planned=vm36 no-idle-reserved -> on-demand vm=565
[t=   1728.5521][DISPATCH              ] wf=43 task=1259 planned=vm20 no-idle-reserved -> on-demand vm=566
[t=   1728.5521][DISPATCH              ] wf=43 task=1260 planned=vm8 no-idle-reserved -> on-demand vm=567
[t=   1728.5521][DISPATCH              ] wf=43 task=1261 planned=vm40 no-idle-reserved -> on-demand vm=568
[t=   1728.5521][DISPATCH              ] wf=43 task=1262 planned=vm35 no-idle-reserved -> on-demand vm=569
[t=   1728.5521][DISPATCH              ] wf=43 task=1263 planned=vm20 no-idle-reserved -> on-demand vm=570
[t=   1728.5521][DISPATCH              ] wf=43 task=1264 planned=vm21 no-idle-reserved -> on-demand vm=571
[t=   1729.5950][TASK-COMPLETE         ] task=1307 wf=45 vm=17(reserved) actualCPU=23.9017s
[t=   1729.5950][DISPATCH              ] wf=45 task=1308 planned=vm21 BUSY -> advanced to vm=17
[t=   1729.8770][TASK-COMPLETE         ] task=1179 wf=41 vm=49(reserved) actualCPU=149.5841s
[t=   1731.7170][TASK-COMPLETE         ] task=1272 wf=44 vm=483(on-demand) actualCPU=109.5995s cost=$0.099188
[t=   1733.0650][TASK-COMPLETE         ] task=985 wf=34 vm=41(reserved) actualCPU=292.4690s
[t=   1733.0650][DISPATCH              ] wf=34 task=1004 planned=vm16 BUSY -> advanced to vm=41
[t=   1734.1070][TASK-COMPLETE         ] task=917 wf=31 vm=27(reserved) actualCPU=61.9890s
[t=   1734.1070][WF-COMPLETE           ] wf=31 completionTime=1734.1070 deadline=1827.7592 margin=93.6522 -> MET
[t=   1736.3140][TASK-COMPLETE         ] task=357 wf=12 vm=2(reserved) actualCPU=231.0050s
[t=   1736.3140][DISPATCH              ] wf=12 task=358 planned=vm8 BUSY -> advanced to vm=2
[t=   1736.6320][TASK-COMPLETE         ] task=1301 wf=44 vm=508(on-demand) actualCPU=114.5145s cost=$0.103636
[t=   1738.4200][TASK-COMPLETE         ] task=1302 wf=44 vm=509(on-demand) actualCPU=116.3025s cost=$0.105254
[t=   1741.3650][TASK-COMPLETE         ] task=1076 wf=37 vm=456(on-demand) actualCPU=285.4580s cost=$0.258340
[t=   1743.0290][TASK-COMPLETE         ] task=184 wf=6 vm=4(reserved) actualCPU=299.4700s
[t=   1743.0290][DISPATCH              ] wf=6 task=185 planned=vm1 BUSY -> advanced to vm=4
[t=   1743.1410][TASK-COMPLETE         ] task=98 wf=3 vm=6(reserved) actualCPU=54.0667s
[t=   1743.1410][DISPATCH              ] wf=3 task=99 planned=vm4 BUSY -> advanced to vm=6
[t=   1743.4660][TASK-COMPLETE         ] task=1276 wf=44 vm=487(on-demand) actualCPU=121.3485s cost=$0.109820
[t=   1745.8640][TASK-COMPLETE         ] task=1358 wf=47 vm=34(reserved) actualCPU=30.3720s
[t=   1746.2210][TASK-COMPLETE         ] task=1134 wf=39 vm=10(reserved) actualCPU=283.2000s
[t=   1746.2210][DISPATCH              ] wf=39 task=1135 planned=vm19 BUSY -> advanced to vm=10
[t=   1746.5960][TASK-COMPLETE         ] task=1298 wf=44 vm=505(on-demand) actualCPU=124.4785s cost=$0.112653
[t=   1748.2760][TASK-COMPLETE         ] task=1072 wf=37 vm=406(on-demand) actualCPU=292.4690s cost=$0.264684
[t=   1748.2760][DISPATCH              ] wf=37 task=1091 planned=vm10 BUSY -> advanced to vm=27
[t=   1748.4210][TASK-COMPLETE         ] task=1167 wf=40 vm=519(on-demand) actualCPU=114.4730s cost=$0.103598
[t=   1749.2590][TASK-COMPLETE         ] task=1180 wf=41 vm=7(reserved) actualCPU=168.9661s
[t=   1750.9930][TASK-COMPLETE         ] task=1166 wf=40 vm=518(on-demand) actualCPU=117.0450s cost=$0.105926
[t=   1752.4720][TASK-COMPLETE         ] task=1374 wf=47 vm=537(on-demand) actualCPU=36.8800s cost=$0.033376
[t=   1758.8140][TASK-COMPLETE         ] task=1364 wf=47 vm=48(reserved) actualCPU=43.3220s
[t=   1759.7541][NEGOTIATE             ] wf=48 tasks=24 arrivalTime=1759.7541 deadline=5736.0945 cp=3313.6040 BETA*cp=3644.9644 slack=3976.3404 -> ACCEPTED
[t=   1759.7541][DISPATCH              ] wf=48 task=1393 planned=vm11 BUSY -> advanced to vm=7
[t=   1764.9761][TASK-COMPLETE         ] task=1158 wf=40 vm=15(reserved) actualCPU=131.1281s
[t=   1765.3321][TASK-COMPLETE         ] task=1291 wf=44 vm=500(on-demand) actualCPU=143.2146s cost=$0.129609
[t=   1768.0311][TASK-COMPLETE         ] task=1290 wf=44 vm=499(on-demand) actualCPU=145.9136s cost=$0.132052
[t=   1768.1441][TASK-COMPLETE         ] task=1365 wf=47 vm=530(on-demand) actualCPU=52.5520s cost=$0.047560
[t=   1768.7861][TASK-COMPLETE         ] task=1213 wf=41 vm=476(on-demand) actualCPU=188.3931s cost=$0.170496
[t=   1769.9981][TASK-COMPLETE         ] task=1168 wf=40 vm=520(on-demand) actualCPU=136.0501s cost=$0.123125
[t=   1770.0991][TASK-COMPLETE         ] task=1361 wf=47 vm=38(reserved) actualCPU=54.6070s
[t=   1771.6021][TASK-COMPLETE         ] task=1266 wf=44 vm=16(reserved) actualCPU=149.5846s
[t=   1772.6401][TASK-COMPLETE         ] task=945 wf=32 vm=14(reserved) actualCPU=146.8206s
[t=   1772.6401][WF-COMPLETE           ] wf=32 completionTime=1772.6401 deadline=1866.4693 margin=93.8292 -> MET
[t=   1773.2921][TASK-COMPLETE         ] task=1183 wf=41 vm=23(reserved) actualCPU=192.9991s
[t=   1775.6991][TASK-COMPLETE         ] task=874 wf=30 vm=13(reserved) actualCPU=215.2357s
[t=   1775.6991][DISPATCH              ] wf=30 task=875 planned=vm7 BUSY -> advanced to vm=23
[t=   1776.5691][TASK-COMPLETE         ] task=1169 wf=40 vm=521(on-demand) actualCPU=142.6210s cost=$0.129072
[t=   1777.4351][TASK-COMPLETE         ] task=1175 wf=40 vm=527(on-demand) actualCPU=143.4870s cost=$0.129856
[t=   1778.0511][TASK-COMPLETE         ] task=1391 wf=47 vm=552(on-demand) actualCPU=62.4590s cost=$0.056525
[t=   1779.9631][TASK-COMPLETE         ] task=1171 wf=40 vm=523(on-demand) actualCPU=146.0150s cost=$0.132144
[t=   1780.8621][TASK-COMPLETE         ] task=1196 wf=41 vm=43(reserved) actualCPU=200.5691s
[t=   1781.0261][TASK-COMPLETE         ] task=1170 wf=40 vm=522(on-demand) actualCPU=147.0780s cost=$0.133106
[t=   1782.3511][TASK-COMPLETE         ] task=1260 wf=43 vm=567(on-demand) actualCPU=53.7990s cost=$0.048688
[t=   1783.3131][TASK-COMPLETE         ] task=1161 wf=40 vm=513(on-demand) actualCPU=149.3650s cost=$0.135175
[t=   1784.7531][TASK-COMPLETE         ] task=1202 wf=41 vm=420(on-demand) actualCPU=204.4601s cost=$0.185036
[t=   1785.6061][TASK-COMPLETE         ] task=1393 wf=48 vm=7(reserved) actualCPU=25.8520s
[t=   1785.6061][DISPATCH              ] wf=48 task=1394 planned=vm4 BUSY -> advanced to vm=7
[t=   1790.9841][TASK-COMPLETE         ] task=1267 wf=44 vm=32(reserved) actualCPU=168.9666s
[t=   1791.5681][TASK-COMPLETE         ] task=1199 wf=41 vm=403(on-demand) actualCPU=211.2751s cost=$0.191204
[t=   1793.9291][TASK-COMPLETE         ] task=1330 wf=46 vm=29(reserved) actualCPU=113.7952s
[t=   1793.9291][DISPATCH              ] wf=46 task=1331 planned=vm42 BUSY -> advanced to vm=13
[t=   1793.9291][DISPATCH              ] wf=46 task=1332 planned=vm31 BUSY -> advanced to vm=14
[t=   1793.9291][DISPATCH              ] wf=46 task=1333 planned=vm44 BUSY -> advanced to vm=15
[t=   1793.9291][DISPATCH              ] wf=46 task=1334 planned=vm15 BUSY -> advanced to vm=16
[t=   1793.9291][DISPATCH              ] wf=46 task=1335 planned=vm19 BUSY -> advanced to vm=29
[t=   1793.9291][DISPATCH              ] wf=46 task=1336 planned=vm6 BUSY -> advanced to vm=32
[t=   1793.9291][DISPATCH              ] wf=46 task=1337 planned=vm1 BUSY -> advanced to vm=34
[t=   1793.9291][DISPATCH              ] wf=46 task=1338 planned=vm47 BUSY -> advanced to vm=38
[t=   1793.9291][DISPATCH              ] wf=46 task=1339 planned=vm0 BUSY -> advanced to vm=43
[t=   1793.9291][DISPATCH              ] wf=46 task=1340 planned=vm19 BUSY -> advanced to vm=48
[t=   1793.9291][DISPATCH              ] wf=46 task=1341 planned=vm18 BUSY -> advanced to vm=49
[t=   1793.9291][DISPATCH              ] wf=46 task=1342 planned=vm0 no-idle-reserved -> on-demand vm=403
[t=   1793.9291][DISPATCH              ] wf=46 task=1343 planned=vm34 no-idle-reserved -> on-demand vm=572
[t=   1793.9291][DISPATCH              ] wf=46 task=1344 planned=vm18 no-idle-reserved -> on-demand vm=573
[t=   1793.9291][DISPATCH              ] wf=46 task=1345 planned=vm49 no-idle-reserved -> on-demand vm=574
[t=   1793.9291][DISPATCH              ] wf=46 task=1346 planned=vm21 no-idle-reserved -> on-demand vm=575
[t=   1793.9291][DISPATCH              ] wf=46 task=1347 planned=vm2 no-idle-reserved -> on-demand vm=576
[t=   1793.9291][DISPATCH              ] wf=46 task=1348 planned=vm38 no-idle-reserved -> on-demand vm=577
[t=   1793.9291][DISPATCH              ] wf=46 task=1349 planned=vm38 no-idle-reserved -> on-demand vm=578
[t=   1793.9291][DISPATCH              ] wf=46 task=1350 planned=vm12 no-idle-reserved -> on-demand vm=579
[t=   1793.9291][DISPATCH              ] wf=46 task=1351 planned=vm9 no-idle-reserved -> on-demand vm=580
[t=   1793.9860][TASK-COMPLETE         ] task=1210 wf=41 vm=473(on-demand) actualCPU=213.5930s cost=$0.193302
[t=   1793.9860][DISPATCH              ] wf=46 task=1343 planned=vm34 no-idle-reserved -> on-demand vm=572
[t=   1793.9860][DISPATCH              ] wf=46 task=1344 planned=vm18 no-idle-reserved -> on-demand vm=573
[t=   1793.9860][DISPATCH              ] wf=46 task=1345 planned=vm49 no-idle-reserved -> on-demand vm=574
[t=   1793.9860][DISPATCH              ] wf=46 task=1346 planned=vm21 no-idle-reserved -> on-demand vm=575
[t=   1793.9860][DISPATCH              ] wf=46 task=1347 planned=vm2 no-idle-reserved -> on-demand vm=576
[t=   1793.9860][DISPATCH              ] wf=46 task=1348 planned=vm38 no-idle-reserved -> on-demand vm=577
[t=   1793.9860][DISPATCH              ] wf=46 task=1349 planned=vm38 no-idle-reserved -> on-demand vm=578
[t=   1793.9860][DISPATCH              ] wf=46 task=1350 planned=vm12 no-idle-reserved -> on-demand vm=579
[t=   1793.9860][DISPATCH              ] wf=46 task=1351 planned=vm9 no-idle-reserved -> on-demand vm=580
[t=   1794.0291][DISPATCH              ] wf=46 task=1343 planned=vm34 no-idle-reserved -> on-demand vm=572
[t=   1794.0291][DISPATCH              ] wf=46 task=1344 planned=vm18 no-idle-reserved -> on-demand vm=573
[t=   1794.0291][DISPATCH              ] wf=46 task=1345 planned=vm49 no-idle-reserved -> on-demand vm=574
[t=   1794.0291][DISPATCH              ] wf=46 task=1346 planned=vm21 no-idle-reserved -> on-demand vm=575
[t=   1794.0291][DISPATCH              ] wf=46 task=1347 planned=vm2 no-idle-reserved -> on-demand vm=576
[t=   1794.0291][DISPATCH              ] wf=46 task=1348 planned=vm38 no-idle-reserved -> on-demand vm=577
[t=   1794.0291][DISPATCH              ] wf=46 task=1349 planned=vm38 no-idle-reserved -> on-demand vm=578
[t=   1794.0291][DISPATCH              ] wf=46 task=1350 planned=vm12 no-idle-reserved -> on-demand vm=579
[t=   1794.0291][DISPATCH              ] wf=46 task=1351 planned=vm9 no-idle-reserved -> on-demand vm=580
[t=   1795.0531][TASK-COMPLETE         ] task=1004 wf=34 vm=41(reserved) actualCPU=61.9880s
[t=   1795.0531][WF-COMPLETE           ] wf=34 completionTime=1795.0531 deadline=1888.7081 margin=93.6550 -> MET
[t=   1795.3811][TASK-COMPLETE         ] task=1264 wf=43 vm=571(on-demand) actualCPU=66.8290s cost=$0.060480
[t=   1796.1631][TASK-COMPLETE         ] task=1032 wf=35 vm=19(reserved) actualCPU=146.8200s
[t=   1796.1631][WF-COMPLETE           ] wf=35 completionTime=1796.1631 deadline=1889.8918 margin=93.7287 -> MET
[t=   1797.0951][TASK-COMPLETE         ] task=185 wf=6 vm=4(reserved) actualCPU=54.0660s
[t=   1797.0951][DISPATCH              ] wf=6 task=186 planned=vm6 BUSY -> advanced to vm=4
[t=   1797.1696][NEGOTIATE             ] wf=49 tasks=23 arrivalTime=1797.1696 deadline=2359.0768 cp=468.2550 BETA*cp=515.0805 slack=561.9072 -> ACCEPTED
[t=   1797.1696][DISPATCH              ] wf=49 task=1417 planned=vm37 BUSY -> advanced to vm=19
[t=   1798.4826][TASK-COMPLETE         ] task=1362 wf=47 vm=40(reserved) actualCPU=82.9906s
[t=   1802.6266][TASK-COMPLETE         ] task=1379 wf=47 vm=542(on-demand) actualCPU=87.0346s cost=$0.078766
[t=   1804.2883][NEGOTIATE             ] wf=50 tasks=40 arrivalTime=1804.2883 deadline=2367.2443 cp=469.1290 BETA*cp=516.0419 slack=562.9560 -> ACCEPTED
[t=   1804.2883][DISPATCH              ] wf=50 task=1440 planned=vm18 BUSY -> advanced to vm=40
[t=   1804.2883][DISPATCH              ] wf=50 task=1441 planned=vm18 BUSY -> advanced to vm=41
[t=   1804.2883][DISPATCH              ] wf=50 task=1442 planned=vm0 no-idle-reserved -> on-demand vm=581
[t=   1804.2883][DISPATCH              ] wf=50 task=1443 planned=vm18 no-idle-reserved -> on-demand vm=582
[t=   1804.2883][DISPATCH              ] wf=50 task=1444 planned=vm18 no-idle-reserved -> on-demand vm=583
[t=   1804.2883][DISPATCH              ] wf=50 task=1445 planned=vm12 no-idle-reserved -> on-demand vm=584
[t=   1804.2883][DISPATCH              ] wf=50 task=1446 planned=vm12 no-idle-reserved -> on-demand vm=585
[t=   1804.2883][DISPATCH              ] wf=50 task=1447 planned=vm4 no-idle-reserved -> on-demand vm=586
[t=   1804.2883][DISPATCH              ] wf=50 task=1448 planned=vm42 no-idle-reserved -> on-demand vm=587
[t=   1804.2883][DISPATCH              ] wf=50 task=1449 planned=vm43 no-idle-reserved -> on-demand vm=588
[t=   1804.2883][DISPATCH              ] wf=50 task=1450 planned=vm18 no-idle-reserved -> on-demand vm=589
[t=   1804.2883][DISPATCH              ] wf=50 task=1451 planned=vm17 no-idle-reserved -> on-demand vm=590
[t=   1804.2883][DISPATCH              ] wf=50 task=1452 planned=vm21 no-idle-reserved -> on-demand vm=591
[t=   1804.2883][DISPATCH              ] wf=50 task=1453 planned=vm3 no-idle-reserved -> on-demand vm=592
[t=   1804.2883][DISPATCH              ] wf=50 task=1456 planned=vm18 no-idle-reserved -> on-demand vm=593
[t=   1804.2883][DISPATCH              ] wf=50 task=1457 planned=vm16 no-idle-reserved -> on-demand vm=594
[t=   1804.2883][DISPATCH              ] wf=50 task=1458 planned=vm18 no-idle-reserved -> on-demand vm=595
[t=   1804.2883][DISPATCH              ] wf=50 task=1459 planned=vm18 no-idle-reserved -> on-demand vm=596
[t=   1804.2883][DISPATCH              ] wf=50 task=1460 planned=vm20 no-idle-reserved -> on-demand vm=597
[t=   1804.2883][DISPATCH              ] wf=50 task=1461 planned=vm12 no-idle-reserved -> on-demand vm=598
[t=   1804.2883][DISPATCH              ] wf=50 task=1462 planned=vm18 no-idle-reserved -> on-demand vm=599
[t=   1804.2883][DISPATCH              ] wf=50 task=1463 planned=vm39 no-idle-reserved -> on-demand vm=600
[t=   1804.2883][DISPATCH              ] wf=50 task=1464 planned=vm4 no-idle-reserved -> on-demand vm=601
[t=   1804.2883][DISPATCH              ] wf=50 task=1465 planned=vm48 no-idle-reserved -> on-demand vm=602
[t=   1804.2883][DISPATCH              ] wf=50 task=1466 planned=vm30 no-idle-reserved -> on-demand vm=603
[t=   1804.2883][DISPATCH              ] wf=50 task=1469 planned=vm1 no-idle-reserved -> on-demand vm=604
[t=   1804.2883][DISPATCH              ] wf=50 task=1470 planned=vm33 no-idle-reserved -> on-demand vm=605
[t=   1804.2883][DISPATCH              ] wf=50 task=1471 planned=vm46 no-idle-reserved -> on-demand vm=606
[t=   1804.2883][DISPATCH              ] wf=50 task=1472 planned=vm28 no-idle-reserved -> on-demand vm=607
[t=   1804.2883][DISPATCH              ] wf=50 task=1473 planned=vm23 no-idle-reserved -> on-demand vm=608
[t=   1804.2883][DISPATCH              ] wf=50 task=1474 planned=vm41 no-idle-reserved -> on-demand vm=609
[t=   1804.2883][DISPATCH              ] wf=50 task=1475 planned=vm26 no-idle-reserved -> on-demand vm=610
[t=   1804.2883][DISPATCH              ] wf=50 task=1476 planned=vm27 no-idle-reserved -> on-demand vm=611
[t=   1804.2883][DISPATCH              ] wf=50 task=1477 planned=vm8 no-idle-reserved -> on-demand vm=612
[t=   1804.2883][DISPATCH              ] wf=50 task=1478 planned=vm12 no-idle-reserved -> on-demand vm=613
[t=   1804.2883][DISPATCH              ] wf=50 task=1479 planned=vm32 no-idle-reserved -> on-demand vm=614
[t=   1804.3883][DISPATCH              ] wf=50 task=1442 planned=vm0 no-idle-reserved -> on-demand vm=581
[t=   1804.3883][DISPATCH              ] wf=50 task=1443 planned=vm18 no-idle-reserved -> on-demand vm=582
[t=   1804.3883][DISPATCH              ] wf=50 task=1444 planned=vm18 no-idle-reserved -> on-demand vm=583
[t=   1804.3883][DISPATCH              ] wf=50 task=1445 planned=vm12 no-idle-reserved -> on-demand vm=584
[t=   1804.3883][DISPATCH              ] wf=50 task=1446 planned=vm12 no-idle-reserved -> on-demand vm=585
[t=   1804.3883][DISPATCH              ] wf=50 task=1447 planned=vm4 no-idle-reserved -> on-demand vm=586
[t=   1804.3883][DISPATCH              ] wf=50 task=1448 planned=vm42 no-idle-reserved -> on-demand vm=587
[t=   1804.3883][DISPATCH              ] wf=50 task=1449 planned=vm43 no-idle-reserved -> on-demand vm=588
[t=   1804.3883][DISPATCH              ] wf=50 task=1450 planned=vm18 no-idle-reserved -> on-demand vm=589
[t=   1804.3883][DISPATCH              ] wf=50 task=1451 planned=vm17 no-idle-reserved -> on-demand vm=590
[t=   1804.3883][DISPATCH              ] wf=50 task=1452 planned=vm21 no-idle-reserved -> on-demand vm=591
[t=   1804.3883][DISPATCH              ] wf=50 task=1453 planned=vm3 no-idle-reserved -> on-demand vm=592
[t=   1804.3883][DISPATCH              ] wf=50 task=1456 planned=vm18 no-idle-reserved -> on-demand vm=593
[t=   1804.3883][DISPATCH              ] wf=50 task=1457 planned=vm16 no-idle-reserved -> on-demand vm=594
[t=   1804.3883][DISPATCH              ] wf=50 task=1458 planned=vm18 no-idle-reserved -> on-demand vm=595
[t=   1804.3883][DISPATCH              ] wf=50 task=1459 planned=vm18 no-idle-reserved -> on-demand vm=596
[t=   1804.3883][DISPATCH              ] wf=50 task=1460 planned=vm20 no-idle-reserved -> on-demand vm=597
[t=   1804.3883][DISPATCH              ] wf=50 task=1461 planned=vm12 no-idle-reserved -> on-demand vm=598
[t=   1804.3883][DISPATCH              ] wf=50 task=1462 planned=vm18 no-idle-reserved -> on-demand vm=599
[t=   1804.3883][DISPATCH              ] wf=50 task=1463 planned=vm39 no-idle-reserved -> on-demand vm=600
[t=   1804.3883][DISPATCH              ] wf=50 task=1464 planned=vm4 no-idle-reserved -> on-demand vm=601
[t=   1804.3883][DISPATCH              ] wf=50 task=1465 planned=vm48 no-idle-reserved -> on-demand vm=602
[t=   1804.3883][DISPATCH              ] wf=50 task=1466 planned=vm30 no-idle-reserved -> on-demand vm=603
[t=   1804.3883][DISPATCH              ] wf=50 task=1469 planned=vm1 no-idle-reserved -> on-demand vm=604
[t=   1804.3883][DISPATCH              ] wf=50 task=1470 planned=vm33 no-idle-reserved -> on-demand vm=605
[t=   1804.3883][DISPATCH              ] wf=50 task=1471 planned=vm46 no-idle-reserved -> on-demand vm=606
[t=   1804.3883][DISPATCH              ] wf=50 task=1472 planned=vm28 no-idle-reserved -> on-demand vm=607
[t=   1804.3883][DISPATCH              ] wf=50 task=1473 planned=vm23 no-idle-reserved -> on-demand vm=608
[t=   1804.3883][DISPATCH              ] wf=50 task=1474 planned=vm41 no-idle-reserved -> on-demand vm=609
[t=   1804.3883][DISPATCH              ] wf=50 task=1475 planned=vm26 no-idle-reserved -> on-demand vm=610
[t=   1804.3883][DISPATCH              ] wf=50 task=1476 planned=vm27 no-idle-reserved -> on-demand vm=611
[t=   1804.3883][DISPATCH              ] wf=50 task=1477 planned=vm8 no-idle-reserved -> on-demand vm=612
[t=   1804.3883][DISPATCH              ] wf=50 task=1478 planned=vm12 no-idle-reserved -> on-demand vm=613
[t=   1804.3883][DISPATCH              ] wf=50 task=1479 planned=vm32 no-idle-reserved -> on-demand vm=614
[t=   1805.3216][TASK-COMPLETE         ] task=703 wf=24 vm=12(reserved) actualCPU=120.6753s
[t=   1805.3216][DISPATCH              ] wf=24 task=704 planned=vm14 BUSY -> advanced to vm=12
[t=   1807.9306][TASK-COMPLETE         ] task=1386 wf=47 vm=547(on-demand) actualCPU=92.3386s cost=$0.083566
[t=   1809.5076][TASK-COMPLETE         ] task=1394 wf=48 vm=7(reserved) actualCPU=23.9016s
[t=   1809.5076][DISPATCH              ] wf=48 task=1395 planned=vm22 BUSY -> advanced to vm=7
[t=   1809.7986][TASK-COMPLETE         ] task=1360 wf=47 vm=36(reserved) actualCPU=94.3066s
[t=   1810.0066][TASK-COMPLETE         ] task=1182 wf=41 vm=22(reserved) actualCPU=229.7137s
[t=   1810.0066][DISPATCH              ] wf=41 task=1193 planned=vm10 BUSY -> advanced to vm=22
[t=   1810.0066][DISPATCH              ] wf=41 task=1194 planned=vm20 BUSY -> advanced to vm=36
[t=   1810.1456][TASK-COMPLETE         ] task=1366 wf=47 vm=531(on-demand) actualCPU=94.5536s cost=$0.085571
[t=   1810.2646][TASK-COMPLETE         ] task=1091 wf=37 vm=27(reserved) actualCPU=61.9886s
[t=   1810.2646][WF-COMPLETE           ] wf=37 completionTime=1810.2646 deadline=1903.9191 margin=93.6545 -> MET
[t=   1810.5106][TASK-COMPLETE         ] task=1300 wf=44 vm=507(on-demand) actualCPU=188.3931s cost=$0.170496
[t=   1812.1826][TASK-COMPLETE         ] task=875 wf=30 vm=23(reserved) actualCPU=36.4836s
[t=   1812.1826][DISPATCH              ] wf=30 task=876 planned=vm17 BUSY -> advanced to vm=23
[t=   1815.0166][TASK-COMPLETE         ] task=1270 wf=44 vm=416(on-demand) actualCPU=192.9991s cost=$0.174664
[t=   1816.7236][TASK-COMPLETE         ] task=1195 wf=41 vm=39(reserved) actualCPU=236.4307s
[t=   1816.7513][TASK-COMPLETE         ] task=1442 wf=50 vm=581(on-demand) actualCPU=12.3630s cost=$0.011189
[t=   1817.9053][TASK-COMPLETE         ] task=12 wf=0 vm=1(reserved) actualCPU=137.5404s
[t=   1817.9053][DISPATCH              ] wf=0 task=13 planned=vm0 BUSY -> advanced to vm=1
[t=   1819.5973][TASK-COMPLETE         ] task=1201 wf=41 vm=417(on-demand) actualCPU=239.3043s cost=$0.216570
[t=   1819.9163][TASK-COMPLETE         ] task=1263 wf=43 vm=570(on-demand) actualCPU=91.3642s cost=$0.082685
[t=   1821.1403][TASK-COMPLETE         ] task=1198 wf=41 vm=266(on-demand) actualCPU=240.8473s cost=$0.217967
[t=   1822.6873][TASK-COMPLETE         ] task=1283 wf=44 vm=492(on-demand) actualCPU=200.5697s cost=$0.181516
[t=   1823.1313][TASK-COMPLETE         ] task=1249 wf=43 vm=556(on-demand) actualCPU=94.5792s cost=$0.085594
[t=   1823.5653][TASK-COMPLETE         ] task=1119 wf=38 vm=24(reserved) actualCPU=146.8209s
[t=   1823.5653][WF-COMPLETE           ] wf=38 completionTime=1823.5653 deadline=1917.3775 margin=93.8122 -> MET
[t=   1825.0913][TASK-COMPLETE         ] task=1359 wf=47 vm=35(reserved) actualCPU=109.5992s
[t=   1826.5783][TASK-COMPLETE         ] task=1289 wf=44 vm=498(on-demand) actualCPU=204.4607s cost=$0.185037
[t=   1827.4293][TASK-COMPLETE         ] task=1208 wf=41 vm=471(on-demand) actualCPU=247.0363s cost=$0.223568
[t=   1828.5733][TASK-COMPLETE         ] task=1165 wf=40 vm=517(on-demand) actualCPU=194.6252s cost=$0.176136
[t=   1830.1063][TASK-COMPLETE         ] task=1388 wf=47 vm=549(on-demand) actualCPU=114.5142s cost=$0.103635
[t=   1830.7343][TASK-COMPLETE         ] task=789 wf=27 vm=21(reserved) actualCPU=140.8639s
[t=   1830.7343][DISPATCH              ] wf=27 task=790 planned=vm15 BUSY -> advanced to vm=21
[t=   1831.8943][TASK-COMPLETE         ] task=1389 wf=47 vm=550(on-demand) actualCPU=116.3022s cost=$0.105253
[t=   1833.3933][TASK-COMPLETE         ] task=1286 wf=44 vm=495(on-demand) actualCPU=211.2757s cost=$0.191205
[t=   1834.7603][TASK-COMPLETE         ] task=1445 wf=50 vm=584(on-demand) actualCPU=30.3720s cost=$0.027487
[t=   1835.7103][TASK-COMPLETE         ] task=1297 wf=44 vm=504(on-demand) actualCPU=213.5927s cost=$0.193301
[t=   1836.8403][TASK-COMPLETE         ] task=1363 wf=47 vm=44(reserved) actualCPU=121.3482s
[t=   1840.0703][TASK-COMPLETE         ] task=1385 wf=47 vm=546(on-demand) actualCPU=124.4782s cost=$0.112653
[t=   1841.2683][TASK-COMPLETE         ] task=1461 wf=50 vm=598(on-demand) actualCPU=36.8800s cost=$0.033376
[t=   1843.0243][TASK-COMPLETE         ] task=1254 wf=43 vm=561(on-demand) actualCPU=114.4722s cost=$0.103597
[t=   1845.5963][TASK-COMPLETE         ] task=1253 wf=43 vm=560(on-demand) actualCPU=117.0442s cost=$0.105925
[t=   1847.7103][TASK-COMPLETE         ] task=1451 wf=50 vm=590(on-demand) actualCPU=43.3220s cost=$0.039206
[t=   1847.8273][TASK-COMPLETE         ] task=1347 wf=46 vm=576(on-demand) actualCPU=53.7982s cost=$0.048687
[t=   1850.1368][NEGOTIATE             ] wf=51 tasks=24 arrivalTime=1850.1368 deadline=5826.4772 cp=3313.6040 BETA*cp=3644.9644 slack=3976.3404 -> ACCEPTED
[t=   1850.1368][DISPATCH              ] wf=51 task=1480 planned=vm0 BUSY -> advanced to vm=24
[t=   1850.7343][TASK-COMPLETE         ] task=1160 wf=40 vm=45(reserved) actualCPU=216.8862s
[t=   1851.7313][TASK-COMPLETE         ] task=1269 wf=44 vm=42(reserved) actualCPU=229.7137s
[t=   1851.7313][DISPATCH              ] wf=44 task=1280 planned=vm21 BUSY -> advanced to vm=27
[t=   1851.7313][DISPATCH              ] wf=44 task=1281 -> vm=44 (planned reserved, was idle)
[t=   1856.3403][TASK-COMPLETE         ] task=961 wf=33 vm=20(reserved) actualCPU=215.2352s
[t=   1856.3403][DISPATCH              ] wf=33 task=962 planned=vm4 BUSY -> advanced to vm=20
[t=   1856.9413][TASK-COMPLETE         ] task=1452 wf=50 vm=591(on-demand) actualCPU=52.5530s cost=$0.047560
[t=   1857.3413][TASK-COMPLETE         ] task=1218 wf=41 vm=481(on-demand) actualCPU=276.9483s cost=$0.250638
[t=   1858.5483][TASK-COMPLETE         ] task=1282 wf=44 vm=491(on-demand) actualCPU=236.4307s cost=$0.213970
[t=   1858.8063][TASK-COMPLETE         ] task=1378 wf=47 vm=541(on-demand) actualCPU=143.2142s cost=$0.129609
[t=   1858.9953][TASK-COMPLETE         ] task=1448 wf=50 vm=587(on-demand) actualCPU=54.6070s cost=$0.049419
[t=   1859.5803][TASK-COMPLETE         ] task=1245 wf=43 vm=30(reserved) actualCPU=131.1282s
[t=   1860.8573][TASK-COMPLETE         ] task=1351 wf=46 vm=580(on-demand) actualCPU=66.8282s cost=$0.060480
[t=   1860.8945][TASK-COMPLETE         ] task=444 wf=15 vm=8(reserved) actualCPU=231.0060s
[t=   1860.8945][DISPATCH              ] wf=15 task=445 planned=vm9 BUSY -> advanced to vm=8
[t=   1861.4223][TASK-COMPLETE         ] task=1288 wf=44 vm=497(on-demand) actualCPU=239.3047s cost=$0.216571
[t=   1861.5061][TASK-COMPLETE         ] task=1377 wf=47 vm=540(on-demand) actualCPU=145.9140s cost=$0.132052
[t=   1862.9651][TASK-COMPLETE         ] task=1285 wf=44 vm=494(on-demand) actualCPU=240.8476s cost=$0.217967
[t=   1864.6031][TASK-COMPLETE         ] task=1255 wf=43 vm=562(on-demand) actualCPU=136.0510s cost=$0.123126
[t=   1865.0771][TASK-COMPLETE         ] task=1353 wf=47 vm=26(reserved) actualCPU=149.5850s
[t=   1866.8471][TASK-COMPLETE         ] task=1478 wf=50 vm=613(on-demand) actualCPU=62.4588s cost=$0.056525
[t=   1869.1541][TASK-COMPLETE         ] task=1295 wf=44 vm=502(on-demand) actualCPU=247.0366s cost=$0.223568
[t=   1869.5721][TASK-COMPLETE         ] task=1193 wf=41 vm=22(reserved) actualCPU=59.5654s
[t=   1871.1741][TASK-COMPLETE         ] task=1256 wf=43 vm=563(on-demand) actualCPU=142.6220s cost=$0.129073
[t=   1872.0401][TASK-COMPLETE         ] task=1262 wf=43 vm=569(on-demand) actualCPU=143.4880s cost=$0.129857
[t=   1873.8901][TASK-COMPLETE         ] task=1209 wf=41 vm=472(on-demand) actualCPU=293.4971s cost=$0.265615
[t=   1874.1731][TASK-COMPLETE         ] task=1216 wf=41 vm=479(on-demand) actualCPU=293.7801s cost=$0.265871
[t=   1874.5681][TASK-COMPLETE         ] task=1258 wf=43 vm=565(on-demand) actualCPU=146.0160s cost=$0.132144
[t=   1875.6311][TASK-COMPLETE         ] task=1257 wf=43 vm=564(on-demand) actualCPU=147.0790s cost=$0.133106
[t=   1875.9881][TASK-COMPLETE         ] task=1480 wf=51 vm=24(reserved) actualCPU=25.8513s
[t=   1875.9881][DISPATCH              ] wf=51 task=1481 planned=vm7 BUSY -> advanced to vm=22
[t=   1877.4501][TASK-COMPLETE         ] task=1048 wf=36 vm=9(reserved) actualCPU=215.2350s
[t=   1877.4501][DISPATCH              ] wf=36 task=1049 planned=vm6 BUSY -> advanced to vm=9
[t=   1877.9181][TASK-COMPLETE         ] task=1248 wf=43 vm=555(on-demand) actualCPU=149.3660s cost=$0.135176
[t=   1879.9791][TASK-COMPLETE         ] task=1197 wf=41 vm=46(reserved) actualCPU=299.6861s
[t=   1879.9791][DISPATCH              ] wf=41 task=1207 planned=vm0 BUSY -> advanced to vm=24
[t=   1880.6811][TASK-COMPLETE         ] task=99 wf=3 vm=6(reserved) actualCPU=137.5400s
[t=   1880.6811][DISPATCH              ] wf=3 task=100 planned=vm3 BUSY -> advanced to vm=6
[t=   1881.0081][TASK-COMPLETE         ] task=1157 wf=40 vm=5(reserved) actualCPU=247.1600s
[t=   1881.8891][TASK-COMPLETE         ] task=1164 wf=40 vm=516(on-demand) actualCPU=247.9410s cost=$0.224387
[t=   1883.7731][TASK-COMPLETE         ] task=617 wf=21 vm=3(reserved) actualCPU=210.2221s
[t=   1883.7731][DISPATCH              ] wf=21 task=618 planned=vm12 BUSY -> advanced to vm=3
[t=   1883.8710][TASK-COMPLETE         ] task=1172 wf=40 vm=524(on-demand) actualCPU=249.9230s cost=$0.226180
[t=   1884.4590][TASK-COMPLETE         ] task=1354 wf=47 vm=28(reserved) actualCPU=168.9670s
[t=   1885.3940][TASK-COMPLETE         ] task=1350 wf=46 vm=579(on-demand) actualCPU=91.3650s cost=$0.082685
[t=   1885.7690][TASK-COMPLETE         ] task=1174 wf=40 vm=526(on-demand) actualCPU=251.8210s cost=$0.227898
[t=   1887.3790][TASK-COMPLETE         ] task=1449 wf=50 vm=588(on-demand) actualCPU=82.9908s cost=$0.075107
[t=   1888.5090][TASK-COMPLETE         ] task=1336 wf=46 vm=32(reserved) actualCPU=94.5800s
[t=   1891.4230][TASK-COMPLETE         ] task=1466 wf=50 vm=603(on-demand) actualCPU=87.0348s cost=$0.078766
[t=   1892.8240][TASK-COMPLETE         ] task=962 wf=33 vm=20(reserved) actualCPU=36.4838s
[t=   1892.8240][DISPATCH              ] wf=33 task=963 planned=vm1 BUSY -> advanced to vm=5
[t=   1896.7270][TASK-COMPLETE         ] task=1473 wf=50 vm=608(on-demand) actualCPU=92.3388s cost=$0.083567
[t=   1898.6950][TASK-COMPLETE         ] task=1447 wf=50 vm=586(on-demand) actualCPU=94.3068s cost=$0.085348
[t=   1898.9420][TASK-COMPLETE         ] task=1453 wf=50 vm=592(on-demand) actualCPU=94.5538s cost=$0.085571
[t=   1899.0660][TASK-COMPLETE         ] task=1305 wf=44 vm=512(on-demand) actualCPU=276.9485s cost=$0.250638
[t=   1899.8900][TASK-COMPLETE         ] task=1481 wf=51 vm=22(reserved) actualCPU=23.9020s
[t=   1899.8900][DISPATCH              ] wf=51 task=1482 planned=vm23 BUSY -> advanced to vm=20
[t=   1902.6000][TASK-COMPLETE         ] task=1194 wf=41 vm=36(reserved) actualCPU=92.5934s
[t=   1902.6000][DISPATCH              ] wf=41 task=1206 planned=vm17 BUSY -> advanced to vm=22
[t=   1903.9860][TASK-COMPLETE         ] task=1387 wf=47 vm=548(on-demand) actualCPU=188.3940s cost=$0.170497
[t=   1908.4020][TASK-COMPLETE         ] task=1341 wf=46 vm=49(reserved) actualCPU=114.4730s
[t=   1908.4921][TASK-COMPLETE         ] task=1357 wf=47 vm=33(reserved) actualCPU=193.0000s
[t=   1909.4100][TASK-COMPLETE         ] task=531 wf=18 vm=11(reserved) actualCPU=231.0057s
[t=   1909.4100][DISPATCH              ] wf=18 task=532 planned=vm10 BUSY -> advanced to vm=11
[t=   1910.9650][TASK-COMPLETE         ] task=1417 wf=49 vm=19(reserved) actualCPU=113.7954s
[t=   1910.9650][DISPATCH              ] wf=49 task=1418 planned=vm23 BUSY -> advanced to vm=19
[t=   1910.9650][DISPATCH              ] wf=49 task=1419 planned=vm16 BUSY -> advanced to vm=26
[t=   1910.9650][DISPATCH              ] wf=49 task=1420 -> vm=36 (planned reserved, was idle)
[t=   1910.9650][DISPATCH              ] wf=49 task=1421 planned=vm16 BUSY -> advanced to vm=28
[t=   1910.9650][DISPATCH              ] wf=49 task=1422 planned=vm37 BUSY -> advanced to vm=30
[t=   1910.9650][DISPATCH              ] wf=49 task=1423 planned=vm1 BUSY -> advanced to vm=32
[t=   1910.9650][DISPATCH              ] wf=49 task=1424 planned=vm21 BUSY -> advanced to vm=33
[t=   1910.9650][DISPATCH              ] wf=49 task=1425 planned=vm9 BUSY -> advanced to vm=35
[t=   1910.9650][DISPATCH              ] wf=49 task=1426 planned=vm1 BUSY -> advanced to vm=39
[t=   1910.9650][DISPATCH              ] wf=49 task=1427 planned=vm14 BUSY -> advanced to vm=42
[t=   1910.9650][DISPATCH              ] wf=49 task=1428 planned=vm4 BUSY -> advanced to vm=45
[t=   1910.9650][DISPATCH              ] wf=49 task=1429 planned=vm32 BUSY -> advanced to vm=46
[t=   1910.9650][DISPATCH              ] wf=49 task=1430 planned=vm33 BUSY -> advanced to vm=49
[t=   1910.9650][DISPATCH              ] wf=49 task=1431 planned=vm36 no-idle-reserved -> on-demand vm=266
[t=   1910.9650][DISPATCH              ] wf=49 task=1432 planned=vm3 no-idle-reserved -> on-demand vm=615
[t=   1910.9650][DISPATCH              ] wf=49 task=1433 planned=vm27 no-idle-reserved -> on-demand vm=616
[t=   1910.9650][DISPATCH              ] wf=49 task=1434 planned=vm4 no-idle-reserved -> on-demand vm=617
[t=   1910.9650][DISPATCH              ] wf=49 task=1435 planned=vm35 no-idle-reserved -> on-demand vm=618
[t=   1910.9650][DISPATCH              ] wf=49 task=1436 planned=vm35 no-idle-reserved -> on-demand vm=619
[t=   1910.9650][DISPATCH              ] wf=49 task=1437 planned=vm9 no-idle-reserved -> on-demand vm=620
[t=   1910.9650][DISPATCH              ] wf=49 task=1438 planned=vm6 no-idle-reserved -> on-demand vm=621
[t=   1911.0650][DISPATCH              ] wf=49 task=1432 planned=vm3 no-idle-reserved -> on-demand vm=615
[t=   1911.0650][DISPATCH              ] wf=49 task=1433 planned=vm27 no-idle-reserved -> on-demand vm=616
[t=   1911.0650][DISPATCH              ] wf=49 task=1434 planned=vm4 no-idle-reserved -> on-demand vm=617
[t=   1911.0650][DISPATCH              ] wf=49 task=1435 planned=vm35 no-idle-reserved -> on-demand vm=618
[t=   1911.0650][DISPATCH              ] wf=49 task=1436 planned=vm35 no-idle-reserved -> on-demand vm=619
[t=   1911.0650][DISPATCH              ] wf=49 task=1437 planned=vm9 no-idle-reserved -> on-demand vm=620
[t=   1911.0650][DISPATCH              ] wf=49 task=1438 planned=vm6 no-idle-reserved -> on-demand vm=621
[t=   1911.0650][TASK-COMPLETE         ] task=1340 wf=46 vm=48(reserved) actualCPU=117.1360s
[t=   1911.2970][TASK-COMPLETE         ] task=1280 wf=44 vm=27(reserved) actualCPU=59.5658s
[t=   1913.9340][TASK-COMPLETE         ] task=1049 wf=36 vm=9(reserved) actualCPU=36.4840s
[t=   1913.9340][DISPATCH              ] wf=36 task=1050 planned=vm16 BUSY -> advanced to vm=9
[t=   1913.9883][TASK-COMPLETE         ] task=1446 wf=50 vm=585(on-demand) actualCPU=109.6000s cost=$0.099188
[t=   1915.6150][TASK-COMPLETE         ] task=1296 wf=44 vm=503(on-demand) actualCPU=293.4975s cost=$0.265615
[t=   1915.8980][TASK-COMPLETE         ] task=1303 wf=44 vm=510(on-demand) actualCPU=293.7805s cost=$0.265871
[t=   1916.1620][TASK-COMPLETE         ] task=1370 wf=47 vm=533(on-demand) actualCPU=200.5700s cost=$0.181516
[t=   1918.9030][TASK-COMPLETE         ] task=1475 wf=50 vm=610(on-demand) actualCPU=114.5148s cost=$0.103636
[t=   1919.4070][TASK-COMPLETE         ] task=1163 wf=40 vm=515(on-demand) actualCPU=285.4590s cost=$0.258340
[t=   1920.0530][TASK-COMPLETE         ] task=1376 wf=47 vm=539(on-demand) actualCPU=204.4610s cost=$0.185037
[t=   1920.6910][TASK-COMPLETE         ] task=1476 wf=50 vm=611(on-demand) actualCPU=116.3028s cost=$0.105254
[t=   1921.8040][TASK-COMPLETE         ] task=1284 wf=44 vm=493(on-demand) actualCPU=299.6865s cost=$0.271216
[t=   1921.8040][DISPATCH              ] wf=44 task=1294 planned=vm6 BUSY -> advanced to vm=27
[t=   1923.1780][TASK-COMPLETE         ] task=1252 wf=43 vm=559(on-demand) actualCPU=194.6260s cost=$0.176136
[t=   1925.0580][TASK-COMPLETE         ] task=1332 wf=46 vm=14(reserved) actualCPU=131.1290s
[t=   1925.7370][TASK-COMPLETE         ] task=1450 wf=50 vm=589(on-demand) actualCPU=121.3488s cost=$0.109821
[t=   1926.3180][TASK-COMPLETE         ] task=1159 wf=40 vm=37(reserved) actualCPU=292.4700s
[t=   1926.3180][DISPATCH              ] wf=40 task=1178 planned=vm5 BUSY -> advanced to vm=14
[t=   1926.8680][TASK-COMPLETE         ] task=1373 wf=47 vm=536(on-demand) actualCPU=211.2760s cost=$0.191205
[t=   1928.8670][TASK-COMPLETE         ] task=1472 wf=50 vm=607(on-demand) actualCPU=124.4788s cost=$0.112653
[t=   1929.1850][TASK-COMPLETE         ] task=1384 wf=47 vm=545(on-demand) actualCPU=213.5930s cost=$0.193302
[t=   1929.4840][TASK-COMPLETE         ] task=1207 wf=41 vm=24(reserved) actualCPU=49.5050s
[t=   1929.9800][TASK-COMPLETE         ] task=1342 wf=46 vm=403(on-demand) actualCPU=136.0510s cost=$0.123126
[t=   1934.6360][TASK-COMPLETE         ] task=186 wf=6 vm=4(reserved) actualCPU=137.5410s
[t=   1934.6360][DISPATCH              ] wf=6 task=187 planned=vm5 BUSY -> advanced to vm=4
[t=   1936.6510][TASK-COMPLETE         ] task=1343 wf=46 vm=572(on-demand) actualCPU=142.6220s cost=$0.129073
[t=   1937.3318][NEGOTIATE             ] wf=52 tasks=23 arrivalTime=1937.3318 deadline=2499.2390 cp=468.2550 BETA*cp=515.0805 slack=561.9072 -> ACCEPTED
[t=   1937.3318][DISPATCH              ] wf=52 task=1504 planned=vm7 BUSY -> advanced to vm=24
[t=   1937.5168][TASK-COMPLETE         ] task=1349 wf=46 vm=578(on-demand) actualCPU=143.4877s cost=$0.129856
[t=   1937.7619][NEGOTIATE             ] wf=53 tasks=40 arrivalTime=1937.7619 deadline=2500.7179 cp=469.1290 BETA*cp=516.0419 slack=562.9560 -> ACCEPTED
[t=   1937.7619][DISPATCH              ] wf=53 task=1527 planned=vm29 BUSY -> advanced to vm=37
[t=   1937.7619][DISPATCH              ] wf=53 task=1528 planned=vm29 BUSY -> advanced to vm=48
[t=   1937.7619][DISPATCH              ] wf=53 task=1529 planned=vm3 no-idle-reserved -> on-demand vm=403
[t=   1937.7619][DISPATCH              ] wf=53 task=1530 planned=vm29 no-idle-reserved -> on-demand vm=622
[t=   1937.7619][DISPATCH              ] wf=53 task=1531 planned=vm29 no-idle-reserved -> on-demand vm=623
[t=   1937.7619][DISPATCH              ] wf=53 task=1532 planned=vm6 no-idle-reserved -> on-demand vm=624
[t=   1937.7619][DISPATCH              ] wf=53 task=1533 planned=vm19 no-idle-reserved -> on-demand vm=625
[t=   1937.7619][DISPATCH              ] wf=53 task=1534 planned=vm43 no-idle-reserved -> on-demand vm=626
[t=   1937.7619][DISPATCH              ] wf=53 task=1535 planned=vm36 no-idle-reserved -> on-demand vm=627
[t=   1937.7619][DISPATCH              ] wf=53 task=1536 planned=vm39 no-idle-reserved -> on-demand vm=628
[t=   1937.7619][DISPATCH              ] wf=53 task=1537 planned=vm29 no-idle-reserved -> on-demand vm=629
[t=   1937.7619][DISPATCH              ] wf=53 task=1538 planned=vm11 no-idle-reserved -> on-demand vm=630
[t=   1937.7619][DISPATCH              ] wf=53 task=1539 planned=vm10 no-idle-reserved -> on-demand vm=631
[t=   1937.7619][DISPATCH              ] wf=53 task=1540 planned=vm18 no-idle-reserved -> on-demand vm=632
[t=   1937.7619][DISPATCH              ] wf=53 task=1543 planned=vm29 no-idle-reserved -> on-demand vm=633
[t=   1937.7619][DISPATCH              ] wf=53 task=1544 planned=vm40 no-idle-reserved -> on-demand vm=634
[t=   1937.7619][DISPATCH              ] wf=53 task=1545 planned=vm29 no-idle-reserved -> on-demand vm=635
[t=   1937.7619][DISPATCH              ] wf=53 task=1546 planned=vm29 no-idle-reserved -> on-demand vm=636
[t=   1937.7619][DISPATCH              ] wf=53 task=1547 planned=vm29 no-idle-reserved -> on-demand vm=637
[t=   1937.7619][DISPATCH              ] wf=53 task=1548 planned=vm26 no-idle-reserved -> on-demand vm=638
[t=   1937.7619][DISPATCH              ] wf=53 task=1549 planned=vm29 no-idle-reserved -> on-demand vm=639
[t=   1937.7619][DISPATCH              ] wf=53 task=1550 planned=vm46 no-idle-reserved -> on-demand vm=640
[t=   1937.7619][DISPATCH              ] wf=53 task=1551 planned=vm5 no-idle-reserved -> on-demand vm=641
[t=   1937.7619][DISPATCH              ] wf=53 task=1552 planned=vm49 no-idle-reserved -> on-demand vm=642
[t=   1937.7619][DISPATCH              ] wf=53 task=1553 planned=vm24 no-idle-reserved -> on-demand vm=643
[t=   1937.7619][DISPATCH              ] wf=53 task=1556 planned=vm47 no-idle-reserved -> on-demand vm=644
[t=   1937.7619][DISPATCH              ] wf=53 task=1557 planned=vm9 no-idle-reserved -> on-demand vm=645
[t=   1937.7619][DISPATCH              ] wf=53 task=1558 planned=vm42 no-idle-reserved -> on-demand vm=646
[t=   1937.7619][DISPATCH              ] wf=53 task=1559 planned=vm27 no-idle-reserved -> on-demand vm=647
[t=   1937.7619][DISPATCH              ] wf=53 task=1560 planned=vm16 no-idle-reserved -> on-demand vm=648
[t=   1937.7619][DISPATCH              ] wf=53 task=1561 planned=vm40 no-idle-reserved -> on-demand vm=649
[t=   1937.7619][DISPATCH              ] wf=53 task=1562 planned=vm24 no-idle-reserved -> on-demand vm=650
[t=   1937.7619][DISPATCH              ] wf=53 task=1563 planned=vm25 no-idle-reserved -> on-demand vm=651
[t=   1937.7619][DISPATCH              ] wf=53 task=1564 planned=vm28 no-idle-reserved -> on-demand vm=652
[t=   1937.7619][DISPATCH              ] wf=53 task=1565 planned=vm11 no-idle-reserved -> on-demand vm=653
[t=   1937.7619][DISPATCH              ] wf=53 task=1566 planned=vm10 no-idle-reserved -> on-demand vm=654
[t=   1937.8619][DISPATCH              ] wf=53 task=1530 planned=vm29 no-idle-reserved -> on-demand vm=622
[t=   1937.8619][DISPATCH              ] wf=53 task=1531 planned=vm29 no-idle-reserved -> on-demand vm=623
[t=   1937.8619][DISPATCH              ] wf=53 task=1532 planned=vm6 no-idle-reserved -> on-demand vm=624
[t=   1937.8619][DISPATCH              ] wf=53 task=1533 planned=vm19 no-idle-reserved -> on-demand vm=625
[t=   1937.8619][DISPATCH              ] wf=53 task=1534 planned=vm43 no-idle-reserved -> on-demand vm=626
[t=   1937.8619][DISPATCH              ] wf=53 task=1535 planned=vm36 no-idle-reserved -> on-demand vm=627
[t=   1937.8619][DISPATCH              ] wf=53 task=1536 planned=vm39 no-idle-reserved -> on-demand vm=628
[t=   1937.8619][DISPATCH              ] wf=53 task=1537 planned=vm29 no-idle-reserved -> on-demand vm=629
[t=   1937.8619][DISPATCH              ] wf=53 task=1538 planned=vm11 no-idle-reserved -> on-demand vm=630
[t=   1937.8619][DISPATCH              ] wf=53 task=1539 planned=vm10 no-idle-reserved -> on-demand vm=631
[t=   1937.8619][DISPATCH              ] wf=53 task=1540 planned=vm18 no-idle-reserved -> on-demand vm=632
[t=   1937.8619][DISPATCH              ] wf=53 task=1543 planned=vm29 no-idle-reserved -> on-demand vm=633
[t=   1937.8619][DISPATCH              ] wf=53 task=1544 planned=vm40 no-idle-reserved -> on-demand vm=634
[t=   1937.8619][DISPATCH              ] wf=53 task=1545 planned=vm29 no-idle-reserved -> on-demand vm=635
[t=   1937.8619][DISPATCH              ] wf=53 task=1546 planned=vm29 no-idle-reserved -> on-demand vm=636
[t=   1937.8619][DISPATCH              ] wf=53 task=1547 planned=vm29 no-idle-reserved -> on-demand vm=637
[t=   1937.8619][DISPATCH              ] wf=53 task=1548 planned=vm26 no-idle-reserved -> on-demand vm=638
[t=   1937.8619][DISPATCH              ] wf=53 task=1549 planned=vm29 no-idle-reserved -> on-demand vm=639
[t=   1937.8619][DISPATCH              ] wf=53 task=1550 planned=vm46 no-idle-reserved -> on-demand vm=640
[t=   1937.8619][DISPATCH              ] wf=53 task=1551 planned=vm5 no-idle-reserved -> on-demand vm=641
[t=   1937.8619][DISPATCH              ] wf=53 task=1552 planned=vm49 no-idle-reserved -> on-demand vm=642
[t=   1937.8619][DISPATCH              ] wf=53 task=1553 planned=vm24 no-idle-reserved -> on-demand vm=643
[t=   1937.8619][DISPATCH              ] wf=53 task=1556 planned=vm47 no-idle-reserved -> on-demand vm=644
[t=   1937.8619][DISPATCH              ] wf=53 task=1557 planned=vm9 no-idle-reserved -> on-demand vm=645
[t=   1937.8619][DISPATCH              ] wf=53 task=1558 planned=vm42 no-idle-reserved -> on-demand vm=646
[t=   1937.8619][DISPATCH              ] wf=53 task=1559 planned=vm27 no-idle-reserved -> on-demand vm=647
[t=   1937.8619][DISPATCH              ] wf=53 task=1560 planned=vm16 no-idle-reserved -> on-demand vm=648
[t=   1937.8619][DISPATCH              ] wf=53 task=1561 planned=vm40 no-idle-reserved -> on-demand vm=649
[t=   1937.8619][DISPATCH              ] wf=53 task=1562 planned=vm24 no-idle-reserved -> on-demand vm=650
[t=   1937.8619][DISPATCH              ] wf=53 task=1563 planned=vm25 no-idle-reserved -> on-demand vm=651
[t=   1937.8619][DISPATCH              ] wf=53 task=1564 planned=vm28 no-idle-reserved -> on-demand vm=652
[t=   1937.8619][DISPATCH              ] wf=53 task=1565 planned=vm11 no-idle-reserved -> on-demand vm=653
[t=   1937.8619][DISPATCH              ] wf=53 task=1566 planned=vm10 no-idle-reserved -> on-demand vm=654
[t=   1940.0448][TASK-COMPLETE         ] task=1345 wf=46 vm=574(on-demand) actualCPU=146.0157s cost=$0.132144
[t=   1941.1078][TASK-COMPLETE         ] task=1344 wf=46 vm=573(on-demand) actualCPU=147.0787s cost=$0.133106
[t=   1941.6948][TASK-COMPLETE         ] task=1221 wf=42 vm=18(reserved) actualCPU=283.2007s
[t=   1941.6948][DISPATCH              ] wf=42 task=1222 planned=vm20 BUSY -> advanced to vm=18
[t=   1943.2948][TASK-COMPLETE         ] task=1335 wf=46 vm=29(reserved) actualCPU=149.3657s
[t=   1944.3248][TASK-COMPLETE         ] task=1281 wf=44 vm=44(reserved) actualCPU=92.5935s
[t=   1944.3248][DISPATCH              ] wf=44 task=1293 planned=vm30 BUSY -> advanced to vm=29
[t=   1945.2058][TASK-COMPLETE         ] task=1356 wf=47 vm=31(reserved) actualCPU=229.7137s
[t=   1945.2058][DISPATCH              ] wf=47 task=1367 planned=vm2 BUSY -> advanced to vm=31
[t=   1945.2058][DISPATCH              ] wf=47 task=1368 planned=vm40 BUSY -> advanced to vm=44
[t=   1945.4388][TASK-COMPLETE         ] task=1247 wf=43 vm=554(on-demand) actualCPU=216.8867s cost=$0.196282
[t=   1947.6028][TASK-COMPLETE         ] task=1465 wf=50 vm=602(on-demand) actualCPU=143.2145s cost=$0.129609
[t=   1950.1248][TASK-COMPLETE         ] task=1529 wf=53 vm=403(on-demand) actualCPU=12.3628s cost=$0.011188
[t=   1950.3018][TASK-COMPLETE         ] task=1464 wf=50 vm=601(on-demand) actualCPU=145.9135s cost=$0.132052
[t=   1951.4098][TASK-COMPLETE         ] task=790 wf=27 vm=21(reserved) actualCPU=120.6755s
[t=   1951.4098][DISPATCH              ] wf=27 task=791 planned=vm2 BUSY -> advanced to vm=21
[t=   1952.0228][TASK-COMPLETE         ] task=1369 wf=47 vm=532(on-demand) actualCPU=236.4307s cost=$0.213970
[t=   1952.7983][NEGOTIATE             ] wf=54 tasks=24 arrivalTime=1952.7983 deadline=5929.1387 cp=3313.6040 BETA*cp=3644.9644 slack=3976.3404 -> ACCEPTED
[t=   1952.7983][DISPATCH              ] wf=54 task=1567 planned=vm22 no-idle-reserved -> on-demand vm=403
[t=   1953.0458][TASK-COMPLETE         ] task=876 wf=30 vm=23(reserved) actualCPU=140.8631s
[t=   1953.0458][DISPATCH              ] wf=30 task=877 planned=vm8 BUSY -> advanced to vm=23
[t=   1953.8728][TASK-COMPLETE         ] task=1440 wf=50 vm=40(reserved) actualCPU=149.5845s
[t=   1954.8968][TASK-COMPLETE         ] task=1375 wf=47 vm=538(on-demand) actualCPU=239.3047s cost=$0.216571
[t=   1956.4398][TASK-COMPLETE         ] task=1372 wf=47 vm=535(on-demand) actualCPU=240.8477s cost=$0.217967
[t=   1961.4568][TASK-COMPLETE         ] task=1135 wf=39 vm=10(reserved) actualCPU=215.2357s
[t=   1961.4568][DISPATCH              ] wf=39 task=1136 planned=vm17 BUSY -> advanced to vm=10
[t=   1962.6288][TASK-COMPLETE         ] task=1382 wf=47 vm=543(on-demand) actualCPU=247.0367s cost=$0.223568
[t=   1964.8638][TASK-COMPLETE         ] task=1434 wf=49 vm=617(on-demand) actualCPU=53.7987s cost=$0.048688
[t=   1968.2338][TASK-COMPLETE         ] task=1532 wf=53 vm=624(on-demand) actualCPU=30.3718s cost=$0.027487
[t=   1971.3088][TASK-COMPLETE         ] task=1294 wf=44 vm=27(reserved) actualCPU=49.5047s
[t=   1973.2548][TASK-COMPLETE         ] task=1441 wf=50 vm=41(reserved) actualCPU=168.9665s
[t=   1974.7418][TASK-COMPLETE         ] task=1548 wf=53 vm=638(on-demand) actualCPU=36.8798s cost=$0.033376
[t=   1975.6128][TASK-COMPLETE         ] task=1244 wf=43 vm=25(reserved) actualCPU=247.1607s
[t=   1976.4938][TASK-COMPLETE         ] task=1251 wf=43 vm=558(on-demand) actualCPU=247.9417s cost=$0.224387
[t=   1977.8938][TASK-COMPLETE         ] task=1438 wf=49 vm=621(on-demand) actualCPU=66.8287s cost=$0.060480
[t=   1978.4748][TASK-COMPLETE         ] task=1259 wf=43 vm=566(on-demand) actualCPU=249.9227s cost=$0.226180
[t=   1978.6498][TASK-COMPLETE         ] task=1567 wf=54 vm=403(on-demand) actualCPU=25.8515s cost=$0.023396
[t=   1978.6498][DISPATCH              ] wf=54 task=1568 planned=vm8 BUSY -> advanced to vm=25
[t=   1980.3728][TASK-COMPLETE         ] task=1261 wf=43 vm=568(on-demand) actualCPU=251.8207s cost=$0.227898
[t=   1981.1838][TASK-COMPLETE         ] task=1538 wf=53 vm=630(on-demand) actualCPU=43.3218s cost=$0.039206
[t=   1988.3068][TASK-COMPLETE         ] task=1178 wf=40 vm=14(reserved) actualCPU=61.9887s
[t=   1988.3068][WF-COMPLETE           ] wf=40 completionTime=1988.3068 deadline=2081.9596 margin=93.6528 -> MET
[t=   1988.5548][TASK-COMPLETE         ] task=1339 wf=46 vm=43(reserved) actualCPU=194.6257s
[t=   1990.4148][TASK-COMPLETE         ] task=1539 wf=53 vm=631(on-demand) actualCPU=52.5528s cost=$0.047560
[t=   1992.4688][TASK-COMPLETE         ] task=1535 wf=53 vm=627(on-demand) actualCPU=54.6068s cost=$0.049419
[t=   1992.5411][TASK-COMPLETE         ] task=1392 wf=47 vm=553(on-demand) actualCPU=276.9490s cost=$0.250639
[t=   1992.7818][TASK-COMPLETE         ] task=1474 wf=50 vm=609(on-demand) actualCPU=188.3935s cost=$0.170496
[t=   1997.3878][TASK-COMPLETE         ] task=1444 wf=50 vm=583(on-demand) actualCPU=192.9995s cost=$0.174665
[t=   1997.9408][TASK-COMPLETE         ] task=1136 wf=39 vm=10(reserved) actualCPU=36.4840s
[t=   1997.9408][DISPATCH              ] wf=39 task=1137 planned=vm18 BUSY -> advanced to vm=10
[t=   2000.3208][TASK-COMPLETE         ] task=1565 wf=53 vm=653(on-demand) actualCPU=62.4588s cost=$0.056525
[t=   2002.4298][TASK-COMPLETE         ] task=1437 wf=49 vm=620(on-demand) actualCPU=91.3647s cost=$0.082685
[t=   2002.5518][TASK-COMPLETE         ] task=1568 wf=54 vm=25(reserved) actualCPU=23.9020s
[t=   2002.5518][DISPATCH              ] wf=54 task=1569 planned=vm26 BUSY -> advanced to vm=14
[t=   2004.7718][TASK-COMPLETE         ] task=1367 wf=47 vm=31(reserved) actualCPU=59.5660s
[t=   2004.9578][TASK-COMPLETE         ] task=1457 wf=50 vm=594(on-demand) actualCPU=200.5695s cost=$0.181515
[t=   2005.5448][TASK-COMPLETE         ] task=1423 wf=49 vm=32(reserved) actualCPU=94.5797s
[t=   2008.8488][TASK-COMPLETE         ] task=1463 wf=50 vm=600(on-demand) actualCPU=204.4605s cost=$0.185037
[t=   2009.0898][TASK-COMPLETE         ] task=1383 wf=47 vm=544(on-demand) actualCPU=293.4977s cost=$0.265615
[t=   2009.3728][TASK-COMPLETE         ] task=1390 wf=47 vm=551(on-demand) actualCPU=293.7807s cost=$0.265872
[t=   2010.4798][NEGOTIATE             ] wf=55 tasks=23 arrivalTime=2010.4798 deadline=2572.3870 cp=468.2550 BETA*cp=515.0805 slack=561.9072 -> ACCEPTED
[t=   2010.4798][DISPATCH              ] wf=55 task=1591 -> vm=32 (planned reserved, was idle)
[t=   2010.8158][TASK-COMPLETE         ] task=1334 wf=46 vm=16(reserved) actualCPU=216.8867s
[t=   2012.7958][TASK-COMPLETE         ] task=1308 wf=45 vm=17(reserved) actualCPU=283.2007s
[t=   2012.7958][DISPATCH              ] wf=45 task=1309 planned=vm19 BUSY -> advanced to vm=16
[t=   2014.0108][TASK-COMPLETE         ] task=1250 wf=43 vm=557(on-demand) actualCPU=285.4587s cost=$0.258340
[t=   2015.2788][TASK-COMPLETE         ] task=1371 wf=47 vm=534(on-demand) actualCPU=299.6867s cost=$0.271216
[t=   2015.2788][DISPATCH              ] wf=47 task=1381 planned=vm2 BUSY -> advanced to vm=17
[t=   2015.5438][TASK-COMPLETE         ] task=704 wf=24 vm=12(reserved) actualCPU=210.2221s
[t=   2015.5438][DISPATCH              ] wf=24 task=705 planned=vm13 BUSY -> advanced to vm=12
[t=   2015.6638][TASK-COMPLETE         ] task=1460 wf=50 vm=597(on-demand) actualCPU=211.2755s cost=$0.191204
[t=   2017.1428][TASK-COMPLETE         ] task=271 wf=9 vm=0(reserved) actualCPU=299.4707s
[t=   2017.1428][DISPATCH              ] wf=9 task=272 planned=vm5 BUSY -> advanced to vm=0
[t=   2017.9808][TASK-COMPLETE         ] task=1471 wf=50 vm=606(on-demand) actualCPU=213.5925s cost=$0.193301
[t=   2020.8528][TASK-COMPLETE         ] task=1536 wf=53 vm=628(on-demand) actualCPU=82.9908s cost=$0.075107
[t=   2020.9221][TASK-COMPLETE         ] task=1246 wf=43 vm=47(reserved) actualCPU=292.4700s
[t=   2020.9221][DISPATCH              ] wf=43 task=1265 planned=vm13 BUSY -> advanced to vm=25
[t=   2024.8961][TASK-COMPLETE         ] task=1553 wf=53 vm=643(on-demand) actualCPU=87.0341s cost=$0.078766
[t=   2025.4371][TASK-COMPLETE         ] task=1428 wf=49 vm=45(reserved) actualCPU=114.4720s
[t=   2028.0091][TASK-COMPLETE         ] task=1427 wf=49 vm=42(reserved) actualCPU=117.0440s
[t=   2030.2001][TASK-COMPLETE         ] task=1560 wf=53 vm=648(on-demand) actualCPU=92.3381s cost=$0.083566
[t=   2032.1681][TASK-COMPLETE         ] task=1534 wf=53 vm=626(on-demand) actualCPU=94.3061s cost=$0.085347
[t=   2032.4151][TASK-COMPLETE         ] task=1540 wf=53 vm=632(on-demand) actualCPU=94.5531s cost=$0.085571
[t=   2033.6871][TASK-COMPLETE         ] task=963 wf=33 vm=5(reserved) actualCPU=140.8630s
[t=   2033.6871][DISPATCH              ] wf=33 task=964 planned=vm12 BUSY -> advanced to vm=5
[t=   2034.1021][TASK-COMPLETE         ] task=1443 wf=50 vm=582(on-demand) actualCPU=229.7138s cost=$0.207891
[t=   2034.1021][DISPATCH              ] wf=50 task=1454 planned=vm19 BUSY -> advanced to vm=27
[t=   2034.1021][DISPATCH              ] wf=50 task=1455 planned=vm39 BUSY -> advanced to vm=31
[t=   2035.7841][TASK-COMPLETE         ] task=358 wf=12 vm=2(reserved) actualCPU=299.4700s
[t=   2035.7841][DISPATCH              ] wf=12 task=359 planned=vm8 BUSY -> advanced to vm=2
[t=   2037.7991][TASK-COMPLETE         ] task=1368 wf=47 vm=44(reserved) actualCPU=92.5933s
[t=   2037.7991][DISPATCH              ] wf=47 task=1380 planned=vm27 BUSY -> advanced to vm=40
[t=   2040.8191][TASK-COMPLETE         ] task=1456 wf=50 vm=593(on-demand) actualCPU=236.4308s cost=$0.213970
[t=   2041.0901][TASK-COMPLETE         ] task=1331 wf=46 vm=13(reserved) actualCPU=247.1610s
[t=   2041.8711][TASK-COMPLETE         ] task=1338 wf=46 vm=38(reserved) actualCPU=247.9420s
[t=   2042.0931][TASK-COMPLETE         ] task=1419 wf=49 vm=26(reserved) actualCPU=131.1280s
[t=   2043.6931][TASK-COMPLETE         ] task=1462 wf=50 vm=599(on-demand) actualCPU=239.3048s cost=$0.216571
[t=   2043.9521][TASK-COMPLETE         ] task=1346 wf=46 vm=575(on-demand) actualCPU=249.9230s cost=$0.226180
[t=   2045.2361][TASK-COMPLETE         ] task=1459 wf=50 vm=596(on-demand) actualCPU=240.8478s cost=$0.217967
[t=   2045.8501][TASK-COMPLETE         ] task=1348 wf=46 vm=577(on-demand) actualCPU=251.8210s cost=$0.227898
[t=   2047.0151][TASK-COMPLETE         ] task=1429 wf=49 vm=46(reserved) actualCPU=136.0500s
[t=   2047.4611][TASK-COMPLETE         ] task=1533 wf=53 vm=625(on-demand) actualCPU=109.5991s cost=$0.099187
[t=   2049.4201][TASK-COMPLETE         ] task=1206 wf=41 vm=22(reserved) actualCPU=146.8200s
[t=   2049.4201][WF-COMPLETE           ] wf=41 completionTime=2049.4201 deadline=2143.2490 margin=93.8289 -> MET
[t=   2051.1271][TASK-COMPLETE         ] task=1504 wf=52 vm=24(reserved) actualCPU=113.7953s
[t=   2051.1271][DISPATCH              ] wf=52 task=1505 planned=vm31 BUSY -> advanced to vm=13
[t=   2051.1271][DISPATCH              ] wf=52 task=1506 planned=vm5 BUSY -> advanced to vm=22
[t=   2051.1271][DISPATCH              ] wf=52 task=1507 planned=vm4 BUSY -> advanced to vm=24
[t=   2051.1271][DISPATCH              ] wf=52 task=1508 -> vm=44 (planned reserved, was idle)
[t=   2051.1271][DISPATCH              ] wf=52 task=1509 planned=vm34 BUSY -> advanced to vm=26
[t=   2051.1271][DISPATCH              ] wf=52 task=1510 planned=vm11 BUSY -> advanced to vm=38
[t=   2051.1271][DISPATCH              ] wf=52 task=1511 planned=vm21 BUSY -> advanced to vm=41
[t=   2051.1271][DISPATCH              ] wf=52 task=1512 planned=vm6 BUSY -> advanced to vm=42
[t=   2051.1271][DISPATCH              ] wf=52 task=1513 planned=vm38 BUSY -> advanced to vm=43
[t=   2051.1271][DISPATCH              ] wf=52 task=1514 planned=vm13 BUSY -> advanced to vm=45
[t=   2051.1271][DISPATCH              ] wf=52 task=1515 planned=vm1 BUSY -> advanced to vm=46
[t=   2051.1271][DISPATCH              ] wf=52 task=1516 planned=vm15 BUSY -> advanced to vm=47
[t=   2051.1271][DISPATCH              ] wf=52 task=1517 planned=vm17 no-idle-reserved -> on-demand vm=403
[t=   2051.1271][DISPATCH              ] wf=52 task=1518 planned=vm31 no-idle-reserved -> on-demand vm=655
[t=   2051.1271][DISPATCH              ] wf=52 task=1519 planned=vm30 no-idle-reserved -> on-demand vm=656
[t=   2051.1271][DISPATCH              ] wf=52 task=1520 planned=vm41 no-idle-reserved -> on-demand vm=657
[t=   2051.1271][DISPATCH              ] wf=52 task=1521 planned=vm1 no-idle-reserved -> on-demand vm=658
[t=   2051.1271][DISPATCH              ] wf=52 task=1522 planned=vm27 no-idle-reserved -> on-demand vm=659
[t=   2051.1271][DISPATCH              ] wf=52 task=1523 planned=vm18 no-idle-reserved -> on-demand vm=660
[t=   2051.1271][DISPATCH              ] wf=52 task=1524 planned=vm4 no-idle-reserved -> on-demand vm=661
[t=   2051.1271][DISPATCH              ] wf=52 task=1525 planned=vm2 no-idle-reserved -> on-demand vm=662
[t=   2051.2271][DISPATCH              ] wf=52 task=1518 planned=vm31 no-idle-reserved -> on-demand vm=655
[t=   2051.2271][DISPATCH              ] wf=52 task=1519 planned=vm30 no-idle-reserved -> on-demand vm=656
[t=   2051.2271][DISPATCH              ] wf=52 task=1520 planned=vm41 no-idle-reserved -> on-demand vm=657
[t=   2051.2271][DISPATCH              ] wf=52 task=1521 planned=vm1 no-idle-reserved -> on-demand vm=658
[t=   2051.2271][DISPATCH              ] wf=52 task=1522 planned=vm27 no-idle-reserved -> on-demand vm=659
[t=   2051.2271][DISPATCH              ] wf=52 task=1523 planned=vm18 no-idle-reserved -> on-demand vm=660
[t=   2051.2271][DISPATCH              ] wf=52 task=1524 planned=vm4 no-idle-reserved -> on-demand vm=661
[t=   2051.2271][DISPATCH              ] wf=52 task=1525 planned=vm2 no-idle-reserved -> on-demand vm=662
[t=   2051.4251][TASK-COMPLETE         ] task=1469 wf=50 vm=604(on-demand) actualCPU=247.0368s cost=$0.223568
[t=   2052.3761][TASK-COMPLETE         ] task=1562 wf=53 vm=650(on-demand) actualCPU=114.5141s cost=$0.103635
[t=   2053.5861][TASK-COMPLETE         ] task=1430 wf=49 vm=49(reserved) actualCPU=142.6210s
[t=   2054.1641][TASK-COMPLETE         ] task=1563 wf=53 vm=651(on-demand) actualCPU=116.3021s cost=$0.105253
[t=   2054.5521][TASK-COMPLETE         ] task=1436 wf=49 vm=619(on-demand) actualCPU=143.4870s cost=$0.129856
[t=   2054.7971][TASK-COMPLETE         ] task=1050 wf=36 vm=9(reserved) actualCPU=140.8630s
[t=   2054.7971][DISPATCH              ] wf=36 task=1051 planned=vm15 BUSY -> advanced to vm=9
[t=   2056.7391][NEGOTIATE             ] wf=56 tasks=40 arrivalTime=2056.7391 deadline=2619.6951 cp=469.1290 BETA*cp=516.0419 slack=562.9560 -> ACCEPTED
[t=   2056.7391][DISPATCH              ] wf=56 task=1614 planned=vm14 BUSY -> advanced to vm=49
[t=   2056.7391][DISPATCH              ] wf=56 task=1615 planned=vm11 no-idle-reserved -> on-demand vm=663
[t=   2056.7391][DISPATCH              ] wf=56 task=1616 planned=vm4 no-idle-reserved -> on-demand vm=664
[t=   2056.7391][DISPATCH              ] wf=56 task=1617 planned=vm21 no-idle-reserved -> on-demand vm=665
[t=   2056.7391][DISPATCH              ] wf=56 task=1618 planned=vm15 no-idle-reserved -> on-demand vm=666
[t=   2056.7391][DISPATCH              ] wf=56 task=1619 planned=vm6 no-idle-reserved -> on-demand vm=667
[t=   2056.7391][DISPATCH              ] wf=56 task=1620 planned=vm19 no-idle-reserved -> on-demand vm=668
[t=   2056.7391][DISPATCH              ] wf=56 task=1621 planned=vm49 no-idle-reserved -> on-demand vm=669
[t=   2056.7391][DISPATCH              ] wf=56 task=1622 planned=vm44 no-idle-reserved -> on-demand vm=670
[t=   2056.7391][DISPATCH              ] wf=56 task=1623 planned=vm43 no-idle-reserved -> on-demand vm=671
[t=   2056.7391][DISPATCH              ] wf=56 task=1624 planned=vm21 no-idle-reserved -> on-demand vm=672
[t=   2056.7391][DISPATCH              ] wf=56 task=1625 planned=vm21 no-idle-reserved -> on-demand vm=673
[t=   2056.7391][DISPATCH              ] wf=56 task=1626 planned=vm18 no-idle-reserved -> on-demand vm=674
[t=   2056.7391][DISPATCH              ] wf=56 task=1627 planned=vm7 no-idle-reserved -> on-demand vm=675
[t=   2056.7391][DISPATCH              ] wf=56 task=1630 planned=vm10 no-idle-reserved -> on-demand vm=676
[t=   2056.7391][DISPATCH              ] wf=56 task=1631 planned=vm34 no-idle-reserved -> on-demand vm=677
[t=   2056.7391][DISPATCH              ] wf=56 task=1632 planned=vm21 no-idle-reserved -> on-demand vm=678
[t=   2056.7391][DISPATCH              ] wf=56 task=1633 planned=vm49 no-idle-reserved -> on-demand vm=679
[t=   2056.7391][DISPATCH              ] wf=56 task=1634 planned=vm0 no-idle-reserved -> on-demand vm=680
[t=   2056.7391][DISPATCH              ] wf=56 task=1635 planned=vm19 no-idle-reserved -> on-demand vm=681
[t=   2056.7391][DISPATCH              ] wf=56 task=1636 planned=vm2 no-idle-reserved -> on-demand vm=682
[t=   2056.7391][DISPATCH              ] wf=56 task=1637 planned=vm40 no-idle-reserved -> on-demand vm=683
[t=   2056.7391][DISPATCH              ] wf=56 task=1638 planned=vm8 no-idle-reserved -> on-demand vm=684
[t=   2056.7391][DISPATCH              ] wf=56 task=1639 planned=vm46 no-idle-reserved -> on-demand vm=685
[t=   2056.7391][DISPATCH              ] wf=56 task=1640 planned=vm7 no-idle-reserved -> on-demand vm=686
[t=   2056.7391][DISPATCH              ] wf=56 task=1643 planned=vm48 no-idle-reserved -> on-demand vm=687
[t=   2056.7391][DISPATCH              ] wf=56 task=1644 planned=vm33 no-idle-reserved -> on-demand vm=688
[t=   2056.7391][DISPATCH              ] wf=56 task=1645 planned=vm41 no-idle-reserved -> on-demand vm=689
[t=   2056.7391][DISPATCH              ] wf=56 task=1646 planned=vm21 no-idle-reserved -> on-demand vm=690
[t=   2056.7391][DISPATCH              ] wf=56 task=1647 planned=vm14 no-idle-reserved -> on-demand vm=691
[t=   2056.7391][DISPATCH              ] wf=56 task=1648 planned=vm14 no-idle-reserved -> on-demand vm=692
[t=   2056.7391][DISPATCH              ] wf=56 task=1649 planned=vm1 no-idle-reserved -> on-demand vm=693
[t=   2056.7391][DISPATCH              ] wf=56 task=1650 planned=vm18 no-idle-reserved -> on-demand vm=694
[t=   2056.7391][DISPATCH              ] wf=56 task=1651 planned=vm32 no-idle-reserved -> on-demand vm=695
[t=   2056.7391][DISPATCH              ] wf=56 task=1652 planned=vm6 no-idle-reserved -> on-demand vm=696
[t=   2056.7391][DISPATCH              ] wf=56 task=1653 planned=vm16 no-idle-reserved -> on-demand vm=697
[t=   2056.8391][DISPATCH              ] wf=56 task=1615 planned=vm11 no-idle-reserved -> on-demand vm=663
[t=   2056.8391][DISPATCH              ] wf=56 task=1616 planned=vm4 no-idle-reserved -> on-demand vm=664
[t=   2056.8391][DISPATCH              ] wf=56 task=1617 planned=vm21 no-idle-reserved -> on-demand vm=665
[t=   2056.8391][DISPATCH              ] wf=56 task=1618 planned=vm15 no-idle-reserved -> on-demand vm=666
[t=   2056.8391][DISPATCH              ] wf=56 task=1619 planned=vm6 no-idle-reserved -> on-demand vm=667
[t=   2056.8391][DISPATCH              ] wf=56 task=1620 planned=vm19 no-idle-reserved -> on-demand vm=668
[t=   2056.8391][DISPATCH              ] wf=56 task=1621 planned=vm49 no-idle-reserved -> on-demand vm=669
[t=   2056.8391][DISPATCH              ] wf=56 task=1622 planned=vm44 no-idle-reserved -> on-demand vm=670
[t=   2056.8391][DISPATCH              ] wf=56 task=1623 planned=vm43 no-idle-reserved -> on-demand vm=671
[t=   2056.8391][DISPATCH              ] wf=56 task=1624 planned=vm21 no-idle-reserved -> on-demand vm=672
[t=   2056.8391][DISPATCH              ] wf=56 task=1625 planned=vm21 no-idle-reserved -> on-demand vm=673
[t=   2056.8391][DISPATCH              ] wf=56 task=1626 planned=vm18 no-idle-reserved -> on-demand vm=674
[t=   2056.8391][DISPATCH              ] wf=56 task=1627 planned=vm7 no-idle-reserved -> on-demand vm=675
[t=   2056.8391][DISPATCH              ] wf=56 task=1630 planned=vm10 no-idle-reserved -> on-demand vm=676
[t=   2056.8391][DISPATCH              ] wf=56 task=1631 planned=vm34 no-idle-reserved -> on-demand vm=677
[t=   2056.8391][DISPATCH              ] wf=56 task=1632 planned=vm21 no-idle-reserved -> on-demand vm=678
[t=   2056.8391][DISPATCH              ] wf=56 task=1633 planned=vm49 no-idle-reserved -> on-demand vm=679
[t=   2056.8391][DISPATCH              ] wf=56 task=1634 planned=vm0 no-idle-reserved -> on-demand vm=680
[t=   2056.8391][DISPATCH              ] wf=56 task=1635 planned=vm19 no-idle-reserved -> on-demand vm=681
[t=   2056.8391][DISPATCH              ] wf=56 task=1636 planned=vm2 no-idle-reserved -> on-demand vm=682
[t=   2056.8391][DISPATCH              ] wf=56 task=1637 planned=vm40 no-idle-reserved -> on-demand vm=683
[t=   2056.8391][DISPATCH              ] wf=56 task=1638 planned=vm8 no-idle-reserved -> on-demand vm=684
[t=   2056.8391][DISPATCH              ] wf=56 task=1639 planned=vm46 no-idle-reserved -> on-demand vm=685
[t=   2056.8391][DISPATCH              ] wf=56 task=1640 planned=vm7 no-idle-reserved -> on-demand vm=686
[t=   2056.8391][DISPATCH              ] wf=56 task=1643 planned=vm48 no-idle-reserved -> on-demand vm=687
[t=   2056.8391][DISPATCH              ] wf=56 task=1644 planned=vm33 no-idle-reserved -> on-demand vm=688
[t=   2056.8391][DISPATCH              ] wf=56 task=1645 planned=vm41 no-idle-reserved -> on-demand vm=689
[t=   2056.8391][DISPATCH              ] wf=56 task=1646 planned=vm21 no-idle-reserved -> on-demand vm=690
[t=   2056.8391][DISPATCH              ] wf=56 task=1647 planned=vm14 no-idle-reserved -> on-demand vm=691
[t=   2056.8391][DISPATCH              ] wf=56 task=1648 planned=vm14 no-idle-reserved -> on-demand vm=692
[t=   2056.8391][DISPATCH              ] wf=56 task=1649 planned=vm1 no-idle-reserved -> on-demand vm=693
[t=   2056.8391][DISPATCH              ] wf=56 task=1650 planned=vm18 no-idle-reserved -> on-demand vm=694
[t=   2056.8391][DISPATCH              ] wf=56 task=1651 planned=vm32 no-idle-reserved -> on-demand vm=695
[t=   2056.8391][DISPATCH              ] wf=56 task=1652 planned=vm6 no-idle-reserved -> on-demand vm=696
[t=   2056.8391][DISPATCH              ] wf=56 task=1653 planned=vm16 no-idle-reserved -> on-demand vm=697
[t=   2057.0801][TASK-COMPLETE         ] task=1432 wf=49 vm=615(on-demand) actualCPU=146.0150s cost=$0.132144
[t=   2058.0431][TASK-COMPLETE         ] task=1431 wf=49 vm=266(on-demand) actualCPU=147.0780s cost=$0.133106
[t=   2059.2101][TASK-COMPLETE         ] task=1537 wf=53 vm=629(on-demand) actualCPU=121.3481s cost=$0.109820
[t=   2060.3301][TASK-COMPLETE         ] task=1422 wf=49 vm=30(reserved) actualCPU=149.3650s
[t=   2062.3401][TASK-COMPLETE         ] task=1559 wf=53 vm=647(on-demand) actualCPU=124.4781s cost=$0.112653
[t=   2064.7831][TASK-COMPLETE         ] task=1381 wf=47 vm=17(reserved) actualCPU=49.5043s
[t=   2069.2021][TASK-COMPLETE         ] task=1616 wf=56 vm=664(on-demand) actualCPU=12.3630s cost=$0.011188
[t=   2071.2091][TASK-COMPLETE         ] task=272 wf=9 vm=0(reserved) actualCPU=54.0663s
[t=   2071.2091][DISPATCH              ] wf=9 task=273 planned=vm4 BUSY -> advanced to vm=0
[t=   2073.7211][TASK-COMPLETE         ] task=877 wf=30 vm=23(reserved) actualCPU=120.6753s
[t=   2073.7211][DISPATCH              ] wf=30 task=878 planned=vm9 BUSY -> advanced to vm=17
[t=   2079.3881][TASK-COMPLETE         ] task=1337 wf=46 vm=34(reserved) actualCPU=285.4590s
[t=   2081.0761][TASK-COMPLETE         ] task=1552 wf=53 vm=642(on-demand) actualCPU=143.2141s cost=$0.129609
[t=   2081.3371][TASK-COMPLETE         ] task=1479 wf=50 vm=614(on-demand) actualCPU=276.9488s cost=$0.250639
[t=   2082.9111][TASK-COMPLETE         ] task=1265 wf=43 vm=25(reserved) actualCPU=61.9890s
[t=   2082.9111][WF-COMPLETE           ] wf=43 completionTime=2082.9111 deadline=2176.5642 margin=93.6531 -> MET
[t=   2083.7751][TASK-COMPLETE         ] task=1551 wf=53 vm=641(on-demand) actualCPU=145.9131s cost=$0.132051
[t=   2086.3991][TASK-COMPLETE         ] task=1333 wf=46 vm=15(reserved) actualCPU=292.4700s
[t=   2086.3991][DISPATCH              ] wf=46 task=1352 planned=vm0 BUSY -> advanced to vm=15
[t=   2087.2111][TASK-COMPLETE         ] task=1619 wf=56 vm=667(on-demand) actualCPU=30.3720s cost=$0.027487
[t=   2087.3461][TASK-COMPLETE         ] task=1527 wf=53 vm=37(reserved) actualCPU=149.5841s
[t=   2089.8511][TASK-COMPLETE         ] task=359 wf=12 vm=2(reserved) actualCPU=54.0670s
[t=   2089.8511][DISPATCH              ] wf=12 task=360 planned=vm7 BUSY -> advanced to vm=2
[t=   2091.1451][TASK-COMPLETE         ] task=1293 wf=44 vm=29(reserved) actualCPU=146.8203s
[t=   2091.1451][WF-COMPLETE           ] wf=44 completionTime=2091.1451 deadline=2184.9735 margin=93.8284 -> MET
[t=   2092.7081][TASK-COMPLETE         ] task=1395 wf=48 vm=7(reserved) actualCPU=283.2004s
[t=   2092.7081][DISPATCH              ] wf=48 task=1396 planned=vm21 BUSY -> advanced to vm=7
[t=   2093.6681][TASK-COMPLETE         ] task=1454 wf=50 vm=27(reserved) actualCPU=59.5660s
[t=   2093.7191][TASK-COMPLETE         ] task=1635 wf=56 vm=681(on-demand) actualCPU=36.8800s cost=$0.033376
[t=   2097.7881][TASK-COMPLETE         ] task=13 wf=0 vm=1(reserved) actualCPU=279.8828s
[t=   2097.7881][DISPATCH              ] wf=0 task=14 planned=vm0 BUSY -> advanced to vm=1
[t=   2097.8863][TASK-COMPLETE         ] task=1470 wf=50 vm=605(on-demand) actualCPU=293.4980s cost=$0.265616
[t=   2098.1691][TASK-COMPLETE         ] task=1477 wf=50 vm=612(on-demand) actualCPU=293.7808s cost=$0.265872
[t=   2100.1611][TASK-COMPLETE         ] task=1625 wf=56 vm=673(on-demand) actualCPU=43.3220s cost=$0.039206
[t=   2104.0751][TASK-COMPLETE         ] task=1458 wf=50 vm=595(on-demand) actualCPU=299.6868s cost=$0.271217
[t=   2104.0751][DISPATCH              ] wf=50 task=1468 planned=vm6 BUSY -> advanced to vm=23
[t=   2105.0261][TASK-COMPLETE         ] task=1521 wf=52 vm=658(on-demand) actualCPU=53.7990s cost=$0.048688
[t=   2105.5901][TASK-COMPLETE         ] task=1426 wf=49 vm=39(reserved) actualCPU=194.6250s
[t=   2106.7281][TASK-COMPLETE         ] task=1528 wf=53 vm=48(reserved) actualCPU=168.9661s
[t=   2109.3921][TASK-COMPLETE         ] task=1626 wf=56 vm=674(on-demand) actualCPU=52.5530s cost=$0.047560
[t=   2111.4461][TASK-COMPLETE         ] task=1622 wf=56 vm=670(on-demand) actualCPU=54.6070s cost=$0.049419
[t=   2114.7791][TASK-COMPLETE         ] task=618 wf=21 vm=3(reserved) actualCPU=231.0060s
[t=   2114.7791][DISPATCH              ] wf=21 task=619 planned=vm11 BUSY -> advanced to vm=3
[t=   2118.0561][TASK-COMPLETE         ] task=1525 wf=52 vm=662(on-demand) actualCPU=66.8290s cost=$0.060480
[t=   2119.2981][TASK-COMPLETE         ] task=1652 wf=56 vm=696(on-demand) actualCPU=62.4590s cost=$0.056525
[t=   2124.2751][TASK-COMPLETE         ] task=1591 wf=55 vm=32(reserved) actualCPU=113.7953s
[t=   2124.2751][DISPATCH              ] wf=55 task=1592 planned=vm14 BUSY -> advanced to vm=25
[t=   2124.2751][DISPATCH              ] wf=55 task=1593 planned=vm20 BUSY -> advanced to vm=27
[t=   2124.2751][DISPATCH              ] wf=55 task=1594 planned=vm5 BUSY -> advanced to vm=29
[t=   2124.2751][DISPATCH              ] wf=55 task=1595 planned=vm20 BUSY -> advanced to vm=30
[t=   2124.2751][DISPATCH              ] wf=55 task=1596 -> vm=39 (planned reserved, was idle)
[t=   2124.2751][DISPATCH              ] wf=55 task=1597 planned=vm17 BUSY -> advanced to vm=32
[t=   2124.2751][DISPATCH              ] wf=55 task=1598 planned=vm25 BUSY -> advanced to vm=34
[t=   2124.2751][DISPATCH              ] wf=55 task=1599 planned=vm18 BUSY -> advanced to vm=37
[t=   2124.2751][DISPATCH              ] wf=55 task=1600 planned=vm45 BUSY -> advanced to vm=48
[t=   2124.2751][DISPATCH              ] wf=55 task=1601 planned=vm28 no-idle-reserved -> on-demand vm=266
[t=   2124.2751][DISPATCH              ] wf=55 task=1602 planned=vm19 no-idle-reserved -> on-demand vm=698
[t=   2124.2751][DISPATCH              ] wf=55 task=1603 planned=vm29 no-idle-reserved -> on-demand vm=699
[t=   2124.2751][DISPATCH              ] wf=55 task=1604 planned=vm33 no-idle-reserved -> on-demand vm=700
[t=   2124.2751][DISPATCH              ] wf=55 task=1605 planned=vm37 no-idle-reserved -> on-demand vm=701
[t=   2124.2751][DISPATCH              ] wf=55 task=1606 planned=vm36 no-idle-reserved -> on-demand vm=702
[t=   2124.2751][DISPATCH              ] wf=55 task=1607 planned=vm24 no-idle-reserved -> on-demand vm=703
[t=   2124.2751][DISPATCH              ] wf=55 task=1608 planned=vm7 no-idle-reserved -> on-demand vm=704
[t=   2124.2751][DISPATCH              ] wf=55 task=1609 planned=vm17 no-idle-reserved -> on-demand vm=705
[t=   2124.2751][DISPATCH              ] wf=55 task=1610 planned=vm35 no-idle-reserved -> on-demand vm=706
[t=   2124.2751][DISPATCH              ] wf=55 task=1611 planned=vm15 no-idle-reserved -> on-demand vm=707
[t=   2124.2751][DISPATCH              ] wf=55 task=1612 planned=vm13 no-idle-reserved -> on-demand vm=708
[t=   2124.3751][DISPATCH              ] wf=55 task=1602 planned=vm19 no-idle-reserved -> on-demand vm=698
[t=   2124.3751][DISPATCH              ] wf=55 task=1603 planned=vm29 no-idle-reserved -> on-demand vm=699
[t=   2124.3751][DISPATCH              ] wf=55 task=1604 planned=vm33 no-idle-reserved -> on-demand vm=700
[t=   2124.3751][DISPATCH              ] wf=55 task=1605 planned=vm37 no-idle-reserved -> on-demand vm=701
[t=   2124.3751][DISPATCH              ] wf=55 task=1606 planned=vm36 no-idle-reserved -> on-demand vm=702
[t=   2124.3751][DISPATCH              ] wf=55 task=1607 planned=vm24 no-idle-reserved -> on-demand vm=703
[t=   2124.3751][DISPATCH              ] wf=55 task=1608 planned=vm7 no-idle-reserved -> on-demand vm=704
[t=   2124.3751][DISPATCH              ] wf=55 task=1609 planned=vm17 no-idle-reserved -> on-demand vm=705
[t=   2124.3751][DISPATCH              ] wf=55 task=1610 planned=vm35 no-idle-reserved -> on-demand vm=706
[t=   2124.3751][DISPATCH              ] wf=55 task=1611 planned=vm15 no-idle-reserved -> on-demand vm=707
[t=   2124.3751][DISPATCH              ] wf=55 task=1612 planned=vm13 no-idle-reserved -> on-demand vm=708
[t=   2126.2551][TASK-COMPLETE         ] task=1561 wf=53 vm=649(on-demand) actualCPU=188.3931s cost=$0.170496
[t=   2126.6961][TASK-COMPLETE         ] task=1455 wf=50 vm=31(reserved) actualCPU=92.5940s
[t=   2126.6961][DISPATCH              ] wf=50 task=1467 planned=vm29 BUSY -> advanced to vm=31
[t=   2127.8511][TASK-COMPLETE         ] task=1421 wf=49 vm=28(reserved) actualCPU=216.8860s
[t=   2130.8611][TASK-COMPLETE         ] task=1531 wf=53 vm=623(on-demand) actualCPU=192.9991s cost=$0.174664
[t=   2138.4311][TASK-COMPLETE         ] task=1544 wf=53 vm=634(on-demand) actualCPU=200.5691s cost=$0.181515
[t=   2138.8041][TASK-COMPLETE         ] task=1137 wf=39 vm=10(reserved) actualCPU=140.8633s
[t=   2138.8041][DISPATCH              ] wf=39 task=1138 planned=vm19 BUSY -> advanced to vm=10
[t=   2139.8301][TASK-COMPLETE         ] task=1623 wf=56 vm=671(on-demand) actualCPU=82.9910s cost=$0.075107
[t=   2142.3221][TASK-COMPLETE         ] task=1550 wf=53 vm=640(on-demand) actualCPU=204.4601s cost=$0.185036
[t=   2142.5921][TASK-COMPLETE         ] task=1524 wf=52 vm=661(on-demand) actualCPU=91.3650s cost=$0.082685
[t=   2143.8741][TASK-COMPLETE         ] task=1640 wf=56 vm=686(on-demand) actualCPU=87.0350s cost=$0.078767
[t=   2145.7071][TASK-COMPLETE         ] task=1510 wf=52 vm=38(reserved) actualCPU=94.5800s
[t=   2148.3881][TASK-COMPLETE         ] task=1352 wf=46 vm=15(reserved) actualCPU=61.9890s
[t=   2148.3881][WF-COMPLETE           ] wf=46 completionTime=2148.3881 deadline=2242.0411 margin=93.6530 -> MET
[t=   2149.1371][TASK-COMPLETE         ] task=1547 wf=53 vm=637(on-demand) actualCPU=211.2751s cost=$0.191204
[t=   2149.1781][TASK-COMPLETE         ] task=1647 wf=56 vm=691(on-demand) actualCPU=92.3390s cost=$0.083567
[t=   2151.1461][TASK-COMPLETE         ] task=1621 wf=56 vm=669(on-demand) actualCPU=94.3070s cost=$0.085348
[t=   2151.3931][TASK-COMPLETE         ] task=1627 wf=56 vm=675(on-demand) actualCPU=94.5540s cost=$0.085571
[t=   2151.4549][TASK-COMPLETE         ] task=1558 wf=53 vm=646(on-demand) actualCPU=213.5930s cost=$0.193302
[t=   2153.5799][TASK-COMPLETE         ] task=1468 wf=50 vm=23(reserved) actualCPU=49.5049s
[t=   2154.3629][TASK-COMPLETE         ] task=964 wf=33 vm=5(reserved) actualCPU=120.6759s
[t=   2154.3629][DISPATCH              ] wf=33 task=965 planned=vm16 BUSY -> advanced to vm=5
[t=   2156.9299][TASK-COMPLETE         ] task=1222 wf=42 vm=18(reserved) actualCPU=215.2352s
[t=   2156.9299][DISPATCH              ] wf=42 task=1223 planned=vm11 BUSY -> advanced to vm=15
[t=   2158.1259][TASK-COMPLETE         ] task=1418 wf=49 vm=19(reserved) actualCPU=247.1609s
[t=   2158.9069][TASK-COMPLETE         ] task=1425 wf=49 vm=35(reserved) actualCPU=247.9419s
[t=   2160.3649][TASK-COMPLETE         ] task=445 wf=15 vm=8(reserved) actualCPU=299.4704s
[t=   2160.3649][DISPATCH              ] wf=15 task=446 planned=vm0 BUSY -> advanced to vm=35
[t=   2160.5639][TASK-COMPLETE         ] task=100 wf=3 vm=6(reserved) actualCPU=279.8829s
[t=   2160.5639][DISPATCH              ] wf=3 task=101 planned=vm1 BUSY -> advanced to vm=6
[t=   2160.9879][TASK-COMPLETE         ] task=1433 wf=49 vm=616(on-demand) actualCPU=249.9229s cost=$0.226180
[t=   2161.6319][TASK-COMPLETE         ] task=791 wf=27 vm=21(reserved) actualCPU=210.2222s
[t=   2161.6319][DISPATCH              ] wf=27 task=792 planned=vm14 BUSY -> advanced to vm=8
[t=   2162.8859][TASK-COMPLETE         ] task=1435 wf=49 vm=618(on-demand) actualCPU=251.8209s cost=$0.227898
[t=   2165.5999][TASK-COMPLETE         ] task=1515 wf=52 vm=46(reserved) actualCPU=114.4729s
[t=   2166.4389][TASK-COMPLETE         ] task=1620 wf=56 vm=668(on-demand) actualCPU=109.5998s cost=$0.099188
[t=   2167.5759][TASK-COMPLETE         ] task=1530 wf=53 vm=622(on-demand) actualCPU=229.7140s cost=$0.207891
[t=   2167.5759][DISPATCH              ] wf=53 task=1541 planned=vm16 BUSY -> advanced to vm=18
[t=   2167.5759][DISPATCH              ] wf=53 task=1542 planned=vm25 BUSY -> advanced to vm=19
[t=   2168.1719][TASK-COMPLETE         ] task=1514 wf=52 vm=45(reserved) actualCPU=117.0449s
[t=   2171.3539][TASK-COMPLETE         ] task=1649 wf=56 vm=693(on-demand) actualCPU=114.5148s cost=$0.103636
[t=   2173.1419][TASK-COMPLETE         ] task=1650 wf=56 vm=694(on-demand) actualCPU=116.3028s cost=$0.105254
[t=   2174.2929][TASK-COMPLETE         ] task=1543 wf=53 vm=633(on-demand) actualCPU=236.4310s cost=$0.213970
[t=   2175.4729][TASK-COMPLETE         ] task=1051 wf=36 vm=9(reserved) actualCPU=120.6759s
[t=   2175.4729][DISPATCH              ] wf=36 task=1052 planned=vm17 BUSY -> advanced to vm=9
[t=   2177.1669][TASK-COMPLETE         ] task=1549 wf=53 vm=639(on-demand) actualCPU=239.3050s cost=$0.216571
[t=   2178.1739][TASK-COMPLETE         ] task=1608 wf=55 vm=704(on-demand) actualCPU=53.7989s cost=$0.048688
[t=   2178.1881][TASK-COMPLETE         ] task=1624 wf=56 vm=672(on-demand) actualCPU=121.3490s cost=$0.109821
[t=   2178.7091][TASK-COMPLETE         ] task=1546 wf=53 vm=636(on-demand) actualCPU=240.8472s cost=$0.217967
[t=   2181.3181][TASK-COMPLETE         ] task=1646 wf=56 vm=690(on-demand) actualCPU=124.4790s cost=$0.112653
[t=   2182.2551][TASK-COMPLETE         ] task=1506 wf=52 vm=22(reserved) actualCPU=131.1280s
[t=   2183.0901][TASK-COMPLETE         ] task=1482 wf=51 vm=20(reserved) actualCPU=283.2001s
[t=   2183.0901][DISPATCH              ] wf=51 task=1483 -> vm=22 (planned reserved, was idle)
[t=   2184.6191][TASK-COMPLETE         ] task=1380 wf=47 vm=40(reserved) actualCPU=146.8200s
[t=   2184.6191][WF-COMPLETE           ] wf=47 completionTime=2184.6191 deadline=2278.4481 margin=93.8290 -> MET
[t=   2184.8981][TASK-COMPLETE         ] task=1556 wf=53 vm=644(on-demand) actualCPU=247.0362s cost=$0.223568
[t=   2187.1771][TASK-COMPLETE         ] task=1516 wf=52 vm=47(reserved) actualCPU=136.0500s
[t=   2191.2031][TASK-COMPLETE         ] task=1612 wf=55 vm=708(on-demand) actualCPU=66.8280s cost=$0.060479
[t=   2193.4131][TASK-COMPLETE         ] task=1223 wf=42 vm=15(reserved) actualCPU=36.4832s
[t=   2193.4131][DISPATCH              ] wf=42 task=1224 -> vm=20 (planned reserved, was idle)
[t=   2193.7481][TASK-COMPLETE         ] task=1517 wf=52 vm=403(on-demand) actualCPU=142.6210s cost=$0.129072
[t=   2194.7141][TASK-COMPLETE         ] task=1523 wf=52 vm=660(on-demand) actualCPU=143.4870s cost=$0.129856
[t=   2196.4231][TASK-COMPLETE         ] task=1424 wf=49 vm=33(reserved) actualCPU=285.4581s
[t=   2197.2421][TASK-COMPLETE         ] task=1519 wf=52 vm=656(on-demand) actualCPU=146.0150s cost=$0.132144
[t=   2198.3051][TASK-COMPLETE         ] task=1518 wf=52 vm=655(on-demand) actualCPU=147.0780s cost=$0.133106
[t=   2200.0541][TASK-COMPLETE         ] task=1639 wf=56 vm=685(on-demand) actualCPU=143.2150s cost=$0.129610
[t=   2200.4921][TASK-COMPLETE         ] task=1509 wf=52 vm=26(reserved) actualCPU=149.3650s
[t=   2202.7531][TASK-COMPLETE         ] task=1638 wf=56 vm=684(on-demand) actualCPU=145.9140s cost=$0.132052
[t=   2203.4341][TASK-COMPLETE         ] task=1420 wf=49 vm=36(reserved) actualCPU=292.4691s
[t=   2203.4341][DISPATCH              ] wf=49 task=1439 planned=vm2 BUSY -> advanced to vm=15
[t=   2206.3241][TASK-COMPLETE         ] task=1614 wf=56 vm=49(reserved) actualCPU=149.5850s
[t=   2207.6885][NEGOTIATE             ] wf=57 tasks=24 arrivalTime=2207.6885 deadline=6184.0289 cp=3313.6040 BETA*cp=3644.9644 slack=3976.3404 -> ACCEPTED
[t=   2207.6885][DISPATCH              ] wf=57 task=1654 planned=vm1 BUSY -> advanced to vm=21
[t=   2208.7491][TASK-COMPLETE         ] task=273 wf=9 vm=0(reserved) actualCPU=137.5400s
[t=   2208.7491][DISPATCH              ] wf=9 task=274 planned=vm3 BUSY -> advanced to vm=0
[t=   2208.8801][TASK-COMPLETE         ] task=532 wf=18 vm=11(reserved) actualCPU=299.4701s
[t=   2208.8801][DISPATCH              ] wf=18 task=533 planned=vm9 BUSY -> advanced to vm=11
[t=   2214.4311][TASK-COMPLETE         ] task=446 wf=15 vm=35(reserved) actualCPU=54.0662s
[t=   2214.4311][DISPATCH              ] wf=15 task=447 planned=vm4 BUSY -> advanced to vm=23
[t=   2214.5190][TASK-COMPLETE         ] task=187 wf=6 vm=4(reserved) actualCPU=279.8830s
[t=   2214.5190][DISPATCH              ] wf=6 task=188 planned=vm2 BUSY -> advanced to vm=4
[t=   2214.8100][TASK-COMPLETE         ] task=1566 wf=53 vm=654(on-demand) actualCPU=276.9481s cost=$0.250638
[t=   2215.7400][TASK-COMPLETE         ] task=1611 wf=55 vm=707(on-demand) actualCPU=91.3650s cost=$0.082685
[t=   2218.8550][TASK-COMPLETE         ] task=1597 wf=55 vm=32(reserved) actualCPU=94.5800s
[t=   2225.8060][TASK-COMPLETE         ] task=1615 wf=56 vm=663(on-demand) actualCPU=168.9669s cost=$0.152915
[t=   2227.1410][TASK-COMPLETE         ] task=1541 wf=53 vm=18(reserved) actualCPU=59.5651s
[t=   2227.3920][TASK-COMPLETE         ] task=360 wf=12 vm=2(reserved) actualCPU=137.5410s
[t=   2227.3920][DISPATCH              ] wf=12 task=361 planned=vm6 BUSY -> advanced to vm=2
[t=   2228.0310][TASK-COMPLETE         ] task=1309 wf=45 vm=16(reserved) actualCPU=215.2353s
[t=   2228.0310][DISPATCH              ] wf=45 task=1310 planned=vm0 BUSY -> advanced to vm=16
[t=   2231.3590][TASK-COMPLETE         ] task=1557 wf=53 vm=645(on-demand) actualCPU=293.4971s cost=$0.265615
[t=   2231.6420][TASK-COMPLETE         ] task=1564 wf=53 vm=652(on-demand) actualCPU=293.7801s cost=$0.265871
[t=   2233.5400][TASK-COMPLETE         ] task=1654 wf=57 vm=21(reserved) actualCPU=25.8515s
[t=   2233.5400][DISPATCH              ] wf=57 task=1655 planned=vm1 BUSY -> advanced to vm=18
[t=   2237.5480][TASK-COMPLETE         ] task=1545 wf=53 vm=635(on-demand) actualCPU=299.6861s cost=$0.271216
[t=   2237.5480][DISPATCH              ] wf=53 task=1555 planned=vm6 BUSY -> advanced to vm=21
[t=   2238.8480][TASK-COMPLETE         ] task=1602 wf=55 vm=698(on-demand) actualCPU=114.4730s cost=$0.103598
[t=   2241.3200][TASK-COMPLETE         ] task=1601 wf=55 vm=266(on-demand) actualCPU=117.0450s cost=$0.105926
[t=   2245.2330][TASK-COMPLETE         ] task=1648 wf=56 vm=692(on-demand) actualCPU=188.3939s cost=$0.170497
[t=   2245.7530][TASK-COMPLETE         ] task=1513 wf=52 vm=43(reserved) actualCPU=194.6260s
[t=   2246.5490][TASK-COMPLETE         ] task=705 wf=24 vm=12(reserved) actualCPU=231.0053s
[t=   2246.5490][DISPATCH              ] wf=24 task=706 planned=vm10 BUSY -> advanced to vm=12
[t=   2249.8390][TASK-COMPLETE         ] task=1618 wf=56 vm=666(on-demand) actualCPU=192.9999s cost=$0.174665
[t=   2255.4040][TASK-COMPLETE         ] task=1593 wf=55 vm=27(reserved) actualCPU=131.1290s
[t=   2257.4090][TASK-COMPLETE         ] task=1631 wf=56 vm=677(on-demand) actualCPU=200.5699s cost=$0.181516
[t=   2257.4420][TASK-COMPLETE         ] task=1655 wf=57 vm=18(reserved) actualCPU=23.9020s
[t=   2257.4420][DISPATCH              ] wf=57 task=1656 planned=vm24 BUSY -> advanced to vm=47
[t=   2259.4800][TASK-COMPLETE         ] task=1138 wf=39 vm=10(reserved) actualCPU=120.6760s
[t=   2259.4800][DISPATCH              ] wf=39 task=1139 -> vm=18 (planned reserved, was idle)
[t=   2260.1690][TASK-COMPLETE         ] task=1542 wf=53 vm=19(reserved) actualCPU=92.5931s
[t=   2260.1690][DISPATCH              ] wf=53 task=1554 -> vm=32 (planned reserved, was idle)
[t=   2260.4260][TASK-COMPLETE         ] task=1603 wf=55 vm=699(on-demand) actualCPU=136.0510s cost=$0.123126
[t=   2261.3000][TASK-COMPLETE         ] task=1637 wf=56 vm=683(on-demand) actualCPU=204.4609s cost=$0.185037
[t=   2262.9470][TASK-COMPLETE         ] task=533 wf=18 vm=11(reserved) actualCPU=54.0669s
[t=   2262.9470][DISPATCH              ] wf=18 task=534 planned=vm5 BUSY -> advanced to vm=10
[t=   2264.5150][TASK-COMPLETE         ] task=1310 wf=45 vm=16(reserved) actualCPU=36.4840s
[t=   2264.5150][DISPATCH              ] wf=45 task=1311 planned=vm21 BUSY -> advanced to vm=11
[t=   2265.4230][TASK-COMPLETE         ] task=1439 wf=49 vm=15(reserved) actualCPU=61.9889s
[t=   2265.4230][WF-COMPLETE           ] wf=49 completionTime=2265.4230 deadline=2359.0768 margin=93.6538 -> MET
[t=   2266.9970][TASK-COMPLETE         ] task=1604 wf=55 vm=700(on-demand) actualCPU=142.6220s cost=$0.129073
[t=   2267.8630][TASK-COMPLETE         ] task=1610 wf=55 vm=706(on-demand) actualCPU=143.4880s cost=$0.129857
[t=   2268.0140][TASK-COMPLETE         ] task=1508 wf=52 vm=44(reserved) actualCPU=216.8870s
[t=   2268.1151][TASK-COMPLETE         ] task=1634 wf=56 vm=680(on-demand) actualCPU=211.2760s cost=$0.191205
[t=   2270.3901][TASK-COMPLETE         ] task=1606 wf=55 vm=702(on-demand) actualCPU=146.0150s cost=$0.132144
[t=   2270.4321][TASK-COMPLETE         ] task=1645 wf=56 vm=689(on-demand) actualCPU=213.5930s cost=$0.193302
[t=   2271.4531][TASK-COMPLETE         ] task=1605 wf=55 vm=701(on-demand) actualCPU=147.0780s cost=$0.133106
[t=   2272.0827][NEGOTIATE             ] wf=58 tasks=23 arrivalTime=2272.0827 deadline=2833.9899 cp=468.2550 BETA*cp=515.0805 slack=561.9072 -> ACCEPTED
[t=   2272.0827][DISPATCH              ] wf=58 task=1678 planned=vm3 BUSY -> advanced to vm=15
[t=   2273.5161][TASK-COMPLETE         ] task=1467 wf=50 vm=31(reserved) actualCPU=146.8200s
[t=   2273.5161][WF-COMPLETE           ] wf=50 completionTime=2273.5161 deadline=2367.2443 margin=93.7282 -> MET
[t=   2273.6401][TASK-COMPLETE         ] task=1596 wf=55 vm=39(reserved) actualCPU=149.3650s
[t=   2277.6832][NEGOTIATE             ] wf=59 tasks=40 arrivalTime=2277.6832 deadline=2840.6392 cp=469.1290 BETA*cp=516.0419 slack=562.9560 -> ACCEPTED
[t=   2277.6832][DISPATCH              ] wf=59 task=1701 planned=vm15 BUSY -> advanced to vm=16
[t=   2277.6832][DISPATCH              ] wf=59 task=1702 planned=vm2 BUSY -> advanced to vm=19
[t=   2277.6832][DISPATCH              ] wf=59 task=1703 planned=vm7 BUSY -> advanced to vm=26
[t=   2277.6832][DISPATCH              ] wf=59 task=1704 -> vm=38 (planned reserved, was idle)
[t=   2277.6832][DISPATCH              ] wf=59 task=1705 planned=vm16 BUSY -> advanced to vm=27
[t=   2277.6832][DISPATCH              ] wf=59 task=1706 planned=vm6 BUSY -> advanced to vm=28
[t=   2277.6832][DISPATCH              ] wf=59 task=1707 -> vm=33 (planned reserved, was idle)
[t=   2277.6832][DISPATCH              ] wf=59 task=1708 planned=vm32 BUSY -> advanced to vm=31
[t=   2277.6832][DISPATCH              ] wf=59 task=1709 planned=vm28 BUSY -> advanced to vm=35
[t=   2277.6832][DISPATCH              ] wf=59 task=1710 planned=vm24 BUSY -> advanced to vm=36
[t=   2277.6832][DISPATCH              ] wf=59 task=1711 planned=vm17 BUSY -> advanced to vm=39
[t=   2277.6832][DISPATCH              ] wf=59 task=1712 planned=vm7 BUSY -> advanced to vm=40
[t=   2277.6832][DISPATCH              ] wf=59 task=1713 planned=vm8 BUSY -> advanced to vm=43
[t=   2277.6832][DISPATCH              ] wf=59 task=1714 planned=vm12 BUSY -> advanced to vm=44
[t=   2277.6832][DISPATCH              ] wf=59 task=1717 planned=vm6 BUSY -> advanced to vm=45
[t=   2277.6832][DISPATCH              ] wf=59 task=1718 planned=vm42 BUSY -> advanced to vm=46
[t=   2277.6832][DISPATCH              ] wf=59 task=1719 planned=vm21 BUSY -> advanced to vm=49
[t=   2277.6832][DISPATCH              ] wf=59 task=1720 planned=vm1 no-idle-reserved -> on-demand vm=266
[t=   2277.6832][DISPATCH              ] wf=59 task=1721 planned=vm11 no-idle-reserved -> on-demand vm=403
[t=   2277.6832][DISPATCH              ] wf=59 task=1722 planned=vm28 no-idle-reserved -> on-demand vm=709
[t=   2277.6832][DISPATCH              ] wf=59 task=1723 planned=vm10 no-idle-reserved -> on-demand vm=710
[t=   2277.6832][DISPATCH              ] wf=59 task=1724 planned=vm13 no-idle-reserved -> on-demand vm=711
[t=   2277.6832][DISPATCH              ] wf=59 task=1725 planned=vm27 no-idle-reserved -> on-demand vm=712
[t=   2277.6832][DISPATCH              ] wf=59 task=1726 planned=vm25 no-idle-reserved -> on-demand vm=713
[t=   2277.6832][DISPATCH              ] wf=59 task=1727 planned=vm16 no-idle-reserved -> on-demand vm=714
[t=   2277.6832][DISPATCH              ] wf=59 task=1730 planned=vm31 no-idle-reserved -> on-demand vm=715
[t=   2277.6832][DISPATCH              ] wf=59 task=1731 planned=vm23 no-idle-reserved -> on-demand vm=716
[t=   2277.6832][DISPATCH              ] wf=59 task=1732 planned=vm30 no-idle-reserved -> on-demand vm=717
[t=   2277.6832][DISPATCH              ] wf=59 task=1733 planned=vm27 no-idle-reserved -> on-demand vm=718
[t=   2277.6832][DISPATCH              ] wf=59 task=1734 planned=vm12 no-idle-reserved -> on-demand vm=719
[t=   2277.6832][DISPATCH              ] wf=59 task=1735 planned=vm29 no-idle-reserved -> on-demand vm=720
[t=   2277.6832][DISPATCH              ] wf=59 task=1736 planned=vm23 no-idle-reserved -> on-demand vm=721
[t=   2277.6832][DISPATCH              ] wf=59 task=1737 planned=vm25 no-idle-reserved -> on-demand vm=722
[t=   2277.6832][DISPATCH              ] wf=59 task=1738 planned=vm20 no-idle-reserved -> on-demand vm=723
[t=   2277.6832][DISPATCH              ] wf=59 task=1739 planned=vm7 no-idle-reserved -> on-demand vm=724
[t=   2277.6832][DISPATCH              ] wf=59 task=1740 planned=vm39 no-idle-reserved -> on-demand vm=725
[t=   2277.7832][DISPATCH              ] wf=59 task=1722 planned=vm28 no-idle-reserved -> on-demand vm=709
[t=   2277.7832][DISPATCH              ] wf=59 task=1723 planned=vm10 no-idle-reserved -> on-demand vm=710
[t=   2277.7832][DISPATCH              ] wf=59 task=1724 planned=vm13 no-idle-reserved -> on-demand vm=711
[t=   2277.7832][DISPATCH              ] wf=59 task=1725 planned=vm27 no-idle-reserved -> on-demand vm=712
[t=   2277.7832][DISPATCH              ] wf=59 task=1726 planned=vm25 no-idle-reserved -> on-demand vm=713
[t=   2277.7832][DISPATCH              ] wf=59 task=1727 planned=vm16 no-idle-reserved -> on-demand vm=714
[t=   2277.7832][DISPATCH              ] wf=59 task=1730 planned=vm31 no-idle-reserved -> on-demand vm=715
[t=   2277.7832][DISPATCH              ] wf=59 task=1731 planned=vm23 no-idle-reserved -> on-demand vm=716
[t=   2277.7832][DISPATCH              ] wf=59 task=1732 planned=vm30 no-idle-reserved -> on-demand vm=717
[t=   2277.7832][DISPATCH              ] wf=59 task=1733 planned=vm27 no-idle-reserved -> on-demand vm=718
[t=   2277.7832][DISPATCH              ] wf=59 task=1734 planned=vm12 no-idle-reserved -> on-demand vm=719
[t=   2277.7832][DISPATCH              ] wf=59 task=1735 planned=vm29 no-idle-reserved -> on-demand vm=720
[t=   2277.7832][DISPATCH              ] wf=59 task=1736 planned=vm23 no-idle-reserved -> on-demand vm=721
[t=   2277.7832][DISPATCH              ] wf=59 task=1737 planned=vm25 no-idle-reserved -> on-demand vm=722
[t=   2277.7832][DISPATCH              ] wf=59 task=1738 planned=vm20 no-idle-reserved -> on-demand vm=723
[t=   2277.7832][DISPATCH              ] wf=59 task=1739 planned=vm7 no-idle-reserved -> on-demand vm=724
[t=   2277.7832][DISPATCH              ] wf=59 task=1740 planned=vm39 no-idle-reserved -> on-demand vm=725
[t=   2283.9431][TASK-COMPLETE         ] task=878 wf=30 vm=17(reserved) actualCPU=210.2220s
[t=   2283.9431][DISPATCH              ] wf=30 task=879 planned=vm13 BUSY -> advanced to vm=17
[t=   2285.7521][TASK-COMPLETE         ] task=1569 wf=54 vm=14(reserved) actualCPU=283.2003s
[t=   2285.7521][DISPATCH              ] wf=54 task=1570 planned=vm23 BUSY -> advanced to vm=14
[t=   2286.5531][TASK-COMPLETE         ] task=1617 wf=56 vm=665(on-demand) actualCPU=229.7140s cost=$0.207891
[t=   2286.5531][DISPATCH              ] wf=56 task=1628 planned=vm30 no-idle-reserved -> on-demand vm=726
[t=   2286.5531][DISPATCH              ] wf=56 task=1629 planned=vm38 no-idle-reserved -> on-demand vm=727
[t=   2286.6531][DISPATCH              ] wf=56 task=1628 planned=vm30 no-idle-reserved -> on-demand vm=726
[t=   2286.6531][DISPATCH              ] wf=56 task=1629 planned=vm38 no-idle-reserved -> on-demand vm=727
[t=   2287.0521][TASK-COMPLETE         ] task=1555 wf=53 vm=21(reserved) actualCPU=49.5041s
[t=   2290.0461][TASK-COMPLETE         ] task=1703 wf=59 vm=26(reserved) actualCPU=12.3629s
[t=   2293.2701][TASK-COMPLETE         ] task=1630 wf=56 vm=676(on-demand) actualCPU=236.4310s cost=$0.213970
[t=   2296.1441][TASK-COMPLETE         ] task=1636 wf=56 vm=682(on-demand) actualCPU=239.3050s cost=$0.216571
[t=   2297.6871][TASK-COMPLETE         ] task=1633 wf=56 vm=679(on-demand) actualCPU=240.8480s cost=$0.217967
[t=   2298.2871][TASK-COMPLETE         ] task=1505 wf=52 vm=13(reserved) actualCPU=247.1600s
[t=   2299.0681][TASK-COMPLETE         ] task=1512 wf=52 vm=42(reserved) actualCPU=247.9410s
[t=   2301.1491][TASK-COMPLETE         ] task=1520 wf=52 vm=657(on-demand) actualCPU=249.9220s cost=$0.226179
[t=   2303.0471][TASK-COMPLETE         ] task=1522 wf=52 vm=659(on-demand) actualCPU=251.8200s cost=$0.227897
[t=   2303.8761][TASK-COMPLETE         ] task=1643 wf=56 vm=687(on-demand) actualCPU=247.0370s cost=$0.223568
[t=   2307.9431][TASK-COMPLETE         ] task=1396 wf=48 vm=7(reserved) actualCPU=215.2350s
[t=   2307.9431][DISPATCH              ] wf=48 task=1397 planned=vm2 BUSY -> advanced to vm=7
[t=   2308.0551][TASK-COMPLETE         ] task=1706 wf=59 vm=28(reserved) actualCPU=30.3719s
[t=   2314.6631][TASK-COMPLETE         ] task=1722 wf=59 vm=709(on-demand) actualCPU=36.8799s cost=$0.033376
[t=   2318.9001][TASK-COMPLETE         ] task=1600 wf=55 vm=48(reserved) actualCPU=194.6250s
[t=   2321.0051][TASK-COMPLETE         ] task=1712 wf=59 vm=40(reserved) actualCPU=43.3219s
[t=   2330.2361][TASK-COMPLETE         ] task=1713 wf=59 vm=43(reserved) actualCPU=52.5529s
[t=   2332.2901][TASK-COMPLETE         ] task=1709 wf=59 vm=35(reserved) actualCPU=54.6069s
[t=   2333.7881][TASK-COMPLETE         ] task=1653 wf=56 vm=697(on-demand) actualCPU=276.9490s cost=$0.250639
[t=   2334.2771][TASK-COMPLETE         ] task=1224 wf=42 vm=20(reserved) actualCPU=140.8640s
[t=   2334.2771][DISPATCH              ] wf=42 task=1225 planned=vm3 BUSY -> advanced to vm=26
[t=   2336.5851][TASK-COMPLETE         ] task=1511 wf=52 vm=41(reserved) actualCPU=285.4580s
[t=   2339.2901][TASK-COMPLETE         ] task=14 wf=0 vm=1(reserved) actualCPU=241.5020s
[t=   2339.2901][DISPATCH              ] wf=0 task=15 -> vm=1 (planned reserved, was idle)
[t=   2340.2421][TASK-COMPLETE         ] task=1739 wf=59 vm=724(on-demand) actualCPU=62.4589s cost=$0.056525
[t=   2341.1611][TASK-COMPLETE         ] task=1595 wf=55 vm=30(reserved) actualCPU=216.8860s
[t=   2343.5961][TASK-COMPLETE         ] task=1507 wf=52 vm=24(reserved) actualCPU=292.4690s
[t=   2343.5961][DISPATCH              ] wf=52 task=1526 planned=vm4 BUSY -> advanced to vm=40
[t=   2344.4271][TASK-COMPLETE         ] task=1397 wf=48 vm=7(reserved) actualCPU=36.4840s
[t=   2344.4271][DISPATCH              ] wf=48 task=1398 planned=vm22 BUSY -> advanced to vm=43
[t=   2346.2191][TASK-COMPLETE         ] task=1628 wf=56 vm=726(on-demand) actualCPU=59.5660s cost=$0.053907
[t=   2350.3371][TASK-COMPLETE         ] task=1644 wf=56 vm=688(on-demand) actualCPU=293.4980s cost=$0.265616
[t=   2350.6201][TASK-COMPLETE         ] task=1651 wf=56 vm=695(on-demand) actualCPU=293.7810s cost=$0.265872
[t=   2351.9721][TASK-COMPLETE         ] task=447 wf=15 vm=23(reserved) actualCPU=137.5410s
[t=   2351.9721][DISPATCH              ] wf=15 task=448 planned=vm8 BUSY -> advanced to vm=7
[t=   2356.5261][TASK-COMPLETE         ] task=1632 wf=56 vm=678(on-demand) actualCPU=299.6870s cost=$0.271217
[t=   2356.5261][DISPATCH              ] wf=56 task=1642 planned=vm1 BUSY -> advanced to vm=13
[t=   2360.6741][TASK-COMPLETE         ] task=1710 wf=59 vm=36(reserved) actualCPU=82.9909s
[t=   2364.5851][TASK-COMPLETE         ] task=965 wf=33 vm=5(reserved) actualCPU=210.2222s
[t=   2364.5851][DISPATCH              ] wf=33 task=966 planned=vm15 BUSY -> advanced to vm=36
[t=   2364.8181][TASK-COMPLETE         ] task=1727 wf=59 vm=714(on-demand) actualCPU=87.0349s cost=$0.078767
[t=   2370.1221][TASK-COMPLETE         ] task=1734 wf=59 vm=719(on-demand) actualCPU=92.3389s cost=$0.083567
[t=   2371.4351][TASK-COMPLETE         ] task=1592 wf=55 vm=25(reserved) actualCPU=247.1600s
[t=   2371.9901][TASK-COMPLETE         ] task=1708 wf=59 vm=31(reserved) actualCPU=94.3069s
[t=   2372.2161][TASK-COMPLETE         ] task=1599 wf=55 vm=37(reserved) actualCPU=247.9410s
[t=   2372.2372][TASK-COMPLETE         ] task=1714 wf=59 vm=44(reserved) actualCPU=94.5540s
[t=   2374.2971][TASK-COMPLETE         ] task=1607 wf=55 vm=703(on-demand) actualCPU=249.9220s cost=$0.226179
[t=   2375.8427][NEGOTIATE             ] wf=60 tasks=24 arrivalTime=2375.8427 deadline=6352.1831 cp=3313.6040 BETA*cp=3644.9644 slack=3976.3404 -> ACCEPTED
[t=   2375.8427][DISPATCH              ] wf=60 task=1741 planned=vm6 BUSY -> advanced to vm=35
[t=   2376.1951][TASK-COMPLETE         ] task=1609 wf=55 vm=705(on-demand) actualCPU=251.8200s cost=$0.227897
[t=   2379.2471][TASK-COMPLETE         ] task=1629 wf=56 vm=727(on-demand) actualCPU=92.5940s cost=$0.083798
[t=   2379.2471][DISPATCH              ] wf=56 task=1641 planned=vm8 BUSY -> advanced to vm=37
[t=   2385.6951][TASK-COMPLETE         ] task=1052 wf=36 vm=9(reserved) actualCPU=210.2222s
[t=   2385.6951][DISPATCH              ] wf=36 task=1053 planned=vm16 BUSY -> advanced to vm=44
[t=   2385.8781][TASK-COMPLETE         ] task=1678 wf=58 vm=15(reserved) actualCPU=113.7953s
[t=   2385.8781][DISPATCH              ] wf=58 task=1679 -> vm=9 (planned reserved, was idle)
[t=   2385.8781][DISPATCH              ] wf=58 task=1680 planned=vm13 BUSY -> advanced to vm=48
[t=   2385.8781][DISPATCH              ] wf=58 task=1681 -> vm=5 (planned reserved, was idle)
[t=   2385.8781][DISPATCH              ] wf=58 task=1682 planned=vm10 BUSY -> advanced to vm=15
[t=   2385.8781][DISPATCH              ] wf=58 task=1683 -> vm=20 (planned reserved, was idle)
[t=   2385.8781][DISPATCH              ] wf=58 task=1684 planned=vm8 BUSY -> advanced to vm=21
[t=   2385.8781][DISPATCH              ] wf=58 task=1685 planned=vm0 BUSY -> advanced to vm=23
[t=   2385.8781][DISPATCH              ] wf=58 task=1686 planned=vm22 BUSY -> advanced to vm=24
[t=   2385.8781][DISPATCH              ] wf=58 task=1687 planned=vm3 BUSY -> advanced to vm=25
[t=   2385.8781][DISPATCH              ] wf=58 task=1688 planned=vm12 BUSY -> advanced to vm=28
[t=   2385.8781][DISPATCH              ] wf=58 task=1689 planned=vm4 BUSY -> advanced to vm=30
[t=   2385.8781][DISPATCH              ] wf=58 task=1690 planned=vm5 BUSY -> advanced to vm=31
[t=   2385.8781][DISPATCH              ] wf=58 task=1691 planned=vm2 BUSY -> advanced to vm=41
[t=   2385.8781][DISPATCH              ] wf=58 task=1692 planned=vm19 BUSY -> advanced to vm=42
[t=   2385.8781][DISPATCH              ] wf=58 task=1693 planned=vm17 no-idle-reserved -> on-demand vm=728
[t=   2385.8781][DISPATCH              ] wf=58 task=1694 planned=vm34 no-idle-reserved -> on-demand vm=729
[t=   2385.8781][DISPATCH              ] wf=58 task=1695 planned=vm4 no-idle-reserved -> on-demand vm=730
[t=   2385.8781][DISPATCH              ] wf=58 task=1696 planned=vm47 no-idle-reserved -> on-demand vm=731
[t=   2385.8781][DISPATCH              ] wf=58 task=1697 planned=vm15 no-idle-reserved -> on-demand vm=732
[t=   2385.8781][DISPATCH              ] wf=58 task=1698 planned=vm7 no-idle-reserved -> on-demand vm=733
[t=   2385.8781][DISPATCH              ] wf=58 task=1699 planned=vm5 no-idle-reserved -> on-demand vm=734
[t=   2385.9781][DISPATCH              ] wf=58 task=1693 planned=vm17 no-idle-reserved -> on-demand vm=728
[t=   2385.9781][DISPATCH              ] wf=58 task=1694 planned=vm34 no-idle-reserved -> on-demand vm=729
[t=   2385.9781][DISPATCH              ] wf=58 task=1695 planned=vm4 no-idle-reserved -> on-demand vm=730
[t=   2385.9781][DISPATCH              ] wf=58 task=1696 planned=vm47 no-idle-reserved -> on-demand vm=731
[t=   2385.9781][DISPATCH              ] wf=58 task=1697 planned=vm15 no-idle-reserved -> on-demand vm=732
[t=   2385.9781][DISPATCH              ] wf=58 task=1698 planned=vm7 no-idle-reserved -> on-demand vm=733
[t=   2385.9781][DISPATCH              ] wf=58 task=1699 planned=vm5 no-idle-reserved -> on-demand vm=734
[t=   2387.2831][TASK-COMPLETE         ] task=1707 wf=59 vm=33(reserved) actualCPU=109.5999s
[t=   2392.2981][TASK-COMPLETE         ] task=1736 wf=59 vm=721(on-demand) actualCPU=114.5149s cost=$0.103636
[t=   2392.6371][TASK-COMPLETE         ] task=792 wf=27 vm=8(reserved) actualCPU=231.0052s
[t=   2392.6371][DISPATCH              ] wf=27 task=793 planned=vm12 BUSY -> advanced to vm=33
[t=   2392.9481][TASK-COMPLETE         ] task=15 wf=0 vm=1(reserved) actualCPU=53.6580s
[t=   2392.9481][DISPATCH              ] wf=0 task=16 planned=vm0 BUSY -> advanced to vm=1
[t=   2394.0861][TASK-COMPLETE         ] task=1737 wf=59 vm=722(on-demand) actualCPU=116.3029s cost=$0.105254
[t=   2398.3261][TASK-COMPLETE         ] task=1483 wf=51 vm=22(reserved) actualCPU=215.2360s
[t=   2398.3261][DISPATCH              ] wf=51 task=1484 planned=vm3 BUSY -> advanced to vm=8
[t=   2399.0321][TASK-COMPLETE         ] task=1711 wf=59 vm=39(reserved) actualCPU=121.3489s
[t=   2400.4871][TASK-COMPLETE         ] task=534 wf=18 vm=10(reserved) actualCPU=137.5401s
[t=   2400.4871][DISPATCH              ] wf=18 task=535 planned=vm7 BUSY -> advanced to vm=10
[t=   2401.6941][TASK-COMPLETE         ] task=1741 wf=60 vm=35(reserved) actualCPU=25.8514s
[t=   2401.6941][DISPATCH              ] wf=60 task=1742 planned=vm27 BUSY -> advanced to vm=35
[t=   2402.0661][TASK-COMPLETE         ] task=101 wf=3 vm=6(reserved) actualCPU=241.5022s
[t=   2402.0661][DISPATCH              ] wf=3 task=102 planned=vm1 BUSY -> advanced to vm=6
[t=   2402.2621][TASK-COMPLETE         ] task=1733 wf=59 vm=718(on-demand) actualCPU=124.4789s cost=$0.112653
[t=   2405.3781][TASK-COMPLETE         ] task=1311 wf=45 vm=11(reserved) actualCPU=140.8631s
[t=   2405.3781][DISPATCH              ] wf=45 task=1312 planned=vm20 BUSY -> advanced to vm=11
[t=   2405.5851][TASK-COMPLETE         ] task=1526 wf=52 vm=40(reserved) actualCPU=61.9890s
[t=   2405.5851][WF-COMPLETE           ] wf=52 completionTime=2405.5851 deadline=2499.2390 margin=93.6539 -> MET
[t=   2406.0311][TASK-COMPLETE         ] task=1642 wf=56 vm=13(reserved) actualCPU=49.5050s
[t=   2406.9891][TASK-COMPLETE         ] task=1554 wf=53 vm=32(reserved) actualCPU=146.8201s
[t=   2406.9891][WF-COMPLETE           ] wf=53 completionTime=2406.9891 deadline=2500.7179 margin=93.7288 -> MET
[t=   2409.7331][TASK-COMPLETE         ] task=1598 wf=55 vm=34(reserved) actualCPU=285.4580s
[t=   2414.2491][TASK-COMPLETE         ] task=619 wf=21 vm=3(reserved) actualCPU=299.4700s
[t=   2414.2491][DISPATCH              ] wf=21 task=620 planned=vm8 BUSY -> advanced to vm=32
[t=   2414.4954][NEGOTIATE             ] wf=61 tasks=23 arrivalTime=2414.4954 deadline=2976.4026 cp=468.2550 BETA*cp=515.0805 slack=561.9072 -> ACCEPTED
[t=   2414.4954][DISPATCH              ] wf=61 task=1765 planned=vm12 BUSY -> advanced to vm=40
[t=   2416.7441][TASK-COMPLETE         ] task=1594 wf=55 vm=29(reserved) actualCPU=292.4690s
[t=   2416.7441][DISPATCH              ] wf=55 task=1613 planned=vm4 BUSY -> advanced to vm=3
[t=   2420.9981][TASK-COMPLETE         ] task=1726 wf=59 vm=713(on-demand) actualCPU=143.2149s cost=$0.129610
[t=   2423.6971][TASK-COMPLETE         ] task=1725 wf=59 vm=712(on-demand) actualCPU=145.9139s cost=$0.132052
[t=   2425.5961][TASK-COMPLETE         ] task=1742 wf=60 vm=35(reserved) actualCPU=23.9020s
[t=   2425.5961][DISPATCH              ] wf=60 task=1743 planned=vm26 BUSY -> advanced to vm=13
[t=   2427.2681][TASK-COMPLETE         ] task=1701 wf=59 vm=16(reserved) actualCPU=149.5849s
[t=   2434.8101][TASK-COMPLETE         ] task=1484 wf=51 vm=8(reserved) actualCPU=36.4840s
[t=   2434.8101][DISPATCH              ] wf=51 task=1485 planned=vm23 BUSY -> advanced to vm=8
[t=   2439.7771][TASK-COMPLETE         ] task=1695 wf=58 vm=730(on-demand) actualCPU=53.7990s cost=$0.048688
[t=   2446.6501][TASK-COMPLETE         ] task=1702 wf=59 vm=19(reserved) actualCPU=168.9669s
[t=   2448.4314][NEGOTIATE             ] wf=62 tasks=40 arrivalTime=2448.4314 deadline=3011.3874 cp=469.1290 BETA*cp=516.0419 slack=562.9560 -> ACCEPTED
[t=   2448.4314][DISPATCH              ] wf=62 task=1788 planned=vm24 BUSY -> advanced to vm=16
[t=   2448.4314][DISPATCH              ] wf=62 task=1789 planned=vm40 BUSY -> advanced to vm=19
[t=   2448.4314][DISPATCH              ] wf=62 task=1790 planned=vm20 BUSY -> advanced to vm=29
[t=   2448.4314][DISPATCH              ] wf=62 task=1791 planned=vm6 BUSY -> advanced to vm=22
[t=   2448.4314][DISPATCH              ] wf=62 task=1792 planned=vm16 BUSY -> advanced to vm=34
[t=   2448.4314][DISPATCH              ] wf=62 task=1793 planned=vm28 BUSY -> advanced to vm=35
[t=   2448.4314][DISPATCH              ] wf=62 task=1794 planned=vm14 BUSY -> advanced to vm=39
[t=   2448.4314][DISPATCH              ] wf=62 task=1795 planned=vm45 no-idle-reserved -> on-demand vm=735
[t=   2448.4314][DISPATCH              ] wf=62 task=1796 planned=vm28 no-idle-reserved -> on-demand vm=736
[t=   2448.4314][DISPATCH              ] wf=62 task=1797 planned=vm20 no-idle-reserved -> on-demand vm=737
[t=   2448.4314][DISPATCH              ] wf=62 task=1798 planned=vm47 no-idle-reserved -> on-demand vm=738
[t=   2448.4314][DISPATCH              ] wf=62 task=1799 planned=vm8 no-idle-reserved -> on-demand vm=739
[t=   2448.4314][DISPATCH              ] wf=62 task=1800 planned=vm31 no-idle-reserved -> on-demand vm=740
[t=   2448.4314][DISPATCH              ] wf=62 task=1801 planned=vm1 no-idle-reserved -> on-demand vm=741
[t=   2448.4314][DISPATCH              ] wf=62 task=1804 planned=vm28 no-idle-reserved -> on-demand vm=742
[t=   2448.4314][DISPATCH              ] wf=62 task=1805 planned=vm46 no-idle-reserved -> on-demand vm=743
[t=   2448.4314][DISPATCH              ] wf=62 task=1806 planned=vm13 no-idle-reserved -> on-demand vm=744
[t=   2448.4314][DISPATCH              ] wf=62 task=1807 planned=vm26 no-idle-reserved -> on-demand vm=745
[t=   2448.4314][DISPATCH              ] wf=62 task=1808 planned=vm49 no-idle-reserved -> on-demand vm=746
[t=   2448.4314][DISPATCH              ] wf=62 task=1809 planned=vm21 no-idle-reserved -> on-demand vm=747
[t=   2448.4314][DISPATCH              ] wf=62 task=1810 planned=vm45 no-idle-reserved -> on-demand vm=748
[t=   2448.4314][DISPATCH              ] wf=62 task=1811 planned=vm48 no-idle-reserved -> on-demand vm=749
[t=   2448.4314][DISPATCH              ] wf=62 task=1812 planned=vm42 no-idle-reserved -> on-demand vm=750
[t=   2448.4314][DISPATCH              ] wf=62 task=1813 planned=vm39 no-idle-reserved -> on-demand vm=751
[t=   2448.4314][DISPATCH              ] wf=62 task=1814 planned=vm19 no-idle-reserved -> on-demand vm=752
[t=   2448.4314][DISPATCH              ] wf=62 task=1817 planned=vm40 no-idle-reserved -> on-demand vm=753
[t=   2448.4314][DISPATCH              ] wf=62 task=1818 planned=vm43 no-idle-reserved -> on-demand vm=754
[t=   2448.4314][DISPATCH              ] wf=62 task=1819 planned=vm34 no-idle-reserved -> on-demand vm=755
[t=   2448.4314][DISPATCH              ] wf=62 task=1820 planned=vm20 no-idle-reserved -> on-demand vm=756
[t=   2448.4314][DISPATCH              ] wf=62 task=1821 planned=vm5 no-idle-reserved -> on-demand vm=757
[t=   2448.4314][DISPATCH              ] wf=62 task=1822 planned=vm30 no-idle-reserved -> on-demand vm=758
[t=   2448.4314][DISPATCH              ] wf=62 task=1823 planned=vm17 no-idle-reserved -> on-demand vm=759
[t=   2448.4314][DISPATCH              ] wf=62 task=1824 planned=vm19 no-idle-reserved -> on-demand vm=760
[t=   2448.4314][DISPATCH              ] wf=62 task=1825 planned=vm44 no-idle-reserved -> on-demand vm=761
[t=   2448.4314][DISPATCH              ] wf=62 task=1826 planned=vm2 no-idle-reserved -> on-demand vm=762
[t=   2448.4314][DISPATCH              ] wf=62 task=1827 planned=vm41 no-idle-reserved -> on-demand vm=763
[t=   2448.5314][DISPATCH              ] wf=62 task=1795 planned=vm45 no-idle-reserved -> on-demand vm=735
[t=   2448.5314][DISPATCH              ] wf=62 task=1796 planned=vm28 no-idle-reserved -> on-demand vm=736
[t=   2448.5314][DISPATCH              ] wf=62 task=1797 planned=vm20 no-idle-reserved -> on-demand vm=737
[t=   2448.5314][DISPATCH              ] wf=62 task=1798 planned=vm47 no-idle-reserved -> on-demand vm=738
[t=   2448.5314][DISPATCH              ] wf=62 task=1799 planned=vm8 no-idle-reserved -> on-demand vm=739
[t=   2448.5314][DISPATCH              ] wf=62 task=1800 planned=vm31 no-idle-reserved -> on-demand vm=740
[t=   2448.5314][DISPATCH              ] wf=62 task=1801 planned=vm1 no-idle-reserved -> on-demand vm=741
[t=   2448.5314][DISPATCH              ] wf=62 task=1804 planned=vm28 no-idle-reserved -> on-demand vm=742
[t=   2448.5314][DISPATCH              ] wf=62 task=1805 planned=vm46 no-idle-reserved -> on-demand vm=743
[t=   2448.5314][DISPATCH              ] wf=62 task=1806 planned=vm13 no-idle-reserved -> on-demand vm=744
[t=   2448.5314][DISPATCH              ] wf=62 task=1807 planned=vm26 no-idle-reserved -> on-demand vm=745
[t=   2448.5314][DISPATCH              ] wf=62 task=1808 planned=vm49 no-idle-reserved -> on-demand vm=746
[t=   2448.5314][DISPATCH              ] wf=62 task=1809 planned=vm21 no-idle-reserved -> on-demand vm=747
[t=   2448.5314][DISPATCH              ] wf=62 task=1810 planned=vm45 no-idle-reserved -> on-demand vm=748
[t=   2448.5314][DISPATCH              ] wf=62 task=1811 planned=vm48 no-idle-reserved -> on-demand vm=749
[t=   2448.5314][DISPATCH              ] wf=62 task=1812 planned=vm42 no-idle-reserved -> on-demand vm=750
[t=   2448.5314][DISPATCH              ] wf=62 task=1813 planned=vm39 no-idle-reserved -> on-demand vm=751
[t=   2448.5314][DISPATCH              ] wf=62 task=1814 planned=vm19 no-idle-reserved -> on-demand vm=752
[t=   2448.5314][DISPATCH              ] wf=62 task=1817 planned=vm40 no-idle-reserved -> on-demand vm=753
[t=   2448.5314][DISPATCH              ] wf=62 task=1818 planned=vm43 no-idle-reserved -> on-demand vm=754
[t=   2448.5314][DISPATCH              ] wf=62 task=1819 planned=vm34 no-idle-reserved -> on-demand vm=755
[t=   2448.5314][DISPATCH              ] wf=62 task=1820 planned=vm20 no-idle-reserved -> on-demand vm=756
[t=   2448.5314][DISPATCH              ] wf=62 task=1821 planned=vm5 no-idle-reserved -> on-demand vm=757
[t=   2448.5314][DISPATCH              ] wf=62 task=1822 planned=vm30 no-idle-reserved -> on-demand vm=758
[t=   2448.5314][DISPATCH              ] wf=62 task=1823 planned=vm17 no-idle-reserved -> on-demand vm=759
[t=   2448.5314][DISPATCH              ] wf=62 task=1824 planned=vm19 no-idle-reserved -> on-demand vm=760
[t=   2448.5314][DISPATCH              ] wf=62 task=1825 planned=vm44 no-idle-reserved -> on-demand vm=761
[t=   2448.5314][DISPATCH              ] wf=62 task=1826 planned=vm2 no-idle-reserved -> on-demand vm=762
[t=   2448.5314][DISPATCH              ] wf=62 task=1827 planned=vm41 no-idle-reserved -> on-demand vm=763
[t=   2452.8064][TASK-COMPLETE         ] task=1699 wf=58 vm=734(on-demand) actualCPU=66.8283s cost=$0.060480
[t=   2454.9524][TASK-COMPLETE         ] task=1225 wf=42 vm=26(reserved) actualCPU=120.6753s
[t=   2454.9524][DISPATCH              ] wf=42 task=1226 planned=vm19 BUSY -> advanced to vm=26
[t=   2455.7234][TASK-COMPLETE         ] task=102 wf=3 vm=6(reserved) actualCPU=53.6573s
[t=   2455.7234][DISPATCH              ] wf=3 task=103 planned=vm2 BUSY -> advanced to vm=6
[t=   2456.0214][TASK-COMPLETE         ] task=188 wf=6 vm=4(reserved) actualCPU=241.5024s
[t=   2456.0214][DISPATCH              ] wf=6 task=189 planned=vm0 BUSY -> advanced to vm=4
[t=   2460.7944][TASK-COMPLETE         ] task=1790 wf=62 vm=29(reserved) actualCPU=12.3630s
[t=   2466.1764][TASK-COMPLETE         ] task=1735 wf=59 vm=720(on-demand) actualCPU=188.3933s cost=$0.170496
[t=   2468.3154][TASK-COMPLETE         ] task=620 wf=21 vm=32(reserved) actualCPU=54.0663s
[t=   2468.3154][DISPATCH              ] wf=21 task=621 planned=vm10 BUSY -> advanced to vm=29
[t=   2469.7024][TASK-COMPLETE         ] task=1139 wf=39 vm=18(reserved) actualCPU=210.2224s
[t=   2469.7024][DISPATCH              ] wf=39 task=1140 planned=vm17 BUSY -> advanced to vm=18
[t=   2470.6824][TASK-COMPLETE         ] task=1705 wf=59 vm=27(reserved) actualCPU=192.9993s
[t=   2477.3424][TASK-COMPLETE         ] task=1698 wf=58 vm=733(on-demand) actualCPU=91.3643s cost=$0.082685
[t=   2478.2524][TASK-COMPLETE         ] task=1718 wf=59 vm=46(reserved) actualCPU=200.5693s
[t=   2478.7324][TASK-COMPLETE         ] task=1613 wf=55 vm=3(reserved) actualCPU=61.9883s
[t=   2478.7324][WF-COMPLETE           ] wf=55 completionTime=2478.7324 deadline=2572.3870 margin=93.6545 -> MET
[t=   2478.8034][TASK-COMPLETE         ] task=1793 wf=62 vm=35(reserved) actualCPU=30.3720s
[t=   2480.4574][TASK-COMPLETE         ] task=1684 wf=58 vm=21(reserved) actualCPU=94.5793s
[t=   2482.2434][TASK-COMPLETE         ] task=1724 wf=59 vm=711(on-demand) actualCPU=204.4603s cost=$0.185037
[t=   2485.2904][TASK-COMPLETE         ] task=1398 wf=48 vm=43(reserved) actualCPU=140.8633s
[t=   2485.2904][DISPATCH              ] wf=48 task=1399 planned=vm22 BUSY -> advanced to vm=3
[t=   2485.4114][TASK-COMPLETE         ] task=1809 wf=62 vm=747(on-demand) actualCPU=36.8800s cost=$0.033376
[t=   2488.6314][TASK-COMPLETE         ] task=274 wf=9 vm=0(reserved) actualCPU=279.8823s
[t=   2488.6314][DISPATCH              ] wf=9 task=275 planned=vm4 BUSY -> advanced to vm=0
[t=   2488.9584][TASK-COMPLETE         ] task=1721 wf=59 vm=403(on-demand) actualCPU=211.2753s cost=$0.191204
[t=   2491.3754][TASK-COMPLETE         ] task=1732 wf=59 vm=717(on-demand) actualCPU=213.5923s cost=$0.193301
[t=   2491.8534][TASK-COMPLETE         ] task=1799 wf=62 vm=739(on-demand) actualCPU=43.3220s cost=$0.039206
[t=   2497.3812][NEGOTIATE             ] wf=63 tasks=24 arrivalTime=2497.3812 deadline=6473.7216 cp=3313.6040 BETA*cp=3644.9644 slack=3976.3404 -> ACCEPTED
[t=   2497.3812][DISPATCH              ] wf=63 task=1828 planned=vm17 BUSY -> advanced to vm=21
[t=   2500.3502][TASK-COMPLETE         ] task=1689 wf=58 vm=30(reserved) actualCPU=114.4721s
[t=   2500.9872][TASK-COMPLETE         ] task=1570 wf=54 vm=14(reserved) actualCPU=215.2351s
[t=   2500.9872][DISPATCH              ] wf=54 task=1571 planned=vm23 BUSY -> advanced to vm=14
[t=   2501.0571][TASK-COMPLETE         ] task=16 wf=0 vm=1(reserved) actualCPU=108.1090s
[t=   2501.0571][DISPATCH              ] wf=0 task=17 -> vm=1 (planned reserved, was idle)
[t=   2501.0844][TASK-COMPLETE         ] task=1800 wf=62 vm=740(on-demand) actualCPU=52.5530s cost=$0.047560
[t=   2502.9222][TASK-COMPLETE         ] task=1688 wf=58 vm=28(reserved) actualCPU=117.0441s
[t=   2503.1382][TASK-COMPLETE         ] task=1796 wf=62 vm=736(on-demand) actualCPU=54.6068s cost=$0.049419
[t=   2507.2742][TASK-COMPLETE         ] task=361 wf=12 vm=2(reserved) actualCPU=279.8822s
[t=   2507.2742][DISPATCH              ] wf=12 task=362 planned=vm5 BUSY -> advanced to vm=2
[t=   2507.3962][TASK-COMPLETE         ] task=1704 wf=59 vm=38(reserved) actualCPU=229.7131s
[t=   2507.3962][DISPATCH              ] wf=59 task=1715 planned=vm24 BUSY -> advanced to vm=27
[t=   2507.3962][DISPATCH              ] wf=59 task=1716 planned=vm23 BUSY -> advanced to vm=28
[t=   2509.6792][TASK-COMPLETE         ] task=189 wf=6 vm=4(reserved) actualCPU=53.6578s
[t=   2509.6792][DISPATCH              ] wf=6 task=190 planned=vm3 BUSY -> advanced to vm=4
[t=   2510.9902][TASK-COMPLETE         ] task=1826 wf=62 vm=762(on-demand) actualCPU=62.4588s cost=$0.056525
[t=   2514.1132][TASK-COMPLETE         ] task=1717 wf=59 vm=45(reserved) actualCPU=236.4301s
[t=   2514.8523][NEGOTIATE             ] wf=64 tasks=23 arrivalTime=2514.8523 deadline=3076.7595 cp=468.2550 BETA*cp=515.0805 slack=561.9072 -> ACCEPTED
[t=   2514.8523][DISPATCH              ] wf=64 task=1852 planned=vm42 BUSY -> advanced to vm=30
[t=   2514.9482][TASK-COMPLETE         ] task=879 wf=30 vm=17(reserved) actualCPU=231.0051s
[t=   2514.9482][DISPATCH              ] wf=30 task=880 planned=vm11 BUSY -> advanced to vm=17
[t=   2517.0062][TASK-COMPLETE         ] task=1680 wf=58 vm=48(reserved) actualCPU=131.1281s
[t=   2517.0882][TASK-COMPLETE         ] task=1723 wf=59 vm=710(on-demand) actualCPU=239.3050s cost=$0.216571
[t=   2518.5302][TASK-COMPLETE         ] task=1720 wf=59 vm=266(on-demand) actualCPU=240.8471s cost=$0.217967
[t=   2521.9282][TASK-COMPLETE         ] task=1690 wf=58 vm=31(reserved) actualCPU=136.0501s
[t=   2523.2332][TASK-COMPLETE         ] task=1828 wf=63 vm=21(reserved) actualCPU=25.8520s
[t=   2523.2332][DISPATCH              ] wf=63 task=1829 planned=vm4 BUSY -> advanced to vm=21
[t=   2524.8192][TASK-COMPLETE         ] task=1730 wf=59 vm=715(on-demand) actualCPU=247.0361s cost=$0.223568
[t=   2526.0532][TASK-COMPLETE         ] task=1312 wf=45 vm=11(reserved) actualCPU=120.6751s
[t=   2526.0532][DISPATCH              ] wf=45 task=1313 planned=vm18 BUSY -> advanced to vm=11
[t=   2526.0681][TASK-COMPLETE         ] task=1641 wf=56 vm=37(reserved) actualCPU=146.8210s
[t=   2526.0681][WF-COMPLETE           ] wf=56 completionTime=2526.0681 deadline=2619.6951 margin=93.6270 -> MET
[t=   2528.2911][TASK-COMPLETE         ] task=1765 wf=61 vm=40(reserved) actualCPU=113.7957s
[t=   2528.2911][DISPATCH              ] wf=61 task=1766 -> vm=32 (planned reserved, was idle)
[t=   2528.2911][DISPATCH              ] wf=61 task=1767 planned=vm15 BUSY -> advanced to vm=31
[t=   2528.2911][DISPATCH              ] wf=61 task=1768 -> vm=38 (planned reserved, was idle)
[t=   2528.2911][DISPATCH              ] wf=61 task=1769 planned=vm11 BUSY -> advanced to vm=35
[t=   2528.2911][DISPATCH              ] wf=61 task=1770 planned=vm26 BUSY -> advanced to vm=37
[t=   2528.2911][DISPATCH              ] wf=61 task=1771 planned=vm11 BUSY -> advanced to vm=40
[t=   2528.2911][DISPATCH              ] wf=61 task=1772 planned=vm37 BUSY -> advanced to vm=43
[t=   2528.2911][DISPATCH              ] wf=61 task=1773 planned=vm33 BUSY -> advanced to vm=45
[t=   2528.2911][DISPATCH              ] wf=61 task=1774 planned=vm9 BUSY -> advanced to vm=46
[t=   2528.2911][DISPATCH              ] wf=61 task=1775 planned=vm14 BUSY -> advanced to vm=48
[t=   2528.2911][DISPATCH              ] wf=61 task=1776 planned=vm1 no-idle-reserved -> on-demand vm=266
[t=   2528.2911][DISPATCH              ] wf=61 task=1777 planned=vm0 no-idle-reserved -> on-demand vm=403
[t=   2528.2911][DISPATCH              ] wf=61 task=1778 planned=vm16 no-idle-reserved -> on-demand vm=764
[t=   2528.2911][DISPATCH              ] wf=61 task=1779 planned=vm22 no-idle-reserved -> on-demand vm=765
[t=   2528.2911][DISPATCH              ] wf=61 task=1780 planned=vm21 no-idle-reserved -> on-demand vm=766
[t=   2528.2911][DISPATCH              ] wf=61 task=1781 planned=vm35 no-idle-reserved -> on-demand vm=767
[t=   2528.2911][DISPATCH              ] wf=61 task=1782 planned=vm1 no-idle-reserved -> on-demand vm=768
[t=   2528.2911][DISPATCH              ] wf=61 task=1783 planned=vm36 no-idle-reserved -> on-demand vm=769
[t=   2528.2911][DISPATCH              ] wf=61 task=1784 planned=vm17 no-idle-reserved -> on-demand vm=770
[t=   2528.2911][DISPATCH              ] wf=61 task=1785 planned=vm4 no-idle-reserved -> on-demand vm=771
[t=   2528.2911][DISPATCH              ] wf=61 task=1786 planned=vm0 no-idle-reserved -> on-demand vm=772
[t=   2528.3911][DISPATCH              ] wf=61 task=1778 planned=vm16 no-idle-reserved -> on-demand vm=764
[t=   2528.3911][DISPATCH              ] wf=61 task=1779 planned=vm22 no-idle-reserved -> on-demand vm=765
[t=   2528.3911][DISPATCH              ] wf=61 task=1780 planned=vm21 no-idle-reserved -> on-demand vm=766
[t=   2528.3911][DISPATCH              ] wf=61 task=1781 planned=vm35 no-idle-reserved -> on-demand vm=767
[t=   2528.3911][DISPATCH              ] wf=61 task=1782 planned=vm1 no-idle-reserved -> on-demand vm=768
[t=   2528.3911][DISPATCH              ] wf=61 task=1783 planned=vm36 no-idle-reserved -> on-demand vm=769
[t=   2528.3911][DISPATCH              ] wf=61 task=1784 planned=vm17 no-idle-reserved -> on-demand vm=770
[t=   2528.3911][DISPATCH              ] wf=61 task=1785 planned=vm4 no-idle-reserved -> on-demand vm=771
[t=   2528.3911][DISPATCH              ] wf=61 task=1786 planned=vm0 no-idle-reserved -> on-demand vm=772
[t=   2528.5001][TASK-COMPLETE         ] task=1691 wf=58 vm=41(reserved) actualCPU=142.6220s
[t=   2529.4661][TASK-COMPLETE         ] task=1697 wf=58 vm=732(on-demand) actualCPU=143.4880s cost=$0.129857
[t=   2531.5221][TASK-COMPLETE         ] task=1797 wf=62 vm=737(on-demand) actualCPU=82.9907s cost=$0.075107
[t=   2531.9941][TASK-COMPLETE         ] task=1693 wf=58 vm=728(on-demand) actualCPU=146.0160s cost=$0.132144
[t=   2532.9571][TASK-COMPLETE         ] task=1692 wf=58 vm=42(reserved) actualCPU=147.0790s
[t=   2533.4541][NEGOTIATE             ] wf=65 tasks=40 arrivalTime=2533.4541 deadline=3096.4101 cp=469.1290 BETA*cp=516.0419 slack=562.9560 -> ACCEPTED
[t=   2533.4541][DISPATCH              ] wf=65 task=1875 planned=vm47 BUSY -> advanced to vm=41
[t=   2533.4541][DISPATCH              ] wf=65 task=1876 planned=vm47 BUSY -> advanced to vm=42
[t=   2533.4541][DISPATCH              ] wf=65 task=1877 planned=vm21 no-idle-reserved -> on-demand vm=773
[t=   2533.4541][DISPATCH              ] wf=65 task=1878 planned=vm47 no-idle-reserved -> on-demand vm=774
[t=   2533.4541][DISPATCH              ] wf=65 task=1879 planned=vm47 no-idle-reserved -> on-demand vm=775
[t=   2533.4541][DISPATCH              ] wf=65 task=1880 planned=vm11 no-idle-reserved -> on-demand vm=776
[t=   2533.4541][DISPATCH              ] wf=65 task=1881 planned=vm6 no-idle-reserved -> on-demand vm=777
[t=   2533.4541][DISPATCH              ] wf=65 task=1882 planned=vm46 no-idle-reserved -> on-demand vm=778
[t=   2533.4541][DISPATCH              ] wf=65 task=1883 planned=vm41 no-idle-reserved -> on-demand vm=779
[t=   2533.4541][DISPATCH              ] wf=65 task=1884 planned=vm42 no-idle-reserved -> on-demand vm=780
[t=   2533.4541][DISPATCH              ] wf=65 task=1885 planned=vm14 no-idle-reserved -> on-demand vm=781
[t=   2533.4541][DISPATCH              ] wf=65 task=1886 planned=vm39 no-idle-reserved -> on-demand vm=782
[t=   2533.4541][DISPATCH              ] wf=65 task=1887 planned=vm29 no-idle-reserved -> on-demand vm=783
[t=   2533.4541][DISPATCH              ] wf=65 task=1888 planned=vm3 no-idle-reserved -> on-demand vm=784
[t=   2533.4541][DISPATCH              ] wf=65 task=1891 planned=vm18 no-idle-reserved -> on-demand vm=785
[t=   2533.4541][DISPATCH              ] wf=65 task=1892 planned=vm22 no-idle-reserved -> on-demand vm=786
[t=   2533.4541][DISPATCH              ] wf=65 task=1893 planned=vm47 no-idle-reserved -> on-demand vm=787
[t=   2533.4541][DISPATCH              ] wf=65 task=1894 planned=vm47 no-idle-reserved -> on-demand vm=788
[t=   2533.4541][DISPATCH              ] wf=65 task=1895 planned=vm13 no-idle-reserved -> on-demand vm=789
[t=   2533.4541][DISPATCH              ] wf=65 task=1896 planned=vm23 no-idle-reserved -> on-demand vm=790
[t=   2533.4541][DISPATCH              ] wf=65 task=1897 planned=vm47 no-idle-reserved -> on-demand vm=791
[t=   2533.4541][DISPATCH              ] wf=65 task=1898 planned=vm34 no-idle-reserved -> on-demand vm=792
[t=   2533.4541][DISPATCH              ] wf=65 task=1899 planned=vm49 no-idle-reserved -> on-demand vm=793
[t=   2533.4541][DISPATCH              ] wf=65 task=1900 planned=vm47 no-idle-reserved -> on-demand vm=794
[t=   2533.4541][DISPATCH              ] wf=65 task=1901 planned=vm22 no-idle-reserved -> on-demand vm=795
[t=   2533.4541][DISPATCH              ] wf=65 task=1904 planned=vm13 no-idle-reserved -> on-demand vm=796
[t=   2533.4541][DISPATCH              ] wf=65 task=1905 planned=vm19 no-idle-reserved -> on-demand vm=797
[t=   2533.4541][DISPATCH              ] wf=65 task=1906 planned=vm37 no-idle-reserved -> on-demand vm=798
[t=   2533.4541][DISPATCH              ] wf=65 task=1907 planned=vm25 no-idle-reserved -> on-demand vm=799
[t=   2533.4541][DISPATCH              ] wf=65 task=1908 planned=vm20 no-idle-reserved -> on-demand vm=800
[t=   2533.4541][DISPATCH              ] wf=65 task=1909 planned=vm36 no-idle-reserved -> on-demand vm=801
[t=   2533.4541][DISPATCH              ] wf=65 task=1910 planned=vm21 no-idle-reserved -> on-demand vm=802
[t=   2533.4541][DISPATCH              ] wf=65 task=1911 planned=vm22 no-idle-reserved -> on-demand vm=803
[t=   2533.4541][DISPATCH              ] wf=65 task=1912 planned=vm5 no-idle-reserved -> on-demand vm=804
[t=   2533.4541][DISPATCH              ] wf=65 task=1913 planned=vm3 no-idle-reserved -> on-demand vm=805
[t=   2533.4541][DISPATCH              ] wf=65 task=1914 planned=vm2 no-idle-reserved -> on-demand vm=806
[t=   2533.5541][DISPATCH              ] wf=65 task=1877 planned=vm21 no-idle-reserved -> on-demand vm=773
[t=   2533.5541][DISPATCH              ] wf=65 task=1878 planned=vm47 no-idle-reserved -> on-demand vm=774
[t=   2533.5541][DISPATCH              ] wf=65 task=1879 planned=vm47 no-idle-reserved -> on-demand vm=775
[t=   2533.5541][DISPATCH              ] wf=65 task=1880 planned=vm11 no-idle-reserved -> on-demand vm=776
[t=   2533.5541][DISPATCH              ] wf=65 task=1881 planned=vm6 no-idle-reserved -> on-demand vm=777
[t=   2533.5541][DISPATCH              ] wf=65 task=1882 planned=vm46 no-idle-reserved -> on-demand vm=778
[t=   2533.5541][DISPATCH              ] wf=65 task=1883 planned=vm41 no-idle-reserved -> on-demand vm=779
[t=   2533.5541][DISPATCH              ] wf=65 task=1884 planned=vm42 no-idle-reserved -> on-demand vm=780
[t=   2533.5541][DISPATCH              ] wf=65 task=1885 planned=vm14 no-idle-reserved -> on-demand vm=781
[t=   2533.5541][DISPATCH              ] wf=65 task=1886 planned=vm39 no-idle-reserved -> on-demand vm=782
[t=   2533.5541][DISPATCH              ] wf=65 task=1887 planned=vm29 no-idle-reserved -> on-demand vm=783
[t=   2533.5541][DISPATCH              ] wf=65 task=1888 planned=vm3 no-idle-reserved -> on-demand vm=784
[t=   2533.5541][DISPATCH              ] wf=65 task=1891 planned=vm18 no-idle-reserved -> on-demand vm=785
[t=   2533.5541][DISPATCH              ] wf=65 task=1892 planned=vm22 no-idle-reserved -> on-demand vm=786
[t=   2533.5541][DISPATCH              ] wf=65 task=1893 planned=vm47 no-idle-reserved -> on-demand vm=787
[t=   2533.5541][DISPATCH              ] wf=65 task=1894 planned=vm47 no-idle-reserved -> on-demand vm=788
[t=   2533.5541][DISPATCH              ] wf=65 task=1895 planned=vm13 no-idle-reserved -> on-demand vm=789
[t=   2533.5541][DISPATCH              ] wf=65 task=1896 planned=vm23 no-idle-reserved -> on-demand vm=790
[t=   2533.5541][DISPATCH              ] wf=65 task=1897 planned=vm47 no-idle-reserved -> on-demand vm=791
[t=   2533.5541][DISPATCH              ] wf=65 task=1898 planned=vm34 no-idle-reserved -> on-demand vm=792
[t=   2533.5541][DISPATCH              ] wf=65 task=1899 planned=vm49 no-idle-reserved -> on-demand vm=793
[t=   2533.5541][DISPATCH              ] wf=65 task=1900 planned=vm47 no-idle-reserved -> on-demand vm=794
[t=   2533.5541][DISPATCH              ] wf=65 task=1901 planned=vm22 no-idle-reserved -> on-demand vm=795
[t=   2533.5541][DISPATCH              ] wf=65 task=1904 planned=vm13 no-idle-reserved -> on-demand vm=796
[t=   2533.5541][DISPATCH              ] wf=65 task=1905 planned=vm19 no-idle-reserved -> on-demand vm=797
[t=   2533.5541][DISPATCH              ] wf=65 task=1906 planned=vm37 no-idle-reserved -> on-demand vm=798
[t=   2533.5541][DISPATCH              ] wf=65 task=1907 planned=vm25 no-idle-reserved -> on-demand vm=799
[t=   2533.5541][DISPATCH              ] wf=65 task=1908 planned=vm20 no-idle-reserved -> on-demand vm=800
[t=   2533.5541][DISPATCH              ] wf=65 task=1909 planned=vm36 no-idle-reserved -> on-demand vm=801
[t=   2533.5541][DISPATCH              ] wf=65 task=1910 planned=vm21 no-idle-reserved -> on-demand vm=802
[t=   2533.5541][DISPATCH              ] wf=65 task=1911 planned=vm22 no-idle-reserved -> on-demand vm=803
[t=   2533.5541][DISPATCH              ] wf=65 task=1912 planned=vm5 no-idle-reserved -> on-demand vm=804
[t=   2533.5541][DISPATCH              ] wf=65 task=1913 planned=vm3 no-idle-reserved -> on-demand vm=805
[t=   2533.5541][DISPATCH              ] wf=65 task=1914 planned=vm2 no-idle-reserved -> on-demand vm=806
[t=   2535.2431][TASK-COMPLETE         ] task=1683 wf=58 vm=20(reserved) actualCPU=149.3650s
[t=   2535.5661][TASK-COMPLETE         ] task=1814 wf=62 vm=752(on-demand) actualCPU=87.0347s cost=$0.078766
[t=   2537.4711][TASK-COMPLETE         ] task=1571 wf=54 vm=14(reserved) actualCPU=36.4839s
[t=   2537.4711][DISPATCH              ] wf=54 task=1572 planned=vm24 BUSY -> advanced to vm=14
[t=   2540.6421][TASK-COMPLETE         ] task=1656 wf=57 vm=47(reserved) actualCPU=283.2001s
[t=   2540.6421][DISPATCH              ] wf=57 task=1657 planned=vm25 BUSY -> advanced to vm=20
[t=   2540.8701][TASK-COMPLETE         ] task=1821 wf=62 vm=757(on-demand) actualCPU=92.3387s cost=$0.083567
[t=   2542.8381][TASK-COMPLETE         ] task=1795 wf=62 vm=735(on-demand) actualCPU=94.3067s cost=$0.085348
[t=   2543.0851][TASK-COMPLETE         ] task=1801 wf=62 vm=741(on-demand) actualCPU=94.5537s cost=$0.085571
[t=   2545.9171][TASK-COMPLETE         ] task=1877 wf=65 vm=773(on-demand) actualCPU=12.3630s cost=$0.011189
[t=   2546.0200][TASK-COMPLETE         ] task=706 wf=24 vm=12(reserved) actualCPU=299.4710s
[t=   2546.0200][DISPATCH              ] wf=24 task=707 planned=vm10 BUSY -> advanced to vm=12
[t=   2547.1350][TASK-COMPLETE         ] task=1829 wf=63 vm=21(reserved) actualCPU=23.9018s
[t=   2547.1350][DISPATCH              ] wf=63 task=1830 planned=vm28 BUSY -> advanced to vm=21
[t=   2554.7320][TASK-COMPLETE         ] task=1740 wf=59 vm=725(on-demand) actualCPU=276.9489s cost=$0.250639
[t=   2558.0310][TASK-COMPLETE         ] task=1794 wf=62 vm=39(reserved) actualCPU=109.5996s
[t=   2563.0460][TASK-COMPLETE         ] task=1823 wf=62 vm=759(on-demand) actualCPU=114.5146s cost=$0.103636
[t=   2563.8320][TASK-COMPLETE         ] task=103 wf=3 vm=6(reserved) actualCPU=108.1086s
[t=   2563.8320][DISPATCH              ] wf=3 task=104 planned=vm2 BUSY -> advanced to vm=6
[t=   2563.9261][TASK-COMPLETE         ] task=1880 wf=65 vm=776(on-demand) actualCPU=30.3720s cost=$0.027487
[t=   2564.8340][TASK-COMPLETE         ] task=1824 wf=62 vm=760(on-demand) actualCPU=116.3026s cost=$0.105254
[t=   2566.9620][TASK-COMPLETE         ] task=1715 wf=59 vm=27(reserved) actualCPU=59.5658s
[t=   2569.8800][TASK-COMPLETE         ] task=1798 wf=62 vm=738(on-demand) actualCPU=121.3486s cost=$0.109820
[t=   2570.4340][TASK-COMPLETE         ] task=1896 wf=65 vm=790(on-demand) actualCPU=36.8799s cost=$0.033376
[t=   2571.2810][TASK-COMPLETE         ] task=1731 wf=59 vm=716(on-demand) actualCPU=293.4979s cost=$0.265616
[t=   2571.5640][TASK-COMPLETE         ] task=1738 wf=59 vm=723(on-demand) actualCPU=293.7809s cost=$0.265872
[t=   2573.0100][TASK-COMPLETE         ] task=1820 wf=62 vm=756(on-demand) actualCPU=124.4786s cost=$0.112653
[t=   2575.6740][TASK-COMPLETE         ] task=1485 wf=51 vm=8(reserved) actualCPU=140.8639s
[t=   2575.6740][DISPATCH              ] wf=51 task=1486 planned=vm20 BUSY -> advanced to vm=8
[t=   2576.8760][TASK-COMPLETE         ] task=1886 wf=65 vm=782(on-demand) actualCPU=43.3219s cost=$0.039206
[t=   2577.3700][TASK-COMPLETE         ] task=1719 wf=59 vm=49(reserved) actualCPU=299.6869s
[t=   2577.3700][DISPATCH              ] wf=59 task=1729 planned=vm9 BUSY -> advanced to vm=27
[t=   2580.5040][TASK-COMPLETE         ] task=1687 wf=58 vm=25(reserved) actualCPU=194.6259s
[t=   2582.1900][TASK-COMPLETE         ] task=1782 wf=61 vm=768(on-demand) actualCPU=53.7989s cost=$0.048688
[t=   2583.7480][TASK-COMPLETE         ] task=17 wf=0 vm=1(reserved) actualCPU=82.6909s
[t=   2583.7480][DISPATCH              ] wf=0 task=18 planned=vm0 BUSY -> advanced to vm=1
[t=   2586.1070][TASK-COMPLETE         ] task=1887 wf=65 vm=783(on-demand) actualCPU=52.5529s cost=$0.047560
[t=   2588.1610][TASK-COMPLETE         ] task=1883 wf=65 vm=779(on-demand) actualCPU=54.6069s cost=$0.049419
[t=   2590.9386][NEGOTIATE             ] wf=66 tasks=24 arrivalTime=2590.9386 deadline=6567.2790 cp=3313.6040 BETA*cp=3644.9644 slack=3976.3404 -> ACCEPTED
[t=   2590.9386][DISPATCH              ] wf=66 task=1915 planned=vm2 BUSY -> advanced to vm=25
[t=   2591.7456][TASK-COMPLETE         ] task=1813 wf=62 vm=751(on-demand) actualCPU=143.2142s cost=$0.129609
[t=   2594.4446][TASK-COMPLETE         ] task=1812 wf=62 vm=750(on-demand) actualCPU=145.9132s cost=$0.132051
[t=   2595.2196][TASK-COMPLETE         ] task=1786 wf=61 vm=772(on-demand) actualCPU=66.8285s cost=$0.060480
[t=   2595.5906][TASK-COMPLETE         ] task=966 wf=33 vm=36(reserved) actualCPU=231.0055s
[t=   2595.5906][DISPATCH              ] wf=33 task=967 planned=vm13 BUSY -> advanced to vm=36
[t=   2596.0126][TASK-COMPLETE         ] task=1913 wf=65 vm=805(on-demand) actualCPU=62.4585s cost=$0.056525
[t=   2598.0156][TASK-COMPLETE         ] task=1788 wf=62 vm=16(reserved) actualCPU=149.5842s
[t=   2599.9896][TASK-COMPLETE         ] task=1716 wf=59 vm=28(reserved) actualCPU=92.5934s
[t=   2599.9896][DISPATCH              ] wf=59 task=1728 planned=vm18 BUSY -> advanced to vm=16
[t=   2600.0870][TASK-COMPLETE         ] task=707 wf=24 vm=12(reserved) actualCPU=54.0670s
[t=   2600.0870][DISPATCH              ] wf=24 task=708 planned=vm8 BUSY -> advanced to vm=12
[t=   2602.7646][TASK-COMPLETE         ] task=1682 wf=58 vm=15(reserved) actualCPU=216.8865s
[t=   2605.8556][TASK-COMPLETE         ] task=621 wf=21 vm=29(reserved) actualCPU=137.5402s
[t=   2605.8556][DISPATCH              ] wf=21 task=622 planned=vm9 BUSY -> advanced to vm=15
[t=   2605.9656][TASK-COMPLETE         ] task=1399 wf=48 vm=3(reserved) actualCPU=120.6752s
[t=   2605.9656][DISPATCH              ] wf=48 task=1400 planned=vm21 BUSY -> advanced to vm=3
[t=   2611.8433][NEGOTIATE             ] wf=67 tasks=23 arrivalTime=2611.8433 deadline=3173.7505 cp=468.2550 BETA*cp=515.0805 slack=561.9072 -> ACCEPTED
[t=   2611.8433][DISPATCH              ] wf=67 task=1939 planned=vm6 BUSY -> advanced to vm=28
[t=   2616.5443][TASK-COMPLETE         ] task=1884 wf=65 vm=780(on-demand) actualCPU=82.9902s cost=$0.075106
[t=   2616.7003][TASK-COMPLETE         ] task=1053 wf=36 vm=44(reserved) actualCPU=231.0052s
[t=   2616.7003][DISPATCH              ] wf=36 task=1054 planned=vm14 BUSY -> advanced to vm=29
[t=   2616.7906][TASK-COMPLETE         ] task=1915 wf=66 vm=25(reserved) actualCPU=25.8520s
[t=   2616.7906][DISPATCH              ] wf=66 task=1916 planned=vm0 BUSY -> advanced to vm=25
[t=   2617.3976][TASK-COMPLETE         ] task=1789 wf=62 vm=19(reserved) actualCPU=168.9662s
[t=   2617.7876][TASK-COMPLETE         ] task=190 wf=6 vm=4(reserved) actualCPU=108.1084s
[t=   2617.7876][DISPATCH              ] wf=6 task=191 -> vm=4 (planned reserved, was idle)
[t=   2619.7556][TASK-COMPLETE         ] task=1785 wf=61 vm=771(on-demand) actualCPU=91.3645s cost=$0.082685
[t=   2620.5886][TASK-COMPLETE         ] task=1901 wf=65 vm=795(on-demand) actualCPU=87.0345s cost=$0.078766
[t=   2622.8706][TASK-COMPLETE         ] task=1771 wf=61 vm=40(reserved) actualCPU=94.5795s
[t=   2625.8926][TASK-COMPLETE         ] task=1908 wf=65 vm=800(on-demand) actualCPU=92.3385s cost=$0.083566
[t=   2626.8746][TASK-COMPLETE         ] task=1729 wf=59 vm=27(reserved) actualCPU=49.5046s
[t=   2627.8606][TASK-COMPLETE         ] task=1882 wf=65 vm=778(on-demand) actualCPU=94.3065s cost=$0.085347
[t=   2628.1076][TASK-COMPLETE         ] task=1888 wf=65 vm=784(on-demand) actualCPU=94.5535s cost=$0.085571
[t=   2628.6476][TASK-COMPLETE         ] task=1852 wf=64 vm=30(reserved) actualCPU=113.7953s
[t=   2628.6476][DISPATCH              ] wf=64 task=1853 planned=vm4 BUSY -> advanced to vm=19
[t=   2628.6476][DISPATCH              ] wf=64 task=1854 planned=vm2 BUSY -> advanced to vm=27
[t=   2628.6476][DISPATCH              ] wf=64 task=1855 planned=vm1 BUSY -> advanced to vm=30
[t=   2628.6476][DISPATCH              ] wf=64 task=1856 planned=vm8 BUSY -> advanced to vm=39
[t=   2628.6476][DISPATCH              ] wf=64 task=1857 planned=vm35 BUSY -> advanced to vm=40
[t=   2628.6476][DISPATCH              ] wf=64 task=1858 planned=vm14 BUSY -> advanced to vm=44
[t=   2628.6476][DISPATCH              ] wf=64 task=1859 planned=vm7 BUSY -> advanced to vm=47
[t=   2628.6476][DISPATCH              ] wf=64 task=1860 planned=vm12 BUSY -> advanced to vm=49
[t=   2628.6476][DISPATCH              ] wf=64 task=1861 planned=vm38 no-idle-reserved -> on-demand vm=807
[t=   2628.6476][DISPATCH              ] wf=64 task=1862 planned=vm18 no-idle-reserved -> on-demand vm=808
[t=   2628.6476][DISPATCH              ] wf=64 task=1863 planned=vm3 no-idle-reserved -> on-demand vm=809
[t=   2628.6476][DISPATCH              ] wf=64 task=1864 planned=vm6 no-idle-reserved -> on-demand vm=810
[t=   2628.6476][DISPATCH              ] wf=64 task=1865 planned=vm23 no-idle-reserved -> on-demand vm=811
[t=   2628.6476][DISPATCH              ] wf=64 task=1866 planned=vm33 no-idle-reserved -> on-demand vm=812
[t=   2628.6476][DISPATCH              ] wf=64 task=1867 planned=vm32 no-idle-reserved -> on-demand vm=813
[t=   2628.6476][DISPATCH              ] wf=64 task=1868 planned=vm0 no-idle-reserved -> on-demand vm=814
[t=   2628.6476][DISPATCH              ] wf=64 task=1869 planned=vm3 no-idle-reserved -> on-demand vm=815
[t=   2628.6476][DISPATCH              ] wf=64 task=1870 planned=vm21 no-idle-reserved -> on-demand vm=816
[t=   2628.6476][DISPATCH              ] wf=64 task=1871 planned=vm28 no-idle-reserved -> on-demand vm=817
[t=   2628.6476][DISPATCH              ] wf=64 task=1872 planned=vm9 no-idle-reserved -> on-demand vm=818
[t=   2628.6476][DISPATCH              ] wf=64 task=1873 planned=vm6 no-idle-reserved -> on-demand vm=819
[t=   2628.7476][DISPATCH              ] wf=64 task=1861 planned=vm38 no-idle-reserved -> on-demand vm=807
[t=   2628.7476][DISPATCH              ] wf=64 task=1862 planned=vm18 no-idle-reserved -> on-demand vm=808
[t=   2628.7476][DISPATCH              ] wf=64 task=1863 planned=vm3 no-idle-reserved -> on-demand vm=809
[t=   2628.7476][DISPATCH              ] wf=64 task=1864 planned=vm6 no-idle-reserved -> on-demand vm=810
[t=   2628.7476][DISPATCH              ] wf=64 task=1865 planned=vm23 no-idle-reserved -> on-demand vm=811
[t=   2628.7476][DISPATCH              ] wf=64 task=1866 planned=vm33 no-idle-reserved -> on-demand vm=812
[t=   2628.7476][DISPATCH              ] wf=64 task=1867 planned=vm32 no-idle-reserved -> on-demand vm=813
[t=   2628.7476][DISPATCH              ] wf=64 task=1868 planned=vm0 no-idle-reserved -> on-demand vm=814
[t=   2628.7476][DISPATCH              ] wf=64 task=1869 planned=vm3 no-idle-reserved -> on-demand vm=815
[t=   2628.7476][DISPATCH              ] wf=64 task=1870 planned=vm21 no-idle-reserved -> on-demand vm=816
[t=   2628.7476][DISPATCH              ] wf=64 task=1871 planned=vm28 no-idle-reserved -> on-demand vm=817
[t=   2628.7476][DISPATCH              ] wf=64 task=1872 planned=vm9 no-idle-reserved -> on-demand vm=818
[t=   2628.7476][DISPATCH              ] wf=64 task=1873 planned=vm6 no-idle-reserved -> on-demand vm=819
[t=   2631.8546][TASK-COMPLETE         ] task=448 wf=15 vm=7(reserved) actualCPU=279.8825s
[t=   2631.8546][DISPATCH              ] wf=15 task=449 planned=vm6 BUSY -> advanced to vm=7
[t=   2633.0386][TASK-COMPLETE         ] task=1679 wf=58 vm=9(reserved) actualCPU=247.1605s
[t=   2633.8196][TASK-COMPLETE         ] task=1686 wf=58 vm=24(reserved) actualCPU=247.9415s
[t=   2635.9006][TASK-COMPLETE         ] task=1694 wf=58 vm=729(on-demand) actualCPU=249.9225s cost=$0.226180
[t=   2636.9246][TASK-COMPLETE         ] task=1822 wf=62 vm=758(on-demand) actualCPU=188.3932s cost=$0.170496
[t=   2637.7986][TASK-COMPLETE         ] task=1696 wf=58 vm=731(on-demand) actualCPU=251.8205s cost=$0.227898
[t=   2640.6926][TASK-COMPLETE         ] task=1916 wf=66 vm=25(reserved) actualCPU=23.9020s
[t=   2640.6926][DISPATCH              ] wf=66 task=1917 planned=vm23 BUSY -> advanced to vm=9
[t=   2641.4306][TASK-COMPLETE         ] task=1792 wf=62 vm=34(reserved) actualCPU=192.9992s
[t=   2642.7636][TASK-COMPLETE         ] task=1776 wf=61 vm=266(on-demand) actualCPU=114.4725s cost=$0.103598
[t=   2643.1536][TASK-COMPLETE         ] task=1881 wf=65 vm=777(on-demand) actualCPU=109.5995s cost=$0.099188
[t=   2645.3356][TASK-COMPLETE         ] task=1775 wf=61 vm=48(reserved) actualCPU=117.0445s
[t=   2646.5226][TASK-COMPLETE         ] task=104 wf=3 vm=6(reserved) actualCPU=82.6906s
[t=   2646.5226][DISPATCH              ] wf=3 task=105 planned=vm1 BUSY -> advanced to vm=6
[t=   2648.0686][TASK-COMPLETE         ] task=1910 wf=65 vm=802(on-demand) actualCPU=114.5145s cost=$0.103636
[t=   2649.1006][TASK-COMPLETE         ] task=1805 wf=62 vm=743(on-demand) actualCPU=200.5692s cost=$0.181515
[t=   2649.8566][TASK-COMPLETE         ] task=1911 wf=65 vm=803(on-demand) actualCPU=116.3025s cost=$0.105254
[t=   2652.9916][TASK-COMPLETE         ] task=1811 wf=62 vm=749(on-demand) actualCPU=204.4602s cost=$0.185036
[t=   2654.9026][TASK-COMPLETE         ] task=1885 wf=65 vm=781(on-demand) actualCPU=121.3485s cost=$0.109820
[t=   2658.0326][TASK-COMPLETE         ] task=1907 wf=65 vm=799(on-demand) actualCPU=124.4785s cost=$0.112653
[t=   2659.4196][TASK-COMPLETE         ] task=1767 wf=61 vm=31(reserved) actualCPU=131.1285s
[t=   2659.8066][TASK-COMPLETE         ] task=1808 wf=62 vm=746(on-demand) actualCPU=211.2752s cost=$0.191204
[t=   2662.1236][TASK-COMPLETE         ] task=1819 wf=62 vm=755(on-demand) actualCPU=213.5922s cost=$0.193301
[t=   2664.3416][TASK-COMPLETE         ] task=1777 wf=61 vm=403(on-demand) actualCPU=136.0505s cost=$0.123126
[t=   2665.1746][TASK-COMPLETE         ] task=1226 wf=42 vm=26(reserved) actualCPU=210.2222s
[t=   2665.1746][DISPATCH              ] wf=42 task=1227 planned=vm16 BUSY -> advanced to vm=24
[t=   2671.0126][TASK-COMPLETE         ] task=1778 wf=61 vm=764(on-demand) actualCPU=142.6215s cost=$0.129072
[t=   2671.3366][TASK-COMPLETE         ] task=1685 wf=58 vm=23(reserved) actualCPU=285.4585s
[t=   2671.8786][TASK-COMPLETE         ] task=1784 wf=61 vm=770(on-demand) actualCPU=143.4875s cost=$0.129856
[t=   2674.4066][TASK-COMPLETE         ] task=1780 wf=61 vm=766(on-demand) actualCPU=146.0155s cost=$0.132144
[t=   2675.4696][TASK-COMPLETE         ] task=1779 wf=61 vm=765(on-demand) actualCPU=147.0785s cost=$0.133106
[t=   2676.7686][TASK-COMPLETE         ] task=1900 wf=65 vm=794(on-demand) actualCPU=143.2145s cost=$0.129609
[t=   2677.6566][TASK-COMPLETE         ] task=1770 wf=61 vm=37(reserved) actualCPU=149.3655s
[t=   2678.1446][TASK-COMPLETE         ] task=1791 wf=62 vm=22(reserved) actualCPU=229.7132s
[t=   2678.1446][DISPATCH              ] wf=62 task=1802 -> vm=25 (planned reserved, was idle)
[t=   2678.1446][DISPATCH              ] wf=62 task=1803 planned=vm29 BUSY -> advanced to vm=26
[t=   2678.3346][TASK-COMPLETE         ] task=1572 wf=54 vm=14(reserved) actualCPU=140.8635s
[t=   2678.3346][DISPATCH              ] wf=54 task=1573 planned=vm24 BUSY -> advanced to vm=14
[t=   2678.3481][TASK-COMPLETE         ] task=1681 wf=58 vm=5(reserved) actualCPU=292.4700s
[t=   2678.3481][DISPATCH              ] wf=58 task=1700 -> vm=5 (planned reserved, was idle)
[t=   2679.4676][TASK-COMPLETE         ] task=1899 wf=65 vm=793(on-demand) actualCPU=145.9135s cost=$0.132052
[t=   2680.3696][TASK-COMPLETE         ] task=535 wf=18 vm=10(reserved) actualCPU=279.8825s
[t=   2680.3696][DISPATCH              ] wf=18 task=536 planned=vm7 BUSY -> advanced to vm=10
[t=   2682.5466][TASK-COMPLETE         ] task=1869 wf=64 vm=815(on-demand) actualCPU=53.7990s cost=$0.048688
[t=   2683.0386][TASK-COMPLETE         ] task=1875 wf=65 vm=41(reserved) actualCPU=149.5845s
[t=   2684.9616][TASK-COMPLETE         ] task=1804 wf=62 vm=742(on-demand) actualCPU=236.4302s cost=$0.213969
[t=   2687.8356][TASK-COMPLETE         ] task=1810 wf=62 vm=748(on-demand) actualCPU=239.3042s cost=$0.216570
[t=   2689.3786][TASK-COMPLETE         ] task=1807 wf=62 vm=745(on-demand) actualCPU=240.8472s cost=$0.217967
[t=   2692.1076][TASK-COMPLETE         ] task=793 wf=27 vm=33(reserved) actualCPU=299.4705s
[t=   2692.1076][DISPATCH              ] wf=27 task=794 planned=vm4 BUSY -> advanced to vm=22
[t=   2695.5676][TASK-COMPLETE         ] task=1817 wf=62 vm=753(on-demand) actualCPU=247.0362s cost=$0.223568
[t=   2695.6776][TASK-COMPLETE         ] task=1873 wf=64 vm=819(on-demand) actualCPU=66.9300s cost=$0.060572
[t=   2696.3496][TASK-COMPLETE         ] task=1486 wf=51 vm=8(reserved) actualCPU=120.6756s
[t=   2696.3496][DISPATCH              ] wf=51 task=1487 planned=vm19 BUSY -> advanced to vm=8
[t=   2699.6436][TASK-COMPLETE         ] task=18 wf=0 vm=1(reserved) actualCPU=115.8956s
[t=   2699.6436][DISPATCH              ] wf=0 task=19 planned=vm2 BUSY -> advanced to vm=1
[t=   2700.4786][TASK-COMPLETE         ] task=191 wf=6 vm=4(reserved) actualCPU=82.6910s
[t=   2700.4786][DISPATCH              ] wf=6 task=192 planned=vm3 BUSY -> advanced to vm=4
[t=   2700.7076][TASK-COMPLETE         ] task=1140 wf=39 vm=18(reserved) actualCPU=231.0052s
[t=   2700.7076][DISPATCH              ] wf=39 task=1141 planned=vm15 BUSY -> advanced to vm=18
[t=   2702.4206][TASK-COMPLETE         ] task=1876 wf=65 vm=42(reserved) actualCPU=168.9665s
[t=   2708.7966][TASK-COMPLETE         ] task=1743 wf=60 vm=13(reserved) actualCPU=283.2005s
[t=   2708.7966][DISPATCH              ] wf=60 task=1744 planned=vm27 BUSY -> advanced to vm=13
[t=   2720.1126][TASK-COMPLETE         ] task=1872 wf=64 vm=818(on-demand) actualCPU=91.3650s cost=$0.082685
[t=   2721.9476][TASK-COMPLETE         ] task=1909 wf=65 vm=801(on-demand) actualCPU=188.3935s cost=$0.170496
[t=   2722.9166][TASK-COMPLETE         ] task=1774 wf=61 vm=46(reserved) actualCPU=194.6255s
[t=   2723.2276][TASK-COMPLETE         ] task=1858 wf=64 vm=44(reserved) actualCPU=94.5800s
[t=   2725.4796][TASK-COMPLETE         ] task=1827 wf=62 vm=763(on-demand) actualCPU=276.9482s cost=$0.250638
[t=   2725.6386][TASK-COMPLETE         ] task=1939 wf=67 vm=28(reserved) actualCPU=113.7953s
[t=   2725.6386][DISPATCH              ] wf=67 task=1940 planned=vm24 BUSY -> advanced to vm=44
[t=   2725.6386][DISPATCH              ] wf=67 task=1941 planned=vm29 BUSY -> advanced to vm=23
[t=   2725.6386][DISPATCH              ] wf=67 task=1942 planned=vm20 BUSY -> advanced to vm=28
[t=   2725.6386][DISPATCH              ] wf=67 task=1943 -> vm=48 (planned reserved, was idle)
[t=   2725.6386][DISPATCH              ] wf=67 task=1944 -> vm=41 (planned reserved, was idle)
[t=   2725.6386][DISPATCH              ] wf=67 task=1945 planned=vm15 BUSY -> advanced to vm=31
[t=   2725.6386][DISPATCH              ] wf=67 task=1946 planned=vm3 BUSY -> advanced to vm=33
[t=   2725.6386][DISPATCH              ] wf=67 task=1947 planned=vm10 BUSY -> advanced to vm=34
[t=   2725.6386][DISPATCH              ] wf=67 task=1948 planned=vm10 BUSY -> advanced to vm=37
[t=   2725.6386][DISPATCH              ] wf=67 task=1949 planned=vm27 BUSY -> advanced to vm=42
[t=   2725.6386][DISPATCH              ] wf=67 task=1950 planned=vm24 BUSY -> advanced to vm=46
[t=   2725.6386][DISPATCH              ] wf=67 task=1951 planned=vm30 no-idle-reserved -> on-demand vm=266
[t=   2725.6386][DISPATCH              ] wf=67 task=1952 planned=vm34 no-idle-reserved -> on-demand vm=403
[t=   2725.6386][DISPATCH              ] wf=67 task=1953 planned=vm40 no-idle-reserved -> on-demand vm=820
[t=   2725.6386][DISPATCH              ] wf=67 task=1954 planned=vm39 no-idle-reserved -> on-demand vm=821
[t=   2725.6386][DISPATCH              ] wf=67 task=1955 planned=vm31 no-idle-reserved -> on-demand vm=822
[t=   2725.6386][DISPATCH              ] wf=67 task=1956 planned=vm2 no-idle-reserved -> on-demand vm=823
[t=   2725.6386][DISPATCH              ] wf=67 task=1957 planned=vm14 no-idle-reserved -> on-demand vm=824
[t=   2725.6386][DISPATCH              ] wf=67 task=1958 planned=vm38 no-idle-reserved -> on-demand vm=825
[t=   2725.6386][DISPATCH              ] wf=67 task=1959 planned=vm10 no-idle-reserved -> on-demand vm=826
[t=   2725.6386][DISPATCH              ] wf=67 task=1960 planned=vm6 no-idle-reserved -> on-demand vm=827
[t=   2725.7386][DISPATCH              ] wf=67 task=1953 planned=vm40 no-idle-reserved -> on-demand vm=820
[t=   2725.7386][DISPATCH              ] wf=67 task=1954 planned=vm39 no-idle-reserved -> on-demand vm=821
[t=   2725.7386][DISPATCH              ] wf=67 task=1955 planned=vm31 no-idle-reserved -> on-demand vm=822
[t=   2725.7386][DISPATCH              ] wf=67 task=1956 planned=vm2 no-idle-reserved -> on-demand vm=823
[t=   2725.7386][DISPATCH              ] wf=67 task=1957 planned=vm14 no-idle-reserved -> on-demand vm=824
[t=   2725.7386][DISPATCH              ] wf=67 task=1958 planned=vm38 no-idle-reserved -> on-demand vm=825
[t=   2725.7386][DISPATCH              ] wf=67 task=1959 planned=vm10 no-idle-reserved -> on-demand vm=826
[t=   2725.7386][DISPATCH              ] wf=67 task=1960 planned=vm6 no-idle-reserved -> on-demand vm=827
[t=   2726.5536][TASK-COMPLETE         ] task=1879 wf=65 vm=775(on-demand) actualCPU=192.9995s cost=$0.174665
[t=   2730.1336][TASK-COMPLETE         ] task=275 wf=9 vm=0(reserved) actualCPU=241.5022s
[t=   2730.1336][DISPATCH              ] wf=9 task=276 planned=vm5 BUSY -> advanced to vm=0
[t=   2734.1236][TASK-COMPLETE         ] task=1892 wf=65 vm=786(on-demand) actualCPU=200.5695s cost=$0.181515
[t=   2736.2756][TASK-COMPLETE         ] task=1313 wf=45 vm=11(reserved) actualCPU=210.2224s
[t=   2736.2756][DISPATCH              ] wf=45 task=1314 planned=vm17 BUSY -> advanced to vm=11
[t=   2737.6276][TASK-COMPLETE         ] task=708 wf=24 vm=12(reserved) actualCPU=137.5406s
[t=   2737.6276][DISPATCH              ] wf=24 task=709 -> vm=12 (planned reserved, was idle)
[t=   2737.7106][TASK-COMPLETE         ] task=1802 wf=62 vm=25(reserved) actualCPU=59.5660s
[t=   2738.0146][TASK-COMPLETE         ] task=1898 wf=65 vm=792(on-demand) actualCPU=204.4605s cost=$0.185037
[t=   2740.3366][TASK-COMPLETE         ] task=1700 wf=58 vm=5(reserved) actualCPU=61.9885s
[t=   2740.3366][WF-COMPLETE           ] wf=58 completionTime=2740.3366 deadline=2833.9899 margin=93.6533 -> MET
[t=   2742.0286][TASK-COMPLETE         ] task=1818 wf=62 vm=754(on-demand) actualCPU=293.4972s cost=$0.265615
[t=   2742.3116][TASK-COMPLETE         ] task=1825 wf=62 vm=761(on-demand) actualCPU=293.7802s cost=$0.265871
[t=   2743.2206][TASK-COMPLETE         ] task=1863 wf=64 vm=809(on-demand) actualCPU=114.4730s cost=$0.103598
[t=   2744.8296][TASK-COMPLETE         ] task=1895 wf=65 vm=789(on-demand) actualCPU=211.2755s cost=$0.191204
[t=   2745.1776][TASK-COMPLETE         ] task=1769 wf=61 vm=35(reserved) actualCPU=216.8865s
[t=   2745.7926][TASK-COMPLETE         ] task=1862 wf=64 vm=808(on-demand) actualCPU=117.0450s cost=$0.105926
[t=   2746.1746][TASK-COMPLETE         ] task=794 wf=27 vm=22(reserved) actualCPU=54.0670s
[t=   2746.1746][DISPATCH              ] wf=27 task=795 planned=vm9 BUSY -> advanced to vm=5
[t=   2746.8106][TASK-COMPLETE         ] task=1728 wf=59 vm=16(reserved) actualCPU=146.8210s
[t=   2746.8106][WF-COMPLETE           ] wf=59 completionTime=2746.8106 deadline=2840.6392 margin=93.8286 -> MET
[t=   2747.1466][TASK-COMPLETE         ] task=1906 wf=65 vm=798(on-demand) actualCPU=213.5925s cost=$0.193301
[t=   2748.2176][TASK-COMPLETE         ] task=1806 wf=62 vm=744(on-demand) actualCPU=299.6862s cost=$0.271216
[t=   2748.2176][DISPATCH              ] wf=62 task=1816 planned=vm1 BUSY -> advanced to vm=25
[t=   2748.7766][TASK-COMPLETE         ] task=362 wf=12 vm=2(reserved) actualCPU=241.5024s
[t=   2748.7766][DISPATCH              ] wf=12 task=363 planned=vm8 BUSY -> advanced to vm=2
[t=   2755.6526][TASK-COMPLETE         ] task=19 wf=0 vm=1(reserved) actualCPU=56.0090s
[t=   2755.6526][DISPATCH              ] wf=0 task=20 -> vm=1 (planned reserved, was idle)
[t=   2755.8776][TASK-COMPLETE         ] task=1657 wf=57 vm=20(reserved) actualCPU=215.2355s
[t=   2755.8776][DISPATCH              ] wf=57 task=1658 -> vm=16 (planned reserved, was idle)
[t=   2756.4797][NEGOTIATE             ] wf=68 tasks=40 arrivalTime=2756.4797 deadline=3319.4357 cp=469.1290 BETA*cp=516.0419 slack=562.9560 -> ACCEPTED
[t=   2756.4797][DISPATCH              ] wf=68 task=1962 planned=vm9 BUSY -> advanced to vm=20
[t=   2756.4797][DISPATCH              ] wf=68 task=1963 planned=vm5 BUSY -> advanced to vm=22
[t=   2756.4797][DISPATCH              ] wf=68 task=1964 planned=vm8 BUSY -> advanced to vm=35
[t=   2756.4797][DISPATCH              ] wf=68 task=1965 planned=vm14 no-idle-reserved -> on-demand vm=828
[t=   2756.4797][DISPATCH              ] wf=68 task=1966 planned=vm11 no-idle-reserved -> on-demand vm=829
[t=   2756.4797][DISPATCH              ] wf=68 task=1967 planned=vm1 no-idle-reserved -> on-demand vm=830
[t=   2756.4797][DISPATCH              ] wf=68 task=1968 planned=vm16 no-idle-reserved -> on-demand vm=831
[t=   2756.4797][DISPATCH              ] wf=68 task=1969 planned=vm23 no-idle-reserved -> on-demand vm=832
[t=   2756.4797][DISPATCH              ] wf=68 task=1970 planned=vm32 no-idle-reserved -> on-demand vm=833
[t=   2756.4797][DISPATCH              ] wf=68 task=1971 planned=vm19 no-idle-reserved -> on-demand vm=834
[t=   2756.4797][DISPATCH              ] wf=68 task=1972 planned=vm42 no-idle-reserved -> on-demand vm=835
[t=   2756.4797][DISPATCH              ] wf=68 task=1973 planned=vm18 no-idle-reserved -> on-demand vm=836
[t=   2756.4797][DISPATCH              ] wf=68 task=1974 planned=vm16 no-idle-reserved -> on-demand vm=837
[t=   2756.4797][DISPATCH              ] wf=68 task=1975 planned=vm4 no-idle-reserved -> on-demand vm=838
[t=   2756.4797][DISPATCH              ] wf=68 task=1978 planned=vm12 no-idle-reserved -> on-demand vm=839
[t=   2756.4797][DISPATCH              ] wf=68 task=1979 planned=vm14 no-idle-reserved -> on-demand vm=840
[t=   2756.4797][DISPATCH              ] wf=68 task=1980 planned=vm18 no-idle-reserved -> on-demand vm=841
[t=   2756.4797][DISPATCH              ] wf=68 task=1981 planned=vm25 no-idle-reserved -> on-demand vm=842
[t=   2756.4797][DISPATCH              ] wf=68 task=1982 planned=vm15 no-idle-reserved -> on-demand vm=843
[t=   2756.4797][DISPATCH              ] wf=68 task=1983 planned=vm1 no-idle-reserved -> on-demand vm=844
[t=   2756.4797][DISPATCH              ] wf=68 task=1984 planned=vm26 no-idle-reserved -> on-demand vm=845
[t=   2756.4797][DISPATCH              ] wf=68 task=1985 planned=vm45 no-idle-reserved -> on-demand vm=846
[t=   2756.4797][DISPATCH              ] wf=68 task=1986 planned=vm31 no-idle-reserved -> on-demand vm=847
[t=   2756.4797][DISPATCH              ] wf=68 task=1987 planned=vm26 no-idle-reserved -> on-demand vm=848
[t=   2756.4797][DISPATCH              ] wf=68 task=1988 planned=vm4 no-idle-reserved -> on-demand vm=849
[t=   2756.4797][DISPATCH              ] wf=68 task=1991 planned=vm7 no-idle-reserved -> on-demand vm=850
[t=   2756.4797][DISPATCH              ] wf=68 task=1992 planned=vm43 no-idle-reserved -> on-demand vm=851
[t=   2756.4797][DISPATCH              ] wf=68 task=1993 planned=vm12 no-idle-reserved -> on-demand vm=852
[t=   2756.4797][DISPATCH              ] wf=68 task=1994 planned=vm8 no-idle-reserved -> on-demand vm=853
[t=   2756.4797][DISPATCH              ] wf=68 task=1995 planned=vm3 no-idle-reserved -> on-demand vm=854
[t=   2756.4797][DISPATCH              ] wf=68 task=1996 planned=vm17 no-idle-reserved -> on-demand vm=855
[t=   2756.4797][DISPATCH              ] wf=68 task=1997 planned=vm4 no-idle-reserved -> on-demand vm=856
[t=   2756.4797][DISPATCH              ] wf=68 task=1998 planned=vm5 no-idle-reserved -> on-demand vm=857
[t=   2756.4797][DISPATCH              ] wf=68 task=1999 planned=vm44 no-idle-reserved -> on-demand vm=858
[t=   2756.4797][DISPATCH              ] wf=68 task=2000 planned=vm2 no-idle-reserved -> on-demand vm=859
[t=   2756.4797][DISPATCH              ] wf=68 task=2001 planned=vm8 no-idle-reserved -> on-demand vm=860
[t=   2756.5797][DISPATCH              ] wf=68 task=1965 planned=vm14 no-idle-reserved -> on-demand vm=828
[t=   2756.5797][DISPATCH              ] wf=68 task=1966 planned=vm11 no-idle-reserved -> on-demand vm=829
[t=   2756.5797][DISPATCH              ] wf=68 task=1967 planned=vm1 no-idle-reserved -> on-demand vm=830
[t=   2756.5797][DISPATCH              ] wf=68 task=1968 planned=vm16 no-idle-reserved -> on-demand vm=831
[t=   2756.5797][DISPATCH              ] wf=68 task=1969 planned=vm23 no-idle-reserved -> on-demand vm=832
[t=   2756.5797][DISPATCH              ] wf=68 task=1970 planned=vm32 no-idle-reserved -> on-demand vm=833
[t=   2756.5797][DISPATCH              ] wf=68 task=1971 planned=vm19 no-idle-reserved -> on-demand vm=834
[t=   2756.5797][DISPATCH              ] wf=68 task=1972 planned=vm42 no-idle-reserved -> on-demand vm=835
[t=   2756.5797][DISPATCH              ] wf=68 task=1973 planned=vm18 no-idle-reserved -> on-demand vm=836
[t=   2756.5797][DISPATCH              ] wf=68 task=1974 planned=vm16 no-idle-reserved -> on-demand vm=837
[t=   2756.5797][DISPATCH              ] wf=68 task=1975 planned=vm4 no-idle-reserved -> on-demand vm=838
[t=   2756.5797][DISPATCH              ] wf=68 task=1978 planned=vm12 no-idle-reserved -> on-demand vm=839
[t=   2756.5797][DISPATCH              ] wf=68 task=1979 planned=vm14 no-idle-reserved -> on-demand vm=840
[t=   2756.5797][DISPATCH              ] wf=68 task=1980 planned=vm18 no-idle-reserved -> on-demand vm=841
[t=   2756.5797][DISPATCH              ] wf=68 task=1981 planned=vm25 no-idle-reserved -> on-demand vm=842
[t=   2756.5797][DISPATCH              ] wf=68 task=1982 planned=vm15 no-idle-reserved -> on-demand vm=843
[t=   2756.5797][DISPATCH              ] wf=68 task=1983 planned=vm1 no-idle-reserved -> on-demand vm=844
[t=   2756.5797][DISPATCH              ] wf=68 task=1984 planned=vm26 no-idle-reserved -> on-demand vm=845
[t=   2756.5797][DISPATCH              ] wf=68 task=1985 planned=vm45 no-idle-reserved -> on-demand vm=846
[t=   2756.5797][DISPATCH              ] wf=68 task=1986 planned=vm31 no-idle-reserved -> on-demand vm=847
[t=   2756.5797][DISPATCH              ] wf=68 task=1987 planned=vm26 no-idle-reserved -> on-demand vm=848
[t=   2756.5797][DISPATCH              ] wf=68 task=1988 planned=vm4 no-idle-reserved -> on-demand vm=849
[t=   2756.5797][DISPATCH              ] wf=68 task=1991 planned=vm7 no-idle-reserved -> on-demand vm=850
[t=   2756.5797][DISPATCH              ] wf=68 task=1992 planned=vm43 no-idle-reserved -> on-demand vm=851
[t=   2756.5797][DISPATCH              ] wf=68 task=1993 planned=vm12 no-idle-reserved -> on-demand vm=852
[t=   2756.5797][DISPATCH              ] wf=68 task=1994 planned=vm8 no-idle-reserved -> on-demand vm=853
[t=   2756.5797][DISPATCH              ] wf=68 task=1995 planned=vm3 no-idle-reserved -> on-demand vm=854
[t=   2756.5797][DISPATCH              ] wf=68 task=1996 planned=vm17 no-idle-reserved -> on-demand vm=855
[t=   2756.5797][DISPATCH              ] wf=68 task=1997 planned=vm4 no-idle-reserved -> on-demand vm=856
[t=   2756.5797][DISPATCH              ] wf=68 task=1998 planned=vm5 no-idle-reserved -> on-demand vm=857
[t=   2756.5797][DISPATCH              ] wf=68 task=1999 planned=vm44 no-idle-reserved -> on-demand vm=858
[t=   2756.5797][DISPATCH              ] wf=68 task=2000 planned=vm2 no-idle-reserved -> on-demand vm=859
[t=   2756.5797][DISPATCH              ] wf=68 task=2001 planned=vm8 no-idle-reserved -> on-demand vm=860
[t=   2759.7757][TASK-COMPLETE         ] task=1854 wf=64 vm=27(reserved) actualCPU=131.1281s
[t=   2762.4177][TASK-COMPLETE         ] task=105 wf=3 vm=6(reserved) actualCPU=115.8951s
[t=   2762.4177][DISPATCH              ] wf=3 task=106 planned=vm4 BUSY -> advanced to vm=6
[t=   2763.2677][TASK-COMPLETE         ] task=1878 wf=65 vm=774(on-demand) actualCPU=229.7135s cost=$0.207891
[t=   2763.2677][DISPATCH              ] wf=65 task=1889 planned=vm4 BUSY -> advanced to vm=27
[t=   2763.2677][DISPATCH              ] wf=65 task=1890 planned=vm31 no-idle-reserved -> on-demand vm=861
[t=   2763.3677][DISPATCH              ] wf=65 task=1890 planned=vm31 no-idle-reserved -> on-demand vm=861
[t=   2764.7977][TASK-COMPLETE         ] task=1864 wf=64 vm=810(on-demand) actualCPU=136.0501s cost=$0.123125
[t=   2768.8427][TASK-COMPLETE         ] task=1964 wf=68 vm=35(reserved) actualCPU=12.3630s
[t=   2769.9847][TASK-COMPLETE         ] task=1891 wf=65 vm=785(on-demand) actualCPU=236.4305s cost=$0.213970
[t=   2770.7377][TASK-COMPLETE         ] task=1803 wf=62 vm=26(reserved) actualCPU=92.5931s
[t=   2770.7377][DISPATCH              ] wf=62 task=1815 planned=vm27 BUSY -> advanced to vm=26
[t=   2771.3687][TASK-COMPLETE         ] task=1865 wf=64 vm=811(on-demand) actualCPU=142.6211s cost=$0.129072
[t=   2772.2347][TASK-COMPLETE         ] task=1871 wf=64 vm=817(on-demand) actualCPU=143.4871s cost=$0.129856
[t=   2772.8587][TASK-COMPLETE         ] task=1897 wf=65 vm=791(on-demand) actualCPU=239.3045s cost=$0.216571
[t=   2774.4017][TASK-COMPLETE         ] task=1894 wf=65 vm=788(on-demand) actualCPU=240.8475s cost=$0.217967
[t=   2774.7627][TASK-COMPLETE         ] task=1867 wf=64 vm=813(on-demand) actualCPU=146.0151s cost=$0.132144
[t=   2775.4517][TASK-COMPLETE         ] task=1766 wf=61 vm=32(reserved) actualCPU=247.1606s
[t=   2775.8257][TASK-COMPLETE         ] task=1866 wf=64 vm=812(on-demand) actualCPU=147.0781s cost=$0.133106
[t=   2776.2327][TASK-COMPLETE         ] task=1773 wf=61 vm=45(reserved) actualCPU=247.9416s
[t=   2778.0127][TASK-COMPLETE         ] task=1857 wf=64 vm=40(reserved) actualCPU=149.3651s
[t=   2778.3137][TASK-COMPLETE         ] task=1781 wf=61 vm=767(on-demand) actualCPU=249.9226s cost=$0.226180
[t=   2779.5367][TASK-COMPLETE         ] task=1956 wf=67 vm=823(on-demand) actualCPU=53.7981s cost=$0.048687
[t=   2780.2117][TASK-COMPLETE         ] task=1783 wf=61 vm=769(on-demand) actualCPU=251.8206s cost=$0.227898
[t=   2780.5907][TASK-COMPLETE         ] task=1904 wf=65 vm=796(on-demand) actualCPU=247.0365s cost=$0.223568
[t=   2783.7907][TASK-COMPLETE         ] task=276 wf=9 vm=0(reserved) actualCPU=53.6571s
[t=   2783.7907][DISPATCH              ] wf=9 task=277 planned=vm6 BUSY -> advanced to vm=35
[t=   2786.9517][TASK-COMPLETE         ] task=1967 wf=68 vm=830(on-demand) actualCPU=30.3720s cost=$0.027487
[t=   2792.3607][TASK-COMPLETE         ] task=1658 wf=57 vm=16(reserved) actualCPU=36.4831s
[t=   2792.3607][DISPATCH              ] wf=57 task=1659 planned=vm20 BUSY -> advanced to vm=0
[t=   2792.5667][TASK-COMPLETE         ] task=1960 wf=67 vm=827(on-demand) actualCPU=66.8281s cost=$0.060479
[t=   2793.4597][TASK-COMPLETE         ] task=1983 wf=68 vm=844(on-demand) actualCPU=36.8800s cost=$0.033376
[t=   2797.7217][TASK-COMPLETE         ] task=1816 wf=62 vm=25(reserved) actualCPU=49.5041s
[t=   2799.0097][TASK-COMPLETE         ] task=1573 wf=54 vm=14(reserved) actualCPU=120.6751s
[t=   2799.0097][DISPATCH              ] wf=54 task=1574 planned=vm18 BUSY -> advanced to vm=14
[t=   2799.9017][TASK-COMPLETE         ] task=1973 wf=68 vm=836(on-demand) actualCPU=43.3220s cost=$0.039206
[t=   2802.4337][TASK-COMPLETE         ] task=363 wf=12 vm=2(reserved) actualCPU=53.6571s
[t=   2802.4337][DISPATCH              ] wf=12 task=364 planned=vm7 BUSY -> advanced to vm=2
[t=   2809.1327][TASK-COMPLETE         ] task=1974 wf=68 vm=837(on-demand) actualCPU=52.5530s cost=$0.047560
[t=   2810.5027][TASK-COMPLETE         ] task=1914 wf=65 vm=806(on-demand) actualCPU=276.9485s cost=$0.250638
[t=   2811.1867][TASK-COMPLETE         ] task=1970 wf=68 vm=833(on-demand) actualCPU=54.6070s cost=$0.049419
[t=   2813.7497][TASK-COMPLETE         ] task=1772 wf=61 vm=43(reserved) actualCPU=285.4586s
[t=   2814.4187][TASK-COMPLETE         ] task=880 wf=30 vm=17(reserved) actualCPU=299.4704s
[t=   2814.4187][DISPATCH              ] wf=30 task=881 planned=vm8 BUSY -> advanced to vm=16
[t=   2816.1877][TASK-COMPLETE         ] task=1400 wf=48 vm=3(reserved) actualCPU=210.2221s
[t=   2816.1877][DISPATCH              ] wf=48 task=1401 planned=vm10 BUSY -> advanced to vm=3
[t=   2816.3737][TASK-COMPLETE         ] task=192 wf=6 vm=4(reserved) actualCPU=115.8951s
[t=   2816.3737][DISPATCH              ] wf=6 task=193 planned=vm5 BUSY -> advanced to vm=4
[t=   2817.1027][TASK-COMPLETE         ] task=1959 wf=67 vm=826(on-demand) actualCPU=91.3641s cost=$0.082684
[t=   2818.4267][TASK-COMPLETE         ] task=106 wf=3 vm=6(reserved) actualCPU=56.0090s
[t=   2818.4267][DISPATCH              ] wf=3 task=107 planned=vm3 BUSY -> advanced to vm=6
[t=   2819.0387][TASK-COMPLETE         ] task=2000 wf=68 vm=859(on-demand) actualCPU=62.4590s cost=$0.056525
[t=   2820.2177][TASK-COMPLETE         ] task=1945 wf=67 vm=31(reserved) actualCPU=94.5791s
[t=   2820.7607][TASK-COMPLETE         ] task=1768 wf=61 vm=38(reserved) actualCPU=292.4696s
[t=   2820.7607][DISPATCH              ] wf=61 task=1787 planned=vm0 BUSY -> advanced to vm=17
[t=   2822.8337][TASK-COMPLETE         ] task=1889 wf=65 vm=27(reserved) actualCPU=59.5660s
[t=   2823.3727][TASK-COMPLETE         ] task=1861 wf=64 vm=807(on-demand) actualCPU=194.6251s cost=$0.176136
[t=   2827.0517][TASK-COMPLETE         ] task=1905 wf=65 vm=797(on-demand) actualCPU=293.4975s cost=$0.265615
[t=   2827.3347][TASK-COMPLETE         ] task=1912 wf=65 vm=804(on-demand) actualCPU=293.7805s cost=$0.265871
[t=   2830.3357][TASK-COMPLETE         ] task=1830 wf=63 vm=21(reserved) actualCPU=283.2006s
[t=   2830.3357][DISPATCH              ] wf=63 task=1831 -> vm=21 (planned reserved, was idle)
[t=   2833.2407][TASK-COMPLETE         ] task=1893 wf=65 vm=787(on-demand) actualCPU=299.6865s cost=$0.271216
[t=   2833.2407][DISPATCH              ] wf=65 task=1903 planned=vm1 BUSY -> advanced to vm=25
[t=   2839.5707][TASK-COMPLETE         ] task=1971 wf=68 vm=834(on-demand) actualCPU=82.9910s cost=$0.075107
[t=   2840.1107][TASK-COMPLETE         ] task=1950 wf=67 vm=46(reserved) actualCPU=114.4721s
[t=   2842.6827][TASK-COMPLETE         ] task=1949 wf=67 vm=42(reserved) actualCPU=117.0441s
[t=   2843.6147][TASK-COMPLETE         ] task=1988 wf=68 vm=849(on-demand) actualCPU=87.0350s cost=$0.078767
[t=   2845.1617][TASK-COMPLETE         ] task=20 wf=0 vm=1(reserved) actualCPU=89.5091s
[t=   2845.1617][DISPATCH              ] wf=0 task=21 planned=vm0 BUSY -> advanced to vm=46
[t=   2845.5337][TASK-COMPLETE         ] task=1856 wf=64 vm=39(reserved) actualCPU=216.8861s
[t=   2848.9187][TASK-COMPLETE         ] task=1995 wf=68 vm=854(on-demand) actualCPU=92.3390s cost=$0.083567
[t=   2850.8867][TASK-COMPLETE         ] task=1969 wf=68 vm=832(on-demand) actualCPU=94.3070s cost=$0.085348
[t=   2851.1337][TASK-COMPLETE         ] task=1975 wf=68 vm=838(on-demand) actualCPU=94.5540s cost=$0.085571
[t=   2855.9617][TASK-COMPLETE         ] task=1890 wf=65 vm=861(on-demand) actualCPU=92.5940s cost=$0.083798
[t=   2855.9617][DISPATCH              ] wf=65 task=1902 planned=vm13 BUSY -> advanced to vm=1
[t=   2856.7667][TASK-COMPLETE         ] task=1941 wf=67 vm=23(reserved) actualCPU=131.1281s
[t=   2860.9551][NEGOTIATE             ] wf=69 tasks=24 arrivalTime=2860.9551 deadline=6837.2955 cp=3313.6040 BETA*cp=3644.9644 slack=3976.3404 -> ACCEPTED
[t=   2860.9551][DISPATCH              ] wf=69 task=2002 planned=vm9 BUSY -> advanced to vm=23
[t=   2861.6887][TASK-COMPLETE         ] task=1951 wf=67 vm=266(on-demand) actualCPU=136.0501s cost=$0.123125
[t=   2866.1797][TASK-COMPLETE         ] task=1968 wf=68 vm=831(on-demand) actualCPU=109.6000s cost=$0.099188
[t=   2868.2597][TASK-COMPLETE         ] task=1952 wf=67 vm=403(on-demand) actualCPU=142.6211s cost=$0.129072
[t=   2868.4857][TASK-COMPLETE         ] task=881 wf=30 vm=16(reserved) actualCPU=54.0670s
[t=   2868.4857][DISPATCH              ] wf=30 task=882 planned=vm15 BUSY -> advanced to vm=27
[t=   2869.2257][TASK-COMPLETE         ] task=1958 wf=67 vm=825(on-demand) actualCPU=143.4871s cost=$0.129856
[t=   2871.0947][TASK-COMPLETE         ] task=1997 wf=68 vm=856(on-demand) actualCPU=114.5150s cost=$0.103636
[t=   2871.7537][TASK-COMPLETE         ] task=1954 wf=67 vm=821(on-demand) actualCPU=146.0151s cost=$0.132144
[t=   2872.3827][TASK-COMPLETE         ] task=193 wf=6 vm=4(reserved) actualCPU=56.0090s
[t=   2872.3827][DISPATCH              ] wf=6 task=194 -> vm=4 (planned reserved, was idle)
[t=   2872.8167][TASK-COMPLETE         ] task=1953 wf=67 vm=820(on-demand) actualCPU=147.0781s cost=$0.133106
[t=   2872.8827][TASK-COMPLETE         ] task=1998 wf=68 vm=857(on-demand) actualCPU=116.3030s cost=$0.105254
[t=   2873.3567][TASK-COMPLETE         ] task=449 wf=15 vm=7(reserved) actualCPU=241.5021s
[t=   2873.3567][DISPATCH              ] wf=15 task=450 -> vm=7 (planned reserved, was idle)
[t=   2874.0222][NEGOTIATE             ] wf=70 tasks=23 arrivalTime=2874.0222 deadline=3435.9294 cp=468.2550 BETA*cp=515.0805 slack=561.9072 -> ACCEPTED
[t=   2874.0222][DISPATCH              ] wf=70 task=2026 planned=vm1 BUSY -> advanced to vm=16
[t=   2875.0037][TASK-COMPLETE         ] task=1944 wf=67 vm=41(reserved) actualCPU=149.3651s
[t=   2875.4748][NEGOTIATE             ] wf=71 tasks=40 arrivalTime=2875.4748 deadline=3438.4308 cp=469.1290 BETA*cp=516.0419 slack=562.9560 -> ACCEPTED
[t=   2875.4748][DISPATCH              ] wf=71 task=2049 -> vm=31 (planned reserved, was idle)
[t=   2875.4748][DISPATCH              ] wf=71 task=2050 planned=vm35 BUSY -> advanced to vm=32
[t=   2875.4748][DISPATCH              ] wf=71 task=2051 planned=vm2 BUSY -> advanced to vm=38
[t=   2875.4748][DISPATCH              ] wf=71 task=2052 planned=vm46 BUSY -> advanced to vm=39
[t=   2875.4748][DISPATCH              ] wf=71 task=2053 planned=vm27 BUSY -> advanced to vm=40
[t=   2875.4748][DISPATCH              ] wf=71 task=2054 planned=vm30 BUSY -> advanced to vm=41
[t=   2875.4748][DISPATCH              ] wf=71 task=2055 planned=vm34 BUSY -> advanced to vm=42
[t=   2875.4748][DISPATCH              ] wf=71 task=2056 planned=vm20 BUSY -> advanced to vm=43
[t=   2875.4748][DISPATCH              ] wf=71 task=2057 planned=vm19 BUSY -> advanced to vm=45
[t=   2875.4748][DISPATCH              ] wf=71 task=2058 planned=vm30 no-idle-reserved -> on-demand vm=266
[t=   2875.4748][DISPATCH              ] wf=71 task=2059 planned=vm48 no-idle-reserved -> on-demand vm=403
[t=   2875.4748][DISPATCH              ] wf=71 task=2060 planned=vm2 no-idle-reserved -> on-demand vm=862
[t=   2875.4748][DISPATCH              ] wf=71 task=2061 planned=vm6 no-idle-reserved -> on-demand vm=863
[t=   2875.4748][DISPATCH              ] wf=71 task=2062 planned=vm21 no-idle-reserved -> on-demand vm=864
[t=   2875.4748][DISPATCH              ] wf=71 task=2065 planned=vm33 no-idle-reserved -> on-demand vm=865
[t=   2875.4748][DISPATCH              ] wf=71 task=2066 planned=vm37 no-idle-reserved -> on-demand vm=866
[t=   2875.4748][DISPATCH              ] wf=71 task=2067 planned=vm23 no-idle-reserved -> on-demand vm=867
[t=   2875.4748][DISPATCH              ] wf=71 task=2068 planned=vm2 no-idle-reserved -> on-demand vm=868
[t=   2875.4748][DISPATCH              ] wf=71 task=2069 planned=vm41 no-idle-reserved -> on-demand vm=869
[t=   2875.4748][DISPATCH              ] wf=71 task=2070 planned=vm4 no-idle-reserved -> on-demand vm=870
[t=   2875.4748][DISPATCH              ] wf=71 task=2071 planned=vm4 no-idle-reserved -> on-demand vm=871
[t=   2875.4748][DISPATCH              ] wf=71 task=2072 planned=vm32 no-idle-reserved -> on-demand vm=872
[t=   2875.4748][DISPATCH              ] wf=71 task=2073 planned=vm39 no-idle-reserved -> on-demand vm=873
[t=   2875.4748][DISPATCH              ] wf=71 task=2074 planned=vm38 no-idle-reserved -> on-demand vm=874
[t=   2875.4748][DISPATCH              ] wf=71 task=2075 planned=vm0 no-idle-reserved -> on-demand vm=875
[t=   2875.4748][DISPATCH              ] wf=71 task=2078 planned=vm41 no-idle-reserved -> on-demand vm=876
[t=   2875.4748][DISPATCH              ] wf=71 task=2079 planned=vm29 no-idle-reserved -> on-demand vm=877
[t=   2875.4748][DISPATCH              ] wf=71 task=2080 planned=vm36 no-idle-reserved -> on-demand vm=878
[t=   2875.4748][DISPATCH              ] wf=71 task=2081 planned=vm31 no-idle-reserved -> on-demand vm=879
[t=   2875.4748][DISPATCH              ] wf=71 task=2082 planned=vm5 no-idle-reserved -> on-demand vm=880
[t=   2875.4748][DISPATCH              ] wf=71 task=2083 planned=vm32 no-idle-reserved -> on-demand vm=881
[t=   2875.4748][DISPATCH              ] wf=71 task=2084 planned=vm8 no-idle-reserved -> on-demand vm=882
[t=   2875.4748][DISPATCH              ] wf=71 task=2085 planned=vm30 no-idle-reserved -> on-demand vm=883
[t=   2875.4748][DISPATCH              ] wf=71 task=2086 planned=vm11 no-idle-reserved -> on-demand vm=884
[t=   2875.4748][DISPATCH              ] wf=71 task=2087 planned=vm4 no-idle-reserved -> on-demand vm=885
[t=   2875.4748][DISPATCH              ] wf=71 task=2088 planned=vm28 no-idle-reserved -> on-demand vm=886
[t=   2875.5748][DISPATCH              ] wf=71 task=2060 planned=vm2 no-idle-reserved -> on-demand vm=862
[t=   2875.5748][DISPATCH              ] wf=71 task=2061 planned=vm6 no-idle-reserved -> on-demand vm=863
[t=   2875.5748][DISPATCH              ] wf=71 task=2062 planned=vm21 no-idle-reserved -> on-demand vm=864
[t=   2875.5748][DISPATCH              ] wf=71 task=2065 planned=vm33 no-idle-reserved -> on-demand vm=865
[t=   2875.5748][DISPATCH              ] wf=71 task=2066 planned=vm37 no-idle-reserved -> on-demand vm=866
[t=   2875.5748][DISPATCH              ] wf=71 task=2067 planned=vm23 no-idle-reserved -> on-demand vm=867
[t=   2875.5748][DISPATCH              ] wf=71 task=2068 planned=vm2 no-idle-reserved -> on-demand vm=868
[t=   2875.5748][DISPATCH              ] wf=71 task=2069 planned=vm41 no-idle-reserved -> on-demand vm=869
[t=   2875.5748][DISPATCH              ] wf=71 task=2070 planned=vm4 no-idle-reserved -> on-demand vm=870
[t=   2875.5748][DISPATCH              ] wf=71 task=2071 planned=vm4 no-idle-reserved -> on-demand vm=871
[t=   2875.5748][DISPATCH              ] wf=71 task=2072 planned=vm32 no-idle-reserved -> on-demand vm=872
[t=   2875.5748][DISPATCH              ] wf=71 task=2073 planned=vm39 no-idle-reserved -> on-demand vm=873
[t=   2875.5748][DISPATCH              ] wf=71 task=2074 planned=vm38 no-idle-reserved -> on-demand vm=874
[t=   2875.5748][DISPATCH              ] wf=71 task=2075 planned=vm0 no-idle-reserved -> on-demand vm=875
[t=   2875.5748][DISPATCH              ] wf=71 task=2078 planned=vm41 no-idle-reserved -> on-demand vm=876
[t=   2875.5748][DISPATCH              ] wf=71 task=2079 planned=vm29 no-idle-reserved -> on-demand vm=877
[t=   2875.5748][DISPATCH              ] wf=71 task=2080 planned=vm36 no-idle-reserved -> on-demand vm=878
[t=   2875.5748][DISPATCH              ] wf=71 task=2081 planned=vm31 no-idle-reserved -> on-demand vm=879
[t=   2875.5748][DISPATCH              ] wf=71 task=2082 planned=vm5 no-idle-reserved -> on-demand vm=880
[t=   2875.5748][DISPATCH              ] wf=71 task=2083 planned=vm32 no-idle-reserved -> on-demand vm=881
[t=   2875.5748][DISPATCH              ] wf=71 task=2084 planned=vm8 no-idle-reserved -> on-demand vm=882
[t=   2875.5748][DISPATCH              ] wf=71 task=2085 planned=vm30 no-idle-reserved -> on-demand vm=883
[t=   2875.5748][DISPATCH              ] wf=71 task=2086 planned=vm11 no-idle-reserved -> on-demand vm=884
[t=   2875.5748][DISPATCH              ] wf=71 task=2087 planned=vm4 no-idle-reserved -> on-demand vm=885
[t=   2875.5748][DISPATCH              ] wf=71 task=2088 planned=vm28 no-idle-reserved -> on-demand vm=886
[t=   2875.8077][TASK-COMPLETE         ] task=1853 wf=64 vm=19(reserved) actualCPU=247.1601s
[t=   2876.5887][TASK-COMPLETE         ] task=1860 wf=64 vm=49(reserved) actualCPU=247.9411s
[t=   2877.7044][NEGOTIATE             ] wf=72 tasks=24 arrivalTime=2877.7044 deadline=6854.0448 cp=3313.6040 BETA*cp=3644.9644 slack=3976.3404 -> ACCEPTED
[t=   2877.7044][DISPATCH              ] wf=72 task=2089 planned=vm35 BUSY -> advanced to vm=19
[t=   2877.9284][TASK-COMPLETE         ] task=1972 wf=68 vm=835(on-demand) actualCPU=121.3487s cost=$0.109821
[t=   2878.5906][NEGOTIATE             ] wf=73 tasks=23 arrivalTime=2878.5906 deadline=3440.4978 cp=468.2550 BETA*cp=515.0805 slack=561.9072 -> ACCEPTED
[t=   2878.5906][DISPATCH              ] wf=73 task=2113 planned=vm35 BUSY -> advanced to vm=49
[t=   2878.6704][TASK-COMPLETE         ] task=1868 wf=64 vm=814(on-demand) actualCPU=249.9228s cost=$0.226180
[t=   2880.5684][TASK-COMPLETE         ] task=1870 wf=64 vm=816(on-demand) actualCPU=251.8208s cost=$0.227898
[t=   2881.0584][TASK-COMPLETE         ] task=1994 wf=68 vm=853(on-demand) actualCPU=124.4787s cost=$0.112653
[t=   2882.7454][TASK-COMPLETE         ] task=1903 wf=65 vm=25(reserved) actualCPU=49.5047s
[t=   2882.8554][TASK-COMPLETE         ] task=1787 wf=61 vm=17(reserved) actualCPU=62.0947s
[t=   2882.8554][WF-COMPLETE           ] wf=61 completionTime=2882.8554 deadline=2976.4026 margin=93.5473 -> MET
[t=   2883.7154][TASK-COMPLETE         ] task=795 wf=27 vm=5(reserved) actualCPU=137.5408s
[t=   2883.7154][DISPATCH              ] wf=27 task=796 planned=vm13 BUSY -> advanced to vm=5
[t=   2885.7384][TASK-COMPLETE         ] task=622 wf=21 vm=15(reserved) actualCPU=279.8828s
[t=   2885.7384][DISPATCH              ] wf=21 task=623 planned=vm11 BUSY -> advanced to vm=15
[t=   2886.8064][TASK-COMPLETE         ] task=2002 wf=69 vm=23(reserved) actualCPU=25.8513s
[t=   2886.8064][DISPATCH              ] wf=69 task=2003 planned=vm33 BUSY -> advanced to vm=17
[t=   2887.8374][TASK-COMPLETE         ] task=2051 wf=71 vm=38(reserved) actualCPU=12.3625s
[t=   2891.8994][TASK-COMPLETE         ] task=277 wf=9 vm=35(reserved) actualCPU=108.1087s
[t=   2891.8994][DISPATCH              ] wf=9 task=278 planned=vm6 BUSY -> advanced to vm=23
[t=   2895.0614][TASK-COMPLETE         ] task=967 wf=33 vm=36(reserved) actualCPU=299.4708s
[t=   2895.0614][DISPATCH              ] wf=33 task=968 planned=vm16 BUSY -> advanced to vm=25
[t=   2896.1804][TASK-COMPLETE         ] task=1227 wf=42 vm=24(reserved) actualCPU=231.0058s
[t=   2896.1804][DISPATCH              ] wf=42 task=1228 planned=vm22 BUSY -> advanced to vm=24
[t=   2898.4208][NEGOTIATE             ] wf=74 tasks=40 arrivalTime=2898.4208 deadline=3461.3768 cp=469.1290 BETA*cp=516.0419 slack=562.9560 -> ACCEPTED
[t=   2898.4208][DISPATCH              ] wf=74 task=2136 planned=vm12 BUSY -> advanced to vm=35
[t=   2898.4208][DISPATCH              ] wf=74 task=2137 planned=vm12 BUSY -> advanced to vm=36
[t=   2898.4208][DISPATCH              ] wf=74 task=2138 planned=vm41 BUSY -> advanced to vm=38
[t=   2898.4208][DISPATCH              ] wf=74 task=2139 planned=vm12 no-idle-reserved -> on-demand vm=887
[t=   2898.4208][DISPATCH              ] wf=74 task=2140 planned=vm12 no-idle-reserved -> on-demand vm=888
[t=   2898.4208][DISPATCH              ] wf=74 task=2141 planned=vm10 no-idle-reserved -> on-demand vm=889
[t=   2898.4208][DISPATCH              ] wf=74 task=2142 planned=vm25 no-idle-reserved -> on-demand vm=890
[t=   2898.4208][DISPATCH              ] wf=74 task=2143 planned=vm22 no-idle-reserved -> on-demand vm=891
[t=   2898.4208][DISPATCH              ] wf=74 task=2144 planned=vm34 no-idle-reserved -> on-demand vm=892
[t=   2898.4208][DISPATCH              ] wf=74 task=2145 planned=vm40 no-idle-reserved -> on-demand vm=893
[t=   2898.4208][DISPATCH              ] wf=74 task=2146 planned=vm15 no-idle-reserved -> on-demand vm=894
[t=   2898.4208][DISPATCH              ] wf=74 task=2147 planned=vm35 no-idle-reserved -> on-demand vm=895
[t=   2898.4208][DISPATCH              ] wf=74 task=2148 planned=vm47 no-idle-reserved -> on-demand vm=896
[t=   2898.4208][DISPATCH              ] wf=74 task=2149 planned=vm45 no-idle-reserved -> on-demand vm=897
[t=   2898.4208][DISPATCH              ] wf=74 task=2152 planned=vm12 no-idle-reserved -> on-demand vm=898
[t=   2898.4208][DISPATCH              ] wf=74 task=2153 planned=vm17 no-idle-reserved -> on-demand vm=899
[t=   2898.4208][DISPATCH              ] wf=74 task=2154 planned=vm12 no-idle-reserved -> on-demand vm=900
[t=   2898.4208][DISPATCH              ] wf=74 task=2155 planned=vm12 no-idle-reserved -> on-demand vm=901
[t=   2898.4208][DISPATCH              ] wf=74 task=2156 planned=vm12 no-idle-reserved -> on-demand vm=902
[t=   2898.4208][DISPATCH              ] wf=74 task=2157 planned=vm25 no-idle-reserved -> on-demand vm=903
[t=   2898.4208][DISPATCH              ] wf=74 task=2158 planned=vm12 no-idle-reserved -> on-demand vm=904
[t=   2898.4208][DISPATCH              ] wf=74 task=2159 planned=vm20 no-idle-reserved -> on-demand vm=905
[t=   2898.4208][DISPATCH              ] wf=74 task=2160 planned=vm9 no-idle-reserved -> on-demand vm=906
[t=   2898.4208][DISPATCH              ] wf=74 task=2161 planned=vm42 no-idle-reserved -> on-demand vm=907
[t=   2898.4208][DISPATCH              ] wf=74 task=2162 planned=vm16 no-idle-reserved -> on-demand vm=908
[t=   2898.4208][DISPATCH              ] wf=74 task=2165 planned=vm18 no-idle-reserved -> on-demand vm=909
[t=   2898.4208][DISPATCH              ] wf=74 task=2166 planned=vm0 no-idle-reserved -> on-demand vm=910
[t=   2898.4208][DISPATCH              ] wf=74 task=2167 planned=vm13 no-idle-reserved -> on-demand vm=911
[t=   2898.4208][DISPATCH              ] wf=74 task=2168 planned=vm37 no-idle-reserved -> on-demand vm=912
[t=   2898.4208][DISPATCH              ] wf=74 task=2169 planned=vm9 no-idle-reserved -> on-demand vm=913
[t=   2898.4208][DISPATCH              ] wf=74 task=2170 planned=vm9 no-idle-reserved -> on-demand vm=914
[t=   2898.4208][DISPATCH              ] wf=74 task=2171 planned=vm16 no-idle-reserved -> on-demand vm=915
[t=   2898.4208][DISPATCH              ] wf=74 task=2172 planned=vm28 no-idle-reserved -> on-demand vm=916
[t=   2898.4208][DISPATCH              ] wf=74 task=2173 planned=vm19 no-idle-reserved -> on-demand vm=917
[t=   2898.4208][DISPATCH              ] wf=74 task=2174 planned=vm6 no-idle-reserved -> on-demand vm=918
[t=   2898.4208][DISPATCH              ] wf=74 task=2175 planned=vm48 no-idle-reserved -> on-demand vm=919
[t=   2898.5208][DISPATCH              ] wf=74 task=2139 planned=vm12 no-idle-reserved -> on-demand vm=887
[t=   2898.5208][DISPATCH              ] wf=74 task=2140 planned=vm12 no-idle-reserved -> on-demand vm=888
[t=   2898.5208][DISPATCH              ] wf=74 task=2141 planned=vm10 no-idle-reserved -> on-demand vm=889
[t=   2898.5208][DISPATCH              ] wf=74 task=2142 planned=vm25 no-idle-reserved -> on-demand vm=890
[t=   2898.5208][DISPATCH              ] wf=74 task=2143 planned=vm22 no-idle-reserved -> on-demand vm=891
[t=   2898.5208][DISPATCH              ] wf=74 task=2144 planned=vm34 no-idle-reserved -> on-demand vm=892
[t=   2898.5208][DISPATCH              ] wf=74 task=2145 planned=vm40 no-idle-reserved -> on-demand vm=893
[t=   2898.5208][DISPATCH              ] wf=74 task=2146 planned=vm15 no-idle-reserved -> on-demand vm=894
[t=   2898.5208][DISPATCH              ] wf=74 task=2147 planned=vm35 no-idle-reserved -> on-demand vm=895
[t=   2898.5208][DISPATCH              ] wf=74 task=2148 planned=vm47 no-idle-reserved -> on-demand vm=896
[t=   2898.5208][DISPATCH              ] wf=74 task=2149 planned=vm45 no-idle-reserved -> on-demand vm=897
[t=   2898.5208][DISPATCH              ] wf=74 task=2152 planned=vm12 no-idle-reserved -> on-demand vm=898
[t=   2898.5208][DISPATCH              ] wf=74 task=2153 planned=vm17 no-idle-reserved -> on-demand vm=899
[t=   2898.5208][DISPATCH              ] wf=74 task=2154 planned=vm12 no-idle-reserved -> on-demand vm=900
[t=   2898.5208][DISPATCH              ] wf=74 task=2155 planned=vm12 no-idle-reserved -> on-demand vm=901
[t=   2898.5208][DISPATCH              ] wf=74 task=2156 planned=vm12 no-idle-reserved -> on-demand vm=902
[t=   2898.5208][DISPATCH              ] wf=74 task=2157 planned=vm25 no-idle-reserved -> on-demand vm=903
[t=   2898.5208][DISPATCH              ] wf=74 task=2158 planned=vm12 no-idle-reserved -> on-demand vm=904
[t=   2898.5208][DISPATCH              ] wf=74 task=2159 planned=vm20 no-idle-reserved -> on-demand vm=905
[t=   2898.5208][DISPATCH              ] wf=74 task=2160 planned=vm9 no-idle-reserved -> on-demand vm=906
[t=   2898.5208][DISPATCH              ] wf=74 task=2161 planned=vm42 no-idle-reserved -> on-demand vm=907
[t=   2898.5208][DISPATCH              ] wf=74 task=2162 planned=vm16 no-idle-reserved -> on-demand vm=908
[t=   2898.5208][DISPATCH              ] wf=74 task=2165 planned=vm18 no-idle-reserved -> on-demand vm=909
[t=   2898.5208][DISPATCH              ] wf=74 task=2166 planned=vm0 no-idle-reserved -> on-demand vm=910
[t=   2898.5208][DISPATCH              ] wf=74 task=2167 planned=vm13 no-idle-reserved -> on-demand vm=911
[t=   2898.5208][DISPATCH              ] wf=74 task=2168 planned=vm37 no-idle-reserved -> on-demand vm=912
[t=   2898.5208][DISPATCH              ] wf=74 task=2169 planned=vm9 no-idle-reserved -> on-demand vm=913
[t=   2898.5208][DISPATCH              ] wf=74 task=2170 planned=vm9 no-idle-reserved -> on-demand vm=914
[t=   2898.5208][DISPATCH              ] wf=74 task=2171 planned=vm16 no-idle-reserved -> on-demand vm=915
[t=   2898.5208][DISPATCH              ] wf=74 task=2172 planned=vm28 no-idle-reserved -> on-demand vm=916
[t=   2898.5208][DISPATCH              ] wf=74 task=2173 planned=vm19 no-idle-reserved -> on-demand vm=917
[t=   2898.5208][DISPATCH              ] wf=74 task=2174 planned=vm6 no-idle-reserved -> on-demand vm=918
[t=   2898.5208][DISPATCH              ] wf=74 task=2175 planned=vm48 no-idle-reserved -> on-demand vm=919
[t=   2899.7938][TASK-COMPLETE         ] task=1987 wf=68 vm=848(on-demand) actualCPU=143.2142s cost=$0.129609
[t=   2902.4928][TASK-COMPLETE         ] task=1986 wf=68 vm=847(on-demand) actualCPU=145.9132s cost=$0.132051
[t=   2903.5558][TASK-COMPLETE         ] task=2089 wf=72 vm=19(reserved) actualCPU=25.8515s
[t=   2903.5558][DISPATCH              ] wf=72 task=2090 planned=vm15 BUSY -> advanced to vm=19
[t=   2905.8458][TASK-COMPLETE         ] task=2054 wf=71 vm=41(reserved) actualCPU=30.3710s
[t=   2906.0638][TASK-COMPLETE         ] task=1962 wf=68 vm=20(reserved) actualCPU=149.5842s
[t=   2906.5718][TASK-COMPLETE         ] task=1487 wf=51 vm=8(reserved) actualCPU=210.2222s
[t=   2906.5718][DISPATCH              ] wf=51 task=1488 planned=vm26 BUSY -> advanced to vm=8
[t=   2907.9358][TASK-COMPLETE         ] task=107 wf=3 vm=6(reserved) actualCPU=89.5092s
[t=   2907.9358][DISPATCH              ] wf=3 task=108 planned=vm2 BUSY -> advanced to vm=6
[t=   2910.5418][TASK-COMPLETE         ] task=364 wf=12 vm=2(reserved) actualCPU=108.1082s
[t=   2910.5418][DISPATCH              ] wf=12 task=365 planned=vm3 BUSY -> advanced to vm=2
[t=   2910.7078][TASK-COMPLETE         ] task=2003 wf=69 vm=17(reserved) actualCPU=23.9015s
[t=   2910.7078][DISPATCH              ] wf=69 task=2004 planned=vm32 BUSY -> advanced to vm=17
[t=   2910.7838][TASK-COMPLETE         ] task=2138 wf=74 vm=38(reserved) actualCPU=12.3630s
[t=   2912.4538][TASK-COMPLETE         ] task=2070 wf=71 vm=870(on-demand) actualCPU=36.8790s cost=$0.033376
[t=   2914.1058][TASK-COMPLETE         ] task=1859 wf=64 vm=47(reserved) actualCPU=285.4582s
[t=   2916.1708][TASK-COMPLETE         ] task=1054 wf=36 vm=29(reserved) actualCPU=299.4705s
[t=   2916.1708][DISPATCH              ] wf=36 task=1055 planned=vm21 BUSY -> advanced to vm=20
[t=   2917.5578][TASK-COMPLETE         ] task=1815 wf=62 vm=26(reserved) actualCPU=146.8202s
[t=   2917.5578][WF-COMPLETE           ] wf=62 completionTime=2917.5578 deadline=3011.3874 margin=93.8296 -> MET
[t=   2918.8958][TASK-COMPLETE         ] task=2060 wf=71 vm=862(on-demand) actualCPU=43.3210s cost=$0.039206
[t=   2920.2638][TASK-COMPLETE         ] task=1948 wf=67 vm=37(reserved) actualCPU=194.6252s
[t=   2921.1168][TASK-COMPLETE         ] task=1855 wf=64 vm=30(reserved) actualCPU=292.4692s
[t=   2921.1168][DISPATCH              ] wf=64 task=1874 planned=vm0 BUSY -> advanced to vm=26
[t=   2921.8718][TASK-COMPLETE         ] task=536 wf=18 vm=10(reserved) actualCPU=241.5022s
[t=   2921.8718][DISPATCH              ] wf=18 task=537 -> vm=10 (planned reserved, was idle)
[t=   2923.8928][TASK-COMPLETE         ] task=1917 wf=66 vm=9(reserved) actualCPU=283.2002s
[t=   2923.8928][DISPATCH              ] wf=66 task=1918 planned=vm31 BUSY -> advanced to vm=9
[t=   2924.0318][TASK-COMPLETE         ] task=1744 wf=60 vm=13(reserved) actualCPU=215.2352s
[t=   2924.0318][DISPATCH              ] wf=60 task=1745 planned=vm4 BUSY -> advanced to vm=13
[t=   2925.4458][TASK-COMPLETE         ] task=1963 wf=68 vm=22(reserved) actualCPU=168.9662s
[t=   2927.0138][TASK-COMPLETE         ] task=450 wf=15 vm=7(reserved) actualCPU=53.6572s
[t=   2927.0138][DISPATCH              ] wf=15 task=451 planned=vm8 BUSY -> advanced to vm=7
[t=   2927.4578][TASK-COMPLETE         ] task=2090 wf=72 vm=19(reserved) actualCPU=23.9020s
[t=   2927.4578][DISPATCH              ] wf=72 task=2091 planned=vm34 BUSY -> advanced to vm=19
[t=   2928.1268][TASK-COMPLETE         ] task=2061 wf=71 vm=863(on-demand) actualCPU=52.5520s cost=$0.047560
[t=   2928.8928][TASK-COMPLETE         ] task=2141 wf=74 vm=889(on-demand) actualCPU=30.3720s cost=$0.027487
[t=   2930.0808][TASK-COMPLETE         ] task=2057 wf=71 vm=45(reserved) actualCPU=54.6060s
[t=   2933.2238][TASK-COMPLETE         ] task=1659 wf=57 vm=0(reserved) actualCPU=140.8632s
[t=   2933.2238][DISPATCH              ] wf=57 task=1660 -> vm=29 (planned reserved, was idle)
[t=   2935.4008][TASK-COMPLETE         ] task=2157 wf=74 vm=903(on-demand) actualCPU=36.8800s cost=$0.033376
[t=   2938.0328][TASK-COMPLETE         ] task=2087 wf=71 vm=885(on-demand) actualCPU=62.4580s cost=$0.056525
[t=   2941.8428][TASK-COMPLETE         ] task=2147 wf=74 vm=895(on-demand) actualCPU=43.3220s cost=$0.039206
[t=   2942.5248][TASK-COMPLETE         ] task=1943 wf=67 vm=48(reserved) actualCPU=216.8862s
[t=   2944.9728][TASK-COMPLETE         ] task=1996 wf=68 vm=855(on-demand) actualCPU=188.3932s cost=$0.170496
[t=   2949.1278][TASK-COMPLETE         ] task=968 wf=33 vm=25(reserved) actualCPU=54.0665s
[t=   2949.1278][DISPATCH              ] wf=33 task=969 planned=vm17 BUSY -> advanced to vm=0
[t=   2949.5788][TASK-COMPLETE         ] task=1966 wf=68 vm=829(on-demand) actualCPU=192.9992s cost=$0.174664
[t=   2951.0738][TASK-COMPLETE         ] task=2148 wf=74 vm=896(on-demand) actualCPU=52.5530s cost=$0.047560
[t=   2953.1278][TASK-COMPLETE         ] task=2144 wf=74 vm=892(on-demand) actualCPU=54.6070s cost=$0.049419
[t=   2957.1488][TASK-COMPLETE         ] task=1979 wf=68 vm=840(on-demand) actualCPU=200.5692s cost=$0.181515
[t=   2958.4648][TASK-COMPLETE         ] task=2058 wf=71 vm=266(on-demand) actualCPU=82.9900s cost=$0.075106
[t=   2960.5158][TASK-COMPLETE         ] task=1745 wf=60 vm=13(reserved) actualCPU=36.4840s
[t=   2960.5158][DISPATCH              ] wf=60 task=1746 -> vm=30 (planned reserved, was idle)
[t=   2960.9798][TASK-COMPLETE         ] task=2174 wf=74 vm=918(on-demand) actualCPU=62.4590s cost=$0.056525
[t=   2961.0407][TASK-COMPLETE         ] task=1985 wf=68 vm=846(on-demand) actualCPU=204.4610s cost=$0.185037
[t=   2961.8918][TASK-COMPLETE         ] task=194 wf=6 vm=4(reserved) actualCPU=89.5092s
[t=   2961.8918][DISPATCH              ] wf=6 task=195 planned=vm1 BUSY -> advanced to vm=4
[t=   2962.6088][TASK-COMPLETE         ] task=2075 wf=71 vm=875(on-demand) actualCPU=87.0340s cost=$0.078766
[t=   2967.2808][TASK-COMPLETE         ] task=1314 wf=45 vm=11(reserved) actualCPU=231.0052s
[t=   2967.2808][DISPATCH              ] wf=45 task=1315 planned=vm23 BUSY -> advanced to vm=11
[t=   2967.8548][TASK-COMPLETE         ] task=1982 wf=68 vm=843(on-demand) actualCPU=211.2752s cost=$0.191204
[t=   2967.9138][TASK-COMPLETE         ] task=2082 wf=71 vm=880(on-demand) actualCPU=92.3390s cost=$0.083567
[t=   2969.7808][TASK-COMPLETE         ] task=2056 wf=71 vm=43(reserved) actualCPU=94.3060s
[t=   2970.1278][TASK-COMPLETE         ] task=2062 wf=71 vm=864(on-demand) actualCPU=94.5530s cost=$0.085570
[t=   2970.1727][TASK-COMPLETE         ] task=1993 wf=68 vm=852(on-demand) actualCPU=213.5930s cost=$0.193302
[t=   2970.2378][TASK-COMPLETE         ] task=1055 wf=36 vm=20(reserved) actualCPU=54.0670s
[t=   2970.2378][DISPATCH              ] wf=36 task=1056 -> vm=20 (planned reserved, was idle)
[t=   2972.7987][TASK-COMPLETE         ] task=1940 wf=67 vm=44(reserved) actualCPU=247.1601s
[t=   2973.5797][TASK-COMPLETE         ] task=1947 wf=67 vm=34(reserved) actualCPU=247.9411s
[t=   2974.5897][TASK-COMPLETE         ] task=278 wf=9 vm=23(reserved) actualCPU=82.6903s
[t=   2974.5897][DISPATCH              ] wf=9 task=279 planned=vm5 BUSY -> advanced to vm=13
[t=   2975.5297][TASK-COMPLETE         ] task=537 wf=18 vm=10(reserved) actualCPU=53.6578s
[t=   2975.5297][DISPATCH              ] wf=18 task=538 planned=vm9 BUSY -> advanced to vm=10
[t=   2975.6607][TASK-COMPLETE         ] task=1955 wf=67 vm=822(on-demand) actualCPU=249.9221s cost=$0.226179
[t=   2977.5587][TASK-COMPLETE         ] task=1957 wf=67 vm=824(on-demand) actualCPU=251.8201s cost=$0.227897
[t=   2981.5117][TASK-COMPLETE         ] task=2145 wf=74 vm=893(on-demand) actualCPU=82.9908s cost=$0.075107
[t=   2983.1057][TASK-COMPLETE         ] task=1874 wf=64 vm=26(reserved) actualCPU=61.9888s
[t=   2983.1057][WF-COMPLETE           ] wf=64 completionTime=2983.1057 deadline=3076.7595 margin=93.6538 -> MET
[t=   2985.0747][TASK-COMPLETE         ] task=2055 wf=71 vm=42(reserved) actualCPU=109.5998s
[t=   2985.5557][TASK-COMPLETE         ] task=2162 wf=74 vm=908(on-demand) actualCPU=87.0348s cost=$0.078767
[t=   2986.2937][TASK-COMPLETE         ] task=1965 wf=68 vm=828(on-demand) actualCPU=229.7140s cost=$0.207891
[t=   2986.2937][DISPATCH              ] wf=68 task=1976 planned=vm3 BUSY -> advanced to vm=34
[t=   2986.2937][DISPATCH              ] wf=68 task=1977 planned=vm5 BUSY -> advanced to vm=22
[t=   2987.8177][TASK-COMPLETE         ] task=2026 wf=70 vm=16(reserved) actualCPU=113.7954s
[t=   2987.8177][DISPATCH              ] wf=70 task=2027 planned=vm27 BUSY -> advanced to vm=16
[t=   2987.8177][DISPATCH              ] wf=70 task=2028 planned=vm18 BUSY -> advanced to vm=23
[t=   2987.8177][DISPATCH              ] wf=70 task=2029 planned=vm49 BUSY -> advanced to vm=25
[t=   2987.8177][DISPATCH              ] wf=70 task=2030 planned=vm33 BUSY -> advanced to vm=26
[t=   2987.8177][DISPATCH              ] wf=70 task=2031 planned=vm29 BUSY -> advanced to vm=37
[t=   2987.8177][DISPATCH              ] wf=70 task=2032 planned=vm11 BUSY -> advanced to vm=38
[t=   2987.8177][DISPATCH              ] wf=70 task=2033 planned=vm24 BUSY -> advanced to vm=41
[t=   2987.8177][DISPATCH              ] wf=70 task=2034 planned=vm35 BUSY -> advanced to vm=42
[t=   2987.8177][DISPATCH              ] wf=70 task=2035 planned=vm11 BUSY -> advanced to vm=43
[t=   2987.8177][DISPATCH              ] wf=70 task=2036 planned=vm21 BUSY -> advanced to vm=44
[t=   2987.8177][DISPATCH              ] wf=70 task=2037 planned=vm20 BUSY -> advanced to vm=45
[t=   2987.8177][DISPATCH              ] wf=70 task=2038 planned=vm22 BUSY -> advanced to vm=47
[t=   2987.8177][DISPATCH              ] wf=70 task=2039 planned=vm24 BUSY -> advanced to vm=48
[t=   2987.8177][DISPATCH              ] wf=70 task=2040 planned=vm28 no-idle-reserved -> on-demand vm=266
[t=   2987.8177][DISPATCH              ] wf=70 task=2041 planned=vm26 no-idle-reserved -> on-demand vm=920
[t=   2987.8177][DISPATCH              ] wf=70 task=2042 planned=vm46 no-idle-reserved -> on-demand vm=921
[t=   2987.8177][DISPATCH              ] wf=70 task=2043 planned=vm2 no-idle-reserved -> on-demand vm=922
[t=   2987.8177][DISPATCH              ] wf=70 task=2044 planned=vm47 no-idle-reserved -> on-demand vm=923
[t=   2987.8177][DISPATCH              ] wf=70 task=2045 planned=vm25 no-idle-reserved -> on-demand vm=924
[t=   2987.8177][DISPATCH              ] wf=70 task=2046 planned=vm6 no-idle-reserved -> on-demand vm=925
[t=   2987.8177][DISPATCH              ] wf=70 task=2047 planned=vm1 no-idle-reserved -> on-demand vm=926
[t=   2987.9177][DISPATCH              ] wf=70 task=2041 planned=vm26 no-idle-reserved -> on-demand vm=920
[t=   2987.9177][DISPATCH              ] wf=70 task=2042 planned=vm46 no-idle-reserved -> on-demand vm=921
[t=   2987.9177][DISPATCH              ] wf=70 task=2043 planned=vm2 no-idle-reserved -> on-demand vm=922
[t=   2987.9177][DISPATCH              ] wf=70 task=2044 planned=vm47 no-idle-reserved -> on-demand vm=923
[t=   2987.9177][DISPATCH              ] wf=70 task=2045 planned=vm25 no-idle-reserved -> on-demand vm=924
[t=   2987.9177][DISPATCH              ] wf=70 task=2046 planned=vm6 no-idle-reserved -> on-demand vm=925
[t=   2987.9177][DISPATCH              ] wf=70 task=2047 planned=vm1 no-idle-reserved -> on-demand vm=926
[t=   2990.0897][TASK-COMPLETE         ] task=2084 wf=71 vm=882(on-demand) actualCPU=114.5148s cost=$0.103636
[t=   2990.8597][TASK-COMPLETE         ] task=2169 wf=74 vm=913(on-demand) actualCPU=92.3388s cost=$0.083567
[t=   2991.8777][TASK-COMPLETE         ] task=2085 wf=71 vm=883(on-demand) actualCPU=116.3028s cost=$0.105254
[t=   2992.3857][TASK-COMPLETE         ] task=2113 wf=73 vm=49(reserved) actualCPU=113.7951s
[t=   2992.3857][DISPATCH              ] wf=73 task=2114 planned=vm35 BUSY -> advanced to vm=49
[t=   2992.3857][DISPATCH              ] wf=73 task=2115 planned=vm42 no-idle-reserved -> on-demand vm=927
[t=   2992.3857][DISPATCH              ] wf=73 task=2116 planned=vm35 no-idle-reserved -> on-demand vm=928
[t=   2992.3857][DISPATCH              ] wf=73 task=2117 planned=vm35 no-idle-reserved -> on-demand vm=929
[t=   2992.3857][DISPATCH              ] wf=73 task=2118 planned=vm31 no-idle-reserved -> on-demand vm=930
[t=   2992.3857][DISPATCH              ] wf=73 task=2119 planned=vm35 no-idle-reserved -> on-demand vm=931
[t=   2992.3857][DISPATCH              ] wf=73 task=2120 planned=vm35 no-idle-reserved -> on-demand vm=932
[t=   2992.3857][DISPATCH              ] wf=73 task=2121 planned=vm35 no-idle-reserved -> on-demand vm=933
[t=   2992.3857][DISPATCH              ] wf=73 task=2122 planned=vm35 no-idle-reserved -> on-demand vm=934
[t=   2992.3857][DISPATCH              ] wf=73 task=2123 planned=vm40 no-idle-reserved -> on-demand vm=935
[t=   2992.3857][DISPATCH              ] wf=73 task=2124 planned=vm38 no-idle-reserved -> on-demand vm=936
[t=   2992.3857][DISPATCH              ] wf=73 task=2125 planned=vm43 no-idle-reserved -> on-demand vm=937
[t=   2992.3857][DISPATCH              ] wf=73 task=2126 planned=vm44 no-idle-reserved -> on-demand vm=938
[t=   2992.3857][DISPATCH              ] wf=73 task=2127 planned=vm49 no-idle-reserved -> on-demand vm=939
[t=   2992.3857][DISPATCH              ] wf=73 task=2128 planned=vm48 no-idle-reserved -> on-demand vm=940
[t=   2992.3857][DISPATCH              ] wf=73 task=2129 planned=vm35 no-idle-reserved -> on-demand vm=941
[t=   2992.3857][DISPATCH              ] wf=73 task=2130 planned=vm3 no-idle-reserved -> on-demand vm=942
[t=   2992.3857][DISPATCH              ] wf=73 task=2131 planned=vm35 no-idle-reserved -> on-demand vm=943
[t=   2992.3857][DISPATCH              ] wf=73 task=2132 planned=vm45 no-idle-reserved -> on-demand vm=944
[t=   2992.3857][DISPATCH              ] wf=73 task=2133 planned=vm33 no-idle-reserved -> on-demand vm=945
[t=   2992.3857][DISPATCH              ] wf=73 task=2134 planned=vm24 no-idle-reserved -> on-demand vm=946
[t=   2992.4857][DISPATCH              ] wf=73 task=2115 planned=vm42 no-idle-reserved -> on-demand vm=927
[t=   2992.4857][DISPATCH              ] wf=73 task=2116 planned=vm35 no-idle-reserved -> on-demand vm=928
[t=   2992.4857][DISPATCH              ] wf=73 task=2117 planned=vm35 no-idle-reserved -> on-demand vm=929
[t=   2992.4857][DISPATCH              ] wf=73 task=2118 planned=vm31 no-idle-reserved -> on-demand vm=930
[t=   2992.4857][DISPATCH              ] wf=73 task=2119 planned=vm35 no-idle-reserved -> on-demand vm=931
[t=   2992.4857][DISPATCH              ] wf=73 task=2120 planned=vm35 no-idle-reserved -> on-demand vm=932
[t=   2992.4857][DISPATCH              ] wf=73 task=2121 planned=vm35 no-idle-reserved -> on-demand vm=933
[t=   2992.4857][DISPATCH              ] wf=73 task=2122 planned=vm35 no-idle-reserved -> on-demand vm=934
[t=   2992.4857][DISPATCH              ] wf=73 task=2123 planned=vm40 no-idle-reserved -> on-demand vm=935
[t=   2992.4857][DISPATCH              ] wf=73 task=2124 planned=vm38 no-idle-reserved -> on-demand vm=936
[t=   2992.4857][DISPATCH              ] wf=73 task=2125 planned=vm43 no-idle-reserved -> on-demand vm=937
[t=   2992.4857][DISPATCH              ] wf=73 task=2126 planned=vm44 no-idle-reserved -> on-demand vm=938
[t=   2992.4857][DISPATCH              ] wf=73 task=2127 planned=vm49 no-idle-reserved -> on-demand vm=939
[t=   2992.4857][DISPATCH              ] wf=73 task=2128 planned=vm48 no-idle-reserved -> on-demand vm=940
[t=   2992.4857][DISPATCH              ] wf=73 task=2129 planned=vm35 no-idle-reserved -> on-demand vm=941
[t=   2992.4857][DISPATCH              ] wf=73 task=2130 planned=vm3 no-idle-reserved -> on-demand vm=942
[t=   2992.4857][DISPATCH              ] wf=73 task=2131 planned=vm35 no-idle-reserved -> on-demand vm=943
[t=   2992.4857][DISPATCH              ] wf=73 task=2132 planned=vm45 no-idle-reserved -> on-demand vm=944
[t=   2992.4857][DISPATCH              ] wf=73 task=2133 planned=vm33 no-idle-reserved -> on-demand vm=945
[t=   2992.4857][DISPATCH              ] wf=73 task=2134 planned=vm24 no-idle-reserved -> on-demand vm=946
[t=   2992.8277][TASK-COMPLETE         ] task=2143 wf=74 vm=891(on-demand) actualCPU=94.3068s cost=$0.085348
[t=   2993.0107][TASK-COMPLETE         ] task=1978 wf=68 vm=839(on-demand) actualCPU=236.4310s cost=$0.213970
[t=   2993.0748][TASK-COMPLETE         ] task=2149 wf=74 vm=897(on-demand) actualCPU=94.5540s cost=$0.085571
[t=   2993.2327][TASK-COMPLETE         ] task=365 wf=12 vm=2(reserved) actualCPU=82.6908s
[t=   2993.2327][DISPATCH              ] wf=12 task=366 planned=vm7 BUSY -> advanced to vm=2
[t=   2995.8847][TASK-COMPLETE         ] task=1984 wf=68 vm=845(on-demand) actualCPU=239.3050s cost=$0.216571
[t=   2996.8237][TASK-COMPLETE         ] task=2059 wf=71 vm=403(on-demand) actualCPU=121.3488s cost=$0.109821
[t=   2997.4277][TASK-COMPLETE         ] task=1981 wf=68 vm=842(on-demand) actualCPU=240.8480s cost=$0.217967
[t=   3000.0537][TASK-COMPLETE         ] task=2081 wf=71 vm=879(on-demand) actualCPU=124.4788s cost=$0.112653
[t=   3000.1777][TASK-COMPLETE         ] task=1141 wf=39 vm=18(reserved) actualCPU=299.4701s
[t=   3000.1777][DISPATCH              ] wf=39 task=1142 planned=vm2 BUSY -> advanced to vm=18
[t=   3002.7827][TASK-COMPLETE         ] task=1902 wf=65 vm=1(reserved) actualCPU=146.8210s
[t=   3002.7827][WF-COMPLETE           ] wf=65 completionTime=3002.7827 deadline=3096.4101 margin=93.6275 -> MET
[t=   3003.6167][TASK-COMPLETE         ] task=1991 wf=68 vm=850(on-demand) actualCPU=247.0370s cost=$0.223568
[t=   3005.6340][NEGOTIATE             ] wf=75 tasks=24 arrivalTime=3005.6340 deadline=6981.9744 cp=3313.6040 BETA*cp=3644.9644 slack=3976.3404 -> ACCEPTED
[t=   3005.6340][DISPATCH              ] wf=75 task=2176 -> vm=1 (planned reserved, was idle)
[t=   3006.0260][TASK-COMPLETE         ] task=882 wf=30 vm=27(reserved) actualCPU=137.5403s
[t=   3006.0260][DISPATCH              ] wf=30 task=883 planned=vm14 BUSY -> advanced to vm=27
[t=   3008.1200][TASK-COMPLETE         ] task=2142 wf=74 vm=890(on-demand) actualCPU=109.5991s cost=$0.099187
[t=   3009.2320][TASK-COMPLETE         ] task=1574 wf=54 vm=14(reserved) actualCPU=210.2223s
[t=   3009.2320][DISPATCH              ] wf=54 task=1575 planned=vm27 BUSY -> advanced to vm=14
[t=   3011.0970][TASK-COMPLETE         ] task=1946 wf=67 vm=33(reserved) actualCPU=285.4584s
[t=   3013.0350][TASK-COMPLETE         ] task=2171 wf=74 vm=915(on-demand) actualCPU=114.5141s cost=$0.103635
[t=   3014.8230][TASK-COMPLETE         ] task=2172 wf=74 vm=916(on-demand) actualCPU=116.3021s cost=$0.105253
[t=   3017.5100][TASK-COMPLETE         ] task=709 wf=24 vm=12(reserved) actualCPU=279.8824s
[t=   3017.5100][DISPATCH              ] wf=24 task=710 -> vm=12 (planned reserved, was idle)
[t=   3018.1080][TASK-COMPLETE         ] task=1942 wf=67 vm=28(reserved) actualCPU=292.4694s
[t=   3018.1080][DISPATCH              ] wf=67 task=1961 planned=vm0 BUSY -> advanced to vm=28
[t=   3018.7890][TASK-COMPLETE         ] task=2074 wf=71 vm=874(on-demand) actualCPU=143.2141s cost=$0.129609
[t=   3019.8690][TASK-COMPLETE         ] task=2146 wf=74 vm=894(on-demand) actualCPU=121.3481s cost=$0.109820
[t=   3021.4880][TASK-COMPLETE         ] task=2073 wf=71 vm=873(on-demand) actualCPU=145.9131s cost=$0.132051
[t=   3022.9990][TASK-COMPLETE         ] task=2168 wf=74 vm=912(on-demand) actualCPU=124.4781s cost=$0.112653
[t=   3025.0590][TASK-COMPLETE         ] task=2049 wf=71 vm=31(reserved) actualCPU=149.5841s
[t=   3031.4860][TASK-COMPLETE         ] task=2176 wf=75 vm=1(reserved) actualCPU=25.8520s
[t=   3031.4860][DISPATCH              ] wf=75 task=2177 -> vm=1 (planned reserved, was idle)
[t=   3033.5280][TASK-COMPLETE         ] task=2001 wf=68 vm=860(on-demand) actualCPU=276.9483s cost=$0.250638
[t=   3035.1220][TASK-COMPLETE         ] task=451 wf=15 vm=7(reserved) actualCPU=108.1081s
[t=   3035.1220][DISPATCH              ] wf=15 task=452 planned=vm6 BUSY -> advanced to vm=7
[t=   3041.7160][TASK-COMPLETE         ] task=2043 wf=70 vm=922(on-demand) actualCPU=53.7983s cost=$0.048687
[t=   3041.7358][TASK-COMPLETE         ] task=2161 wf=74 vm=907(on-demand) actualCPU=143.2150s cost=$0.129610
[t=   3041.8117][TASK-COMPLETE         ] task=21 wf=0 vm=46(reserved) actualCPU=196.6500s
[t=   3041.8117][DISPATCH              ] wf=0 task=22 planned=vm2 BUSY -> advanced to vm=31
[t=   3044.4340][TASK-COMPLETE         ] task=2160 wf=74 vm=906(on-demand) actualCPU=145.9131s cost=$0.132051
[t=   3044.5440][TASK-COMPLETE         ] task=2050 wf=71 vm=32(reserved) actualCPU=169.0691s
[t=   3045.5710][TASK-COMPLETE         ] task=1831 wf=63 vm=21(reserved) actualCPU=215.2353s
[t=   3045.5710][DISPATCH              ] wf=63 task=1832 planned=vm8 BUSY -> advanced to vm=21
[t=   3045.8590][TASK-COMPLETE         ] task=1976 wf=68 vm=34(reserved) actualCPU=59.5653s
[t=   3046.2840][TASK-COMPLETE         ] task=2130 wf=73 vm=942(on-demand) actualCPU=53.7983s cost=$0.048687
[t=   3047.1930][TASK-COMPLETE         ] task=1401 wf=48 vm=3(reserved) actualCPU=231.0053s
[t=   3047.1930][DISPATCH              ] wf=48 task=1402 planned=vm24 BUSY -> advanced to vm=3
[t=   3048.0050][TASK-COMPLETE         ] task=2136 wf=74 vm=35(reserved) actualCPU=149.5841s
[t=   3050.0770][TASK-COMPLETE         ] task=1992 wf=68 vm=851(on-demand) actualCPU=293.4973s cost=$0.265615
[t=   3050.3600][TASK-COMPLETE         ] task=1999 wf=68 vm=858(on-demand) actualCPU=293.7803s cost=$0.265871
[t=   3053.8990][TASK-COMPLETE         ] task=1660 wf=57 vm=29(reserved) actualCPU=120.6751s
[t=   3053.8990][DISPATCH              ] wf=57 task=1661 planned=vm28 BUSY -> advanced to vm=29
[t=   3054.2440][TASK-COMPLETE         ] task=1142 wf=39 vm=18(reserved) actualCPU=54.0663s
[t=   3054.2440][DISPATCH              ] wf=39 task=1143 planned=vm15 BUSY -> advanced to vm=18
[t=   3054.7460][TASK-COMPLETE         ] task=2047 wf=70 vm=926(on-demand) actualCPU=66.8283s cost=$0.060480
[t=   3055.3880][TASK-COMPLETE         ] task=2177 wf=75 vm=1(reserved) actualCPU=23.9020s
[t=   3055.3880][DISPATCH              ] wf=75 task=2178 -> vm=33 (planned reserved, was idle)
[t=   3056.2660][TASK-COMPLETE         ] task=1980 wf=68 vm=841(on-demand) actualCPU=299.6863s cost=$0.271216
[t=   3056.2660][DISPATCH              ] wf=68 task=1990 planned=vm0 BUSY -> advanced to vm=1
[t=   3059.3140][TASK-COMPLETE         ] task=2134 wf=73 vm=946(on-demand) actualCPU=66.8283s cost=$0.060480
[t=   3063.9680][TASK-COMPLETE         ] task=2083 wf=71 vm=881(on-demand) actualCPU=188.3931s cost=$0.170496
[t=   3067.3870][TASK-COMPLETE         ] task=2137 wf=74 vm=36(reserved) actualCPU=168.9661s
[t=   3068.4740][TASK-COMPLETE         ] task=2053 wf=71 vm=40(reserved) actualCPU=192.9991s
[t=   3075.0930][TASK-COMPLETE         ] task=22 wf=0 vm=31(reserved) actualCPU=33.2813s
[t=   3075.0930][DISPATCH              ] wf=0 task=23 planned=vm1 BUSY -> advanced to vm=31
[t=   3076.1440][TASK-COMPLETE         ] task=2066 wf=71 vm=866(on-demand) actualCPU=200.5691s cost=$0.181515
[t=   3078.8870][TASK-COMPLETE         ] task=1977 wf=68 vm=22(reserved) actualCPU=92.5933s
[t=   3078.8870][DISPATCH              ] wf=68 task=1989 planned=vm10 BUSY -> advanced to vm=22
[t=   3079.2820][TASK-COMPLETE         ] task=2046 wf=70 vm=925(on-demand) actualCPU=91.3643s cost=$0.082685
[t=   3080.0350][TASK-COMPLETE         ] task=2072 wf=71 vm=872(on-demand) actualCPU=204.4601s cost=$0.185036
[t=   3080.0970][TASK-COMPLETE         ] task=1961 wf=67 vm=28(reserved) actualCPU=61.9890s
[t=   3080.0970][WF-COMPLETE           ] wf=67 completionTime=3080.0970 deadline=3173.7505 margin=93.6536 -> MET
[t=   3082.0550][TASK-COMPLETE         ] task=1832 wf=63 vm=21(reserved) actualCPU=36.4840s
[t=   3082.0550][DISPATCH              ] wf=63 task=1833 planned=vm29 BUSY -> advanced to vm=21
[t=   3082.3970][TASK-COMPLETE         ] task=2032 wf=70 vm=38(reserved) actualCPU=94.5793s
[t=   3083.6380][TASK-COMPLETE         ] task=538 wf=18 vm=10(reserved) actualCPU=108.1083s
[t=   3083.6380][DISPATCH              ] wf=18 task=539 planned=vm13 BUSY -> advanced to vm=10
[t=   3083.8500][TASK-COMPLETE         ] task=2133 wf=73 vm=945(on-demand) actualCPU=91.3643s cost=$0.082685
[t=   3086.6680][TASK-COMPLETE         ] task=969 wf=33 vm=0(reserved) actualCPU=137.5401s
[t=   3086.6680][DISPATCH              ] wf=33 task=970 planned=vm18 BUSY -> advanced to vm=0
[t=   3086.8500][TASK-COMPLETE         ] task=2069 wf=71 vm=869(on-demand) actualCPU=211.2751s cost=$0.191204
[t=   3086.9148][TASK-COMPLETE         ] task=2170 wf=74 vm=914(on-demand) actualCPU=188.3940s cost=$0.170497
[t=   3087.0648][TASK-COMPLETE         ] task=2119 wf=73 vm=931(on-demand) actualCPU=94.5792s cost=$0.085594
[t=   3089.1668][TASK-COMPLETE         ] task=2080 wf=71 vm=878(on-demand) actualCPU=213.5920s cost=$0.193301
[t=   3090.4848][TASK-COMPLETE         ] task=279 wf=9 vm=13(reserved) actualCPU=115.8952s
[t=   3090.4848][DISPATCH              ] wf=9 task=280 planned=vm7 BUSY -> advanced to vm=13
[t=   3091.5208][TASK-COMPLETE         ] task=2140 wf=74 vm=888(on-demand) actualCPU=193.0000s cost=$0.174665
[t=   3099.0908][TASK-COMPLETE         ] task=2153 wf=74 vm=899(on-demand) actualCPU=200.5700s cost=$0.181516
[t=   3101.3798][TASK-COMPLETE         ] task=1746 wf=60 vm=30(reserved) actualCPU=140.8640s
[t=   3101.3798][DISPATCH              ] wf=60 task=1747 planned=vm26 BUSY -> advanced to vm=28
[t=   3102.2898][TASK-COMPLETE         ] task=2037 wf=70 vm=45(reserved) actualCPU=114.4722s
[t=   3102.9818][TASK-COMPLETE         ] task=2159 wf=74 vm=905(on-demand) actualCPU=204.4610s cost=$0.185037
[t=   3104.5858][TASK-COMPLETE         ] task=108 wf=3 vm=6(reserved) actualCPU=196.6500s
[t=   3104.5858][DISPATCH              ] wf=3 task=109 planned=vm2 BUSY -> advanced to vm=6
[t=   3104.8618][TASK-COMPLETE         ] task=2036 wf=70 vm=44(reserved) actualCPU=117.0442s
[t=   3105.1878][TASK-COMPLETE         ] task=2052 wf=71 vm=39(reserved) actualCPU=229.7130s
[t=   3105.1878][DISPATCH              ] wf=71 task=2063 planned=vm1 BUSY -> advanced to vm=30
[t=   3105.1878][DISPATCH              ] wf=71 task=2064 planned=vm37 BUSY -> advanced to vm=32
[t=   3105.7708][TASK-COMPLETE         ] task=1990 wf=68 vm=1(reserved) actualCPU=49.5049s
[t=   3106.9578][TASK-COMPLETE         ] task=2124 wf=73 vm=936(on-demand) actualCPU=114.4722s cost=$0.103597
[t=   3107.7788][TASK-COMPLETE         ] task=1056 wf=36 vm=20(reserved) actualCPU=137.5410s
[t=   3107.7788][DISPATCH              ] wf=36 task=1057 planned=vm19 BUSY -> advanced to vm=20
[t=   3109.1278][TASK-COMPLETE         ] task=366 wf=12 vm=2(reserved) actualCPU=115.8952s
[t=   3109.1278][DISPATCH              ] wf=12 task=367 planned=vm10 BUSY -> advanced to vm=1
[t=   3109.5298][TASK-COMPLETE         ] task=2123 wf=73 vm=935(on-demand) actualCPU=117.0442s cost=$0.105925
[t=   3109.7968][TASK-COMPLETE         ] task=2156 wf=74 vm=902(on-demand) actualCPU=211.2760s cost=$0.191205
[t=   3111.3848][TASK-COMPLETE         ] task=23 wf=0 vm=31(reserved) actualCPU=36.2919s
[t=   3111.3848][DISPATCH              ] wf=0 task=24 planned=vm0 BUSY -> advanced to vm=2
[t=   3112.0048][TASK-COMPLETE         ] task=2065 wf=71 vm=865(on-demand) actualCPU=236.4300s cost=$0.213969
[t=   3112.1138][TASK-COMPLETE         ] task=2167 wf=74 vm=911(on-demand) actualCPU=213.5930s cost=$0.193302
[t=   3114.8788][TASK-COMPLETE         ] task=2071 wf=71 vm=871(on-demand) actualCPU=239.3040s cost=$0.216570
[t=   3116.4218][TASK-COMPLETE         ] task=2068 wf=71 vm=868(on-demand) actualCPU=240.8470s cost=$0.217967
[t=   3117.8128][TASK-COMPLETE         ] task=452 wf=15 vm=7(reserved) actualCPU=82.6909s
[t=   3117.8128][DISPATCH              ] wf=15 task=453 planned=vm11 BUSY -> advanced to vm=7
[t=   3118.9458][TASK-COMPLETE         ] task=2028 wf=70 vm=23(reserved) actualCPU=131.1282s
[t=   3122.6108][TASK-COMPLETE         ] task=2078 wf=71 vm=876(on-demand) actualCPU=247.0360s cost=$0.223568
[t=   3123.6138][TASK-COMPLETE         ] task=2115 wf=73 vm=927(on-demand) actualCPU=131.1282s cost=$0.118671
[t=   3123.8678][TASK-COMPLETE         ] task=2038 wf=70 vm=47(reserved) actualCPU=136.0502s
[t=   3127.2408][TASK-COMPLETE         ] task=623 wf=21 vm=15(reserved) actualCPU=241.5025s
[t=   3127.2408][DISPATCH              ] wf=21 task=624 -> vm=15 (planned reserved, was idle)
[t=   3128.2348][TASK-COMPLETE         ] task=2139 wf=74 vm=887(on-demand) actualCPU=229.7140s cost=$0.207891
[t=   3128.2348][DISPATCH              ] wf=74 task=2150 planned=vm13 BUSY -> advanced to vm=23
[t=   3128.2348][DISPATCH              ] wf=74 task=2151 -> vm=46 (planned reserved, was idle)
[t=   3128.5358][TASK-COMPLETE         ] task=2125 wf=73 vm=937(on-demand) actualCPU=136.0502s cost=$0.123125
[t=   3130.4388][TASK-COMPLETE         ] task=2039 wf=70 vm=48(reserved) actualCPU=142.6212s
[t=   3131.4048][TASK-COMPLETE         ] task=2045 wf=70 vm=924(on-demand) actualCPU=143.4872s cost=$0.129856
[t=   3133.9328][TASK-COMPLETE         ] task=2041 wf=70 vm=920(on-demand) actualCPU=146.0152s cost=$0.132144
[t=   3134.8958][TASK-COMPLETE         ] task=2040 wf=70 vm=266(on-demand) actualCPU=147.0782s cost=$0.133106
[t=   3134.9518][TASK-COMPLETE         ] task=2152 wf=74 vm=898(on-demand) actualCPU=236.4310s cost=$0.213970
[t=   3135.1068][TASK-COMPLETE         ] task=2126 wf=73 vm=938(on-demand) actualCPU=142.6212s cost=$0.129072
[t=   3135.9728][TASK-COMPLETE         ] task=2132 wf=73 vm=944(on-demand) actualCPU=143.4872s cost=$0.129856
[t=   3137.1828][TASK-COMPLETE         ] task=2031 wf=70 vm=37(reserved) actualCPU=149.3652s
[t=   3137.5778][TASK-COMPLETE         ] task=1488 wf=51 vm=8(reserved) actualCPU=231.0060s
[t=   3137.5778][DISPATCH              ] wf=51 task=1489 planned=vm25 BUSY -> advanced to vm=8
[t=   3137.8258][TASK-COMPLETE         ] task=2158 wf=74 vm=904(on-demand) actualCPU=239.3050s cost=$0.216571
[t=   3137.8678][TASK-COMPLETE         ] task=109 wf=3 vm=6(reserved) actualCPU=33.2820s
[t=   3137.8678][DISPATCH              ] wf=3 task=110 planned=vm1 BUSY -> advanced to vm=6
[t=   3138.5008][TASK-COMPLETE         ] task=2128 wf=73 vm=940(on-demand) actualCPU=146.0152s cost=$0.132144
[t=   3139.1288][TASK-COMPLETE         ] task=1918 wf=66 vm=9(reserved) actualCPU=215.2360s
[t=   3139.1288][DISPATCH              ] wf=66 task=1919 planned=vm7 BUSY -> advanced to vm=9
[t=   3139.3688][TASK-COMPLETE         ] task=2155 wf=74 vm=901(on-demand) actualCPU=240.8480s cost=$0.217967
[t=   3139.5638][TASK-COMPLETE         ] task=2127 wf=73 vm=939(on-demand) actualCPU=147.0782s cost=$0.133106
[t=   3141.2510][NEGOTIATE             ] wf=76 tasks=23 arrivalTime=3141.2510 deadline=3703.1582 cp=468.2550 BETA*cp=515.0805 slack=561.9072 -> ACCEPTED
[t=   3141.2510][DISPATCH              ] wf=76 task=2200 planned=vm14 BUSY -> advanced to vm=31
[t=   3141.8508][TASK-COMPLETE         ] task=2118 wf=73 vm=930(on-demand) actualCPU=149.3652s cost=$0.135175
[t=   3145.5578][TASK-COMPLETE         ] task=2165 wf=74 vm=909(on-demand) actualCPU=247.0370s cost=$0.223568
[t=   3146.4938][TASK-COMPLETE         ] task=280 wf=9 vm=13(reserved) actualCPU=56.0090s
[t=   3146.4938][DISPATCH              ] wf=9 task=281 planned=vm6 BUSY -> advanced to vm=13
[t=   3152.5228][TASK-COMPLETE         ] task=2088 wf=71 vm=886(on-demand) actualCPU=276.9480s cost=$0.250638
[t=   3158.5418][TASK-COMPLETE         ] task=195 wf=6 vm=4(reserved) actualCPU=196.6500s
[t=   3158.5418][DISPATCH              ] wf=6 task=196 planned=vm2 BUSY -> advanced to vm=4
[t=   3163.5978][TASK-COMPLETE         ] task=796 wf=27 vm=5(reserved) actualCPU=279.8825s
[t=   3163.5978][DISPATCH              ] wf=27 task=797 planned=vm16 BUSY -> advanced to vm=5
[t=   3164.7538][TASK-COMPLETE         ] task=2063 wf=71 vm=30(reserved) actualCPU=59.5660s
[t=   3165.1368][TASK-COMPLETE         ] task=367 wf=12 vm=1(reserved) actualCPU=56.0090s
[t=   3165.1368][DISPATCH              ] wf=12 task=368 planned=vm9 BUSY -> advanced to vm=1
[t=   3166.3288][TASK-COMPLETE         ] task=539 wf=18 vm=10(reserved) actualCPU=82.6909s
[t=   3166.3288][DISPATCH              ] wf=18 task=540 planned=vm12 BUSY -> advanced to vm=10
[t=   3169.0718][TASK-COMPLETE         ] task=2079 wf=71 vm=877(on-demand) actualCPU=293.4970s cost=$0.265615
[t=   3169.3548][TASK-COMPLETE         ] task=2086 wf=71 vm=884(on-demand) actualCPU=293.7800s cost=$0.265871
[t=   3174.1598][TASK-COMPLETE         ] task=110 wf=3 vm=6(reserved) actualCPU=36.2920s
[t=   3174.1598][DISPATCH              ] wf=3 task=111 planned=vm3 BUSY -> advanced to vm=6
[t=   3175.2608][TASK-COMPLETE         ] task=2067 wf=71 vm=867(on-demand) actualCPU=299.6860s cost=$0.271216
[t=   3175.2608][DISPATCH              ] wf=71 task=2077 planned=vm3 BUSY -> advanced to vm=30
[t=   3175.4698][TASK-COMPLETE         ] task=2175 wf=74 vm=919(on-demand) actualCPU=276.9490s cost=$0.250639
[t=   3175.6128][TASK-COMPLETE         ] task=1919 wf=66 vm=9(reserved) actualCPU=36.4840s
[t=   3175.6128][DISPATCH              ] wf=66 task=1920 planned=vm30 BUSY -> advanced to vm=9
[t=   3180.8988][TASK-COMPLETE         ] task=624 wf=21 vm=15(reserved) actualCPU=53.6580s
[t=   3180.8988][DISPATCH              ] wf=21 task=625 planned=vm14 BUSY -> advanced to vm=15
[t=   3182.4428][TASK-COMPLETE         ] task=2035 wf=70 vm=43(reserved) actualCPU=194.6252s
[t=   3185.0095][NEGOTIATE             ] wf=77 tasks=40 arrivalTime=3185.0095 deadline=3747.9655 cp=469.1290 BETA*cp=516.0419 slack=562.9560 -> ACCEPTED
[t=   3185.0095][DISPATCH              ] wf=77 task=2223 -> vm=47 (planned reserved, was idle)
[t=   3185.0095][DISPATCH              ] wf=77 task=2224 planned=vm30 BUSY -> advanced to vm=34
[t=   3185.0095][DISPATCH              ] wf=77 task=2225 planned=vm21 BUSY -> advanced to vm=35
[t=   3185.0095][DISPATCH              ] wf=77 task=2226 planned=vm2 BUSY -> advanced to vm=36
[t=   3185.0095][DISPATCH              ] wf=77 task=2227 planned=vm12 BUSY -> advanced to vm=37
[t=   3185.0095][DISPATCH              ] wf=77 task=2228 planned=vm16 BUSY -> advanced to vm=38
[t=   3185.0095][DISPATCH              ] wf=77 task=2229 planned=vm0 BUSY -> advanced to vm=39
[t=   3185.0095][DISPATCH              ] wf=77 task=2230 planned=vm28 BUSY -> advanced to vm=40
[t=   3185.0095][DISPATCH              ] wf=77 task=2231 planned=vm4 BUSY -> advanced to vm=43
[t=   3185.0095][DISPATCH              ] wf=77 task=2232 planned=vm16 BUSY -> advanced to vm=44
[t=   3185.0095][DISPATCH              ] wf=77 task=2233 planned=vm38 BUSY -> advanced to vm=45
[t=   3185.0095][DISPATCH              ] wf=77 task=2234 planned=vm6 BUSY -> advanced to vm=48
[t=   3185.0095][DISPATCH              ] wf=77 task=2235 planned=vm19 no-idle-reserved -> on-demand vm=266
[t=   3185.0095][DISPATCH              ] wf=77 task=2236 planned=vm31 no-idle-reserved -> on-demand vm=403
[t=   3185.0095][DISPATCH              ] wf=77 task=2239 planned=vm18 no-idle-reserved -> on-demand vm=947
[t=   3185.0095][DISPATCH              ] wf=77 task=2240 planned=vm17 no-idle-reserved -> on-demand vm=948
[t=   3185.0095][DISPATCH              ] wf=77 task=2241 planned=vm33 no-idle-reserved -> on-demand vm=949
[t=   3185.0095][DISPATCH              ] wf=77 task=2242 planned=vm1 no-idle-reserved -> on-demand vm=950
[t=   3185.0095][DISPATCH              ] wf=77 task=2243 planned=vm22 no-idle-reserved -> on-demand vm=951
[t=   3185.0095][DISPATCH              ] wf=77 task=2244 planned=vm10 no-idle-reserved -> on-demand vm=952
[t=   3185.0095][DISPATCH              ] wf=77 task=2245 planned=vm24 no-idle-reserved -> on-demand vm=953
[t=   3185.0095][DISPATCH              ] wf=77 task=2246 planned=vm23 no-idle-reserved -> on-demand vm=954
[t=   3185.0095][DISPATCH              ] wf=77 task=2247 planned=vm35 no-idle-reserved -> on-demand vm=955
[t=   3185.0095][DISPATCH              ] wf=77 task=2248 planned=vm25 no-idle-reserved -> on-demand vm=956
[t=   3185.0095][DISPATCH              ] wf=77 task=2249 planned=vm1 no-idle-reserved -> on-demand vm=957
[t=   3185.0095][DISPATCH              ] wf=77 task=2252 planned=vm36 no-idle-reserved -> on-demand vm=958
[t=   3185.0095][DISPATCH              ] wf=77 task=2253 planned=vm11 no-idle-reserved -> on-demand vm=959
[t=   3185.0095][DISPATCH              ] wf=77 task=2254 planned=vm26 no-idle-reserved -> on-demand vm=960
[t=   3185.0095][DISPATCH              ] wf=77 task=2255 planned=vm8 no-idle-reserved -> on-demand vm=961
[t=   3185.0095][DISPATCH              ] wf=77 task=2256 planned=vm6 no-idle-reserved -> on-demand vm=962
[t=   3185.0095][DISPATCH              ] wf=77 task=2257 planned=vm13 no-idle-reserved -> on-demand vm=963
[t=   3185.0095][DISPATCH              ] wf=77 task=2258 planned=vm1 no-idle-reserved -> on-demand vm=964
[t=   3185.0095][DISPATCH              ] wf=77 task=2259 planned=vm7 no-idle-reserved -> on-demand vm=965
[t=   3185.0095][DISPATCH              ] wf=77 task=2260 planned=vm15 no-idle-reserved -> on-demand vm=966
[t=   3185.0095][DISPATCH              ] wf=77 task=2261 planned=vm5 no-idle-reserved -> on-demand vm=967
[t=   3185.0095][DISPATCH              ] wf=77 task=2262 planned=vm41 no-idle-reserved -> on-demand vm=968
[t=   3185.1095][DISPATCH              ] wf=77 task=2239 planned=vm18 no-idle-reserved -> on-demand vm=947
[t=   3185.1095][DISPATCH              ] wf=77 task=2240 planned=vm17 no-idle-reserved -> on-demand vm=948
[t=   3185.1095][DISPATCH              ] wf=77 task=2241 planned=vm33 no-idle-reserved -> on-demand vm=949
[t=   3185.1095][DISPATCH              ] wf=77 task=2242 planned=vm1 no-idle-reserved -> on-demand vm=950
[t=   3185.1095][DISPATCH              ] wf=77 task=2243 planned=vm22 no-idle-reserved -> on-demand vm=951
[t=   3185.1095][DISPATCH              ] wf=77 task=2244 planned=vm10 no-idle-reserved -> on-demand vm=952
[t=   3185.1095][DISPATCH              ] wf=77 task=2245 planned=vm24 no-idle-reserved -> on-demand vm=953
[t=   3185.1095][DISPATCH              ] wf=77 task=2246 planned=vm23 no-idle-reserved -> on-demand vm=954
[t=   3185.1095][DISPATCH              ] wf=77 task=2247 planned=vm35 no-idle-reserved -> on-demand vm=955
[t=   3185.1095][DISPATCH              ] wf=77 task=2248 planned=vm25 no-idle-reserved -> on-demand vm=956
[t=   3185.1095][DISPATCH              ] wf=77 task=2249 planned=vm1 no-idle-reserved -> on-demand vm=957
[t=   3185.1095][DISPATCH              ] wf=77 task=2252 planned=vm36 no-idle-reserved -> on-demand vm=958
[t=   3185.1095][DISPATCH              ] wf=77 task=2253 planned=vm11 no-idle-reserved -> on-demand vm=959
[t=   3185.1095][DISPATCH              ] wf=77 task=2254 planned=vm26 no-idle-reserved -> on-demand vm=960
[t=   3185.1095][DISPATCH              ] wf=77 task=2255 planned=vm8 no-idle-reserved -> on-demand vm=961
[t=   3185.1095][DISPATCH              ] wf=77 task=2256 planned=vm6 no-idle-reserved -> on-demand vm=962
[t=   3185.1095][DISPATCH              ] wf=77 task=2257 planned=vm13 no-idle-reserved -> on-demand vm=963
[t=   3185.1095][DISPATCH              ] wf=77 task=2258 planned=vm1 no-idle-reserved -> on-demand vm=964
[t=   3185.1095][DISPATCH              ] wf=77 task=2259 planned=vm7 no-idle-reserved -> on-demand vm=965
[t=   3185.1095][DISPATCH              ] wf=77 task=2260 planned=vm15 no-idle-reserved -> on-demand vm=966
[t=   3185.1095][DISPATCH              ] wf=77 task=2261 planned=vm5 no-idle-reserved -> on-demand vm=967
[t=   3185.1095][DISPATCH              ] wf=77 task=2262 planned=vm41 no-idle-reserved -> on-demand vm=968
[t=   3187.1108][TASK-COMPLETE         ] task=2122 wf=73 vm=934(on-demand) actualCPU=194.6252s cost=$0.176136
[t=   3187.8008][TASK-COMPLETE         ] task=2150 wf=74 vm=23(reserved) actualCPU=59.5660s
[t=   3191.7848][TASK-COMPLETE         ] task=1143 wf=39 vm=18(reserved) actualCPU=137.5409s
[t=   3191.7848][DISPATCH              ] wf=39 task=1144 planned=vm22 BUSY -> advanced to vm=18
[t=   3191.8238][TASK-COMPLETE         ] task=196 wf=6 vm=4(reserved) actualCPU=33.2820s
[t=   3191.8238][DISPATCH              ] wf=6 task=197 planned=vm0 BUSY -> advanced to vm=4
[t=   3192.0188][TASK-COMPLETE         ] task=2166 wf=74 vm=910(on-demand) actualCPU=293.4980s cost=$0.265616
[t=   3192.3018][TASK-COMPLETE         ] task=2173 wf=74 vm=917(on-demand) actualCPU=293.7810s cost=$0.265872
[t=   3193.9088][TASK-COMPLETE         ] task=2004 wf=69 vm=17(reserved) actualCPU=283.2010s
[t=   3193.9088][DISPATCH              ] wf=69 task=2005 planned=vm31 BUSY -> advanced to vm=17
[t=   3195.6508][TASK-COMPLETE         ] task=1228 wf=42 vm=24(reserved) actualCPU=299.4705s
[t=   3195.6508][DISPATCH              ] wf=42 task=1229 planned=vm7 BUSY -> advanced to vm=23
[t=   3197.3718][TASK-COMPLETE         ] task=2225 wf=77 vm=35(reserved) actualCPU=12.3624s
[t=   3197.7818][TASK-COMPLETE         ] task=2064 wf=71 vm=32(reserved) actualCPU=92.5940s
[t=   3197.7818][DISPATCH              ] wf=71 task=2076 planned=vm34 BUSY -> advanced to vm=24
[t=   3198.2078][TASK-COMPLETE         ] task=2154 wf=74 vm=900(on-demand) actualCPU=299.6870s cost=$0.271217
[t=   3198.2078][DISPATCH              ] wf=74 task=2164 planned=vm5 BUSY -> advanced to vm=32
[t=   3204.7038][TASK-COMPLETE         ] task=2030 wf=70 vm=26(reserved) actualCPU=216.8862s
[t=   3205.8878][NEGOTIATE             ] wf=78 tasks=24 arrivalTime=3205.8878 deadline=7182.2282 cp=3313.6040 BETA*cp=3644.9644 slack=3976.3404 -> ACCEPTED
[t=   3205.8878][DISPATCH              ] wf=78 task=2263 planned=vm6 BUSY -> advanced to vm=26
[t=   3209.3718][TASK-COMPLETE         ] task=2117 wf=73 vm=929(on-demand) actualCPU=216.8862s cost=$0.196282
[t=   3210.6588][TASK-COMPLETE         ] task=2091 wf=72 vm=19(reserved) actualCPU=283.2010s
[t=   3210.6588][DISPATCH              ] wf=72 task=2092 planned=vm32 BUSY -> advanced to vm=19
[t=   3214.7401][NEGOTIATE             ] wf=79 tasks=23 arrivalTime=3214.7401 deadline=3776.6473 cp=468.2550 BETA*cp=515.0805 slack=561.9072 -> ACCEPTED
[t=   3214.7401][DISPATCH              ] wf=79 task=2287 planned=vm37 BUSY -> advanced to vm=35
[t=   3215.3808][TASK-COMPLETE         ] task=2228 wf=77 vm=38(reserved) actualCPU=30.3714s
[t=   3220.8288][TASK-COMPLETE         ] task=2151 wf=74 vm=46(reserved) actualCPU=92.5940s
[t=   3220.8288][DISPATCH              ] wf=74 task=2163 planned=vm39 BUSY -> advanced to vm=46
[t=   3221.9888][TASK-COMPLETE         ] task=2244 wf=77 vm=952(on-demand) actualCPU=36.8794s cost=$0.033376
[t=   3222.0558][TASK-COMPLETE         ] task=1747 wf=60 vm=28(reserved) actualCPU=120.6760s
[t=   3222.0558][DISPATCH              ] wf=60 task=1748 planned=vm23 BUSY -> advanced to vm=28
[t=   3222.9188][TASK-COMPLETE         ] task=1833 wf=63 vm=21(reserved) actualCPU=140.8639s
[t=   3222.9188][DISPATCH              ] wf=63 task=1834 planned=vm27 BUSY -> advanced to vm=21
[t=   3224.7658][TASK-COMPLETE         ] task=2077 wf=71 vm=30(reserved) actualCPU=49.5050s
[t=   3225.7078][TASK-COMPLETE         ] task=1989 wf=68 vm=22(reserved) actualCPU=146.8209s
[t=   3225.7078][WF-COMPLETE           ] wf=68 completionTime=3225.7078 deadline=3319.4357 margin=93.7278 -> MET
[t=   3225.8355][NEGOTIATE             ] wf=80 tasks=40 arrivalTime=3225.8355 deadline=3788.7915 cp=469.1290 BETA*cp=516.0419 slack=562.9560 -> ACCEPTED
[t=   3225.8355][DISPATCH              ] wf=80 task=2310 planned=vm32 BUSY -> advanced to vm=22
[t=   3225.8355][DISPATCH              ] wf=80 task=2311 planned=vm4 BUSY -> advanced to vm=30
[t=   3225.8355][DISPATCH              ] wf=80 task=2312 planned=vm20 BUSY -> advanced to vm=38
[t=   3225.8355][DISPATCH              ] wf=80 task=2313 planned=vm4 no-idle-reserved -> on-demand vm=969
[t=   3225.8355][DISPATCH              ] wf=80 task=2314 planned=vm4 no-idle-reserved -> on-demand vm=970
[t=   3225.8355][DISPATCH              ] wf=80 task=2315 planned=vm17 no-idle-reserved -> on-demand vm=971
[t=   3225.8355][DISPATCH              ] wf=80 task=2316 planned=vm30 no-idle-reserved -> on-demand vm=972
[t=   3225.8355][DISPATCH              ] wf=80 task=2317 planned=vm29 no-idle-reserved -> on-demand vm=973
[t=   3225.8355][DISPATCH              ] wf=80 task=2318 planned=vm21 no-idle-reserved -> on-demand vm=974
[t=   3225.8355][DISPATCH              ] wf=80 task=2319 planned=vm47 no-idle-reserved -> on-demand vm=975
[t=   3225.8355][DISPATCH              ] wf=80 task=2320 planned=vm22 no-idle-reserved -> on-demand vm=976
[t=   3225.8355][DISPATCH              ] wf=80 task=2321 planned=vm16 no-idle-reserved -> on-demand vm=977
[t=   3225.8355][DISPATCH              ] wf=80 task=2322 planned=vm41 no-idle-reserved -> on-demand vm=978
[t=   3225.8355][DISPATCH              ] wf=80 task=2323 planned=vm45 no-idle-reserved -> on-demand vm=979
[t=   3225.8355][DISPATCH              ] wf=80 task=2326 planned=vm4 no-idle-reserved -> on-demand vm=980
[t=   3225.8355][DISPATCH              ] wf=80 task=2327 planned=vm36 no-idle-reserved -> on-demand vm=981
[t=   3225.8355][DISPATCH              ] wf=80 task=2328 planned=vm4 no-idle-reserved -> on-demand vm=982
[t=   3225.8355][DISPATCH              ] wf=80 task=2329 planned=vm4 no-idle-reserved -> on-demand vm=983
[t=   3225.8355][DISPATCH              ] wf=80 task=2330 planned=vm4 no-idle-reserved -> on-demand vm=984
[t=   3225.8355][DISPATCH              ] wf=80 task=2331 planned=vm5 no-idle-reserved -> on-demand vm=985
[t=   3225.8355][DISPATCH              ] wf=80 task=2332 planned=vm4 no-idle-reserved -> on-demand vm=986
[t=   3225.8355][DISPATCH              ] wf=80 task=2333 planned=vm4 no-idle-reserved -> on-demand vm=987
[t=   3225.8355][DISPATCH              ] wf=80 task=2334 planned=vm44 no-idle-reserved -> on-demand vm=988
[t=   3225.8355][DISPATCH              ] wf=80 task=2335 planned=vm49 no-idle-reserved -> on-demand vm=989
[t=   3225.8355][DISPATCH              ] wf=80 task=2336 planned=vm44 no-idle-reserved -> on-demand vm=990
[t=   3225.8355][DISPATCH              ] wf=80 task=2339 planned=vm46 no-idle-reserved -> on-demand vm=991
[t=   3225.8355][DISPATCH              ] wf=80 task=2340 planned=vm10 no-idle-reserved -> on-demand vm=992
[t=   3225.8355][DISPATCH              ] wf=80 task=2341 planned=vm43 no-idle-reserved -> on-demand vm=993
[t=   3225.8355][DISPATCH              ] wf=80 task=2342 planned=vm20 no-idle-reserved -> on-demand vm=994
[t=   3225.8355][DISPATCH              ] wf=80 task=2343 planned=vm10 no-idle-reserved -> on-demand vm=995
[t=   3225.8355][DISPATCH              ] wf=80 task=2344 planned=vm42 no-idle-reserved -> on-demand vm=996
[t=   3225.8355][DISPATCH              ] wf=80 task=2345 planned=vm13 no-idle-reserved -> on-demand vm=997
[t=   3225.8355][DISPATCH              ] wf=80 task=2346 planned=vm17 no-idle-reserved -> on-demand vm=998
[t=   3225.8355][DISPATCH              ] wf=80 task=2347 planned=vm46 no-idle-reserved -> on-demand vm=999
[t=   3225.8355][DISPATCH              ] wf=80 task=2348 planned=vm9 no-idle-reserved -> on-demand vm=1000
[t=   3225.8355][DISPATCH              ] wf=80 task=2349 planned=vm48 no-idle-reserved -> on-demand vm=1001
[t=   3225.9355][DISPATCH              ] wf=80 task=2313 planned=vm4 no-idle-reserved -> on-demand vm=969
[t=   3225.9355][DISPATCH              ] wf=80 task=2314 planned=vm4 no-idle-reserved -> on-demand vm=970
[t=   3225.9355][DISPATCH              ] wf=80 task=2315 planned=vm17 no-idle-reserved -> on-demand vm=971
[t=   3225.9355][DISPATCH              ] wf=80 task=2316 planned=vm30 no-idle-reserved -> on-demand vm=972
[t=   3225.9355][DISPATCH              ] wf=80 task=2317 planned=vm29 no-idle-reserved -> on-demand vm=973
[t=   3225.9355][DISPATCH              ] wf=80 task=2318 planned=vm21 no-idle-reserved -> on-demand vm=974
[t=   3225.9355][DISPATCH              ] wf=80 task=2319 planned=vm47 no-idle-reserved -> on-demand vm=975
[t=   3225.9355][DISPATCH              ] wf=80 task=2320 planned=vm22 no-idle-reserved -> on-demand vm=976
[t=   3225.9355][DISPATCH              ] wf=80 task=2321 planned=vm16 no-idle-reserved -> on-demand vm=977
[t=   3225.9355][DISPATCH              ] wf=80 task=2322 planned=vm41 no-idle-reserved -> on-demand vm=978
[t=   3225.9355][DISPATCH              ] wf=80 task=2323 planned=vm45 no-idle-reserved -> on-demand vm=979
[t=   3225.9355][DISPATCH              ] wf=80 task=2326 planned=vm4 no-idle-reserved -> on-demand vm=980
[t=   3225.9355][DISPATCH              ] wf=80 task=2327 planned=vm36 no-idle-reserved -> on-demand vm=981
[t=   3225.9355][DISPATCH              ] wf=80 task=2328 planned=vm4 no-idle-reserved -> on-demand vm=982
[t=   3225.9355][DISPATCH              ] wf=80 task=2329 planned=vm4 no-idle-reserved -> on-demand vm=983
[t=   3225.9355][DISPATCH              ] wf=80 task=2330 planned=vm4 no-idle-reserved -> on-demand vm=984
[t=   3225.9355][DISPATCH              ] wf=80 task=2331 planned=vm5 no-idle-reserved -> on-demand vm=985
[t=   3225.9355][DISPATCH              ] wf=80 task=2332 planned=vm4 no-idle-reserved -> on-demand vm=986
[t=   3225.9355][DISPATCH              ] wf=80 task=2333 planned=vm4 no-idle-reserved -> on-demand vm=987
[t=   3225.9355][DISPATCH              ] wf=80 task=2334 planned=vm44 no-idle-reserved -> on-demand vm=988
[t=   3225.9355][DISPATCH              ] wf=80 task=2335 planned=vm49 no-idle-reserved -> on-demand vm=989
[t=   3225.9355][DISPATCH              ] wf=80 task=2336 planned=vm44 no-idle-reserved -> on-demand vm=990
[t=   3225.9355][DISPATCH              ] wf=80 task=2339 planned=vm46 no-idle-reserved -> on-demand vm=991
[t=   3225.9355][DISPATCH              ] wf=80 task=2340 planned=vm10 no-idle-reserved -> on-demand vm=992
[t=   3225.9355][DISPATCH              ] wf=80 task=2341 planned=vm43 no-idle-reserved -> on-demand vm=993
[t=   3225.9355][DISPATCH              ] wf=80 task=2342 planned=vm20 no-idle-reserved -> on-demand vm=994
[t=   3225.9355][DISPATCH              ] wf=80 task=2343 planned=vm10 no-idle-reserved -> on-demand vm=995
[t=   3225.9355][DISPATCH              ] wf=80 task=2344 planned=vm42 no-idle-reserved -> on-demand vm=996
[t=   3225.9355][DISPATCH              ] wf=80 task=2345 planned=vm13 no-idle-reserved -> on-demand vm=997
[t=   3225.9355][DISPATCH              ] wf=80 task=2346 planned=vm17 no-idle-reserved -> on-demand vm=998
[t=   3225.9355][DISPATCH              ] wf=80 task=2347 planned=vm46 no-idle-reserved -> on-demand vm=999
[t=   3225.9355][DISPATCH              ] wf=80 task=2348 planned=vm9 no-idle-reserved -> on-demand vm=1000
[t=   3225.9355][DISPATCH              ] wf=80 task=2349 planned=vm48 no-idle-reserved -> on-demand vm=1001
[t=   3228.1155][TASK-COMPLETE         ] task=197 wf=6 vm=4(reserved) actualCPU=36.2916s
[t=   3228.1155][DISPATCH              ] wf=6 task=198 -> vm=4 (planned reserved, was idle)
[t=   3228.3315][TASK-COMPLETE         ] task=2234 wf=77 vm=48(reserved) actualCPU=43.3220s
[t=   3231.7395][TASK-COMPLETE         ] task=2263 wf=78 vm=26(reserved) actualCPU=25.8516s
[t=   3231.7395][DISPATCH              ] wf=78 task=2264 planned=vm28 BUSY -> advanced to vm=26
[t=   3233.7085][TASK-COMPLETE         ] task=453 wf=15 vm=7(reserved) actualCPU=115.8956s
[t=   3233.7085][DISPATCH              ] wf=15 task=454 planned=vm3 BUSY -> advanced to vm=7
[t=   3234.9785][TASK-COMPLETE         ] task=2027 wf=70 vm=16(reserved) actualCPU=247.1608s
[t=   3235.7595][TASK-COMPLETE         ] task=2034 wf=70 vm=42(reserved) actualCPU=247.9418s
[t=   3236.0035][TASK-COMPLETE         ] task=281 wf=9 vm=13(reserved) actualCPU=89.5096s
[t=   3236.0035][DISPATCH              ] wf=9 task=282 planned=vm5 BUSY -> advanced to vm=13
[t=   3237.5625][TASK-COMPLETE         ] task=2235 wf=77 vm=266(on-demand) actualCPU=52.5530s cost=$0.047560
[t=   3237.8405][TASK-COMPLETE         ] task=2042 wf=70 vm=921(on-demand) actualCPU=249.9228s cost=$0.226180
[t=   3238.1985][TASK-COMPLETE         ] task=2312 wf=80 vm=38(reserved) actualCPU=12.3630s
[t=   3239.5465][TASK-COMPLETE         ] task=2114 wf=73 vm=49(reserved) actualCPU=247.1608s
[t=   3239.6165][TASK-COMPLETE         ] task=2231 wf=77 vm=43(reserved) actualCPU=54.6070s
[t=   3239.7385][TASK-COMPLETE         ] task=2044 wf=70 vm=923(on-demand) actualCPU=251.8208s cost=$0.227898
[t=   3240.2375][TASK-COMPLETE         ] task=1575 wf=54 vm=14(reserved) actualCPU=231.0055s
[t=   3240.2375][DISPATCH              ] wf=54 task=1576 planned=vm21 BUSY -> advanced to vm=14
[t=   3240.4275][TASK-COMPLETE         ] task=2121 wf=73 vm=933(on-demand) actualCPU=247.9418s cost=$0.224387
[t=   3242.4085][TASK-COMPLETE         ] task=2129 wf=73 vm=941(on-demand) actualCPU=249.9228s cost=$0.226180
[t=   3244.3065][TASK-COMPLETE         ] task=2131 wf=73 vm=943(on-demand) actualCPU=251.8208s cost=$0.227898
[t=   3247.5685][TASK-COMPLETE         ] task=2261 wf=77 vm=967(on-demand) actualCPU=62.4590s cost=$0.056525
[t=   3247.7125][TASK-COMPLETE         ] task=2164 wf=74 vm=32(reserved) actualCPU=49.5046s
[t=   3249.7175][TASK-COMPLETE         ] task=1229 wf=42 vm=23(reserved) actualCPU=54.0666s
[t=   3249.7175][DISPATCH              ] wf=42 task=1230 planned=vm19 BUSY -> advanced to vm=42
[t=   3254.6465][TASK-COMPLETE         ] task=368 wf=12 vm=1(reserved) actualCPU=89.5096s
[t=   3254.6465][DISPATCH              ] wf=12 task=369 planned=vm8 BUSY -> advanced to vm=1
[t=   3255.0465][TASK-COMPLETE         ] task=2200 wf=76 vm=31(reserved) actualCPU=113.7955s
[t=   3255.0465][DISPATCH              ] wf=76 task=2201 planned=vm19 BUSY -> advanced to vm=16
[t=   3255.0465][DISPATCH              ] wf=76 task=2202 planned=vm7 BUSY -> advanced to vm=23
[t=   3255.0465][DISPATCH              ] wf=76 task=2203 planned=vm29 BUSY -> advanced to vm=31
[t=   3255.0465][DISPATCH              ] wf=76 task=2204 planned=vm12 BUSY -> advanced to vm=32
[t=   3255.0465][DISPATCH              ] wf=76 task=2205 planned=vm17 BUSY -> advanced to vm=38
[t=   3255.0465][DISPATCH              ] wf=76 task=2206 planned=vm5 BUSY -> advanced to vm=43
[t=   3255.0465][DISPATCH              ] wf=76 task=2207 planned=vm7 BUSY -> advanced to vm=48
[t=   3255.0465][DISPATCH              ] wf=76 task=2208 planned=vm20 BUSY -> advanced to vm=49
[t=   3255.0465][DISPATCH              ] wf=76 task=2209 planned=vm18 no-idle-reserved -> on-demand vm=266
[t=   3255.0465][DISPATCH              ] wf=76 task=2210 planned=vm3 no-idle-reserved -> on-demand vm=1002
[t=   3255.0465][DISPATCH              ] wf=76 task=2211 planned=vm0 no-idle-reserved -> on-demand vm=1003
[t=   3255.0465][DISPATCH              ] wf=76 task=2212 planned=vm2 no-idle-reserved -> on-demand vm=1004
[t=   3255.0465][DISPATCH              ] wf=76 task=2213 planned=vm8 no-idle-reserved -> on-demand vm=1005
[t=   3255.0465][DISPATCH              ] wf=76 task=2214 planned=vm15 no-idle-reserved -> on-demand vm=1006
[t=   3255.0465][DISPATCH              ] wf=76 task=2215 planned=vm11 no-idle-reserved -> on-demand vm=1007
[t=   3255.0465][DISPATCH              ] wf=76 task=2216 planned=vm21 no-idle-reserved -> on-demand vm=1008
[t=   3255.0465][DISPATCH              ] wf=76 task=2217 planned=vm3 no-idle-reserved -> on-demand vm=1009
[t=   3255.0465][DISPATCH              ] wf=76 task=2218 planned=vm27 no-idle-reserved -> on-demand vm=1010
[t=   3255.0465][DISPATCH              ] wf=76 task=2219 planned=vm10 no-idle-reserved -> on-demand vm=1011
[t=   3255.0465][DISPATCH              ] wf=76 task=2220 planned=vm4 no-idle-reserved -> on-demand vm=1012
[t=   3255.0465][DISPATCH              ] wf=76 task=2221 planned=vm2 no-idle-reserved -> on-demand vm=1013
[t=   3255.1465][DISPATCH              ] wf=76 task=2210 planned=vm3 no-idle-reserved -> on-demand vm=1002
[t=   3255.1465][DISPATCH              ] wf=76 task=2211 planned=vm0 no-idle-reserved -> on-demand vm=1003
[t=   3255.1465][DISPATCH              ] wf=76 task=2212 planned=vm2 no-idle-reserved -> on-demand vm=1004
[t=   3255.1465][DISPATCH              ] wf=76 task=2213 planned=vm8 no-idle-reserved -> on-demand vm=1005
[t=   3255.1465][DISPATCH              ] wf=76 task=2214 planned=vm15 no-idle-reserved -> on-demand vm=1006
[t=   3255.1465][DISPATCH              ] wf=76 task=2215 planned=vm11 no-idle-reserved -> on-demand vm=1007
[t=   3255.1465][DISPATCH              ] wf=76 task=2216 planned=vm21 no-idle-reserved -> on-demand vm=1008
[t=   3255.1465][DISPATCH              ] wf=76 task=2217 planned=vm3 no-idle-reserved -> on-demand vm=1009
[t=   3255.1465][DISPATCH              ] wf=76 task=2218 planned=vm27 no-idle-reserved -> on-demand vm=1010
[t=   3255.1465][DISPATCH              ] wf=76 task=2219 planned=vm10 no-idle-reserved -> on-demand vm=1011
[t=   3255.1465][DISPATCH              ] wf=76 task=2220 planned=vm4 no-idle-reserved -> on-demand vm=1012
[t=   3255.1465][DISPATCH              ] wf=76 task=2221 planned=vm2 no-idle-reserved -> on-demand vm=1013
[t=   3255.6415][TASK-COMPLETE         ] task=2264 wf=78 vm=26(reserved) actualCPU=23.9020s
[t=   3255.6415][DISPATCH              ] wf=78 task=2265 planned=vm34 BUSY -> advanced to vm=26
[t=   3256.3075][TASK-COMPLETE         ] task=2315 wf=80 vm=971(on-demand) actualCPU=30.3720s cost=$0.027487
[t=   3259.0125][TASK-COMPLETE         ] task=710 wf=24 vm=12(reserved) actualCPU=241.5025s
[t=   3259.0125][DISPATCH              ] wf=24 task=711 planned=vm0 BUSY -> advanced to vm=12
[t=   3262.8155][TASK-COMPLETE         ] task=2331 wf=80 vm=985(on-demand) actualCPU=36.8800s cost=$0.033376
[t=   3264.1215][TASK-COMPLETE         ] task=1661 wf=57 vm=29(reserved) actualCPU=210.2225s
[t=   3264.1215][DISPATCH              ] wf=57 task=1662 planned=vm20 BUSY -> advanced to vm=29
[t=   3266.7515][TASK-COMPLETE         ] task=1315 wf=45 vm=11(reserved) actualCPU=299.4706s
[t=   3266.7515][DISPATCH              ] wf=45 task=1316 planned=vm15 BUSY -> advanced to vm=11
[t=   3268.0005][TASK-COMPLETE         ] task=2232 wf=77 vm=44(reserved) actualCPU=82.9910s
[t=   3269.2575][TASK-COMPLETE         ] task=2321 wf=80 vm=977(on-demand) actualCPU=43.3220s cost=$0.039206
[t=   3272.1445][TASK-COMPLETE         ] task=2249 wf=77 vm=957(on-demand) actualCPU=87.0350s cost=$0.078767
[t=   3273.2765][TASK-COMPLETE         ] task=2033 wf=70 vm=41(reserved) actualCPU=285.4588s
[t=   3277.4485][TASK-COMPLETE         ] task=2256 wf=77 vm=962(on-demand) actualCPU=92.3390s cost=$0.083567
[t=   3277.9445][TASK-COMPLETE         ] task=2120 wf=73 vm=932(on-demand) actualCPU=285.4588s cost=$0.258340
[t=   3278.4885][TASK-COMPLETE         ] task=2322 wf=80 vm=978(on-demand) actualCPU=52.5530s cost=$0.047560
[t=   3279.3165][TASK-COMPLETE         ] task=2230 wf=77 vm=40(reserved) actualCPU=94.3070s
[t=   3279.5635][TASK-COMPLETE         ] task=2236 wf=77 vm=403(on-demand) actualCPU=94.5540s cost=$0.085571
[t=   3280.2875][TASK-COMPLETE         ] task=2029 wf=70 vm=25(reserved) actualCPU=292.4698s
[t=   3280.2875][DISPATCH              ] wf=70 task=2048 planned=vm1 BUSY -> advanced to vm=25
[t=   3280.5425][TASK-COMPLETE         ] task=2318 wf=80 vm=974(on-demand) actualCPU=54.6070s cost=$0.049419
[t=   3282.2245][TASK-COMPLETE         ] task=540 wf=18 vm=10(reserved) actualCPU=115.8956s
[t=   3282.2245][DISPATCH              ] wf=18 task=541 planned=vm7 BUSY -> advanced to vm=10
[t=   3282.4071][NEGOTIATE             ] wf=81 tasks=24 arrivalTime=3282.4071 deadline=7258.7475 cp=3313.6040 BETA*cp=3644.9644 slack=3976.3404 -> ACCEPTED
[t=   3282.4071][DISPATCH              ] wf=81 task=2350 planned=vm21 BUSY -> advanced to vm=44
[t=   3284.0118][NEGOTIATE             ] wf=82 tasks=23 arrivalTime=3284.0118 deadline=3845.9190 cp=468.2550 BETA*cp=515.0805 slack=561.9072 -> ACCEPTED
[t=   3284.0118][DISPATCH              ] wf=82 task=2374 planned=vm25 BUSY -> advanced to vm=40
[t=   3284.3187][NEGOTIATE             ] wf=83 tasks=40 arrivalTime=3284.3187 deadline=3847.2747 cp=469.1290 BETA*cp=516.0419 slack=562.9560 -> ACCEPTED
[t=   3284.3187][DISPATCH              ] wf=83 task=2397 planned=vm40 BUSY -> advanced to vm=41
[t=   3284.3187][DISPATCH              ] wf=83 task=2398 planned=vm40 no-idle-reserved -> on-demand vm=403
[t=   3284.3187][DISPATCH              ] wf=83 task=2399 planned=vm10 no-idle-reserved -> on-demand vm=1014
[t=   3284.3187][DISPATCH              ] wf=83 task=2400 planned=vm40 no-idle-reserved -> on-demand vm=1015
[t=   3284.3187][DISPATCH              ] wf=83 task=2401 planned=vm40 no-idle-reserved -> on-demand vm=1016
[t=   3284.3187][DISPATCH              ] wf=83 task=2402 planned=vm32 no-idle-reserved -> on-demand vm=1017
[t=   3284.3187][DISPATCH              ] wf=83 task=2403 planned=vm40 no-idle-reserved -> on-demand vm=1018
[t=   3284.3187][DISPATCH              ] wf=83 task=2404 planned=vm5 no-idle-reserved -> on-demand vm=1019
[t=   3284.3187][DISPATCH              ] wf=83 task=2405 planned=vm16 no-idle-reserved -> on-demand vm=1020
[t=   3284.3187][DISPATCH              ] wf=83 task=2406 planned=vm6 no-idle-reserved -> on-demand vm=1021
[t=   3284.3187][DISPATCH              ] wf=83 task=2407 planned=vm40 no-idle-reserved -> on-demand vm=1022
[t=   3284.3187][DISPATCH              ] wf=83 task=2408 planned=vm49 no-idle-reserved -> on-demand vm=1023
[t=   3284.3187][DISPATCH              ] wf=83 task=2409 planned=vm26 no-idle-reserved -> on-demand vm=1024
[t=   3284.3187][DISPATCH              ] wf=83 task=2410 planned=vm34 no-idle-reserved -> on-demand vm=1025
[t=   3284.3187][DISPATCH              ] wf=83 task=2413 planned=vm40 no-idle-reserved -> on-demand vm=1026
[t=   3284.3187][DISPATCH              ] wf=83 task=2414 planned=vm40 no-idle-reserved -> on-demand vm=1027
[t=   3284.3187][DISPATCH              ] wf=83 task=2415 planned=vm40 no-idle-reserved -> on-demand vm=1028
[t=   3284.3187][DISPATCH              ] wf=83 task=2416 planned=vm40 no-idle-reserved -> on-demand vm=1029
[t=   3284.3187][DISPATCH              ] wf=83 task=2417 planned=vm40 no-idle-reserved -> on-demand vm=1030
[t=   3284.3187][DISPATCH              ] wf=83 task=2418 planned=vm15 no-idle-reserved -> on-demand vm=1031
[t=   3284.3187][DISPATCH              ] wf=83 task=2419 planned=vm40 no-idle-reserved -> on-demand vm=1032
[t=   3284.3187][DISPATCH              ] wf=83 task=2420 planned=vm40 no-idle-reserved -> on-demand vm=1033
[t=   3284.3187][DISPATCH              ] wf=83 task=2421 planned=vm40 no-idle-reserved -> on-demand vm=1034
[t=   3284.3187][DISPATCH              ] wf=83 task=2422 planned=vm33 no-idle-reserved -> on-demand vm=1035
[t=   3284.3187][DISPATCH              ] wf=83 task=2423 planned=vm47 no-idle-reserved -> on-demand vm=1036
[t=   3284.3187][DISPATCH              ] wf=83 task=2426 planned=vm22 no-idle-reserved -> on-demand vm=1037
[t=   3284.3187][DISPATCH              ] wf=83 task=2427 planned=vm40 no-idle-reserved -> on-demand vm=1038
[t=   3284.3187][DISPATCH              ] wf=83 task=2428 planned=vm35 no-idle-reserved -> on-demand vm=1039
[t=   3284.3187][DISPATCH              ] wf=83 task=2429 planned=vm38 no-idle-reserved -> on-demand vm=1040
[t=   3284.3187][DISPATCH              ] wf=83 task=2430 planned=vm11 no-idle-reserved -> on-demand vm=1041
[t=   3284.3187][DISPATCH              ] wf=83 task=2431 planned=vm4 no-idle-reserved -> on-demand vm=1042
[t=   3284.3187][DISPATCH              ] wf=83 task=2432 planned=vm29 no-idle-reserved -> on-demand vm=1043
[t=   3284.3187][DISPATCH              ] wf=83 task=2433 planned=vm37 no-idle-reserved -> on-demand vm=1044
[t=   3284.3187][DISPATCH              ] wf=83 task=2434 planned=vm40 no-idle-reserved -> on-demand vm=1045
[t=   3284.3187][DISPATCH              ] wf=83 task=2435 planned=vm10 no-idle-reserved -> on-demand vm=1046
[t=   3284.3187][DISPATCH              ] wf=83 task=2436 planned=vm40 no-idle-reserved -> on-demand vm=1047
[t=   3284.4187][DISPATCH              ] wf=83 task=2399 planned=vm10 no-idle-reserved -> on-demand vm=1014
[t=   3284.4187][DISPATCH              ] wf=83 task=2400 planned=vm40 no-idle-reserved -> on-demand vm=1015
[t=   3284.4187][DISPATCH              ] wf=83 task=2401 planned=vm40 no-idle-reserved -> on-demand vm=1016
[t=   3284.4187][DISPATCH              ] wf=83 task=2402 planned=vm32 no-idle-reserved -> on-demand vm=1017
[t=   3284.4187][DISPATCH              ] wf=83 task=2403 planned=vm40 no-idle-reserved -> on-demand vm=1018
[t=   3284.4187][DISPATCH              ] wf=83 task=2404 planned=vm5 no-idle-reserved -> on-demand vm=1019
[t=   3284.4187][DISPATCH              ] wf=83 task=2405 planned=vm16 no-idle-reserved -> on-demand vm=1020
[t=   3284.4187][DISPATCH              ] wf=83 task=2406 planned=vm6 no-idle-reserved -> on-demand vm=1021
[t=   3284.4187][DISPATCH              ] wf=83 task=2407 planned=vm40 no-idle-reserved -> on-demand vm=1022
[t=   3284.4187][DISPATCH              ] wf=83 task=2408 planned=vm49 no-idle-reserved -> on-demand vm=1023
[t=   3284.4187][DISPATCH              ] wf=83 task=2409 planned=vm26 no-idle-reserved -> on-demand vm=1024
[t=   3284.4187][DISPATCH              ] wf=83 task=2410 planned=vm34 no-idle-reserved -> on-demand vm=1025
[t=   3284.4187][DISPATCH              ] wf=83 task=2413 planned=vm40 no-idle-reserved -> on-demand vm=1026
[t=   3284.4187][DISPATCH              ] wf=83 task=2414 planned=vm40 no-idle-reserved -> on-demand vm=1027
[t=   3284.4187][DISPATCH              ] wf=83 task=2415 planned=vm40 no-idle-reserved -> on-demand vm=1028
[t=   3284.4187][DISPATCH              ] wf=83 task=2416 planned=vm40 no-idle-reserved -> on-demand vm=1029
[t=   3284.4187][DISPATCH              ] wf=83 task=2417 planned=vm40 no-idle-reserved -> on-demand vm=1030
[t=   3284.4187][DISPATCH              ] wf=83 task=2418 planned=vm15 no-idle-reserved -> on-demand vm=1031
[t=   3284.4187][DISPATCH              ] wf=83 task=2419 planned=vm40 no-idle-reserved -> on-demand vm=1032
[t=   3284.4187][DISPATCH              ] wf=83 task=2420 planned=vm40 no-idle-reserved -> on-demand vm=1033
[t=   3284.4187][DISPATCH              ] wf=83 task=2421 planned=vm40 no-idle-reserved -> on-demand vm=1034
[t=   3284.4187][DISPATCH              ] wf=83 task=2422 planned=vm33 no-idle-reserved -> on-demand vm=1035
[t=   3284.4187][DISPATCH              ] wf=83 task=2423 planned=vm47 no-idle-reserved -> on-demand vm=1036
[t=   3284.4187][DISPATCH              ] wf=83 task=2426 planned=vm22 no-idle-reserved -> on-demand vm=1037
[t=   3284.4187][DISPATCH              ] wf=83 task=2427 planned=vm40 no-idle-reserved -> on-demand vm=1038
[t=   3284.4187][DISPATCH              ] wf=83 task=2428 planned=vm35 no-idle-reserved -> on-demand vm=1039
[t=   3284.4187][DISPATCH              ] wf=83 task=2429 planned=vm38 no-idle-reserved -> on-demand vm=1040
[t=   3284.4187][DISPATCH              ] wf=83 task=2430 planned=vm11 no-idle-reserved -> on-demand vm=1041
[t=   3284.4187][DISPATCH              ] wf=83 task=2431 planned=vm4 no-idle-reserved -> on-demand vm=1042
[t=   3284.4187][DISPATCH              ] wf=83 task=2432 planned=vm29 no-idle-reserved -> on-demand vm=1043
[t=   3284.4187][DISPATCH              ] wf=83 task=2433 planned=vm37 no-idle-reserved -> on-demand vm=1044
[t=   3284.4187][DISPATCH              ] wf=83 task=2434 planned=vm40 no-idle-reserved -> on-demand vm=1045
[t=   3284.4187][DISPATCH              ] wf=83 task=2435 planned=vm10 no-idle-reserved -> on-demand vm=1046
[t=   3284.4187][DISPATCH              ] wf=83 task=2436 planned=vm40 no-idle-reserved -> on-demand vm=1047
[t=   3284.9548][TASK-COMPLETE         ] task=2116 wf=73 vm=928(on-demand) actualCPU=292.4692s cost=$0.264685
[t=   3284.9548][DISPATCH              ] wf=73 task=2135 planned=vm14 no-idle-reserved -> on-demand vm=1048
[t=   3285.0548][DISPATCH              ] wf=73 task=2135 planned=vm14 no-idle-reserved -> on-demand vm=1048
[t=   3285.9088][TASK-COMPLETE         ] task=883 wf=30 vm=27(reserved) actualCPU=279.8829s
[t=   3285.9088][DISPATCH              ] wf=30 task=884 planned=vm17 BUSY -> advanced to vm=27
[t=   3288.3938][TASK-COMPLETE         ] task=2348 wf=80 vm=1000(on-demand) actualCPU=62.4584s cost=$0.056525
[t=   3289.0078][TASK-COMPLETE         ] task=625 wf=21 vm=15(reserved) actualCPU=108.1090s
[t=   3289.0078][DISPATCH              ] wf=21 task=626 planned=vm9 BUSY -> advanced to vm=15
[t=   3289.7168][TASK-COMPLETE         ] task=454 wf=15 vm=7(reserved) actualCPU=56.0084s
[t=   3289.7168][DISPATCH              ] wf=15 task=455 planned=vm2 BUSY -> advanced to vm=7
[t=   3294.6088][TASK-COMPLETE         ] task=2229 wf=77 vm=39(reserved) actualCPU=109.5994s
[t=   3296.7808][TASK-COMPLETE         ] task=2399 wf=83 vm=1014(on-demand) actualCPU=12.3622s cost=$0.011188
[t=   3297.4205][NEGOTIATE             ] wf=84 tasks=24 arrivalTime=3297.4205 deadline=7273.7609 cp=3313.6040 BETA*cp=3644.9644 slack=3976.3404 -> ACCEPTED
[t=   3297.4205][DISPATCH              ] wf=84 task=2437 planned=vm15 BUSY -> advanced to vm=39
[t=   3299.6235][TASK-COMPLETE         ] task=2258 wf=77 vm=964(on-demand) actualCPU=114.5140s cost=$0.103635
[t=   3300.1425][NEGOTIATE             ] wf=85 tasks=23 arrivalTime=3300.1425 deadline=3862.0497 cp=468.2550 BETA*cp=515.0805 slack=561.9072 -> ACCEPTED
[t=   3300.1425][DISPATCH              ] wf=85 task=2461 planned=vm46 no-idle-reserved -> on-demand vm=1049
[t=   3300.2425][DISPATCH              ] wf=85 task=2461 planned=vm46 no-idle-reserved -> on-demand vm=1049
[t=   3301.4115][TASK-COMPLETE         ] task=2259 wf=77 vm=965(on-demand) actualCPU=116.3020s cost=$0.105253
[t=   3306.3575][TASK-COMPLETE         ] task=2233 wf=77 vm=45(reserved) actualCPU=121.3480s
[t=   3308.2585][TASK-COMPLETE         ] task=2350 wf=81 vm=44(reserved) actualCPU=25.8514s
[t=   3308.2585][DISPATCH              ] wf=81 task=2351 planned=vm7 BUSY -> advanced to vm=44
[t=   3308.9255][TASK-COMPLETE         ] task=2319 wf=80 vm=975(on-demand) actualCPU=82.9900s cost=$0.075106
[t=   3308.9455][TASK-COMPLETE         ] task=2217 wf=76 vm=1009(on-demand) actualCPU=53.7990s cost=$0.048688
[t=   3309.5875][TASK-COMPLETE         ] task=2255 wf=77 vm=961(on-demand) actualCPU=124.4780s cost=$0.112653
[t=   3312.6695][TASK-COMPLETE         ] task=711 wf=24 vm=12(reserved) actualCPU=53.6570s
[t=   3312.6695][DISPATCH              ] wf=24 task=712 planned=vm10 BUSY -> advanced to vm=12
[t=   3312.9695][TASK-COMPLETE         ] task=2336 wf=80 vm=990(on-demand) actualCPU=87.0340s cost=$0.078766
[t=   3314.7905][TASK-COMPLETE         ] task=2402 wf=83 vm=1017(on-demand) actualCPU=30.3718s cost=$0.027487
[t=   3316.4765][TASK-COMPLETE         ] task=1920 wf=66 vm=9(reserved) actualCPU=140.8637s
[t=   3316.4765][DISPATCH              ] wf=66 task=1921 planned=vm25 BUSY -> advanced to vm=9
[t=   3318.2735][TASK-COMPLETE         ] task=2343 wf=80 vm=995(on-demand) actualCPU=92.3380s cost=$0.083566
[t=   3320.2415][TASK-COMPLETE         ] task=2317 wf=80 vm=973(on-demand) actualCPU=94.3060s cost=$0.085347
[t=   3320.4885][TASK-COMPLETE         ] task=2323 wf=80 vm=979(on-demand) actualCPU=94.5530s cost=$0.085570
[t=   3320.8175][TASK-COMPLETE         ] task=1316 wf=45 vm=11(reserved) actualCPU=54.0660s
[t=   3320.8175][DISPATCH              ] wf=45 task=1317 planned=vm14 BUSY -> advanced to vm=11
[t=   3321.2985][TASK-COMPLETE         ] task=2418 wf=83 vm=1031(on-demand) actualCPU=36.8798s cost=$0.033376
[t=   3321.9745][TASK-COMPLETE         ] task=2221 wf=76 vm=1013(on-demand) actualCPU=66.8280s cost=$0.060479
[t=   3323.2725][TASK-COMPLETE         ] task=2437 wf=84 vm=39(reserved) actualCPU=25.8520s
[t=   3323.2725][DISPATCH              ] wf=84 task=2438 planned=vm9 BUSY -> advanced to vm=39
[t=   3327.7405][TASK-COMPLETE         ] task=2408 wf=83 vm=1023(on-demand) actualCPU=43.3218s cost=$0.039206
[t=   3328.3235][TASK-COMPLETE         ] task=2248 wf=77 vm=956(on-demand) actualCPU=143.2140s cost=$0.129609
[t=   3328.5355][TASK-COMPLETE         ] task=2287 wf=79 vm=35(reserved) actualCPU=113.7954s
[t=   3328.5355][DISPATCH              ] wf=79 task=2288 planned=vm13 BUSY -> advanced to vm=35
[t=   3328.5355][DISPATCH              ] wf=79 task=2289 planned=vm30 BUSY -> advanced to vm=45
[t=   3328.5355][DISPATCH              ] wf=79 task=2290 planned=vm37 no-idle-reserved -> on-demand vm=1050
[t=   3328.5355][DISPATCH              ] wf=79 task=2291 planned=vm40 no-idle-reserved -> on-demand vm=1051
[t=   3328.5355][DISPATCH              ] wf=79 task=2292 planned=vm38 no-idle-reserved -> on-demand vm=1052
[t=   3328.5355][DISPATCH              ] wf=79 task=2293 planned=vm15 no-idle-reserved -> on-demand vm=1053
[t=   3328.5355][DISPATCH              ] wf=79 task=2294 planned=vm37 no-idle-reserved -> on-demand vm=1054
[t=   3328.5355][DISPATCH              ] wf=79 task=2295 planned=vm0 no-idle-reserved -> on-demand vm=1055
[t=   3328.5355][DISPATCH              ] wf=79 task=2296 planned=vm39 no-idle-reserved -> on-demand vm=1056
[t=   3328.5355][DISPATCH              ] wf=79 task=2297 planned=vm29 no-idle-reserved -> on-demand vm=1057
[t=   3328.5355][DISPATCH              ] wf=79 task=2298 planned=vm21 no-idle-reserved -> on-demand vm=1058
[t=   3328.5355][DISPATCH              ] wf=79 task=2299 planned=vm31 no-idle-reserved -> on-demand vm=1059
[t=   3328.5355][DISPATCH              ] wf=79 task=2300 planned=vm22 no-idle-reserved -> on-demand vm=1060
[t=   3328.5355][DISPATCH              ] wf=79 task=2301 planned=vm37 no-idle-reserved -> on-demand vm=1061
[t=   3328.5355][DISPATCH              ] wf=79 task=2302 planned=vm34 no-idle-reserved -> on-demand vm=1062
[t=   3328.5355][DISPATCH              ] wf=79 task=2303 planned=vm5 no-idle-reserved -> on-demand vm=1063
[t=   3328.5355][DISPATCH              ] wf=79 task=2304 planned=vm9 no-idle-reserved -> on-demand vm=1064
[t=   3328.5355][DISPATCH              ] wf=79 task=2305 planned=vm4 no-idle-reserved -> on-demand vm=1065
[t=   3328.5355][DISPATCH              ] wf=79 task=2306 planned=vm32 no-idle-reserved -> on-demand vm=1066
[t=   3328.5355][DISPATCH              ] wf=79 task=2307 planned=vm11 no-idle-reserved -> on-demand vm=1067
[t=   3328.5355][DISPATCH              ] wf=79 task=2308 planned=vm4 no-idle-reserved -> on-demand vm=1068
[t=   3328.6355][DISPATCH              ] wf=79 task=2290 planned=vm37 no-idle-reserved -> on-demand vm=1050
[t=   3328.6355][DISPATCH              ] wf=79 task=2291 planned=vm40 no-idle-reserved -> on-demand vm=1051
[t=   3328.6355][DISPATCH              ] wf=79 task=2292 planned=vm38 no-idle-reserved -> on-demand vm=1052
[t=   3328.6355][DISPATCH              ] wf=79 task=2293 planned=vm15 no-idle-reserved -> on-demand vm=1053
[t=   3328.6355][DISPATCH              ] wf=79 task=2294 planned=vm37 no-idle-reserved -> on-demand vm=1054
[t=   3328.6355][DISPATCH              ] wf=79 task=2295 planned=vm0 no-idle-reserved -> on-demand vm=1055
[t=   3328.6355][DISPATCH              ] wf=79 task=2296 planned=vm39 no-idle-reserved -> on-demand vm=1056
[t=   3328.6355][DISPATCH              ] wf=79 task=2297 planned=vm29 no-idle-reserved -> on-demand vm=1057
[t=   3328.6355][DISPATCH              ] wf=79 task=2298 planned=vm21 no-idle-reserved -> on-demand vm=1058
[t=   3328.6355][DISPATCH              ] wf=79 task=2299 planned=vm31 no-idle-reserved -> on-demand vm=1059
[t=   3328.6355][DISPATCH              ] wf=79 task=2300 planned=vm22 no-idle-reserved -> on-demand vm=1060
[t=   3328.6355][DISPATCH              ] wf=79 task=2301 planned=vm37 no-idle-reserved -> on-demand vm=1061
[t=   3328.6355][DISPATCH              ] wf=79 task=2302 planned=vm34 no-idle-reserved -> on-demand vm=1062
[t=   3328.6355][DISPATCH              ] wf=79 task=2303 planned=vm5 no-idle-reserved -> on-demand vm=1063
[t=   3328.6355][DISPATCH              ] wf=79 task=2304 planned=vm9 no-idle-reserved -> on-demand vm=1064
[t=   3328.6355][DISPATCH              ] wf=79 task=2305 planned=vm4 no-idle-reserved -> on-demand vm=1065
[t=   3328.6355][DISPATCH              ] wf=79 task=2306 planned=vm32 no-idle-reserved -> on-demand vm=1066
[t=   3328.6355][DISPATCH              ] wf=79 task=2307 planned=vm11 no-idle-reserved -> on-demand vm=1067
[t=   3328.6355][DISPATCH              ] wf=79 task=2308 planned=vm4 no-idle-reserved -> on-demand vm=1068
[t=   3331.0225][TASK-COMPLETE         ] task=2247 wf=77 vm=955(on-demand) actualCPU=145.9130s cost=$0.132051
[t=   3332.1605][TASK-COMPLETE         ] task=2351 wf=81 vm=44(reserved) actualCPU=23.9020s
[t=   3332.1605][DISPATCH              ] wf=81 task=2352 planned=vm35 BUSY -> advanced to vm=44
[t=   3334.5935][TASK-COMPLETE         ] task=2223 wf=77 vm=47(reserved) actualCPU=149.5840s
[t=   3335.5345][TASK-COMPLETE         ] task=2316 wf=80 vm=972(on-demand) actualCPU=109.5990s cost=$0.099187
[t=   3336.9715][TASK-COMPLETE         ] task=2409 wf=83 vm=1024(on-demand) actualCPU=52.5528s cost=$0.047560
[t=   3338.2325][TASK-COMPLETE         ] task=541 wf=18 vm=10(reserved) actualCPU=56.0080s
[t=   3338.2325][DISPATCH              ] wf=18 task=542 planned=vm4 BUSY -> advanced to vm=10
[t=   3338.5885][TASK-COMPLETE         ] task=2178 wf=75 vm=33(reserved) actualCPU=283.2005s
[t=   3338.5885][DISPATCH              ] wf=75 task=2179 planned=vm29 BUSY -> advanced to vm=33
[t=   3339.0255][TASK-COMPLETE         ] task=2405 wf=83 vm=1020(on-demand) actualCPU=54.6068s cost=$0.049419
[t=   3340.4495][TASK-COMPLETE         ] task=2345 wf=80 vm=997(on-demand) actualCPU=114.5140s cost=$0.103635
[t=   3342.2375][TASK-COMPLETE         ] task=2346 wf=80 vm=998(on-demand) actualCPU=116.3020s cost=$0.105253
[t=   3342.2765][TASK-COMPLETE         ] task=2048 wf=70 vm=25(reserved) actualCPU=61.9890s
[t=   3342.2765][WF-COMPLETE           ] wf=70 completionTime=3342.2765 deadline=3435.9294 margin=93.6530 -> MET
[t=   3343.5945][TASK-COMPLETE         ] task=1834 wf=63 vm=21(reserved) actualCPU=120.6756s
[t=   3343.5945][DISPATCH              ] wf=63 task=1835 planned=vm26 BUSY -> advanced to vm=21
[t=   3344.6025][TASK-COMPLETE         ] task=2076 wf=71 vm=24(reserved) actualCPU=146.8206s
[t=   3344.6025][WF-COMPLETE           ] wf=71 completionTime=3344.6025 deadline=3438.4308 margin=93.8284 -> MET
[t=   3346.5115][TASK-COMPLETE         ] task=2220 wf=76 vm=1012(on-demand) actualCPU=91.3650s cost=$0.082685
[t=   3346.6635][TASK-COMPLETE         ] task=1402 wf=48 vm=3(reserved) actualCPU=299.4705s
[t=   3346.6635][DISPATCH              ] wf=48 task=1403 planned=vm2 BUSY -> advanced to vm=3
[t=   3346.8775][TASK-COMPLETE         ] task=2435 wf=83 vm=1046(on-demand) actualCPU=62.4588s cost=$0.056525
[t=   3347.0435][TASK-COMPLETE         ] task=2135 wf=73 vm=1048(on-demand) actualCPU=61.9886s cost=$0.056100
[t=   3347.0435][WF-COMPLETE           ] wf=73 completionTime=3347.0435 deadline=3440.4978 margin=93.4543 -> MET
[t=   3347.1745][TASK-COMPLETE         ] task=2438 wf=84 vm=39(reserved) actualCPU=23.9020s
[t=   3347.1745][DISPATCH              ] wf=84 task=2439 planned=vm33 BUSY -> advanced to vm=24
[t=   3347.2845][TASK-COMPLETE         ] task=2320 wf=80 vm=976(on-demand) actualCPU=121.3490s cost=$0.109821
[t=   3349.6265][TASK-COMPLETE         ] task=2206 wf=76 vm=43(reserved) actualCPU=94.5800s
[t=   3350.4145][TASK-COMPLETE         ] task=2342 wf=80 vm=994(on-demand) actualCPU=124.4790s cost=$0.112653
[t=   3352.9825][TASK-COMPLETE         ] task=24 wf=0 vm=2(reserved) actualCPU=241.5976s
[t=   3352.9825][WF-COMPLETE           ] wf=0 completionTime=3352.9825 deadline=4015.7281 margin=662.7457 -> MET
[t=   3353.9765][TASK-COMPLETE         ] task=2224 wf=77 vm=34(reserved) actualCPU=168.9670s
[t=   3357.1184][NEGOTIATE             ] wf=86 tasks=40 arrivalTime=3357.1184 deadline=3920.0744 cp=469.1290 BETA*cp=516.0419 slack=562.9560 -> ACCEPTED
[t=   3357.1184][DISPATCH              ] wf=86 task=2484 planned=vm8 BUSY -> advanced to vm=2
[t=   3357.1184][DISPATCH              ] wf=86 task=2485 planned=vm8 BUSY -> advanced to vm=25
[t=   3357.1184][DISPATCH              ] wf=86 task=2486 planned=vm6 BUSY -> advanced to vm=34
[t=   3357.1184][DISPATCH              ] wf=86 task=2487 planned=vm8 BUSY -> advanced to vm=39
[t=   3357.1184][DISPATCH              ] wf=86 task=2488 planned=vm8 BUSY -> advanced to vm=43
[t=   3357.1184][DISPATCH              ] wf=86 task=2489 planned=vm7 BUSY -> advanced to vm=47
[t=   3357.1184][DISPATCH              ] wf=86 task=2490 planned=vm3 no-idle-reserved -> on-demand vm=1069
[t=   3357.1184][DISPATCH              ] wf=86 task=2491 planned=vm5 no-idle-reserved -> on-demand vm=1070
[t=   3357.1184][DISPATCH              ] wf=86 task=2492 planned=vm34 no-idle-reserved -> on-demand vm=1071
[t=   3357.1184][DISPATCH              ] wf=86 task=2493 planned=vm41 no-idle-reserved -> on-demand vm=1072
[t=   3357.1184][DISPATCH              ] wf=86 task=2494 planned=vm28 no-idle-reserved -> on-demand vm=1073
[t=   3357.1184][DISPATCH              ] wf=86 task=2495 planned=vm49 no-idle-reserved -> on-demand vm=1074
[t=   3357.1184][DISPATCH              ] wf=86 task=2496 planned=vm48 no-idle-reserved -> on-demand vm=1075
[t=   3357.1184][DISPATCH              ] wf=86 task=2497 planned=vm23 no-idle-reserved -> on-demand vm=1076
[t=   3357.1184][DISPATCH              ] wf=86 task=2500 planned=vm2 no-idle-reserved -> on-demand vm=1077
[t=   3357.1184][DISPATCH              ] wf=86 task=2501 planned=vm16 no-idle-reserved -> on-demand vm=1078
[t=   3357.1184][DISPATCH              ] wf=86 task=2502 planned=vm8 no-idle-reserved -> on-demand vm=1079
[t=   3357.1184][DISPATCH              ] wf=86 task=2503 planned=vm8 no-idle-reserved -> on-demand vm=1080
[t=   3357.1184][DISPATCH              ] wf=86 task=2504 planned=vm7 no-idle-reserved -> on-demand vm=1081
[t=   3357.1184][DISPATCH              ] wf=86 task=2505 planned=vm12 no-idle-reserved -> on-demand vm=1082
[t=   3357.1184][DISPATCH              ] wf=86 task=2506 planned=vm5 no-idle-reserved -> on-demand vm=1083
[t=   3357.1184][DISPATCH              ] wf=86 task=2507 planned=vm29 no-idle-reserved -> on-demand vm=1084
[t=   3357.1184][DISPATCH              ] wf=86 task=2508 planned=vm37 no-idle-reserved -> on-demand vm=1085
[t=   3357.1184][DISPATCH              ] wf=86 task=2509 planned=vm24 no-idle-reserved -> on-demand vm=1086
[t=   3357.1184][DISPATCH              ] wf=86 task=2510 planned=vm0 no-idle-reserved -> on-demand vm=1087
[t=   3357.1184][DISPATCH              ] wf=86 task=2513 planned=vm24 no-idle-reserved -> on-demand vm=1088
[t=   3357.1184][DISPATCH              ] wf=86 task=2514 planned=vm47 no-idle-reserved -> on-demand vm=1089
[t=   3357.1184][DISPATCH              ] wf=86 task=2515 planned=vm33 no-idle-reserved -> on-demand vm=1090
[t=   3357.1184][DISPATCH              ] wf=86 task=2516 planned=vm24 no-idle-reserved -> on-demand vm=1091
[t=   3357.1184][DISPATCH              ] wf=86 task=2517 planned=vm9 no-idle-reserved -> on-demand vm=1092
[t=   3357.1184][DISPATCH              ] wf=86 task=2518 planned=vm46 no-idle-reserved -> on-demand vm=1093
[t=   3357.1184][DISPATCH              ] wf=86 task=2519 planned=vm0 no-idle-reserved -> on-demand vm=1094
[t=   3357.1184][DISPATCH              ] wf=86 task=2520 planned=vm15 no-idle-reserved -> on-demand vm=1095
[t=   3357.1184][DISPATCH              ] wf=86 task=2521 planned=vm38 no-idle-reserved -> on-demand vm=1096
[t=   3357.1184][DISPATCH              ] wf=86 task=2522 planned=vm7 no-idle-reserved -> on-demand vm=1097
[t=   3357.1184][DISPATCH              ] wf=86 task=2523 planned=vm1 no-idle-reserved -> on-demand vm=1098
[t=   3357.2184][DISPATCH              ] wf=86 task=2490 planned=vm3 no-idle-reserved -> on-demand vm=1069
[t=   3357.2184][DISPATCH              ] wf=86 task=2491 planned=vm5 no-idle-reserved -> on-demand vm=1070
[t=   3357.2184][DISPATCH              ] wf=86 task=2492 planned=vm34 no-idle-reserved -> on-demand vm=1071
[t=   3357.2184][DISPATCH              ] wf=86 task=2493 planned=vm41 no-idle-reserved -> on-demand vm=1072
[t=   3357.2184][DISPATCH              ] wf=86 task=2494 planned=vm28 no-idle-reserved -> on-demand vm=1073
[t=   3357.2184][DISPATCH              ] wf=86 task=2495 planned=vm49 no-idle-reserved -> on-demand vm=1074
[t=   3357.2184][DISPATCH              ] wf=86 task=2496 planned=vm48 no-idle-reserved -> on-demand vm=1075
[t=   3357.2184][DISPATCH              ] wf=86 task=2497 planned=vm23 no-idle-reserved -> on-demand vm=1076
[t=   3357.2184][DISPATCH              ] wf=86 task=2500 planned=vm2 no-idle-reserved -> on-demand vm=1077
[t=   3357.2184][DISPATCH              ] wf=86 task=2501 planned=vm16 no-idle-reserved -> on-demand vm=1078
[t=   3357.2184][DISPATCH              ] wf=86 task=2502 planned=vm8 no-idle-reserved -> on-demand vm=1079
[t=   3357.2184][DISPATCH              ] wf=86 task=2503 planned=vm8 no-idle-reserved -> on-demand vm=1080
[t=   3357.2184][DISPATCH              ] wf=86 task=2504 planned=vm7 no-idle-reserved -> on-demand vm=1081
[t=   3357.2184][DISPATCH              ] wf=86 task=2505 planned=vm12 no-idle-reserved -> on-demand vm=1082
[t=   3357.2184][DISPATCH              ] wf=86 task=2506 planned=vm5 no-idle-reserved -> on-demand vm=1083
[t=   3357.2184][DISPATCH              ] wf=86 task=2507 planned=vm29 no-idle-reserved -> on-demand vm=1084
[t=   3357.2184][DISPATCH              ] wf=86 task=2508 planned=vm37 no-idle-reserved -> on-demand vm=1085
[t=   3357.2184][DISPATCH              ] wf=86 task=2509 planned=vm24 no-idle-reserved -> on-demand vm=1086
[t=   3357.2184][DISPATCH              ] wf=86 task=2510 planned=vm0 no-idle-reserved -> on-demand vm=1087
[t=   3357.2184][DISPATCH              ] wf=86 task=2513 planned=vm24 no-idle-reserved -> on-demand vm=1088
[t=   3357.2184][DISPATCH              ] wf=86 task=2514 planned=vm47 no-idle-reserved -> on-demand vm=1089
[t=   3357.2184][DISPATCH              ] wf=86 task=2515 planned=vm33 no-idle-reserved -> on-demand vm=1090
[t=   3357.2184][DISPATCH              ] wf=86 task=2516 planned=vm24 no-idle-reserved -> on-demand vm=1091
[t=   3357.2184][DISPATCH              ] wf=86 task=2517 planned=vm9 no-idle-reserved -> on-demand vm=1092
[t=   3357.2184][DISPATCH              ] wf=86 task=2518 planned=vm46 no-idle-reserved -> on-demand vm=1093
[t=   3357.2184][DISPATCH              ] wf=86 task=2519 planned=vm0 no-idle-reserved -> on-demand vm=1094
[t=   3357.2184][DISPATCH              ] wf=86 task=2520 planned=vm15 no-idle-reserved -> on-demand vm=1095
[t=   3357.2184][DISPATCH              ] wf=86 task=2521 planned=vm38 no-idle-reserved -> on-demand vm=1096
[t=   3357.2184][DISPATCH              ] wf=86 task=2522 planned=vm7 no-idle-reserved -> on-demand vm=1097
[t=   3357.2184][DISPATCH              ] wf=86 task=2523 planned=vm1 no-idle-reserved -> on-demand vm=1098
[t=   3357.2289][NEGOTIATE             ] wf=87 tasks=24 arrivalTime=3357.2289 deadline=7333.5693 cp=3313.6040 BETA*cp=3644.9644 slack=3976.3404 -> ACCEPTED
[t=   3357.2289][DISPATCH              ] wf=87 task=2524 planned=vm9 no-idle-reserved -> on-demand vm=1099
[t=   3357.3289][DISPATCH              ] wf=87 task=2524 planned=vm9 no-idle-reserved -> on-demand vm=1099
[t=   3366.5504][TASK-COMPLETE         ] task=970 wf=33 vm=0(reserved) actualCPU=279.8825s
[t=   3366.5504][DISPATCH              ] wf=33 task=971 planned=vm11 BUSY -> advanced to vm=0
[t=   3367.4094][TASK-COMPLETE         ] task=2406 wf=83 vm=1021(on-demand) actualCPU=82.9908s cost=$0.075107
[t=   3367.6494][TASK-COMPLETE         ] task=2163 wf=74 vm=46(reserved) actualCPU=146.8206s
[t=   3367.6494][WF-COMPLETE           ] wf=74 completionTime=3367.6494 deadline=3461.3768 margin=93.7274 -> MET
[t=   3368.2694][NEGOTIATE             ] wf=88 tasks=23 arrivalTime=3368.2694 deadline=3930.1766 cp=468.2550 BETA*cp=515.0805 slack=561.9072 -> ACCEPTED
[t=   3368.2694][DISPATCH              ] wf=88 task=2548 planned=vm43 BUSY -> advanced to vm=46
[t=   3369.1504][TASK-COMPLETE         ] task=2335 wf=80 vm=989(on-demand) actualCPU=143.2149s cost=$0.129610
[t=   3369.4814][TASK-COMPLETE         ] task=2486 wf=86 vm=34(reserved) actualCPU=12.3630s
[t=   3369.6194][TASK-COMPLETE         ] task=2211 wf=76 vm=1003(on-demand) actualCPU=114.4729s cost=$0.103598
[t=   3371.4534][TASK-COMPLETE         ] task=2423 wf=83 vm=1036(on-demand) actualCPU=87.0347s cost=$0.078766
[t=   3371.6984][TASK-COMPLETE         ] task=626 wf=21 vm=15(reserved) actualCPU=82.6906s
[t=   3371.6984][DISPATCH              ] wf=21 task=627 planned=vm5 BUSY -> advanced to vm=15
[t=   3371.8494][TASK-COMPLETE         ] task=2334 wf=80 vm=988(on-demand) actualCPU=145.9139s cost=$0.132052
[t=   3372.1914][TASK-COMPLETE         ] task=2210 wf=76 vm=1002(on-demand) actualCPU=117.0449s cost=$0.105926
[t=   3373.5034][TASK-COMPLETE         ] task=2257 wf=77 vm=963(on-demand) actualCPU=188.3939s cost=$0.170496
[t=   3375.4204][TASK-COMPLETE         ] task=2310 wf=80 vm=22(reserved) actualCPU=149.5849s
[t=   3376.7574][TASK-COMPLETE         ] task=2430 wf=83 vm=1041(on-demand) actualCPU=92.3387s cost=$0.083567
[t=   3378.0094][TASK-COMPLETE         ] task=2227 wf=77 vm=37(reserved) actualCPU=192.9999s
[t=   3378.7254][TASK-COMPLETE         ] task=2404 wf=83 vm=1019(on-demand) actualCPU=94.3067s cost=$0.085348
[t=   3378.9724][TASK-COMPLETE         ] task=2410 wf=83 vm=1025(on-demand) actualCPU=94.5537s cost=$0.085571
[t=   3379.2264][TASK-COMPLETE         ] task=455 wf=15 vm=7(reserved) actualCPU=89.5096s
[t=   3379.2264][DISPATCH              ] wf=15 task=456 planned=vm1 BUSY -> advanced to vm=7
[t=   3382.4344][TASK-COMPLETE         ] task=2304 wf=79 vm=1064(on-demand) actualCPU=53.7989s cost=$0.048688
[t=   3383.1804][TASK-COMPLETE         ] task=2524 wf=87 vm=1099(on-demand) actualCPU=25.8514s cost=$0.023396
[t=   3383.1804][DISPATCH              ] wf=87 task=2525 planned=vm2 BUSY -> advanced to vm=22
[t=   3385.6794][TASK-COMPLETE         ] task=2240 wf=77 vm=948(on-demand) actualCPU=200.5699s cost=$0.181516
[t=   3386.1754][TASK-COMPLETE         ] task=2202 wf=76 vm=23(reserved) actualCPU=131.1289s
[t=   3387.2584][TASK-COMPLETE         ] task=1230 wf=42 vm=42(reserved) actualCPU=137.5409s
[t=   3387.2584][DISPATCH              ] wf=42 task=1231 planned=vm18 BUSY -> advanced to vm=23
[t=   3387.4904][TASK-COMPLETE         ] task=2489 wf=86 vm=47(reserved) actualCPU=30.3720s
[t=   3387.6614][TASK-COMPLETE         ] task=1057 wf=36 vm=20(reserved) actualCPU=279.8825s
[t=   3387.6614][DISPATCH              ] wf=36 task=1058 planned=vm13 BUSY -> advanced to vm=20
[t=   3389.5704][TASK-COMPLETE         ] task=2246 wf=77 vm=954(on-demand) actualCPU=204.4609s cost=$0.185037
[t=   3391.0229][NEGOTIATE             ] wf=89 tasks=40 arrivalTime=3391.0229 deadline=3953.9789 cp=469.1290 BETA*cp=516.0419 slack=562.9560 -> ACCEPTED
[t=   3391.0229][DISPATCH              ] wf=89 task=2571 planned=vm29 BUSY -> advanced to vm=34
[t=   3391.0229][DISPATCH              ] wf=89 task=2572 planned=vm29 BUSY -> advanced to vm=37
[t=   3391.0229][DISPATCH              ] wf=89 task=2573 planned=vm17 BUSY -> advanced to vm=42
[t=   3391.0229][DISPATCH              ] wf=89 task=2574 planned=vm29 BUSY -> advanced to vm=47
[t=   3391.0229][DISPATCH              ] wf=89 task=2575 planned=vm29 no-idle-reserved -> on-demand vm=1100
[t=   3391.0229][DISPATCH              ] wf=89 task=2576 planned=vm44 no-idle-reserved -> on-demand vm=1101
[t=   3391.0229][DISPATCH              ] wf=89 task=2577 planned=vm29 no-idle-reserved -> on-demand vm=1102
[t=   3391.0229][DISPATCH              ] wf=89 task=2578 planned=vm29 no-idle-reserved -> on-demand vm=1103
[t=   3391.0229][DISPATCH              ] wf=89 task=2579 planned=vm0 no-idle-reserved -> on-demand vm=1104
[t=   3391.0229][DISPATCH              ] wf=89 task=2580 planned=vm27 no-idle-reserved -> on-demand vm=1105
[t=   3391.0229][DISPATCH              ] wf=89 task=2581 planned=vm29 no-idle-reserved -> on-demand vm=1106
[t=   3391.0229][DISPATCH              ] wf=89 task=2582 planned=vm32 no-idle-reserved -> on-demand vm=1107
[t=   3391.0229][DISPATCH              ] wf=89 task=2583 planned=vm35 no-idle-reserved -> on-demand vm=1108
[t=   3391.0229][DISPATCH              ] wf=89 task=2584 planned=vm29 no-idle-reserved -> on-demand vm=1109
[t=   3391.0229][DISPATCH              ] wf=89 task=2587 planned=vm29 no-idle-reserved -> on-demand vm=1110
[t=   3391.0229][DISPATCH              ] wf=89 task=2588 planned=vm29 no-idle-reserved -> on-demand vm=1111
[t=   3391.0229][DISPATCH              ] wf=89 task=2589 planned=vm29 no-idle-reserved -> on-demand vm=1112
[t=   3391.0229][DISPATCH              ] wf=89 task=2590 planned=vm29 no-idle-reserved -> on-demand vm=1113
[t=   3391.0229][DISPATCH              ] wf=89 task=2591 planned=vm29 no-idle-reserved -> on-demand vm=1114
[t=   3391.0229][DISPATCH              ] wf=89 task=2592 planned=vm26 no-idle-reserved -> on-demand vm=1115
[t=   3391.0229][DISPATCH              ] wf=89 task=2593 planned=vm29 no-idle-reserved -> on-demand vm=1116
[t=   3391.0229][DISPATCH              ] wf=89 task=2594 planned=vm29 no-idle-reserved -> on-demand vm=1117
[t=   3391.0229][DISPATCH              ] wf=89 task=2595 planned=vm29 no-idle-reserved -> on-demand vm=1118
[t=   3391.0229][DISPATCH              ] wf=89 task=2596 planned=vm14 no-idle-reserved -> on-demand vm=1119
[t=   3391.0229][DISPATCH              ] wf=89 task=2597 planned=vm19 no-idle-reserved -> on-demand vm=1120
[t=   3391.0229][DISPATCH              ] wf=89 task=2600 planned=vm9 no-idle-reserved -> on-demand vm=1121
[t=   3391.0229][DISPATCH              ] wf=89 task=2601 planned=vm29 no-idle-reserved -> on-demand vm=1122
[t=   3391.0229][DISPATCH              ] wf=89 task=2602 planned=vm7 no-idle-reserved -> on-demand vm=1123
[t=   3391.0229][DISPATCH              ] wf=89 task=2603 planned=vm40 no-idle-reserved -> on-demand vm=1124
[t=   3391.0229][DISPATCH              ] wf=89 task=2604 planned=vm19 no-idle-reserved -> on-demand vm=1125
[t=   3391.0229][DISPATCH              ] wf=89 task=2605 planned=vm19 no-idle-reserved -> on-demand vm=1126
[t=   3391.0229][DISPATCH              ] wf=89 task=2606 planned=vm28 no-idle-reserved -> on-demand vm=1127
[t=   3391.0229][DISPATCH              ] wf=89 task=2607 planned=vm39 no-idle-reserved -> on-demand vm=1128
[t=   3391.0229][DISPATCH              ] wf=89 task=2608 planned=vm29 no-idle-reserved -> on-demand vm=1129
[t=   3391.0229][DISPATCH              ] wf=89 task=2609 planned=vm9 no-idle-reserved -> on-demand vm=1130
[t=   3391.0229][DISPATCH              ] wf=89 task=2610 planned=vm32 no-idle-reserved -> on-demand vm=1131
[t=   3391.1229][DISPATCH              ] wf=89 task=2575 planned=vm29 no-idle-reserved -> on-demand vm=1100
[t=   3391.1229][DISPATCH              ] wf=89 task=2576 planned=vm44 no-idle-reserved -> on-demand vm=1101
[t=   3391.1229][DISPATCH              ] wf=89 task=2577 planned=vm29 no-idle-reserved -> on-demand vm=1102
[t=   3391.1229][DISPATCH              ] wf=89 task=2578 planned=vm29 no-idle-reserved -> on-demand vm=1103
[t=   3391.1229][DISPATCH              ] wf=89 task=2579 planned=vm0 no-idle-reserved -> on-demand vm=1104
[t=   3391.1229][DISPATCH              ] wf=89 task=2580 planned=vm27 no-idle-reserved -> on-demand vm=1105
[t=   3391.1229][DISPATCH              ] wf=89 task=2581 planned=vm29 no-idle-reserved -> on-demand vm=1106
[t=   3391.1229][DISPATCH              ] wf=89 task=2582 planned=vm32 no-idle-reserved -> on-demand vm=1107
[t=   3391.1229][DISPATCH              ] wf=89 task=2583 planned=vm35 no-idle-reserved -> on-demand vm=1108
[t=   3391.1229][DISPATCH              ] wf=89 task=2584 planned=vm29 no-idle-reserved -> on-demand vm=1109
[t=   3391.1229][DISPATCH              ] wf=89 task=2587 planned=vm29 no-idle-reserved -> on-demand vm=1110
[t=   3391.1229][DISPATCH              ] wf=89 task=2588 planned=vm29 no-idle-reserved -> on-demand vm=1111
[t=   3391.1229][DISPATCH              ] wf=89 task=2589 planned=vm29 no-idle-reserved -> on-demand vm=1112
[t=   3391.1229][DISPATCH              ] wf=89 task=2590 planned=vm29 no-idle-reserved -> on-demand vm=1113
[t=   3391.1229][DISPATCH              ] wf=89 task=2591 planned=vm29 no-idle-reserved -> on-demand vm=1114
[t=   3391.1229][DISPATCH              ] wf=89 task=2592 planned=vm26 no-idle-reserved -> on-demand vm=1115
[t=   3391.1229][DISPATCH              ] wf=89 task=2593 planned=vm29 no-idle-reserved -> on-demand vm=1116
[t=   3391.1229][DISPATCH              ] wf=89 task=2594 planned=vm29 no-idle-reserved -> on-demand vm=1117
[t=   3391.1229][DISPATCH              ] wf=89 task=2595 planned=vm29 no-idle-reserved -> on-demand vm=1118
[t=   3391.1229][DISPATCH              ] wf=89 task=2596 planned=vm14 no-idle-reserved -> on-demand vm=1119
[t=   3391.1229][DISPATCH              ] wf=89 task=2597 planned=vm19 no-idle-reserved -> on-demand vm=1120
[t=   3391.1229][DISPATCH              ] wf=89 task=2600 planned=vm9 no-idle-reserved -> on-demand vm=1121
[t=   3391.1229][DISPATCH              ] wf=89 task=2601 planned=vm29 no-idle-reserved -> on-demand vm=1122
[t=   3391.1229][DISPATCH              ] wf=89 task=2602 planned=vm7 no-idle-reserved -> on-demand vm=1123
[t=   3391.1229][DISPATCH              ] wf=89 task=2603 planned=vm40 no-idle-reserved -> on-demand vm=1124
[t=   3391.1229][DISPATCH              ] wf=89 task=2604 planned=vm19 no-idle-reserved -> on-demand vm=1125
[t=   3391.1229][DISPATCH              ] wf=89 task=2605 planned=vm19 no-idle-reserved -> on-demand vm=1126
[t=   3391.1229][DISPATCH              ] wf=89 task=2606 planned=vm28 no-idle-reserved -> on-demand vm=1127
[t=   3391.1229][DISPATCH              ] wf=89 task=2607 planned=vm39 no-idle-reserved -> on-demand vm=1128
[t=   3391.1229][DISPATCH              ] wf=89 task=2608 planned=vm29 no-idle-reserved -> on-demand vm=1129
[t=   3391.1229][DISPATCH              ] wf=89 task=2609 planned=vm9 no-idle-reserved -> on-demand vm=1130
[t=   3391.1229][DISPATCH              ] wf=89 task=2610 planned=vm32 no-idle-reserved -> on-demand vm=1131
[t=   3391.1969][TASK-COMPLETE         ] task=2212 wf=76 vm=1004(on-demand) actualCPU=136.0505s cost=$0.123126
[t=   3394.0179][TASK-COMPLETE         ] task=2403 wf=83 vm=1018(on-demand) actualCPU=109.5993s cost=$0.099187
[t=   3394.0984][TASK-COMPLETE         ] task=2505 wf=86 vm=1082(on-demand) actualCPU=36.8800s cost=$0.033376
[t=   3394.8019][TASK-COMPLETE         ] task=2311 wf=80 vm=30(reserved) actualCPU=168.9665s
[t=   3395.4639][TASK-COMPLETE         ] task=2308 wf=79 vm=1068(on-demand) actualCPU=66.8284s cost=$0.060480
[t=   3396.3849][TASK-COMPLETE         ] task=2243 wf=77 vm=951(on-demand) actualCPU=211.2754s cost=$0.191204
[t=   3397.7679][TASK-COMPLETE         ] task=2213 wf=76 vm=1005(on-demand) actualCPU=142.6215s cost=$0.129072
[t=   3397.8078][TASK-COMPLETE         ] task=2374 wf=82 vm=40(reserved) actualCPU=113.7960s
[t=   3397.8078][DISPATCH              ] wf=82 task=2375 planned=vm45 BUSY -> advanced to vm=30
[t=   3397.8078][DISPATCH              ] wf=82 task=2376 planned=vm28 BUSY -> advanced to vm=40
[t=   3397.8078][DISPATCH              ] wf=82 task=2377 planned=vm14 no-idle-reserved -> on-demand vm=1132
[t=   3397.8078][DISPATCH              ] wf=82 task=2378 planned=vm43 no-idle-reserved -> on-demand vm=1133
[t=   3397.8078][DISPATCH              ] wf=82 task=2379 planned=vm28 no-idle-reserved -> on-demand vm=1134
[t=   3397.8078][DISPATCH              ] wf=82 task=2380 planned=vm26 no-idle-reserved -> on-demand vm=1135
[t=   3397.8078][DISPATCH              ] wf=82 task=2381 planned=vm26 no-idle-reserved -> on-demand vm=1136
[t=   3397.8078][DISPATCH              ] wf=82 task=2382 planned=vm49 no-idle-reserved -> on-demand vm=1137
[t=   3397.8078][DISPATCH              ] wf=82 task=2383 planned=vm42 no-idle-reserved -> on-demand vm=1138
[t=   3397.8078][DISPATCH              ] wf=82 task=2384 planned=vm27 no-idle-reserved -> on-demand vm=1139
[t=   3397.8078][DISPATCH              ] wf=82 task=2385 planned=vm23 no-idle-reserved -> on-demand vm=1140
[t=   3397.8078][DISPATCH              ] wf=82 task=2386 planned=vm36 no-idle-reserved -> on-demand vm=1141
[t=   3397.8078][DISPATCH              ] wf=82 task=2387 planned=vm40 no-idle-reserved -> on-demand vm=1142
[t=   3397.8078][DISPATCH              ] wf=82 task=2388 planned=vm27 no-idle-reserved -> on-demand vm=1143
[t=   3397.8078][DISPATCH              ] wf=82 task=2389 planned=vm23 no-idle-reserved -> on-demand vm=1144
[t=   3397.8078][DISPATCH              ] wf=82 task=2390 planned=vm6 no-idle-reserved -> on-demand vm=1145
[t=   3397.8078][DISPATCH              ] wf=82 task=2391 planned=vm6 no-idle-reserved -> on-demand vm=1146
[t=   3397.8078][DISPATCH              ] wf=82 task=2392 planned=vm44 no-idle-reserved -> on-demand vm=1147
[t=   3397.8078][DISPATCH              ] wf=82 task=2393 planned=vm12 no-idle-reserved -> on-demand vm=1148
[t=   3397.8078][DISPATCH              ] wf=82 task=2394 planned=vm12 no-idle-reserved -> on-demand vm=1149
[t=   3397.8078][DISPATCH              ] wf=82 task=2395 planned=vm8 no-idle-reserved -> on-demand vm=1150
[t=   3397.9078][DISPATCH              ] wf=82 task=2377 planned=vm14 no-idle-reserved -> on-demand vm=1132
[t=   3397.9078][DISPATCH              ] wf=82 task=2378 planned=vm43 no-idle-reserved -> on-demand vm=1133
[t=   3397.9078][DISPATCH              ] wf=82 task=2379 planned=vm28 no-idle-reserved -> on-demand vm=1134
[t=   3397.9078][DISPATCH              ] wf=82 task=2380 planned=vm26 no-idle-reserved -> on-demand vm=1135
[t=   3397.9078][DISPATCH              ] wf=82 task=2381 planned=vm26 no-idle-reserved -> on-demand vm=1136
[t=   3397.9078][DISPATCH              ] wf=82 task=2382 planned=vm49 no-idle-reserved -> on-demand vm=1137
[t=   3397.9078][DISPATCH              ] wf=82 task=2383 planned=vm42 no-idle-reserved -> on-demand vm=1138
[t=   3397.9078][DISPATCH              ] wf=82 task=2384 planned=vm27 no-idle-reserved -> on-demand vm=1139
[t=   3397.9078][DISPATCH              ] wf=82 task=2385 planned=vm23 no-idle-reserved -> on-demand vm=1140
[t=   3397.9078][DISPATCH              ] wf=82 task=2386 planned=vm36 no-idle-reserved -> on-demand vm=1141
[t=   3397.9078][DISPATCH              ] wf=82 task=2387 planned=vm40 no-idle-reserved -> on-demand vm=1142
[t=   3397.9078][DISPATCH              ] wf=82 task=2388 planned=vm27 no-idle-reserved -> on-demand vm=1143
[t=   3397.9078][DISPATCH              ] wf=82 task=2389 planned=vm23 no-idle-reserved -> on-demand vm=1144
[t=   3397.9078][DISPATCH              ] wf=82 task=2390 planned=vm6 no-idle-reserved -> on-demand vm=1145
[t=   3397.9078][DISPATCH              ] wf=82 task=2391 planned=vm6 no-idle-reserved -> on-demand vm=1146
[t=   3397.9078][DISPATCH              ] wf=82 task=2392 planned=vm44 no-idle-reserved -> on-demand vm=1147
[t=   3397.9078][DISPATCH              ] wf=82 task=2393 planned=vm12 no-idle-reserved -> on-demand vm=1148
[t=   3397.9078][DISPATCH              ] wf=82 task=2394 planned=vm12 no-idle-reserved -> on-demand vm=1149
[t=   3397.9078][DISPATCH              ] wf=82 task=2395 planned=vm8 no-idle-reserved -> on-demand vm=1150
[t=   3398.6338][TASK-COMPLETE         ] task=2219 wf=76 vm=1011(on-demand) actualCPU=143.4874s cost=$0.129856
[t=   3398.7025][TASK-COMPLETE         ] task=2254 wf=77 vm=960(on-demand) actualCPU=213.5930s cost=$0.193302
[t=   3398.9328][TASK-COMPLETE         ] task=2432 wf=83 vm=1043(on-demand) actualCPU=114.5142s cost=$0.103635
[t=   3400.5398][TASK-COMPLETE         ] task=2495 wf=86 vm=1074(on-demand) actualCPU=43.3214s cost=$0.039206
[t=   3400.7208][TASK-COMPLETE         ] task=2433 wf=83 vm=1044(on-demand) actualCPU=116.3022s cost=$0.105253
[t=   3400.8308][TASK-COMPLETE         ] task=1403 wf=48 vm=3(reserved) actualCPU=54.1674s
[t=   3400.8308][DISPATCH              ] wf=48 task=1404 planned=vm8 BUSY -> advanced to vm=3
[t=   3401.1618][TASK-COMPLETE         ] task=2215 wf=76 vm=1007(on-demand) actualCPU=146.0154s cost=$0.132144
[t=   3402.2248][TASK-COMPLETE         ] task=2214 wf=76 vm=1006(on-demand) actualCPU=147.0784s cost=$0.133106
[t=   3403.3858][TASK-COMPLETE         ] task=2573 wf=89 vm=42(reserved) actualCPU=12.3629s
[t=   3404.4118][TASK-COMPLETE         ] task=2205 wf=76 vm=38(reserved) actualCPU=149.3654s
[t=   3405.1008][TASK-COMPLETE         ] task=797 wf=27 vm=5(reserved) actualCPU=241.5030s
[t=   3405.1008][DISPATCH              ] wf=27 task=798 planned=vm4 BUSY -> advanced to vm=5
[t=   3405.7668][TASK-COMPLETE         ] task=2407 wf=83 vm=1022(on-demand) actualCPU=121.3482s cost=$0.109820
[t=   3407.0818][TASK-COMPLETE         ] task=2525 wf=87 vm=22(reserved) actualCPU=23.9014s
[t=   3407.0818][DISPATCH              ] wf=87 task=2526 planned=vm30 BUSY -> advanced to vm=22
[t=   3408.8968][TASK-COMPLETE         ] task=2429 wf=83 vm=1040(on-demand) actualCPU=124.4782s cost=$0.112653
[t=   3409.1448][TASK-COMPLETE         ] task=2005 wf=69 vm=17(reserved) actualCPU=215.2360s
[t=   3409.1448][DISPATCH              ] wf=69 task=2006 planned=vm15 BUSY -> advanced to vm=17
[t=   3409.7708][TASK-COMPLETE         ] task=2496 wf=86 vm=1075(on-demand) actualCPU=52.5524s cost=$0.047560
[t=   3411.8248][TASK-COMPLETE         ] task=2492 wf=86 vm=1071(on-demand) actualCPU=54.6064s cost=$0.049419
[t=   3414.0378][TASK-COMPLETE         ] task=2461 wf=85 vm=1049(on-demand) actualCPU=113.7954s cost=$0.102985
[t=   3414.0378][DISPATCH              ] wf=85 task=2462 planned=vm46 BUSY -> advanced to vm=38
[t=   3414.0378][DISPATCH              ] wf=85 task=2463 planned=vm14 BUSY -> advanced to vm=42
[t=   3414.0378][DISPATCH              ] wf=85 task=2464 planned=vm46 no-idle-reserved -> on-demand vm=1151
[t=   3414.0378][DISPATCH              ] wf=85 task=2465 planned=vm46 no-idle-reserved -> on-demand vm=1152
[t=   3414.0378][DISPATCH              ] wf=85 task=2466 planned=vm46 no-idle-reserved -> on-demand vm=1153
[t=   3414.0378][DISPATCH              ] wf=85 task=2467 planned=vm42 no-idle-reserved -> on-demand vm=1154
[t=   3414.0378][DISPATCH              ] wf=85 task=2468 planned=vm46 no-idle-reserved -> on-demand vm=1155
[t=   3414.0378][DISPATCH              ] wf=85 task=2469 planned=vm46 no-idle-reserved -> on-demand vm=1156
[t=   3414.0378][DISPATCH              ] wf=85 task=2470 planned=vm46 no-idle-reserved -> on-demand vm=1157
[t=   3414.0378][DISPATCH              ] wf=85 task=2471 planned=vm45 no-idle-reserved -> on-demand vm=1158
[t=   3414.0378][DISPATCH              ] wf=85 task=2472 planned=vm44 no-idle-reserved -> on-demand vm=1159
[t=   3414.0378][DISPATCH              ] wf=85 task=2473 planned=vm14 no-idle-reserved -> on-demand vm=1160
[t=   3414.0378][DISPATCH              ] wf=85 task=2474 planned=vm0 no-idle-reserved -> on-demand vm=1161
[t=   3414.0378][DISPATCH              ] wf=85 task=2475 planned=vm46 no-idle-reserved -> on-demand vm=1162
[t=   3414.0378][DISPATCH              ] wf=85 task=2476 planned=vm46 no-idle-reserved -> on-demand vm=1163
[t=   3414.0378][DISPATCH              ] wf=85 task=2477 planned=vm46 no-idle-reserved -> on-demand vm=1164
[t=   3414.0378][DISPATCH              ] wf=85 task=2478 planned=vm13 no-idle-reserved -> on-demand vm=1165
[t=   3414.0378][DISPATCH              ] wf=85 task=2479 planned=vm46 no-idle-reserved -> on-demand vm=1166
[t=   3414.0378][DISPATCH              ] wf=85 task=2480 planned=vm34 no-idle-reserved -> on-demand vm=1167
[t=   3414.0378][DISPATCH              ] wf=85 task=2481 planned=vm41 no-idle-reserved -> on-demand vm=1168
[t=   3414.0378][DISPATCH              ] wf=85 task=2482 planned=vm14 no-idle-reserved -> on-demand vm=1169
[t=   3414.1378][DISPATCH              ] wf=85 task=2464 planned=vm46 no-idle-reserved -> on-demand vm=1151
[t=   3414.1378][DISPATCH              ] wf=85 task=2465 planned=vm46 no-idle-reserved -> on-demand vm=1152
[t=   3414.1378][DISPATCH              ] wf=85 task=2466 planned=vm46 no-idle-reserved -> on-demand vm=1153
[t=   3414.1378][DISPATCH              ] wf=85 task=2467 planned=vm42 no-idle-reserved -> on-demand vm=1154
[t=   3414.1378][DISPATCH              ] wf=85 task=2468 planned=vm46 no-idle-reserved -> on-demand vm=1155
[t=   3414.1378][DISPATCH              ] wf=85 task=2469 planned=vm46 no-idle-reserved -> on-demand vm=1156
[t=   3414.1378][DISPATCH              ] wf=85 task=2470 planned=vm46 no-idle-reserved -> on-demand vm=1157
[t=   3414.1378][DISPATCH              ] wf=85 task=2471 planned=vm45 no-idle-reserved -> on-demand vm=1158
[t=   3414.1378][DISPATCH              ] wf=85 task=2472 planned=vm44 no-idle-reserved -> on-demand vm=1159
[t=   3414.1378][DISPATCH              ] wf=85 task=2473 planned=vm14 no-idle-reserved -> on-demand vm=1160
[t=   3414.1378][DISPATCH              ] wf=85 task=2474 planned=vm0 no-idle-reserved -> on-demand vm=1161
[t=   3414.1378][DISPATCH              ] wf=85 task=2475 planned=vm46 no-idle-reserved -> on-demand vm=1162
[t=   3414.1378][DISPATCH              ] wf=85 task=2476 planned=vm46 no-idle-reserved -> on-demand vm=1163
[t=   3414.1378][DISPATCH              ] wf=85 task=2477 planned=vm46 no-idle-reserved -> on-demand vm=1164
[t=   3414.1378][DISPATCH              ] wf=85 task=2478 planned=vm13 no-idle-reserved -> on-demand vm=1165
[t=   3414.1378][DISPATCH              ] wf=85 task=2479 planned=vm46 no-idle-reserved -> on-demand vm=1166
[t=   3414.1378][DISPATCH              ] wf=85 task=2480 planned=vm34 no-idle-reserved -> on-demand vm=1167
[t=   3414.1378][DISPATCH              ] wf=85 task=2481 planned=vm41 no-idle-reserved -> on-demand vm=1168
[t=   3414.1378][DISPATCH              ] wf=85 task=2482 planned=vm14 no-idle-reserved -> on-demand vm=1169
[t=   3414.3288][TASK-COMPLETE         ] task=2344 wf=80 vm=996(on-demand) actualCPU=188.3934s cost=$0.170496
[t=   3414.7228][TASK-COMPLETE         ] task=2226 wf=77 vm=36(reserved) actualCPU=229.7134s
[t=   3414.7228][DISPATCH              ] wf=77 task=2237 planned=vm6 BUSY -> advanced to vm=36
[t=   3414.7228][DISPATCH              ] wf=77 task=2238 planned=vm20 no-idle-reserved -> on-demand vm=1170
[t=   3414.8228][DISPATCH              ] wf=77 task=2238 planned=vm20 no-idle-reserved -> on-demand vm=1170
[t=   3415.7578][TASK-COMPLETE         ] task=111 wf=3 vm=6(reserved) actualCPU=241.5980s
[t=   3415.7578][WF-COMPLETE           ] wf=3 completionTime=3415.7578 deadline=4078.4019 margin=662.6441 -> MET
[t=   3418.9348][TASK-COMPLETE         ] task=2314 wf=80 vm=970(on-demand) actualCPU=192.9994s cost=$0.174664
[t=   3419.6768][TASK-COMPLETE         ] task=2522 wf=86 vm=1097(on-demand) actualCPU=62.4584s cost=$0.056525
[t=   3419.9998][TASK-COMPLETE         ] task=2307 wf=79 vm=1067(on-demand) actualCPU=91.3643s cost=$0.082685
[t=   3420.7778][TASK-COMPLETE         ] task=712 wf=24 vm=12(reserved) actualCPU=108.1083s
[t=   3420.7778][DISPATCH              ] wf=24 task=713 planned=vm7 BUSY -> advanced to vm=6
[t=   3421.4948][TASK-COMPLETE         ] task=2576 wf=89 vm=1101(on-demand) actualCPU=30.3719s cost=$0.027487
[t=   3421.5405][TASK-COMPLETE         ] task=2239 wf=77 vm=947(on-demand) actualCPU=236.4310s cost=$0.213970
[t=   3423.2148][TASK-COMPLETE         ] task=2293 wf=79 vm=1053(on-demand) actualCPU=94.5793s cost=$0.085594
[t=   3424.4138][TASK-COMPLETE         ] task=2245 wf=77 vm=953(on-demand) actualCPU=239.3044s cost=$0.216570
[t=   3425.8948][TASK-COMPLETE         ] task=2092 wf=72 vm=19(reserved) actualCPU=215.2360s
[t=   3425.8948][DISPATCH              ] wf=72 task=2093 planned=vm1 BUSY -> advanced to vm=12
[t=   3425.9575][TASK-COMPLETE         ] task=2242 wf=77 vm=950(on-demand) actualCPU=240.8480s cost=$0.217967
[t=   3426.5045][TASK-COMPLETE         ] task=2327 wf=80 vm=981(on-demand) actualCPU=200.5690s cost=$0.181515
[t=   3427.6335][TASK-COMPLETE         ] task=2422 wf=83 vm=1035(on-demand) actualCPU=143.2148s cost=$0.129609
[t=   3427.7425][TASK-COMPLETE         ] task=542 wf=18 vm=10(reserved) actualCPU=89.5100s
[t=   3427.7425][DISPATCH              ] wf=18 task=543 planned=vm6 BUSY -> advanced to vm=10
[t=   3428.0025][TASK-COMPLETE         ] task=2592 wf=89 vm=1115(on-demand) actualCPU=36.8796s cost=$0.033376
[t=   3430.3325][TASK-COMPLETE         ] task=2421 wf=83 vm=1034(on-demand) actualCPU=145.9138s cost=$0.132052
[t=   3430.3965][TASK-COMPLETE         ] task=2333 wf=80 vm=987(on-demand) actualCPU=204.4610s cost=$0.185037
[t=   3432.1455][TASK-COMPLETE         ] task=2252 wf=77 vm=958(on-demand) actualCPU=247.0360s cost=$0.223568
[t=   3432.2785][TASK-COMPLETE         ] task=1748 wf=60 vm=28(reserved) actualCPU=210.2227s
[t=   3432.2785][DISPATCH              ] wf=60 task=1749 planned=vm24 BUSY -> advanced to vm=19
[t=   3432.6525][TASK-COMPLETE         ] task=282 wf=9 vm=13(reserved) actualCPU=196.6490s
[t=   3432.6525][DISPATCH              ] wf=9 task=283 planned=vm2 BUSY -> advanced to vm=13
[t=   3433.9035][TASK-COMPLETE         ] task=2397 wf=83 vm=41(reserved) actualCPU=149.5848s
[t=   3434.4445][TASK-COMPLETE         ] task=2582 wf=89 vm=1107(on-demand) actualCPU=43.3216s cost=$0.039206
[t=   3437.0485][TASK-COMPLETE         ] task=1489 wf=51 vm=8(reserved) actualCPU=299.4707s
[t=   3437.0485][DISPATCH              ] wf=51 task=1490 planned=vm11 BUSY -> advanced to vm=8
[t=   3437.1525][TASK-COMPLETE         ] task=1921 wf=66 vm=9(reserved) actualCPU=120.6760s
[t=   3437.1525][DISPATCH              ] wf=66 task=1922 planned=vm27 BUSY -> advanced to vm=9
[t=   3437.2115][TASK-COMPLETE         ] task=2330 wf=80 vm=984(on-demand) actualCPU=211.2760s cost=$0.191205
[t=   3439.5275][TASK-COMPLETE         ] task=2341 wf=80 vm=993(on-demand) actualCPU=213.5920s cost=$0.193301
[t=   3440.2085][TASK-COMPLETE         ] task=2493 wf=86 vm=1072(on-demand) actualCPU=82.9901s cost=$0.075106
[t=   3443.1085][TASK-COMPLETE         ] task=2298 wf=79 vm=1058(on-demand) actualCPU=114.4730s cost=$0.103598
[t=   3443.6755][TASK-COMPLETE         ] task=2583 wf=89 vm=1108(on-demand) actualCPU=52.5526s cost=$0.047560
[t=   3444.2525][TASK-COMPLETE         ] task=2510 wf=86 vm=1087(on-demand) actualCPU=87.0341s cost=$0.078766
[t=   3445.6285][TASK-COMPLETE         ] task=2006 wf=69 vm=17(reserved) actualCPU=36.4837s
[t=   3445.6285][DISPATCH              ] wf=69 task=2007 planned=vm21 BUSY -> advanced to vm=17
[t=   3445.6805][TASK-COMPLETE         ] task=2297 wf=79 vm=1057(on-demand) actualCPU=117.0450s cost=$0.105926
[t=   3445.7299][TASK-COMPLETE         ] task=2579 wf=89 vm=1104(on-demand) actualCPU=54.6070s cost=$0.049419
[t=   3449.5565][TASK-COMPLETE         ] task=2517 wf=86 vm=1092(on-demand) actualCPU=92.3381s cost=$0.083566
[t=   3449.6715][TASK-COMPLETE         ] task=2209 wf=76 vm=266(on-demand) actualCPU=194.6250s cost=$0.176136
[t=   3451.2955][TASK-COMPLETE         ] task=369 wf=12 vm=1(reserved) actualCPU=196.6490s
[t=   3451.2955][DISPATCH              ] wf=12 task=370 planned=vm4 BUSY -> advanced to vm=1
[t=   3451.5245][TASK-COMPLETE         ] task=2491 wf=86 vm=1070(on-demand) actualCPU=94.3061s cost=$0.085347
[t=   3451.7065][TASK-COMPLETE         ] task=2391 wf=82 vm=1146(on-demand) actualCPU=53.7987s cost=$0.048688
[t=   3451.7724][TASK-COMPLETE         ] task=2497 wf=86 vm=1076(on-demand) actualCPU=94.5540s cost=$0.085571
[t=   3453.2854][TASK-COMPLETE         ] task=2398 wf=83 vm=403(on-demand) actualCPU=168.9668s cost=$0.152915
[t=   3453.5814][TASK-COMPLETE         ] task=2609 wf=89 vm=1130(on-demand) actualCPU=62.4585s cost=$0.056525
[t=   3455.6494][TASK-COMPLETE         ] task=2313 wf=80 vm=969(on-demand) actualCPU=229.7140s cost=$0.207891
[t=   3455.6494][DISPATCH              ] wf=80 task=2324 planned=vm16 BUSY -> advanced to vm=28
[t=   3455.6494][DISPATCH              ] wf=80 task=2325 planned=vm45 BUSY -> advanced to vm=41
[t=   3458.3584][TASK-COMPLETE         ] task=1317 wf=45 vm=11(reserved) actualCPU=137.5409s
[t=   3458.3584][DISPATCH              ] wf=45 task=1318 planned=vm16 BUSY -> advanced to vm=11
[t=   3458.7584][TASK-COMPLETE         ] task=798 wf=27 vm=5(reserved) actualCPU=53.6576s
[t=   3458.7584][DISPATCH              ] wf=27 task=799 planned=vm10 BUSY -> advanced to vm=5
[t=   3459.6644][TASK-COMPLETE         ] task=2289 wf=79 vm=45(reserved) actualCPU=131.1289s
[t=   3462.0584][TASK-COMPLETE         ] task=2262 wf=77 vm=968(on-demand) actualCPU=276.9490s cost=$0.250639
[t=   3462.3664][TASK-COMPLETE         ] task=2326 wf=80 vm=980(on-demand) actualCPU=236.4310s cost=$0.213970
[t=   3462.3788][TASK-COMPLETE         ] task=2093 wf=72 vm=12(reserved) actualCPU=36.4840s
[t=   3462.3788][DISPATCH              ] wf=72 task=2094 planned=vm28 BUSY -> advanced to vm=12
[t=   3464.6858][TASK-COMPLETE         ] task=2299 wf=79 vm=1059(on-demand) actualCPU=136.0503s cost=$0.123126
[t=   3464.7368][TASK-COMPLETE         ] task=2395 wf=82 vm=1150(on-demand) actualCPU=66.8290s cost=$0.060480
[t=   3465.2398][TASK-COMPLETE         ] task=2332 wf=80 vm=986(on-demand) actualCPU=239.3044s cost=$0.216570
[t=   3465.9338][TASK-COMPLETE         ] task=283 wf=9 vm=13(reserved) actualCPU=33.2813s
[t=   3465.9338][DISPATCH              ] wf=9 task=284 planned=vm1 BUSY -> advanced to vm=13
[t=   3466.3534][NEGOTIATE             ] wf=90 tasks=24 arrivalTime=3466.3534 deadline=7442.6938 cp=3313.6040 BETA*cp=3644.9644 slack=3976.3404 -> ACCEPTED
[t=   3466.3534][DISPATCH              ] wf=90 task=2611 planned=vm11 BUSY -> advanced to vm=45
[t=   3466.7828][TASK-COMPLETE         ] task=2329 wf=80 vm=983(on-demand) actualCPU=240.8474s cost=$0.217967
[t=   3466.8184][TASK-COMPLETE         ] task=2490 wf=86 vm=1069(on-demand) actualCPU=109.6000s cost=$0.099188
[t=   3467.9364][TASK-COMPLETE         ] task=2478 wf=85 vm=1165(on-demand) actualCPU=53.7986s cost=$0.048688
[t=   3469.7134][TASK-COMPLETE         ] task=198 wf=6 vm=4(reserved) actualCPU=241.5980s
[t=   3469.7134][WF-COMPLETE           ] wf=6 completionTime=3469.7134 deadline=4132.4591 margin=662.7456 -> MET
[t=   3471.2574][TASK-COMPLETE         ] task=2300 wf=79 vm=1060(on-demand) actualCPU=142.6219s cost=$0.129073
[t=   3471.6674][TASK-COMPLETE         ] task=1144 wf=39 vm=18(reserved) actualCPU=279.8826s
[t=   3471.6674][DISPATCH              ] wf=39 task=1145 planned=vm12 BUSY -> advanced to vm=4
[t=   3471.7334][TASK-COMPLETE         ] task=2519 wf=86 vm=1094(on-demand) actualCPU=114.5150s cost=$0.103636
[t=   3471.9334][TASK-COMPLETE         ] task=2204 wf=76 vm=32(reserved) actualCPU=216.8870s
[t=   3472.1234][TASK-COMPLETE         ] task=2306 wf=79 vm=1066(on-demand) actualCPU=143.4879s cost=$0.129857
[t=   3472.8124][TASK-COMPLETE         ] task=2431 wf=83 vm=1042(on-demand) actualCPU=188.3938s cost=$0.170496
[t=   3472.9724][TASK-COMPLETE         ] task=2339 wf=80 vm=991(on-demand) actualCPU=247.0370s cost=$0.223568
[t=   3473.5214][TASK-COMPLETE         ] task=2520 wf=86 vm=1095(on-demand) actualCPU=116.3030s cost=$0.105254
[t=   3474.1134][TASK-COMPLETE         ] task=2580 wf=89 vm=1105(on-demand) actualCPU=82.9905s cost=$0.075106
[t=   3474.2884][TASK-COMPLETE         ] task=2237 wf=77 vm=36(reserved) actualCPU=59.5656s
[t=   3474.6514][TASK-COMPLETE         ] task=2302 wf=79 vm=1062(on-demand) actualCPU=146.0159s cost=$0.132144
[t=   3475.7144][TASK-COMPLETE         ] task=2301 wf=79 vm=1061(on-demand) actualCPU=147.0789s cost=$0.133106
[t=   3476.0925][NEGOTIATE             ] wf=91 tasks=23 arrivalTime=3476.0925 deadline=4037.9997 cp=468.2550 BETA*cp=515.0805 slack=561.9072 -> ACCEPTED
[t=   3476.0925][DISPATCH              ] wf=91 task=2635 planned=vm5 BUSY -> advanced to vm=18
[t=   3477.4184][TASK-COMPLETE         ] task=2401 wf=83 vm=1016(on-demand) actualCPU=192.9998s cost=$0.174665
[t=   3478.0014][TASK-COMPLETE         ] task=2292 wf=79 vm=1052(on-demand) actualCPU=149.3659s cost=$0.135176
[t=   3478.1574][TASK-COMPLETE         ] task=2597 wf=89 vm=1120(on-demand) actualCPU=87.0345s cost=$0.078766
[t=   3478.5674][TASK-COMPLETE         ] task=2494 wf=86 vm=1073(on-demand) actualCPU=121.3490s cost=$0.109821
[t=   3478.6075][TASK-COMPLETE         ] task=2253 wf=77 vm=959(on-demand) actualCPU=293.4980s cost=$0.265616
[t=   3478.8904][TASK-COMPLETE         ] task=2260 wf=77 vm=966(on-demand) actualCPU=293.7810s cost=$0.265872
[t=   3480.9664][TASK-COMPLETE         ] task=2482 wf=85 vm=1169(on-demand) actualCPU=66.8286s cost=$0.060480
[t=   3481.6974][TASK-COMPLETE         ] task=2516 wf=86 vm=1091(on-demand) actualCPU=124.4790s cost=$0.112653
[t=   3482.0644][TASK-COMPLETE         ] task=2548 wf=88 vm=46(reserved) actualCPU=113.7950s
[t=   3482.0644][DISPATCH              ] wf=88 task=2549 planned=vm43 BUSY -> advanced to vm=32
[t=   3482.0644][DISPATCH              ] wf=88 task=2550 planned=vm18 BUSY -> advanced to vm=36
[t=   3482.0644][DISPATCH              ] wf=88 task=2551 planned=vm43 BUSY -> advanced to vm=46
[t=   3482.0644][DISPATCH              ] wf=88 task=2552 planned=vm43 no-idle-reserved -> on-demand vm=266
[t=   3482.0644][DISPATCH              ] wf=88 task=2553 planned=vm43 no-idle-reserved -> on-demand vm=403
[t=   3482.0644][DISPATCH              ] wf=88 task=2554 planned=vm36 no-idle-reserved -> on-demand vm=1171
[t=   3482.0644][DISPATCH              ] wf=88 task=2555 planned=vm43 no-idle-reserved -> on-demand vm=1172
[t=   3482.0644][DISPATCH              ] wf=88 task=2556 planned=vm43 no-idle-reserved -> on-demand vm=1173
[t=   3482.0644][DISPATCH              ] wf=88 task=2557 planned=vm43 no-idle-reserved -> on-demand vm=1174
[t=   3482.0644][DISPATCH              ] wf=88 task=2558 planned=vm47 no-idle-reserved -> on-demand vm=1175
[t=   3482.0644][DISPATCH              ] wf=88 task=2559 planned=vm18 no-idle-reserved -> on-demand vm=1176
[t=   3482.0644][DISPATCH              ] wf=88 task=2560 planned=vm43 no-idle-reserved -> on-demand vm=1177
[t=   3482.0644][DISPATCH              ] wf=88 task=2561 planned=vm43 no-idle-reserved -> on-demand vm=1178
[t=   3482.0644][DISPATCH              ] wf=88 task=2562 planned=vm43 no-idle-reserved -> on-demand vm=1179
[t=   3482.0644][DISPATCH              ] wf=88 task=2563 planned=vm43 no-idle-reserved -> on-demand vm=1180
[t=   3482.0644][DISPATCH              ] wf=88 task=2564 planned=vm43 no-idle-reserved -> on-demand vm=1181
[t=   3482.0644][DISPATCH              ] wf=88 task=2565 planned=vm12 no-idle-reserved -> on-demand vm=1182
[t=   3482.0644][DISPATCH              ] wf=88 task=2566 planned=vm43 no-idle-reserved -> on-demand vm=1183
[t=   3482.0644][DISPATCH              ] wf=88 task=2567 planned=vm43 no-idle-reserved -> on-demand vm=1184
[t=   3482.0644][DISPATCH              ] wf=88 task=2568 planned=vm27 no-idle-reserved -> on-demand vm=1185
[t=   3482.0644][DISPATCH              ] wf=88 task=2569 planned=vm14 no-idle-reserved -> on-demand vm=1186
[t=   3482.1644][DISPATCH              ] wf=88 task=2554 planned=vm36 no-idle-reserved -> on-demand vm=1171
[t=   3482.1644][DISPATCH              ] wf=88 task=2555 planned=vm43 no-idle-reserved -> on-demand vm=1172
[t=   3482.1644][DISPATCH              ] wf=88 task=2556 planned=vm43 no-idle-reserved -> on-demand vm=1173
[t=   3482.1644][DISPATCH              ] wf=88 task=2557 planned=vm43 no-idle-reserved -> on-demand vm=1174
[t=   3482.1644][DISPATCH              ] wf=88 task=2558 planned=vm47 no-idle-reserved -> on-demand vm=1175
[t=   3482.1644][DISPATCH              ] wf=88 task=2559 planned=vm18 no-idle-reserved -> on-demand vm=1176
[t=   3482.1644][DISPATCH              ] wf=88 task=2560 planned=vm43 no-idle-reserved -> on-demand vm=1177
[t=   3482.1644][DISPATCH              ] wf=88 task=2561 planned=vm43 no-idle-reserved -> on-demand vm=1178
[t=   3482.1644][DISPATCH              ] wf=88 task=2562 planned=vm43 no-idle-reserved -> on-demand vm=1179
[t=   3482.1644][DISPATCH              ] wf=88 task=2563 planned=vm43 no-idle-reserved -> on-demand vm=1180
[t=   3482.1644][DISPATCH              ] wf=88 task=2564 planned=vm43 no-idle-reserved -> on-demand vm=1181
[t=   3482.1644][DISPATCH              ] wf=88 task=2565 planned=vm12 no-idle-reserved -> on-demand vm=1182
[t=   3482.1644][DISPATCH              ] wf=88 task=2566 planned=vm43 no-idle-reserved -> on-demand vm=1183
[t=   3482.1644][DISPATCH              ] wf=88 task=2567 planned=vm43 no-idle-reserved -> on-demand vm=1184
[t=   3482.1644][DISPATCH              ] wf=88 task=2568 planned=vm27 no-idle-reserved -> on-demand vm=1185
[t=   3482.1644][DISPATCH              ] wf=88 task=2569 planned=vm14 no-idle-reserved -> on-demand vm=1186
[t=   3483.4614][TASK-COMPLETE         ] task=2604 wf=89 vm=1125(on-demand) actualCPU=92.3385s cost=$0.083566
[t=   3484.5774][TASK-COMPLETE         ] task=370 wf=12 vm=1(reserved) actualCPU=33.2819s
[t=   3484.5774][DISPATCH              ] wf=12 task=371 planned=vm2 BUSY -> advanced to vm=1
[t=   3484.7964][TASK-COMPLETE         ] task=2241 wf=77 vm=949(on-demand) actualCPU=299.6870s cost=$0.271217
[t=   3484.7964][DISPATCH              ] wf=77 task=2251 planned=vm1 no-idle-reserved -> on-demand vm=1187
[t=   3484.8964][DISPATCH              ] wf=77 task=2251 planned=vm1 no-idle-reserved -> on-demand vm=1187
[t=   3484.9884][TASK-COMPLETE         ] task=2414 wf=83 vm=1027(on-demand) actualCPU=200.5698s cost=$0.181516
[t=   3485.4294][TASK-COMPLETE         ] task=2578 wf=89 vm=1103(on-demand) actualCPU=94.3065s cost=$0.085347
[t=   3485.6764][TASK-COMPLETE         ] task=2584 wf=89 vm=1109(on-demand) actualCPU=94.5535s cost=$0.085571
[t=   3487.5934][TASK-COMPLETE         ] task=627 wf=21 vm=15(reserved) actualCPU=115.8950s
[t=   3487.5934][DISPATCH              ] wf=21 task=628 planned=vm8 BUSY -> advanced to vm=15
[t=   3488.8794][TASK-COMPLETE         ] task=2420 wf=83 vm=1033(on-demand) actualCPU=204.4608s cost=$0.185037
[t=   3489.2724][TASK-COMPLETE         ] task=2394 wf=82 vm=1149(on-demand) actualCPU=91.3646s cost=$0.082685
[t=   3491.1154][TASK-COMPLETE         ] task=1490 wf=51 vm=8(reserved) actualCPU=54.0669s
[t=   3491.1154][DISPATCH              ] wf=51 task=1491 planned=vm14 BUSY -> advanced to vm=8
[t=   3492.2044][TASK-COMPLETE         ] task=2611 wf=90 vm=45(reserved) actualCPU=25.8511s
[t=   3492.2044][DISPATCH              ] wf=90 task=2612 planned=vm13 BUSY -> advanced to vm=45
[t=   3492.4874][TASK-COMPLETE         ] task=2380 wf=82 vm=1135(on-demand) actualCPU=94.5796s cost=$0.085595
[t=   3495.1274][TASK-COMPLETE         ] task=1662 wf=57 vm=29(reserved) actualCPU=231.0060s
[t=   3495.1274][DISPATCH              ] wf=57 task=1663 planned=vm22 BUSY -> advanced to vm=29
[t=   3495.6944][TASK-COMPLETE         ] task=2417 wf=83 vm=1030(on-demand) actualCPU=211.2758s cost=$0.191205
[t=   3498.0114][TASK-COMPLETE         ] task=2428 wf=83 vm=1039(on-demand) actualCPU=213.5928s cost=$0.193301
[t=   3500.4334][TASK-COMPLETE         ] task=2509 wf=86 vm=1086(on-demand) actualCPU=143.2150s cost=$0.129610
[t=   3500.7224][TASK-COMPLETE         ] task=2577 wf=89 vm=1102(on-demand) actualCPU=109.5995s cost=$0.099188
[t=   3502.2074][TASK-COMPLETE         ] task=2201 wf=76 vm=16(reserved) actualCPU=247.1610s
[t=   3502.2258][TASK-COMPLETE         ] task=284 wf=9 vm=13(reserved) actualCPU=36.2920s
[t=   3502.2258][DISPATCH              ] wf=9 task=285 planned=vm0 BUSY -> advanced to vm=13
[t=   3502.8838][TASK-COMPLETE         ] task=2349 wf=80 vm=1001(on-demand) actualCPU=276.9484s cost=$0.250638
[t=   3502.9885][TASK-COMPLETE         ] task=2208 wf=76 vm=49(reserved) actualCPU=247.9420s
[t=   3503.1315][TASK-COMPLETE         ] task=2508 wf=86 vm=1085(on-demand) actualCPU=145.9130s cost=$0.132051
[t=   3503.4685][TASK-COMPLETE         ] task=713 wf=24 vm=6(reserved) actualCPU=82.6906s
[t=   3503.4685][DISPATCH              ] wf=24 task=714 planned=vm9 BUSY -> advanced to vm=6
[t=   3505.0695][TASK-COMPLETE         ] task=2216 wf=76 vm=1008(on-demand) actualCPU=249.9230s cost=$0.226180
[t=   3505.5025][TASK-COMPLETE         ] task=2481 wf=85 vm=1168(on-demand) actualCPU=91.3646s cost=$0.082685
[t=   3505.6375][TASK-COMPLETE         ] task=2606 wf=89 vm=1127(on-demand) actualCPU=114.5145s cost=$0.103636
[t=   3506.7025][TASK-COMPLETE         ] task=2484 wf=86 vm=2(reserved) actualCPU=149.5840s
[t=   3506.9675][TASK-COMPLETE         ] task=2218 wf=76 vm=1010(on-demand) actualCPU=251.8210s cost=$0.227898
[t=   3507.4165][TASK-COMPLETE         ] task=2238 wf=77 vm=1170(on-demand) actualCPU=92.5936s cost=$0.083797
[t=   3507.4165][DISPATCH              ] wf=77 task=2250 planned=vm9 BUSY -> advanced to vm=2
[t=   3507.5265][TASK-COMPLETE         ] task=2607 wf=89 vm=1128(on-demand) actualCPU=116.4035s cost=$0.105345
[t=   3508.7175][TASK-COMPLETE         ] task=2467 wf=85 vm=1154(on-demand) actualCPU=94.5796s cost=$0.085595
[t=   3512.3805][TASK-COMPLETE         ] task=2385 wf=82 vm=1140(on-demand) actualCPU=114.4726s cost=$0.103598
[t=   3512.4719][TASK-COMPLETE         ] task=2581 wf=89 vm=1106(on-demand) actualCPU=121.3490s cost=$0.109821
[t=   3514.1319][TASK-COMPLETE         ] task=2400 wf=83 vm=1015(on-demand) actualCPU=229.7133s cost=$0.207891
[t=   3514.1319][DISPATCH              ] wf=83 task=2411 planned=vm31 BUSY -> advanced to vm=16
[t=   3514.1319][DISPATCH              ] wf=83 task=2412 planned=vm48 BUSY -> advanced to vm=49
[t=   3514.9519][TASK-COMPLETE         ] task=2384 wf=82 vm=1139(on-demand) actualCPU=117.0441s cost=$0.105925
[t=   3515.2149][TASK-COMPLETE         ] task=2324 wf=80 vm=28(reserved) actualCPU=59.5655s
[t=   3515.6019][TASK-COMPLETE         ] task=2603 wf=89 vm=1124(on-demand) actualCPU=124.4790s cost=$0.112653
[t=   3516.1059][TASK-COMPLETE         ] task=2612 wf=90 vm=45(reserved) actualCPU=23.9015s
[t=   3516.1059][DISPATCH              ] wf=90 task=2613 planned=vm36 BUSY -> advanced to vm=28
[t=   3519.4329][TASK-COMPLETE         ] task=2340 wf=80 vm=992(on-demand) actualCPU=293.4975s cost=$0.265615
[t=   3519.7159][TASK-COMPLETE         ] task=2347 wf=80 vm=999(on-demand) actualCPU=293.7805s cost=$0.265871
[t=   3520.8489][TASK-COMPLETE         ] task=2413 wf=83 vm=1026(on-demand) actualCPU=236.4303s cost=$0.213969
[t=   3520.8694][TASK-COMPLETE         ] task=371 wf=12 vm=1(reserved) actualCPU=36.2920s
[t=   3520.8694][DISPATCH              ] wf=12 task=372 planned=vm3 BUSY -> advanced to vm=1
[t=   3523.2609][TASK-COMPLETE         ] task=2296 wf=79 vm=1056(on-demand) actualCPU=194.6254s cost=$0.176136
[t=   3523.7229][TASK-COMPLETE         ] task=2419 wf=83 vm=1032(on-demand) actualCPU=239.3043s cost=$0.216570
[t=   3525.2659][TASK-COMPLETE         ] task=2416 wf=83 vm=1029(on-demand) actualCPU=240.8473s cost=$0.217967
[t=   3525.6219][TASK-COMPLETE         ] task=2328 wf=80 vm=982(on-demand) actualCPU=299.6865s cost=$0.271216
[t=   3525.6219][DISPATCH              ] wf=80 task=2338 planned=vm7 BUSY -> advanced to vm=45
[t=   3526.0849][TASK-COMPLETE         ] task=2485 wf=86 vm=25(reserved) actualCPU=168.9665s
[t=   3527.4109][TASK-COMPLETE         ] task=884 wf=30 vm=27(reserved) actualCPU=241.5021s
[t=   3527.4109][DISPATCH              ] wf=30 task=885 planned=vm1 BUSY -> advanced to vm=25
[t=   3528.6099][TASK-COMPLETE         ] task=2472 wf=85 vm=1159(on-demand) actualCPU=114.4721s cost=$0.103597
[t=   3528.9359][TASK-COMPLETE         ] task=2376 wf=82 vm=40(reserved) actualCPU=131.1281s
[t=   3531.1819][TASK-COMPLETE         ] task=2471 wf=85 vm=1158(on-demand) actualCPU=117.0441s cost=$0.105925
[t=   3531.4549][TASK-COMPLETE         ] task=2426 wf=83 vm=1037(on-demand) actualCPU=247.0363s cost=$0.223568
[t=   3533.9579][TASK-COMPLETE         ] task=2386 wf=82 vm=1141(on-demand) actualCPU=136.0501s cost=$0.123125
[t=   3534.3379][TASK-COMPLETE         ] task=2596 wf=89 vm=1119(on-demand) actualCPU=143.2150s cost=$0.129610
[t=   3534.4014][TASK-COMPLETE         ] task=2251 wf=77 vm=1187(on-demand) actualCPU=49.5050s cost=$0.044802
[t=   3535.9629][TASK-COMPLETE         ] task=2565 wf=88 vm=1182(on-demand) actualCPU=53.7985s cost=$0.048688
[t=   3537.0369][TASK-COMPLETE         ] task=2595 wf=89 vm=1118(on-demand) actualCPU=145.9140s cost=$0.132052
[t=   3538.2992][NEGOTIATE             ] wf=92 tasks=40 arrivalTime=3538.2992 deadline=4101.2552 cp=469.1290 BETA*cp=516.0419 slack=562.9560 -> ACCEPTED
[t=   3538.2992][DISPATCH              ] wf=92 task=2658 planned=vm26 BUSY -> advanced to vm=27
[t=   3538.2992][DISPATCH              ] wf=92 task=2659 planned=vm26 BUSY -> advanced to vm=40
[t=   3538.2992][DISPATCH              ] wf=92 task=2660 planned=vm2 no-idle-reserved -> on-demand vm=1188
[t=   3538.2992][DISPATCH              ] wf=92 task=2661 planned=vm26 no-idle-reserved -> on-demand vm=1189
[t=   3538.2992][DISPATCH              ] wf=92 task=2662 planned=vm26 no-idle-reserved -> on-demand vm=1190
[t=   3538.2992][DISPATCH              ] wf=92 task=2663 planned=vm10 no-idle-reserved -> on-demand vm=1191
[t=   3538.2992][DISPATCH              ] wf=92 task=2664 planned=vm22 no-idle-reserved -> on-demand vm=1192
[t=   3538.2992][DISPATCH              ] wf=92 task=2665 planned=vm42 no-idle-reserved -> on-demand vm=1193
[t=   3538.2992][DISPATCH              ] wf=92 task=2666 planned=vm13 no-idle-reserved -> on-demand vm=1194
[t=   3538.2992][DISPATCH              ] wf=92 task=2667 planned=vm38 no-idle-reserved -> on-demand vm=1195
[t=   3538.2992][DISPATCH              ] wf=92 task=2668 planned=vm26 no-idle-reserved -> on-demand vm=1196
[t=   3538.2992][DISPATCH              ] wf=92 task=2669 planned=vm20 no-idle-reserved -> on-demand vm=1197
[t=   3538.2992][DISPATCH              ] wf=92 task=2670 planned=vm1 no-idle-reserved -> on-demand vm=1198
[t=   3538.2992][DISPATCH              ] wf=92 task=2671 planned=vm20 no-idle-reserved -> on-demand vm=1199
[t=   3538.2992][DISPATCH              ] wf=92 task=2674 planned=vm26 no-idle-reserved -> on-demand vm=1200
[t=   3538.2992][DISPATCH              ] wf=92 task=2675 planned=vm26 no-idle-reserved -> on-demand vm=1201
[t=   3538.2992][DISPATCH              ] wf=92 task=2676 planned=vm26 no-idle-reserved -> on-demand vm=1202
[t=   3538.2992][DISPATCH              ] wf=92 task=2677 planned=vm26 no-idle-reserved -> on-demand vm=1203
[t=   3538.2992][DISPATCH              ] wf=92 task=2678 planned=vm26 no-idle-reserved -> on-demand vm=1204
[t=   3538.2992][DISPATCH              ] wf=92 task=2679 planned=vm0 no-idle-reserved -> on-demand vm=1205
[t=   3538.2992][DISPATCH              ] wf=92 task=2680 planned=vm26 no-idle-reserved -> on-demand vm=1206
[t=   3538.2992][DISPATCH              ] wf=92 task=2681 planned=vm26 no-idle-reserved -> on-demand vm=1207
[t=   3538.2992][DISPATCH              ] wf=92 task=2682 planned=vm39 no-idle-reserved -> on-demand vm=1208
[t=   3538.2992][DISPATCH              ] wf=92 task=2683 planned=vm3 no-idle-reserved -> on-demand vm=1209
[t=   3538.2992][DISPATCH              ] wf=92 task=2684 planned=vm27 no-idle-reserved -> on-demand vm=1210
[t=   3538.2992][DISPATCH              ] wf=92 task=2687 planned=vm28 no-idle-reserved -> on-demand vm=1211
[t=   3538.2992][DISPATCH              ] wf=92 task=2688 planned=vm0 no-idle-reserved -> on-demand vm=1212
[t=   3538.2992][DISPATCH              ] wf=92 task=2689 planned=vm16 no-idle-reserved -> on-demand vm=1213
[t=   3538.2992][DISPATCH              ] wf=92 task=2690 planned=vm14 no-idle-reserved -> on-demand vm=1214
[t=   3538.2992][DISPATCH              ] wf=92 task=2691 planned=vm5 no-idle-reserved -> on-demand vm=1215
[t=   3538.2992][DISPATCH              ] wf=92 task=2692 planned=vm17 no-idle-reserved -> on-demand vm=1216
[t=   3538.2992][DISPATCH              ] wf=92 task=2693 planned=vm7 no-idle-reserved -> on-demand vm=1217
[t=   3538.2992][DISPATCH              ] wf=92 task=2694 planned=vm10 no-idle-reserved -> on-demand vm=1218
[t=   3538.2992][DISPATCH              ] wf=92 task=2695 planned=vm20 no-idle-reserved -> on-demand vm=1219
[t=   3538.2992][DISPATCH              ] wf=92 task=2696 planned=vm4 no-idle-reserved -> on-demand vm=1220
[t=   3538.2992][DISPATCH              ] wf=92 task=2697 planned=vm6 no-idle-reserved -> on-demand vm=1221
[t=   3538.3709][TASK-COMPLETE         ] task=1404 wf=48 vm=3(reserved) actualCPU=137.5401s
[t=   3538.3709][DISPATCH              ] wf=92 task=2660 planned=vm2 BUSY -> advanced to vm=3
[t=   3538.3709][DISPATCH              ] wf=92 task=2661 planned=vm26 no-idle-reserved -> on-demand vm=1188
[t=   3538.3709][DISPATCH              ] wf=92 task=2662 planned=vm26 no-idle-reserved -> on-demand vm=1189
[t=   3538.3709][DISPATCH              ] wf=92 task=2663 planned=vm10 no-idle-reserved -> on-demand vm=1190
[t=   3538.3709][DISPATCH              ] wf=92 task=2664 planned=vm22 no-idle-reserved -> on-demand vm=1191
[t=   3538.3709][DISPATCH              ] wf=92 task=2665 planned=vm42 no-idle-reserved -> on-demand vm=1192
[t=   3538.3709][DISPATCH              ] wf=92 task=2666 planned=vm13 no-idle-reserved -> on-demand vm=1193
[t=   3538.3709][DISPATCH              ] wf=92 task=2667 planned=vm38 no-idle-reserved -> on-demand vm=1194
[t=   3538.3709][DISPATCH              ] wf=92 task=2668 planned=vm26 no-idle-reserved -> on-demand vm=1195
[t=   3538.3709][DISPATCH              ] wf=92 task=2669 planned=vm20 no-idle-reserved -> on-demand vm=1196
[t=   3538.3709][DISPATCH              ] wf=92 task=2670 planned=vm1 no-idle-reserved -> on-demand vm=1197
[t=   3538.3709][DISPATCH              ] wf=92 task=2671 planned=vm20 no-idle-reserved -> on-demand vm=1198
[t=   3538.3709][DISPATCH              ] wf=92 task=2674 planned=vm26 no-idle-reserved -> on-demand vm=1199
[t=   3538.3709][DISPATCH              ] wf=92 task=2675 planned=vm26 no-idle-reserved -> on-demand vm=1200
[t=   3538.3709][DISPATCH              ] wf=92 task=2676 planned=vm26 no-idle-reserved -> on-demand vm=1201
[t=   3538.3709][DISPATCH              ] wf=92 task=2677 planned=vm26 no-idle-reserved -> on-demand vm=1202
[t=   3538.3709][DISPATCH              ] wf=92 task=2678 planned=vm26 no-idle-reserved -> on-demand vm=1203
[t=   3538.3709][DISPATCH              ] wf=92 task=2679 planned=vm0 no-idle-reserved -> on-demand vm=1204
[t=   3538.3709][DISPATCH              ] wf=92 task=2680 planned=vm26 no-idle-reserved -> on-demand vm=1205
[t=   3538.3709][DISPATCH              ] wf=92 task=2681 planned=vm26 no-idle-reserved -> on-demand vm=1206
[t=   3538.3709][DISPATCH              ] wf=92 task=2682 planned=vm39 no-idle-reserved -> on-demand vm=1207
[t=   3538.3709][DISPATCH              ] wf=92 task=2683 planned=vm3 no-idle-reserved -> on-demand vm=1208
[t=   3538.3709][DISPATCH              ] wf=92 task=2684 planned=vm27 no-idle-reserved -> on-demand vm=1209
[t=   3538.3709][DISPATCH              ] wf=92 task=2687 planned=vm28 no-idle-reserved -> on-demand vm=1210
[t=   3538.3709][DISPATCH              ] wf=92 task=2688 planned=vm0 no-idle-reserved -> on-demand vm=1211
[t=   3538.3709][DISPATCH              ] wf=92 task=2689 planned=vm16 no-idle-reserved -> on-demand vm=1212
[t=   3538.3709][DISPATCH              ] wf=92 task=2690 planned=vm14 no-idle-reserved -> on-demand vm=1213
[t=   3538.3709][DISPATCH              ] wf=92 task=2691 planned=vm5 no-idle-reserved -> on-demand vm=1214
[t=   3538.3709][DISPATCH              ] wf=92 task=2692 planned=vm17 no-idle-reserved -> on-demand vm=1215
[t=   3538.3709][DISPATCH              ] wf=92 task=2693 planned=vm7 no-idle-reserved -> on-demand vm=1216
[t=   3538.3709][DISPATCH              ] wf=92 task=2694 planned=vm10 no-idle-reserved -> on-demand vm=1217
[t=   3538.3709][DISPATCH              ] wf=92 task=2695 planned=vm20 no-idle-reserved -> on-demand vm=1218
[t=   3538.3709][DISPATCH              ] wf=92 task=2696 planned=vm4 no-idle-reserved -> on-demand vm=1219
[t=   3538.3709][DISPATCH              ] wf=92 task=2697 planned=vm6 no-idle-reserved -> on-demand vm=1220
[t=   3538.3709][DISPATCH              ] wf=92 task=2661 planned=vm26 no-idle-reserved -> on-demand vm=1188
[t=   3538.3709][DISPATCH              ] wf=92 task=2662 planned=vm26 no-idle-reserved -> on-demand vm=1189
[t=   3538.3709][DISPATCH              ] wf=92 task=2663 planned=vm10 no-idle-reserved -> on-demand vm=1190
[t=   3538.3709][DISPATCH              ] wf=92 task=2664 planned=vm22 no-idle-reserved -> on-demand vm=1191
[t=   3538.3709][DISPATCH              ] wf=92 task=2665 planned=vm42 no-idle-reserved -> on-demand vm=1192
[t=   3538.3709][DISPATCH              ] wf=92 task=2666 planned=vm13 no-idle-reserved -> on-demand vm=1193
[t=   3538.3709][DISPATCH              ] wf=92 task=2667 planned=vm38 no-idle-reserved -> on-demand vm=1194
[t=   3538.3709][DISPATCH              ] wf=92 task=2668 planned=vm26 no-idle-reserved -> on-demand vm=1195
[t=   3538.3709][DISPATCH              ] wf=92 task=2669 planned=vm20 no-idle-reserved -> on-demand vm=1196
[t=   3538.3709][DISPATCH              ] wf=92 task=2670 planned=vm1 no-idle-reserved -> on-demand vm=1197
[t=   3538.3709][DISPATCH              ] wf=92 task=2671 planned=vm20 no-idle-reserved -> on-demand vm=1198
[t=   3538.3709][DISPATCH              ] wf=92 task=2674 planned=vm26 no-idle-reserved -> on-demand vm=1199
[t=   3538.3709][DISPATCH              ] wf=92 task=2675 planned=vm26 no-idle-reserved -> on-demand vm=1200
[t=   3538.3709][DISPATCH              ] wf=92 task=2676 planned=vm26 no-idle-reserved -> on-demand vm=1201
[t=   3538.3709][DISPATCH              ] wf=92 task=2677 planned=vm26 no-idle-reserved -> on-demand vm=1202
[t=   3538.3709][DISPATCH              ] wf=92 task=2678 planned=vm26 no-idle-reserved -> on-demand vm=1203
[t=   3538.3709][DISPATCH              ] wf=92 task=2679 planned=vm0 no-idle-reserved -> on-demand vm=1204
[t=   3538.3709][DISPATCH              ] wf=92 task=2680 planned=vm26 no-idle-reserved -> on-demand vm=1205
[t=   3538.3709][DISPATCH              ] wf=92 task=2681 planned=vm26 no-idle-reserved -> on-demand vm=1206
[t=   3538.3709][DISPATCH              ] wf=92 task=2682 planned=vm39 no-idle-reserved -> on-demand vm=1207
[t=   3538.3709][DISPATCH              ] wf=92 task=2683 planned=vm3 no-idle-reserved -> on-demand vm=1208
[t=   3538.3709][DISPATCH              ] wf=92 task=2684 planned=vm27 no-idle-reserved -> on-demand vm=1209
[t=   3538.3709][DISPATCH              ] wf=92 task=2687 planned=vm28 no-idle-reserved -> on-demand vm=1210
[t=   3538.3709][DISPATCH              ] wf=92 task=2688 planned=vm0 no-idle-reserved -> on-demand vm=1211
[t=   3538.3709][DISPATCH              ] wf=92 task=2689 planned=vm16 no-idle-reserved -> on-demand vm=1212
[t=   3538.3709][DISPATCH              ] wf=92 task=2690 planned=vm14 no-idle-reserved -> on-demand vm=1213
[t=   3538.3709][DISPATCH              ] wf=92 task=2691 planned=vm5 no-idle-reserved -> on-demand vm=1214
[t=   3538.3709][DISPATCH              ] wf=92 task=2692 planned=vm17 no-idle-reserved -> on-demand vm=1215
[t=   3538.3709][DISPATCH              ] wf=92 task=2693 planned=vm7 no-idle-reserved -> on-demand vm=1216
[t=   3538.3709][DISPATCH              ] wf=92 task=2694 planned=vm10 no-idle-reserved -> on-demand vm=1217
[t=   3538.3709][DISPATCH              ] wf=92 task=2695 planned=vm20 no-idle-reserved -> on-demand vm=1218
[t=   3538.3709][DISPATCH              ] wf=92 task=2696 planned=vm4 no-idle-reserved -> on-demand vm=1219
[t=   3538.3709][DISPATCH              ] wf=92 task=2697 planned=vm6 no-idle-reserved -> on-demand vm=1220
[t=   3538.3709][DISPATCH              ] wf=48 task=1405 planned=vm19 no-idle-reserved -> on-demand vm=1221
[t=   3538.3992][DISPATCH              ] wf=92 task=2661 planned=vm26 no-idle-reserved -> on-demand vm=1188
[t=   3538.3992][DISPATCH              ] wf=92 task=2662 planned=vm26 no-idle-reserved -> on-demand vm=1189
[t=   3538.3992][DISPATCH              ] wf=92 task=2663 planned=vm10 no-idle-reserved -> on-demand vm=1190
[t=   3538.3992][DISPATCH              ] wf=92 task=2664 planned=vm22 no-idle-reserved -> on-demand vm=1191
[t=   3538.3992][DISPATCH              ] wf=92 task=2665 planned=vm42 no-idle-reserved -> on-demand vm=1192
[t=   3538.3992][DISPATCH              ] wf=92 task=2666 planned=vm13 no-idle-reserved -> on-demand vm=1193
[t=   3538.3992][DISPATCH              ] wf=92 task=2667 planned=vm38 no-idle-reserved -> on-demand vm=1194
[t=   3538.3992][DISPATCH              ] wf=92 task=2668 planned=vm26 no-idle-reserved -> on-demand vm=1195
[t=   3538.3992][DISPATCH              ] wf=92 task=2669 planned=vm20 no-idle-reserved -> on-demand vm=1196
[t=   3538.3992][DISPATCH              ] wf=92 task=2670 planned=vm1 no-idle-reserved -> on-demand vm=1197
[t=   3538.3992][DISPATCH              ] wf=92 task=2671 planned=vm20 no-idle-reserved -> on-demand vm=1198
[t=   3538.3992][DISPATCH              ] wf=92 task=2674 planned=vm26 no-idle-reserved -> on-demand vm=1199
[t=   3538.3992][DISPATCH              ] wf=92 task=2675 planned=vm26 no-idle-reserved -> on-demand vm=1200
[t=   3538.3992][DISPATCH              ] wf=92 task=2676 planned=vm26 no-idle-reserved -> on-demand vm=1201
[t=   3538.3992][DISPATCH              ] wf=92 task=2677 planned=vm26 no-idle-reserved -> on-demand vm=1202
[t=   3538.3992][DISPATCH              ] wf=92 task=2678 planned=vm26 no-idle-reserved -> on-demand vm=1203
[t=   3538.3992][DISPATCH              ] wf=92 task=2679 planned=vm0 no-idle-reserved -> on-demand vm=1204
[t=   3538.3992][DISPATCH              ] wf=92 task=2680 planned=vm26 no-idle-reserved -> on-demand vm=1205
[t=   3538.3992][DISPATCH              ] wf=92 task=2681 planned=vm26 no-idle-reserved -> on-demand vm=1206
[t=   3538.3992][DISPATCH              ] wf=92 task=2682 planned=vm39 no-idle-reserved -> on-demand vm=1207
[t=   3538.3992][DISPATCH              ] wf=92 task=2683 planned=vm3 no-idle-reserved -> on-demand vm=1208
[t=   3538.3992][DISPATCH              ] wf=92 task=2684 planned=vm27 no-idle-reserved -> on-demand vm=1209
[t=   3538.3992][DISPATCH              ] wf=92 task=2687 planned=vm28 no-idle-reserved -> on-demand vm=1210
[t=   3538.3992][DISPATCH              ] wf=92 task=2688 planned=vm0 no-idle-reserved -> on-demand vm=1211
[t=   3538.3992][DISPATCH              ] wf=92 task=2689 planned=vm16 no-idle-reserved -> on-demand vm=1212
[t=   3538.3992][DISPATCH              ] wf=92 task=2690 planned=vm14 no-idle-reserved -> on-demand vm=1213
[t=   3538.3992][DISPATCH              ] wf=92 task=2691 planned=vm5 no-idle-reserved -> on-demand vm=1214
[t=   3538.3992][DISPATCH              ] wf=92 task=2692 planned=vm17 no-idle-reserved -> on-demand vm=1215
[t=   3538.3992][DISPATCH              ] wf=92 task=2693 planned=vm7 no-idle-reserved -> on-demand vm=1216
[t=   3538.3992][DISPATCH              ] wf=92 task=2694 planned=vm10 no-idle-reserved -> on-demand vm=1217
[t=   3538.3992][DISPATCH              ] wf=92 task=2695 planned=vm20 no-idle-reserved -> on-demand vm=1218
[t=   3538.3992][DISPATCH              ] wf=92 task=2696 planned=vm4 no-idle-reserved -> on-demand vm=1219
[t=   3538.3992][DISPATCH              ] wf=92 task=2697 planned=vm6 no-idle-reserved -> on-demand vm=1220
[t=   3538.3992][DISPATCH              ] wf=48 task=1405 planned=vm19 no-idle-reserved -> on-demand vm=1221
[t=   3538.8419][TASK-COMPLETE         ] task=2265 wf=78 vm=26(reserved) actualCPU=283.2005s
[t=   3538.8419][DISPATCH              ] wf=78 task=2266 planned=vm31 BUSY -> advanced to vm=26
[t=   3539.7079][TASK-COMPLETE         ] task=1576 wf=54 vm=14(reserved) actualCPU=299.4705s
[t=   3539.7079][DISPATCH              ] wf=54 task=1577 planned=vm2 BUSY -> advanced to vm=14
[t=   3540.5049][TASK-COMPLETE         ] task=2207 wf=76 vm=48(reserved) actualCPU=285.4585s
[t=   3540.5298][TASK-COMPLETE         ] task=2387 wf=82 vm=1142(on-demand) actualCPU=142.6220s cost=$0.129073
[t=   3540.6079][TASK-COMPLETE         ] task=2571 wf=89 vm=34(reserved) actualCPU=149.5850s
[t=   3541.3949][TASK-COMPLETE         ] task=2393 wf=82 vm=1148(on-demand) actualCPU=143.4871s cost=$0.129856
[t=   3543.6019][TASK-COMPLETE         ] task=628 wf=21 vm=15(reserved) actualCPU=56.0085s
[t=   3543.6019][DISPATCH              ] wf=21 task=629 planned=vm7 BUSY -> advanced to vm=15
[t=   3543.9229][TASK-COMPLETE         ] task=2389 wf=82 vm=1144(on-demand) actualCPU=146.0151s cost=$0.132144
[t=   3544.9859][TASK-COMPLETE         ] task=2388 wf=82 vm=1143(on-demand) actualCPU=147.0781s cost=$0.133106
[t=   3545.1659][TASK-COMPLETE         ] task=2463 wf=85 vm=42(reserved) actualCPU=131.1281s
[t=   3545.5219][TASK-COMPLETE         ] task=2291 wf=79 vm=1051(on-demand) actualCPU=216.8864s cost=$0.196282
[t=   3545.6124][TASK-COMPLETE         ] task=2518 wf=86 vm=1093(on-demand) actualCPU=188.3940s cost=$0.170497
[t=   3547.2729][TASK-COMPLETE         ] task=2379 wf=82 vm=1134(on-demand) actualCPU=149.3651s cost=$0.135175
[t=   3547.5159][TASK-COMPLETE         ] task=2203 wf=76 vm=31(reserved) actualCPU=292.4695s
[t=   3547.5159][DISPATCH              ] wf=76 task=2222 planned=vm2 BUSY -> advanced to vm=31
[t=   3548.2429][TASK-COMPLETE         ] task=2325 wf=80 vm=41(reserved) actualCPU=92.5935s
[t=   3548.2429][DISPATCH              ] wf=80 task=2337 planned=vm35 BUSY -> advanced to vm=34
[t=   3548.9929][TASK-COMPLETE         ] task=2569 wf=88 vm=1186(on-demand) actualCPU=66.8285s cost=$0.060480
[t=   3550.1179][TASK-COMPLETE         ] task=2488 wf=86 vm=43(reserved) actualCPU=192.9995s
[t=   3550.1888][TASK-COMPLETE         ] task=2473 wf=85 vm=1160(on-demand) actualCPU=136.0510s cost=$0.123126
[t=   3550.7338][TASK-COMPLETE         ] task=2660 wf=92 vm=3(reserved) actualCPU=12.3629s
[t=   3553.8168][TASK-COMPLETE         ] task=1835 wf=63 vm=21(reserved) actualCPU=210.2224s
[t=   3553.8168][DISPATCH              ] wf=63 task=1836 planned=vm17 BUSY -> advanced to vm=3
[t=   3553.9268][TASK-COMPLETE         ] task=2179 wf=75 vm=33(reserved) actualCPU=215.3383s
[t=   3553.9268][DISPATCH              ] wf=75 task=2180 planned=vm0 BUSY -> advanced to vm=21
[t=   3556.7598][TASK-COMPLETE         ] task=2474 wf=85 vm=1161(on-demand) actualCPU=142.6220s cost=$0.129073
[t=   3557.6258][TASK-COMPLETE         ] task=2480 wf=85 vm=1167(on-demand) actualCPU=143.4880s cost=$0.129857
[t=   3557.7878][TASK-COMPLETE         ] task=2501 wf=86 vm=1078(on-demand) actualCPU=200.5694s cost=$0.181515
[t=   3559.9898][TASK-COMPLETE         ] task=2572 wf=89 vm=37(reserved) actualCPU=168.9669s
[t=   3560.1538][TASK-COMPLETE         ] task=2476 wf=85 vm=1163(on-demand) actualCPU=146.0160s cost=$0.132144
[t=   3561.2168][TASK-COMPLETE         ] task=2475 wf=85 vm=1162(on-demand) actualCPU=147.0790s cost=$0.133106
[t=   3561.3668][TASK-COMPLETE         ] task=2436 wf=83 vm=1047(on-demand) actualCPU=276.9482s cost=$0.250638
[t=   3561.6788][TASK-COMPLETE         ] task=2507 wf=86 vm=1084(on-demand) actualCPU=204.4604s cost=$0.185037
[t=   3563.5038][TASK-COMPLETE         ] task=2466 wf=85 vm=1153(on-demand) actualCPU=149.3660s cost=$0.135176
[t=   3566.5383][NEGOTIATE             ] wf=93 tasks=24 arrivalTime=3566.5383 deadline=7542.8787 cp=3313.6040 BETA*cp=3644.9644 slack=3976.3404 -> ACCEPTED
[t=   3566.5383][DISPATCH              ] wf=93 task=2698 planned=vm2 BUSY -> advanced to vm=33
[t=   3566.8668][TASK-COMPLETE         ] task=799 wf=27 vm=5(reserved) actualCPU=108.1084s
[t=   3566.8668][DISPATCH              ] wf=27 task=800 planned=vm10 BUSY -> advanced to vm=5
[t=   3568.4938][TASK-COMPLETE         ] task=2504 wf=86 vm=1081(on-demand) actualCPU=211.2754s cost=$0.191204
[t=   3568.7708][TASK-COMPLETE         ] task=2663 wf=92 vm=1190(on-demand) actualCPU=30.3717s cost=$0.027486
[t=   3570.8108][TASK-COMPLETE         ] task=2515 wf=86 vm=1090(on-demand) actualCPU=213.5924s cost=$0.193301
[t=   3573.5288][TASK-COMPLETE         ] task=2568 wf=88 vm=1185(on-demand) actualCPU=91.3644s cost=$0.082685
[t=   3573.6978][TASK-COMPLETE         ] task=2411 wf=83 vm=16(reserved) actualCPU=59.5659s
[t=   3575.1268][TASK-COMPLETE         ] task=2338 wf=80 vm=45(reserved) actualCPU=49.5049s
[t=   3575.2788][TASK-COMPLETE         ] task=2679 wf=92 vm=1204(on-demand) actualCPU=36.8797s cost=$0.033376
[t=   3575.6958][TASK-COMPLETE         ] task=2288 wf=79 vm=35(reserved) actualCPU=247.1603s
[t=   3575.8758][TASK-COMPLETE         ] task=456 wf=15 vm=7(reserved) actualCPU=196.6494s
[t=   3575.8758][DISPATCH              ] wf=15 task=457 planned=vm1 BUSY -> advanced to vm=37
[t=   3576.5768][TASK-COMPLETE         ] task=2295 wf=79 vm=1055(on-demand) actualCPU=247.9413s cost=$0.224387
[t=   3576.7438][TASK-COMPLETE         ] task=2554 wf=88 vm=1171(on-demand) actualCPU=94.5794s cost=$0.085594
[t=   3577.9158][TASK-COMPLETE         ] task=2427 wf=83 vm=1038(on-demand) actualCPU=293.4972s cost=$0.265615
[t=   3578.1988][TASK-COMPLETE         ] task=2434 wf=83 vm=1045(on-demand) actualCPU=293.7802s cost=$0.265871
[t=   3578.5578][TASK-COMPLETE         ] task=2303 wf=79 vm=1063(on-demand) actualCPU=249.9223s cost=$0.226180
[t=   3579.5168][TASK-COMPLETE         ] task=2605 wf=89 vm=1126(on-demand) actualCPU=188.3939s cost=$0.170496
[t=   3580.4558][TASK-COMPLETE         ] task=2305 wf=79 vm=1065(on-demand) actualCPU=251.8203s cost=$0.227897
[t=   3581.0688][TASK-COMPLETE         ] task=885 wf=30 vm=25(reserved) actualCPU=53.6579s
[t=   3581.0688][DISPATCH              ] wf=30 task=886 planned=vm11 BUSY -> advanced to vm=7
[t=   3581.7208][TASK-COMPLETE         ] task=2669 wf=92 vm=1196(on-demand) actualCPU=43.3217s cost=$0.039206
[t=   3584.1048][TASK-COMPLETE         ] task=2415 wf=83 vm=1028(on-demand) actualCPU=299.6862s cost=$0.271216
[t=   3584.1048][DISPATCH              ] wf=83 task=2425 planned=vm2 BUSY -> advanced to vm=16
[t=   3584.1229][TASK-COMPLETE         ] task=2575 wf=89 vm=1100(on-demand) actualCPU=193.0000s cost=$0.174665
[t=   3586.4918][TASK-COMPLETE         ] task=2007 wf=69 vm=17(reserved) actualCPU=140.8633s
[t=   3586.4918][DISPATCH              ] wf=69 task=2008 planned=vm27 BUSY -> advanced to vm=17
[t=   3586.8318][TASK-COMPLETE         ] task=2487 wf=86 vm=39(reserved) actualCPU=229.7134s
[t=   3586.8318][DISPATCH              ] wf=86 task=2498 planned=vm28 BUSY -> advanced to vm=25
[t=   3586.8318][DISPATCH              ] wf=86 task=2499 -> vm=43 (planned reserved, was idle)
[t=   3589.8878][TASK-COMPLETE         ] task=2635 wf=91 vm=18(reserved) actualCPU=113.7954s
[t=   3589.8878][DISPATCH              ] wf=91 task=2636 planned=vm17 BUSY -> advanced to vm=18
[t=   3589.8878][DISPATCH              ] wf=91 task=2637 planned=vm22 BUSY -> advanced to vm=35
[t=   3589.8878][DISPATCH              ] wf=91 task=2638 -> vm=41 (planned reserved, was idle)
[t=   3589.8878][DISPATCH              ] wf=91 task=2639 planned=vm30 BUSY -> advanced to vm=39
[t=   3589.8878][DISPATCH              ] wf=91 task=2640 -> vm=48 (planned reserved, was idle)
[t=   3589.8878][DISPATCH              ] wf=91 task=2641 planned=vm8 BUSY -> advanced to vm=42
[t=   3589.8878][DISPATCH              ] wf=91 task=2642 planned=vm33 BUSY -> advanced to vm=45
[t=   3589.8878][DISPATCH              ] wf=91 task=2643 planned=vm18 no-idle-reserved -> on-demand vm=1190
[t=   3589.8878][DISPATCH              ] wf=91 task=2644 planned=vm25 no-idle-reserved -> on-demand vm=1196
[t=   3589.8878][DISPATCH              ] wf=91 task=2645 planned=vm23 no-idle-reserved -> on-demand vm=1204
[t=   3589.8878][DISPATCH              ] wf=91 task=2646 planned=vm3 no-idle-reserved -> on-demand vm=1222
[t=   3589.8878][DISPATCH              ] wf=91 task=2647 planned=vm4 no-idle-reserved -> on-demand vm=1223
[t=   3589.8878][DISPATCH              ] wf=91 task=2648 planned=vm16 no-idle-reserved -> on-demand vm=1224
[t=   3589.8878][DISPATCH              ] wf=91 task=2649 planned=vm32 no-idle-reserved -> on-demand vm=1225
[t=   3589.8878][DISPATCH              ] wf=91 task=2650 planned=vm31 no-idle-reserved -> on-demand vm=1226
[t=   3589.8878][DISPATCH              ] wf=91 task=2651 planned=vm35 no-idle-reserved -> on-demand vm=1227
[t=   3589.8878][DISPATCH              ] wf=91 task=2652 planned=vm3 no-idle-reserved -> on-demand vm=1228
[t=   3589.8878][DISPATCH              ] wf=91 task=2653 planned=vm25 no-idle-reserved -> on-demand vm=1229
[t=   3589.8878][DISPATCH              ] wf=91 task=2654 planned=vm25 no-idle-reserved -> on-demand vm=1230
[t=   3589.8878][DISPATCH              ] wf=91 task=2655 planned=vm5 no-idle-reserved -> on-demand vm=1231
[t=   3589.8878][DISPATCH              ] wf=91 task=2656 planned=vm4 no-idle-reserved -> on-demand vm=1232
[t=   3589.9878][DISPATCH              ] wf=91 task=2646 planned=vm3 no-idle-reserved -> on-demand vm=1222
[t=   3589.9878][DISPATCH              ] wf=91 task=2647 planned=vm4 no-idle-reserved -> on-demand vm=1223
[t=   3589.9878][DISPATCH              ] wf=91 task=2648 planned=vm16 no-idle-reserved -> on-demand vm=1224
[t=   3589.9878][DISPATCH              ] wf=91 task=2649 planned=vm32 no-idle-reserved -> on-demand vm=1225
[t=   3589.9878][DISPATCH              ] wf=91 task=2650 planned=vm31 no-idle-reserved -> on-demand vm=1226
[t=   3589.9878][DISPATCH              ] wf=91 task=2651 planned=vm35 no-idle-reserved -> on-demand vm=1227
[t=   3589.9878][DISPATCH              ] wf=91 task=2652 planned=vm3 no-idle-reserved -> on-demand vm=1228
[t=   3589.9878][DISPATCH              ] wf=91 task=2653 planned=vm25 no-idle-reserved -> on-demand vm=1229
[t=   3589.9878][DISPATCH              ] wf=91 task=2654 planned=vm25 no-idle-reserved -> on-demand vm=1230
[t=   3589.9878][DISPATCH              ] wf=91 task=2655 planned=vm5 no-idle-reserved -> on-demand vm=1231
[t=   3589.9878][DISPATCH              ] wf=91 task=2656 planned=vm4 no-idle-reserved -> on-demand vm=1232
[t=   3590.4108][TASK-COMPLETE         ] task=2180 wf=75 vm=21(reserved) actualCPU=36.4840s
[t=   3590.4108][DISPATCH              ] wf=75 task=2181 planned=vm30 BUSY -> advanced to vm=21
[t=   3590.9518][TASK-COMPLETE         ] task=2670 wf=92 vm=1197(on-demand) actualCPU=52.5527s cost=$0.047560
[t=   3591.6928][TASK-COMPLETE         ] task=2588 wf=89 vm=1111(on-demand) actualCPU=200.5699s cost=$0.181516
[t=   3592.3898][TASK-COMPLETE         ] task=2698 wf=93 vm=33(reserved) actualCPU=25.8515s
[t=   3592.3898][DISPATCH              ] wf=93 task=2699 planned=vm9 BUSY -> advanced to vm=33
[t=   3592.5338][TASK-COMPLETE         ] task=2383 wf=82 vm=1138(on-demand) actualCPU=194.6260s cost=$0.176137
[t=   3593.0058][TASK-COMPLETE         ] task=2666 wf=92 vm=1193(on-demand) actualCPU=54.6067s cost=$0.049419
[t=   3593.6488][TASK-COMPLETE         ] task=2500 wf=86 vm=1077(on-demand) actualCPU=236.4304s cost=$0.213970
[t=   3593.7748][TASK-COMPLETE         ] task=1577 wf=54 vm=14(reserved) actualCPU=54.0669s
[t=   3593.7748][DISPATCH              ] wf=54 task=1578 planned=vm21 BUSY -> advanced to vm=14
[t=   3595.5838][TASK-COMPLETE         ] task=2594 wf=89 vm=1117(on-demand) actualCPU=204.4609s cost=$0.185037
[t=   3596.5228][TASK-COMPLETE         ] task=2506 wf=86 vm=1083(on-demand) actualCPU=239.3044s cost=$0.216570
[t=   3596.6368][TASK-COMPLETE         ] task=2559 wf=88 vm=1176(on-demand) actualCPU=114.4724s cost=$0.103598
[t=   3598.0658][TASK-COMPLETE         ] task=2503 wf=86 vm=1080(on-demand) actualCPU=240.8474s cost=$0.217967
[t=   3599.2088][TASK-COMPLETE         ] task=2558 wf=88 vm=1175(on-demand) actualCPU=117.0444s cost=$0.105925
[t=   3600.8578][TASK-COMPLETE         ] task=2696 wf=92 vm=1219(on-demand) actualCPU=62.4587s cost=$0.056525
[t=   3602.3988][TASK-COMPLETE         ] task=2591 wf=89 vm=1114(on-demand) actualCPU=211.2759s cost=$0.191205
[t=   3603.2428][TASK-COMPLETE         ] task=2094 wf=72 vm=12(reserved) actualCPU=140.8640s
[t=   3603.2428][DISPATCH              ] wf=72 task=2095 planned=vm29 BUSY -> advanced to vm=12
[t=   3604.2548][TASK-COMPLETE         ] task=2513 wf=86 vm=1088(on-demand) actualCPU=247.0364s cost=$0.223568
[t=   3604.7158][TASK-COMPLETE         ] task=2602 wf=89 vm=1123(on-demand) actualCPU=213.5929s cost=$0.193302
[t=   3606.7258][TASK-COMPLETE         ] task=2412 wf=83 vm=49(reserved) actualCPU=92.5939s
[t=   3606.7258][DISPATCH              ] wf=83 task=2424 planned=vm39 BUSY -> advanced to vm=49
[t=   3608.0528][TASK-COMPLETE         ] task=971 wf=33 vm=0(reserved) actualCPU=241.5024s
[t=   3608.0528][DISPATCH              ] wf=33 task=972 planned=vm13 BUSY -> advanced to vm=0
[t=   3608.7638][TASK-COMPLETE         ] task=2470 wf=85 vm=1157(on-demand) actualCPU=194.6260s cost=$0.176137
[t=   3609.1578][TASK-COMPLETE         ] task=457 wf=15 vm=37(reserved) actualCPU=33.2820s
[t=   3609.1578][DISPATCH              ] wf=15 task=458 planned=vm0 BUSY -> advanced to vm=37
[t=   3609.5048][TASK-COMPLETE         ] task=2222 wf=76 vm=31(reserved) actualCPU=61.9889s
[t=   3609.5048][WF-COMPLETE           ] wf=76 completionTime=3609.5048 deadline=3703.1582 margin=93.6534 -> MET
[t=   3613.1928][TASK-COMPLETE         ] task=2550 wf=88 vm=36(reserved) actualCPU=131.1284s
[t=   3614.0938][TASK-COMPLETE         ] task=2294 wf=79 vm=1054(on-demand) actualCPU=285.4583s cost=$0.258340
[t=   3614.7948][TASK-COMPLETE         ] task=2378 wf=82 vm=1133(on-demand) actualCPU=216.8870s cost=$0.196283
[t=   3615.3608][TASK-COMPLETE         ] task=2352 wf=81 vm=44(reserved) actualCPU=283.2003s
[t=   3615.3608][DISPATCH              ] wf=81 task=2353 planned=vm32 BUSY -> advanced to vm=31
[t=   3616.2918][TASK-COMPLETE         ] task=2699 wf=93 vm=33(reserved) actualCPU=23.9020s
[t=   3616.2918][DISPATCH              ] wf=93 task=2700 planned=vm35 BUSY -> advanced to vm=33
[t=   3618.2148][TASK-COMPLETE         ] task=2560 wf=88 vm=1177(on-demand) actualCPU=136.0504s cost=$0.123126
[t=   3619.3638][TASK-COMPLETE         ] task=714 wf=24 vm=6(reserved) actualCPU=115.8954s
[t=   3619.3638][DISPATCH              ] wf=24 task=715 planned=vm7 BUSY -> advanced to vm=6
[t=   3620.7368][TASK-COMPLETE         ] task=2574 wf=89 vm=47(reserved) actualCPU=229.7139s
[t=   3620.7368][DISPATCH              ] wf=89 task=2585 planned=vm43 BUSY -> advanced to vm=36
[t=   3620.7368][DISPATCH              ] wf=89 task=2586 planned=vm4 BUSY -> advanced to vm=44
[t=   3621.1048][TASK-COMPLETE         ] task=2290 wf=79 vm=1050(on-demand) actualCPU=292.4693s cost=$0.264685
[t=   3621.1048][DISPATCH              ] wf=79 task=2309 planned=vm2 BUSY -> advanced to vm=47
[t=   3621.3898][TASK-COMPLETE         ] task=2667 wf=92 vm=1194(on-demand) actualCPU=82.9907s cost=$0.075107
[t=   3624.3918][TASK-COMPLETE         ] task=543 wf=18 vm=10(reserved) actualCPU=196.6493s
[t=   3624.3918][DISPATCH              ] wf=18 task=544 planned=vm1 BUSY -> advanced to vm=10
[t=   3624.7858][TASK-COMPLETE         ] task=2561 wf=88 vm=1178(on-demand) actualCPU=142.6214s cost=$0.129072
[t=   3625.4338][TASK-COMPLETE         ] task=2684 wf=92 vm=1209(on-demand) actualCPU=87.0347s cost=$0.078766
[t=   3625.6518][TASK-COMPLETE         ] task=2567 wf=88 vm=1184(on-demand) actualCPU=143.4874s cost=$0.129856
[t=   3627.5538][TASK-COMPLETE         ] task=2587 wf=89 vm=1110(on-demand) actualCPU=236.4309s cost=$0.213970
[t=   3628.1798][TASK-COMPLETE         ] task=2563 wf=88 vm=1180(on-demand) actualCPU=146.0154s cost=$0.132144
[t=   3628.6558][TASK-COMPLETE         ] task=1491 wf=51 vm=8(reserved) actualCPU=137.5404s
[t=   3628.6558][DISPATCH              ] wf=51 task=1492 planned=vm20 BUSY -> advanced to vm=8
[t=   3629.1638][TASK-COMPLETE         ] task=1058 wf=36 vm=20(reserved) actualCPU=241.5024s
[t=   3629.1638][DISPATCH              ] wf=36 task=1059 planned=vm14 BUSY -> advanced to vm=20
[t=   3629.2434][TASK-COMPLETE         ] task=2562 wf=88 vm=1179(on-demand) actualCPU=147.0790s cost=$0.133106
[t=   3630.3748][TASK-COMPLETE         ] task=2439 wf=84 vm=24(reserved) actualCPU=283.2004s
[t=   3630.3748][DISPATCH              ] wf=84 task=2440 planned=vm33 BUSY -> advanced to vm=24
[t=   3630.4279][TASK-COMPLETE         ] task=2593 wf=89 vm=1116(on-demand) actualCPU=239.3050s cost=$0.216571
[t=   3630.7378][TASK-COMPLETE         ] task=2691 wf=92 vm=1214(on-demand) actualCPU=92.3387s cost=$0.083566
[t=   3631.0248][TASK-COMPLETE         ] task=2465 wf=85 vm=1152(on-demand) actualCPU=216.8870s cost=$0.196283
[t=   3631.4298][TASK-COMPLETE         ] task=2553 wf=88 vm=403(on-demand) actualCPU=149.3654s cost=$0.135176
[t=   3631.9708][TASK-COMPLETE         ] task=2590 wf=89 vm=1113(on-demand) actualCPU=240.8479s cost=$0.217967
[t=   3632.7058][TASK-COMPLETE         ] task=2665 wf=92 vm=1192(on-demand) actualCPU=94.3067s cost=$0.085348
[t=   3632.9528][TASK-COMPLETE         ] task=2671 wf=92 vm=1198(on-demand) actualCPU=94.5537s cost=$0.085571
[t=   3633.1118][TASK-COMPLETE         ] task=629 wf=21 vm=15(reserved) actualCPU=89.5099s
[t=   3633.1118][DISPATCH              ] wf=21 task=630 planned=vm6 BUSY -> advanced to vm=15
[t=   3633.6098][TASK-COMPLETE         ] task=2425 wf=83 vm=16(reserved) actualCPU=49.5050s
[t=   3634.1668][TASK-COMPLETE         ] task=2523 wf=86 vm=1098(on-demand) actualCPU=276.9484s cost=$0.250638
[t=   3638.1598][TASK-COMPLETE         ] task=2600 wf=89 vm=1121(on-demand) actualCPU=247.0369s cost=$0.223568
[t=   3643.7868][TASK-COMPLETE         ] task=2652 wf=91 vm=1228(on-demand) actualCPU=53.7990s cost=$0.048688
[t=   3644.9688][TASK-COMPLETE         ] task=2375 wf=82 vm=30(reserved) actualCPU=247.1610s
[t=   3645.4498][TASK-COMPLETE         ] task=458 wf=15 vm=37(reserved) actualCPU=36.2920s
[t=   3645.4498][DISPATCH              ] wf=15 task=459 planned=vm5 BUSY -> advanced to vm=16
[t=   3645.8498][TASK-COMPLETE         ] task=2382 wf=82 vm=1137(on-demand) actualCPU=247.9420s cost=$0.224388
[t=   3646.3978][TASK-COMPLETE         ] task=2498 wf=86 vm=25(reserved) actualCPU=59.5660s
[t=   3647.3748][TASK-COMPLETE         ] task=1922 wf=66 vm=9(reserved) actualCPU=210.2223s
[t=   3647.3748][DISPATCH              ] wf=66 task=1923 -> vm=25 (planned reserved, was idle)
[t=   3647.8308][TASK-COMPLETE         ] task=2390 wf=82 vm=1145(on-demand) actualCPU=249.9230s cost=$0.226180
[t=   3647.9988][TASK-COMPLETE         ] task=2664 wf=92 vm=1191(on-demand) actualCPU=109.5997s cost=$0.099188
[t=   3649.5578][TASK-COMPLETE         ] task=800 wf=27 vm=5(reserved) actualCPU=82.6910s
[t=   3649.5578][DISPATCH              ] wf=27 task=801 planned=vm8 BUSY -> advanced to vm=5
[t=   3649.7288][TASK-COMPLETE         ] task=2392 wf=82 vm=1147(on-demand) actualCPU=251.8210s cost=$0.227898
[t=   3650.7158][TASK-COMPLETE         ] task=2514 wf=86 vm=1089(on-demand) actualCPU=293.4974s cost=$0.265615
[t=   3650.9988][TASK-COMPLETE         ] task=2521 wf=86 vm=1096(on-demand) actualCPU=293.7804s cost=$0.265871
[t=   3652.9138][TASK-COMPLETE         ] task=2693 wf=92 vm=1216(on-demand) actualCPU=114.5147s cost=$0.103636
[t=   3654.2368][TASK-COMPLETE         ] task=2250 wf=77 vm=2(reserved) actualCPU=146.8204s
[t=   3654.2368][WF-COMPLETE           ] wf=77 completionTime=3654.2368 deadline=3747.9655 margin=93.7286 -> MET
[t=   3654.7018][TASK-COMPLETE         ] task=2694 wf=92 vm=1217(on-demand) actualCPU=116.3027s cost=$0.105254
[t=   3656.8168][TASK-COMPLETE         ] task=2656 wf=91 vm=1232(on-demand) actualCPU=66.8290s cost=$0.060480
[t=   3656.9054][TASK-COMPLETE         ] task=2502 wf=86 vm=1079(on-demand) actualCPU=299.6870s cost=$0.271217
[t=   3656.9054][DISPATCH              ] wf=86 task=2512 planned=vm0 BUSY -> advanced to vm=2
[t=   3657.6734][TASK-COMPLETE         ] task=544 wf=18 vm=10(reserved) actualCPU=33.2816s
[t=   3657.6734][DISPATCH              ] wf=18 task=545 planned=vm0 BUSY -> advanced to vm=9
[t=   3659.7474][TASK-COMPLETE         ] task=2668 wf=92 vm=1195(on-demand) actualCPU=121.3483s cost=$0.109820
[t=   3661.1984][TASK-COMPLETE         ] task=2462 wf=85 vm=38(reserved) actualCPU=247.1606s
[t=   3661.7104][TASK-COMPLETE         ] task=972 wf=33 vm=0(reserved) actualCPU=53.6576s
[t=   3661.7104][DISPATCH              ] wf=33 task=973 planned=vm12 BUSY -> advanced to vm=0
[t=   3662.0794][TASK-COMPLETE         ] task=2469 wf=85 vm=1156(on-demand) actualCPU=247.9416s cost=$0.224387
[t=   3662.8774][TASK-COMPLETE         ] task=2690 wf=92 vm=1213(on-demand) actualCPU=124.4783s cost=$0.112653
[t=   3663.2844][TASK-COMPLETE         ] task=1749 wf=60 vm=19(reserved) actualCPU=231.0059s
[t=   3663.2844][DISPATCH              ] wf=60 task=1750 planned=vm23 BUSY -> advanced to vm=10
[t=   3664.0604][TASK-COMPLETE         ] task=2477 wf=85 vm=1164(on-demand) actualCPU=249.9226s cost=$0.226180
[t=   3665.9584][TASK-COMPLETE         ] task=2479 wf=85 vm=1166(on-demand) actualCPU=251.8206s cost=$0.227898
[t=   3667.1404][TASK-COMPLETE         ] task=1231 wf=42 vm=23(reserved) actualCPU=279.8820s
[t=   3667.1404][DISPATCH              ] wf=42 task=1232 planned=vm15 BUSY -> advanced to vm=19
[t=   3668.0714][TASK-COMPLETE         ] task=2610 wf=89 vm=1131(on-demand) actualCPU=276.9485s cost=$0.250638
[t=   3675.3724][TASK-COMPLETE         ] task=715 wf=24 vm=6(reserved) actualCPU=56.0086s
[t=   3675.3724][DISPATCH              ] wf=24 task=716 planned=vm3 BUSY -> advanced to vm=6
[t=   3676.7904][TASK-COMPLETE         ] task=2557 wf=88 vm=1174(on-demand) actualCPU=194.6260s cost=$0.176137
[t=   3679.4254][TASK-COMPLETE         ] task=2499 wf=86 vm=43(reserved) actualCPU=92.5936s
[t=   3679.4254][DISPATCH              ] wf=86 task=2511 -> vm=30 (planned reserved, was idle)
[t=   3680.3024][TASK-COMPLETE         ] task=2585 wf=89 vm=36(reserved) actualCPU=59.5656s
[t=   3681.3524][TASK-COMPLETE         ] task=2655 wf=91 vm=1231(on-demand) actualCPU=91.3646s cost=$0.082685
[t=   3681.6134][TASK-COMPLETE         ] task=2683 wf=92 vm=1208(on-demand) actualCPU=143.2143s cost=$0.129609
[t=   3682.8214][TASK-COMPLETE         ] task=1059 wf=36 vm=20(reserved) actualCPU=53.6576s
[t=   3682.8214][DISPATCH              ] wf=36 task=1060 planned=vm10 BUSY -> advanced to vm=43
[t=   3683.0934][TASK-COMPLETE         ] task=2309 wf=79 vm=47(reserved) actualCPU=61.9886s
[t=   3683.0934][WF-COMPLETE           ] wf=79 completionTime=3683.0934 deadline=3776.6473 margin=93.5539 -> MET
[t=   3683.3664][TASK-COMPLETE         ] task=2381 wf=82 vm=1136(on-demand) actualCPU=285.4586s cost=$0.258340
[t=   3684.3124][TASK-COMPLETE         ] task=2682 wf=92 vm=1207(on-demand) actualCPU=145.9133s cost=$0.132052
[t=   3684.4674][TASK-COMPLETE         ] task=2641 wf=91 vm=42(reserved) actualCPU=94.5796s
[t=   3684.6204][TASK-COMPLETE         ] task=2601 wf=89 vm=1122(on-demand) actualCPU=293.4975s cost=$0.265615
[t=   3684.9034][TASK-COMPLETE         ] task=2608 wf=89 vm=1129(on-demand) actualCPU=293.7805s cost=$0.265871
[t=   3687.8834][TASK-COMPLETE         ] task=2658 wf=92 vm=27(reserved) actualCPU=149.5843s
[t=   3689.1774][TASK-COMPLETE         ] task=886 wf=30 vm=7(reserved) actualCPU=108.1086s
[t=   3689.1774][DISPATCH              ] wf=30 task=887 planned=vm9 BUSY -> advanced to vm=7
[t=   3690.2824][TASK-COMPLETE         ] task=2526 wf=87 vm=22(reserved) actualCPU=283.2006s
[t=   3690.2824][DISPATCH              ] wf=87 task=2527 planned=vm34 BUSY -> advanced to vm=20
[t=   3690.3778][TASK-COMPLETE         ] task=2377 wf=82 vm=1132(on-demand) actualCPU=292.4700s cost=$0.264685
[t=   3690.3778][DISPATCH              ] wf=82 task=2396 planned=vm1 BUSY -> advanced to vm=22
[t=   3690.8094][TASK-COMPLETE         ] task=2589 wf=89 vm=1112(on-demand) actualCPU=299.6865s cost=$0.271216
[t=   3690.8094][DISPATCH              ] wf=89 task=2599 planned=vm2 BUSY -> advanced to vm=23
[t=   3693.9654][TASK-COMPLETE         ] task=545 wf=18 vm=9(reserved) actualCPU=36.2920s
[t=   3693.9654][DISPATCH              ] wf=18 task=546 planned=vm4 BUSY -> advanced to vm=9
[t=   3695.0634][TASK-COMPLETE         ] task=2337 wf=80 vm=34(reserved) actualCPU=146.8205s
[t=   3695.0634][WF-COMPLETE           ] wf=80 completionTime=3695.0634 deadline=3788.7915 margin=93.7280 -> MET
[t=   3698.9514][TASK-COMPLETE         ] task=2552 wf=88 vm=266(on-demand) actualCPU=216.8870s cost=$0.196283
[t=   3699.5964][TASK-COMPLETE         ] task=2468 wf=85 vm=1155(on-demand) actualCPU=285.4586s cost=$0.258340
[t=   3704.4604][TASK-COMPLETE         ] task=2646 wf=91 vm=1222(on-demand) actualCPU=114.4726s cost=$0.103598
[t=   3706.4104][TASK-COMPLETE         ] task=2512 wf=86 vm=2(reserved) actualCPU=49.5050s
[t=   3706.6074][TASK-COMPLETE         ] task=2464 wf=85 vm=1151(on-demand) actualCPU=292.4696s cost=$0.264685
[t=   3706.6074][DISPATCH              ] wf=85 task=2483 planned=vm6 BUSY -> advanced to vm=2
[t=   3706.9324][TASK-COMPLETE         ] task=2645 wf=91 vm=1204(on-demand) actualCPU=117.0446s cost=$0.105925
[t=   3707.1674][TASK-COMPLETE         ] task=2008 wf=69 vm=17(reserved) actualCPU=120.6756s
[t=   3707.1674][DISPATCH              ] wf=69 task=2009 planned=vm26 BUSY -> advanced to vm=34
[t=   3707.2662][TASK-COMPLETE         ] task=2659 wf=92 vm=40(reserved) actualCPU=168.9670s
[t=   3713.1702][TASK-COMPLETE         ] task=1145 wf=39 vm=4(reserved) actualCPU=241.5027s
[t=   3713.1702][DISPATCH              ] wf=39 task=1146 planned=vm1 BUSY -> advanced to vm=4
[t=   3713.3302][TASK-COMPLETE         ] task=2586 wf=89 vm=44(reserved) actualCPU=92.5933s
[t=   3713.3302][DISPATCH              ] wf=89 task=2598 planned=vm49 BUSY -> advanced to vm=17
[t=   3721.0162][TASK-COMPLETE         ] task=2637 wf=91 vm=35(reserved) actualCPU=131.1283s
[t=   3723.9182][TASK-COMPLETE         ] task=2095 wf=72 vm=12(reserved) actualCPU=120.6753s
[t=   3723.9182][DISPATCH              ] wf=72 task=2096 planned=vm28 BUSY -> advanced to vm=35
[t=   3726.0382][TASK-COMPLETE         ] task=2647 wf=91 vm=1223(on-demand) actualCPU=136.0503s cost=$0.123126
[t=   3726.7932][TASK-COMPLETE         ] task=2692 wf=92 vm=1215(on-demand) actualCPU=188.3940s cost=$0.170497
[t=   3729.2252][TASK-COMPLETE         ] task=2549 wf=88 vm=32(reserved) actualCPU=247.1607s
[t=   3730.1062][TASK-COMPLETE         ] task=2556 wf=88 vm=1173(on-demand) actualCPU=247.9417s cost=$0.224387
[t=   3731.2742][TASK-COMPLETE         ] task=2181 wf=75 vm=21(reserved) actualCPU=140.8633s
[t=   3731.2742][DISPATCH              ] wf=75 task=2182 -> vm=27 (planned reserved, was idle)
[t=   3731.3158][TASK-COMPLETE         ] task=1578 wf=54 vm=14(reserved) actualCPU=137.5410s
[t=   3731.3158][DISPATCH              ] wf=54 task=1579 planned=vm18 BUSY -> advanced to vm=21
[t=   3731.3992][TASK-COMPLETE         ] task=2662 wf=92 vm=1189(on-demand) actualCPU=193.0000s cost=$0.174665
[t=   3732.0868][TASK-COMPLETE         ] task=2564 wf=88 vm=1181(on-demand) actualCPU=249.9224s cost=$0.226180
[t=   3732.6098][TASK-COMPLETE         ] task=2648 wf=91 vm=1224(on-demand) actualCPU=142.6220s cost=$0.129073
[t=   3733.4758][TASK-COMPLETE         ] task=2654 wf=91 vm=1230(on-demand) actualCPU=143.4880s cost=$0.129857
[t=   3733.9848][TASK-COMPLETE         ] task=2566 wf=88 vm=1183(on-demand) actualCPU=251.8204s cost=$0.227897
[t=   3736.0038][TASK-COMPLETE         ] task=2650 wf=91 vm=1226(on-demand) actualCPU=146.0160s cost=$0.132144
[t=   3737.0668][TASK-COMPLETE         ] task=2649 wf=91 vm=1225(on-demand) actualCPU=147.0790s cost=$0.133106
[t=   3738.2408][TASK-COMPLETE         ] task=1318 wf=45 vm=11(reserved) actualCPU=279.8824s
[t=   3738.2408][DISPATCH              ] wf=45 task=1319 planned=vm16 BUSY -> advanced to vm=44
[t=   3738.9688][TASK-COMPLETE         ] task=2675 wf=92 vm=1200(on-demand) actualCPU=200.5697s cost=$0.181516
[t=   3739.2538][TASK-COMPLETE         ] task=2640 wf=91 vm=48(reserved) actualCPU=149.3660s
[t=   3740.3138][TASK-COMPLETE         ] task=2599 wf=89 vm=23(reserved) actualCPU=49.5044s
[t=   3742.8598][TASK-COMPLETE         ] task=2681 wf=92 vm=1206(on-demand) actualCPU=204.4607s cost=$0.185037
[t=   3743.8238][TASK-COMPLETE         ] task=285 wf=9 vm=13(reserved) actualCPU=241.5980s
[t=   3743.8238][WF-COMPLETE           ] wf=9 completionTime=3743.8238 deadline=4406.5727 margin=662.7489 -> MET
[t=   3749.6748][TASK-COMPLETE         ] task=2678 wf=92 vm=1203(on-demand) actualCPU=211.2757s cost=$0.191204
[t=   3751.9918][TASK-COMPLETE         ] task=2689 wf=92 vm=1212(on-demand) actualCPU=213.5927s cost=$0.193301
[t=   3752.3668][TASK-COMPLETE         ] task=2396 wf=82 vm=22(reserved) actualCPU=61.9890s
[t=   3752.3668][WF-COMPLETE           ] wf=82 completionTime=3752.3668 deadline=3845.9190 margin=93.5522 -> MET
[t=   3753.5468][TASK-COMPLETE         ] task=2424 wf=83 vm=49(reserved) actualCPU=146.8210s
[t=   3753.5468][WF-COMPLETE           ] wf=83 completionTime=3753.5468 deadline=3847.2747 margin=93.7278 -> MET
[t=   3754.0778][TASK-COMPLETE         ] task=2266 wf=78 vm=26(reserved) actualCPU=215.2359s
[t=   3754.0778][DISPATCH              ] wf=78 task=2267 planned=vm8 BUSY -> advanced to vm=22
[t=   3762.4668][TASK-COMPLETE         ] task=372 wf=12 vm=1(reserved) actualCPU=241.5974s
[t=   3762.4668][WF-COMPLETE           ] wf=12 completionTime=3762.4668 deadline=4425.1140 margin=662.6472 -> MET
[t=   3764.8818][TASK-COMPLETE         ] task=716 wf=24 vm=6(reserved) actualCPU=89.5094s
[t=   3764.8818][DISPATCH              ] wf=24 task=717 planned=vm2 BUSY -> advanced to vm=11
[t=   3765.4538][TASK-COMPLETE         ] task=801 wf=27 vm=5(reserved) actualCPU=115.8960s
[t=   3765.4538][DISPATCH              ] wf=27 task=802 planned=vm3 BUSY -> advanced to vm=47
[t=   3766.8278][TASK-COMPLETE         ] task=1146 wf=39 vm=4(reserved) actualCPU=53.6577s
[t=   3766.8278][DISPATCH              ] wf=39 task=1147 planned=vm11 BUSY -> advanced to vm=48
[t=   3767.6228][TASK-COMPLETE         ] task=2555 wf=88 vm=1172(on-demand) actualCPU=285.4584s cost=$0.258340
[t=   3768.1128][TASK-COMPLETE         ] task=2661 wf=92 vm=1188(on-demand) actualCPU=229.7137s cost=$0.207891
[t=   3768.1128][DISPATCH              ] wf=92 task=2672 planned=vm20 BUSY -> advanced to vm=1
[t=   3768.1128][DISPATCH              ] wf=92 task=2673 -> vm=37 (planned reserved, was idle)
[t=   3768.5958][TASK-COMPLETE         ] task=2483 wf=85 vm=2(reserved) actualCPU=61.9884s
[t=   3768.5958][WF-COMPLETE           ] wf=85 completionTime=3768.5958 deadline=3862.0497 margin=93.4538 -> MET
[t=   3769.8188][TASK-COMPLETE         ] task=973 wf=33 vm=0(reserved) actualCPU=108.1084s
[t=   3769.8188][DISPATCH              ] wf=33 task=974 planned=vm7 BUSY -> advanced to vm=2
[t=   3771.8678][TASK-COMPLETE         ] task=887 wf=30 vm=7(reserved) actualCPU=82.6904s
[t=   3771.8678][DISPATCH              ] wf=30 task=888 -> vm=5 (planned reserved, was idle)
[t=   3774.5338][TASK-COMPLETE         ] task=2551 wf=88 vm=46(reserved) actualCPU=292.4694s
[t=   3774.5338][DISPATCH              ] wf=88 task=2570 -> vm=6 (planned reserved, was idle)
[t=   3774.8298][TASK-COMPLETE         ] task=2674 wf=92 vm=1199(on-demand) actualCPU=236.4307s cost=$0.213970
[t=   3777.7038][TASK-COMPLETE         ] task=2680 wf=92 vm=1205(on-demand) actualCPU=239.3047s cost=$0.216571
[t=   3779.2468][TASK-COMPLETE         ] task=2677 wf=92 vm=1202(on-demand) actualCPU=240.8477s cost=$0.217967
[t=   3784.5138][TASK-COMPLETE         ] task=2644 wf=91 vm=1196(on-demand) actualCPU=194.6260s cost=$0.176137
[t=   3784.8228][TASK-COMPLETE         ] task=1836 wf=63 vm=3(reserved) actualCPU=231.0060s
[t=   3784.8228][DISPATCH              ] wf=63 task=1837 planned=vm24 BUSY -> advanced to vm=26
[t=   3785.4358][TASK-COMPLETE         ] task=2687 wf=92 vm=1210(on-demand) actualCPU=247.0367s cost=$0.223568
[t=   3790.5618][TASK-COMPLETE         ] task=2267 wf=78 vm=22(reserved) actualCPU=36.4840s
[t=   3790.5618][DISPATCH              ] wf=78 task=2268 planned=vm20 BUSY -> advanced to vm=46
[t=   3790.9298][TASK-COMPLETE         ] task=1060 wf=36 vm=43(reserved) actualCPU=108.1084s
[t=   3790.9298][DISPATCH              ] wf=36 task=1061 planned=vm9 BUSY -> advanced to vm=36
[t=   3794.5978][TASK-COMPLETE         ] task=1663 wf=57 vm=29(reserved) actualCPU=299.4704s
[t=   3794.5978][DISPATCH              ] wf=57 task=1664 -> vm=12 (planned reserved, was idle)
[t=   3799.3068][TASK-COMPLETE         ] task=2613 wf=90 vm=28(reserved) actualCPU=283.2009s
[t=   3799.3068][DISPATCH              ] wf=90 task=2614 planned=vm31 BUSY -> advanced to vm=22
[t=   3806.7748][TASK-COMPLETE         ] task=2639 wf=91 vm=39(reserved) actualCPU=216.8870s
[t=   3815.3478][TASK-COMPLETE         ] task=2697 wf=92 vm=1220(on-demand) actualCPU=276.9487s cost=$0.250639
[t=   3818.2818][TASK-COMPLETE         ] task=1405 wf=48 vm=1221(on-demand) actualCPU=279.8827s cost=$0.253294
[t=   3818.2818][DISPATCH              ] wf=48 task=1406 planned=vm17 BUSY -> advanced to vm=13
[t=   3821.4628][TASK-COMPLETE         ] task=802 wf=27 vm=47(reserved) actualCPU=56.0090s
[t=   3821.4628][DISPATCH              ] wf=27 task=803 planned=vm1 BUSY -> advanced to vm=29
[t=   3826.2458][TASK-COMPLETE         ] task=2511 wf=86 vm=30(reserved) actualCPU=146.8204s
[t=   3826.2458][WF-COMPLETE           ] wf=86 completionTime=3826.2458 deadline=3920.0744 margin=93.8286 -> MET
[t=   3827.6788][TASK-COMPLETE         ] task=2672 wf=92 vm=1(reserved) actualCPU=59.5660s
[t=   3829.7618][TASK-COMPLETE         ] task=630 wf=21 vm=15(reserved) actualCPU=196.6500s
[t=   3829.7618][DISPATCH              ] wf=21 task=631 planned=vm2 BUSY -> advanced to vm=0
[t=   3830.5968][TASK-COMPLETE         ] task=2353 wf=81 vm=31(reserved) actualCPU=215.2360s
[t=   3830.5968][DISPATCH              ] wf=81 task=2354 planned=vm5 BUSY -> advanced to vm=30
[t=   3831.8968][TASK-COMPLETE         ] task=2688 wf=92 vm=1211(on-demand) actualCPU=293.4977s cost=$0.265615
[t=   3832.1798][TASK-COMPLETE         ] task=2695 wf=92 vm=1218(on-demand) actualCPU=293.7807s cost=$0.265871
[t=   3836.5228][TASK-COMPLETE         ] task=2570 wf=88 vm=6(reserved) actualCPU=61.9890s
[t=   3836.5228][WF-COMPLETE           ] wf=88 completionTime=3836.5228 deadline=3930.1766 margin=93.6538 -> MET
[t=   3837.0488][TASK-COMPLETE         ] task=2636 wf=91 vm=18(reserved) actualCPU=247.1610s
[t=   3837.8298][TASK-COMPLETE         ] task=2643 wf=91 vm=1190(on-demand) actualCPU=247.9420s cost=$0.224388
[t=   3838.0858][TASK-COMPLETE         ] task=2676 wf=92 vm=1201(on-demand) actualCPU=299.6867s cost=$0.271216
[t=   3838.0858][DISPATCH              ] wf=92 task=2686 planned=vm2 BUSY -> advanced to vm=6
[t=   3839.9108][TASK-COMPLETE         ] task=2651 wf=91 vm=1227(on-demand) actualCPU=249.9230s cost=$0.226180
[t=   3841.8088][TASK-COMPLETE         ] task=2653 wf=91 vm=1229(on-demand) actualCPU=251.8210s cost=$0.227898
[t=   3845.6108][TASK-COMPLETE         ] task=2440 wf=84 vm=24(reserved) actualCPU=215.2360s
[t=   3845.6108][DISPATCH              ] wf=84 task=2441 planned=vm9 BUSY -> advanced to vm=1
[t=   3848.6648][TASK-COMPLETE         ] task=1664 wf=57 vm=12(reserved) actualCPU=54.0670s
[t=   3848.6648][DISPATCH              ] wf=57 task=1665 planned=vm10 BUSY -> advanced to vm=12
[t=   3851.9498][TASK-COMPLETE         ] task=2182 wf=75 vm=27(reserved) actualCPU=120.6757s
[t=   3851.9498][DISPATCH              ] wf=75 task=2183 planned=vm21 BUSY -> advanced to vm=18
[t=   3852.5098][TASK-COMPLETE         ] task=974 wf=33 vm=2(reserved) actualCPU=82.6910s
[t=   3852.5098][DISPATCH              ] wf=33 task=975 planned=vm6 BUSY -> advanced to vm=24
[t=   3860.1508][TASK-COMPLETE         ] task=2598 wf=89 vm=17(reserved) actualCPU=146.8207s
[t=   3860.1508][WF-COMPLETE           ] wf=89 completionTime=3860.1508 deadline=3953.9789 margin=93.8281 -> MET
[t=   3860.7068][TASK-COMPLETE         ] task=2673 wf=92 vm=37(reserved) actualCPU=92.5940s
[t=   3860.7068][DISPATCH              ] wf=92 task=2685 -> vm=15 (planned reserved, was idle)
[t=   3863.0438][TASK-COMPLETE         ] task=631 wf=21 vm=0(reserved) actualCPU=33.2820s
[t=   3863.0438][DISPATCH              ] wf=21 task=632 planned=vm1 BUSY -> advanced to vm=2
[t=   3867.0808][TASK-COMPLETE         ] task=2354 wf=81 vm=30(reserved) actualCPU=36.4840s
[t=   3867.0808][DISPATCH              ] wf=81 task=2355 -> vm=28 (planned reserved, was idle)
[t=   3873.6208][TASK-COMPLETE         ] task=1061 wf=36 vm=36(reserved) actualCPU=82.6910s
[t=   3873.6208][DISPATCH              ] wf=36 task=1062 planned=vm8 BUSY -> advanced to vm=23
[t=   3874.9368][TASK-COMPLETE         ] task=1147 wf=39 vm=48(reserved) actualCPU=108.1090s
[t=   3874.9368][DISPATCH              ] wf=39 task=1148 -> vm=7 (planned reserved, was idle)
[t=   3875.3468][TASK-COMPLETE         ] task=2642 wf=91 vm=45(reserved) actualCPU=285.4590s
[t=   3878.3808][TASK-COMPLETE         ] task=1923 wf=66 vm=25(reserved) actualCPU=231.0060s
[t=   3878.3808][DISPATCH              ] wf=66 task=1924 planned=vm22 BUSY -> advanced to vm=25
[t=   3882.0948][TASK-COMPLETE         ] task=2441 wf=84 vm=1(reserved) actualCPU=36.4840s
[t=   3882.0948][DISPATCH              ] wf=84 task=2442 planned=vm18 BUSY -> advanced to vm=1
[t=   3882.3578][TASK-COMPLETE         ] task=2638 wf=91 vm=41(reserved) actualCPU=292.4700s
[t=   3882.3578][DISPATCH              ] wf=91 task=2657 planned=vm2 BUSY -> advanced to vm=27
[t=   3887.0478][TASK-COMPLETE         ] task=459 wf=15 vm=16(reserved) actualCPU=241.5980s
[t=   3887.0478][WF-COMPLETE           ] wf=15 completionTime=3887.0478 deadline=4549.6936 margin=662.6458 -> MET
[t=   3887.5908][TASK-COMPLETE         ] task=2686 wf=92 vm=6(reserved) actualCPU=49.5050s
[t=   3887.7638][TASK-COMPLETE         ] task=888 wf=30 vm=5(reserved) actualCPU=115.8960s
[t=   3887.7638][DISPATCH              ] wf=30 task=889 planned=vm2 BUSY -> advanced to vm=6
[t=   3899.3358][TASK-COMPLETE         ] task=632 wf=21 vm=2(reserved) actualCPU=36.2920s
[t=   3899.3358][DISPATCH              ] wf=21 task=633 -> vm=0 (planned reserved, was idle)
[t=   3899.4928][TASK-COMPLETE         ] task=2700 wf=93 vm=33(reserved) actualCPU=283.2010s
[t=   3899.4928][DISPATCH              ] wf=93 task=2701 planned=vm29 BUSY -> advanced to vm=16
[t=   3905.5178][TASK-COMPLETE         ] task=2527 wf=87 vm=20(reserved) actualCPU=215.2354s
[t=   3905.5178][DISPATCH              ] wf=87 task=2528 planned=vm1 BUSY -> advanced to vm=20
[t=   3908.5388][TASK-COMPLETE         ] task=1492 wf=51 vm=8(reserved) actualCPU=279.8830s
[t=   3908.5388][DISPATCH              ] wf=51 task=1493 planned=vm13 BUSY -> advanced to vm=8
[t=   3908.6434][TASK-COMPLETE         ] task=1232 wf=42 vm=19(reserved) actualCPU=241.5030s
[t=   3908.6434][DISPATCH              ] wf=42 task=1233 planned=vm9 BUSY -> advanced to vm=30
[t=   3910.9724][TASK-COMPLETE         ] task=803 wf=27 vm=29(reserved) actualCPU=89.5096s
[t=   3910.9724][DISPATCH              ] wf=27 task=804 -> vm=4 (planned reserved, was idle)
[t=   3917.3904][TASK-COMPLETE         ] task=2009 wf=69 vm=34(reserved) actualCPU=210.2230s
[t=   3917.3904][DISPATCH              ] wf=69 task=2010 -> vm=14 (planned reserved, was idle)
[t=   3931.4254][TASK-COMPLETE         ] task=2268 wf=78 vm=46(reserved) actualCPU=140.8636s
[t=   3931.4254][DISPATCH              ] wf=78 task=2269 planned=vm26 BUSY -> advanced to vm=3
[t=   3934.1404][TASK-COMPLETE         ] task=2096 wf=72 vm=35(reserved) actualCPU=210.2223s
[t=   3934.1404][DISPATCH              ] wf=72 task=2097 planned=vm23 BUSY -> advanced to vm=17
[t=   3935.5634][TASK-COMPLETE         ] task=546 wf=18 vm=9(reserved) actualCPU=241.5980s
[t=   3935.5634][WF-COMPLETE           ] wf=18 completionTime=3935.5634 deadline=4598.3106 margin=662.7472 -> MET
[t=   3942.0014][TASK-COMPLETE         ] task=2528 wf=87 vm=20(reserved) actualCPU=36.4836s
[t=   3942.0014][DISPATCH              ] wf=87 task=2529 -> vm=31 (planned reserved, was idle)
[t=   3943.7724][TASK-COMPLETE         ] task=889 wf=30 vm=6(reserved) actualCPU=56.0086s
[t=   3943.7724][DISPATCH              ] wf=30 task=890 -> vm=6 (planned reserved, was idle)
[t=   3944.3464][TASK-COMPLETE         ] task=2657 wf=91 vm=27(reserved) actualCPU=61.9886s
[t=   3944.3464][WF-COMPLETE           ] wf=91 completionTime=3944.3464 deadline=4037.9997 margin=93.6532 -> MET
[t=   3957.6274][TASK-COMPLETE         ] task=1148 wf=39 vm=7(reserved) actualCPU=82.6906s
[t=   3957.6274][DISPATCH              ] wf=39 task=1149 planned=vm11 BUSY -> advanced to vm=2
[t=   3961.5314][TASK-COMPLETE         ] task=717 wf=24 vm=11(reserved) actualCPU=196.6496s
[t=   3961.5314][DISPATCH              ] wf=24 task=718 planned=vm1 BUSY -> advanced to vm=11
[t=   3962.3014][TASK-COMPLETE         ] task=1233 wf=42 vm=30(reserved) actualCPU=53.6580s
[t=   3962.3014][DISPATCH              ] wf=42 task=1234 planned=vm12 BUSY -> advanced to vm=20
[t=   3962.7554][TASK-COMPLETE         ] task=1750 wf=60 vm=10(reserved) actualCPU=299.4710s
[t=   3962.7554][DISPATCH              ] wf=60 task=1751 planned=vm18 BUSY -> advanced to vm=27
[t=   3968.4054][TASK-COMPLETE         ] task=975 wf=33 vm=24(reserved) actualCPU=115.8956s
[t=   3968.4054][DISPATCH              ] wf=33 task=976 planned=vm8 BUSY -> advanced to vm=24
[t=   3979.7434][TASK-COMPLETE         ] task=1319 wf=45 vm=44(reserved) actualCPU=241.5026s
[t=   3979.7434][DISPATCH              ] wf=45 task=1320 planned=vm14 BUSY -> advanced to vm=29
[t=   3986.2054][TASK-COMPLETE         ] task=1665 wf=57 vm=12(reserved) actualCPU=137.5406s
[t=   3986.2054][DISPATCH              ] wf=57 task=1666 -> vm=19 (planned reserved, was idle)
[t=   3989.5164][TASK-COMPLETE         ] task=1062 wf=36 vm=23(reserved) actualCPU=115.8956s
[t=   3989.5164][DISPATCH              ] wf=36 task=1063 -> vm=10 (planned reserved, was idle)
[t=   3994.8134][TASK-COMPLETE         ] task=718 wf=24 vm=11(reserved) actualCPU=33.2820s
[t=   3994.8134][DISPATCH              ] wf=24 task=719 planned=vm0 BUSY -> advanced to vm=7
[t=   4007.5274][TASK-COMPLETE         ] task=2685 wf=92 vm=15(reserved) actualCPU=146.8206s
[t=   4007.5274][WF-COMPLETE           ] wf=92 completionTime=4007.5274 deadline=4101.2552 margin=93.7277 -> MET
[t=   4007.9444][TASK-COMPLETE         ] task=2355 wf=81 vm=28(reserved) actualCPU=140.8636s
[t=   4007.9444][DISPATCH              ] wf=81 task=2356 -> vm=28 (planned reserved, was idle)
[t=   4011.1984][TASK-COMPLETE         ] task=1579 wf=54 vm=21(reserved) actualCPU=279.8826s
[t=   4011.1984][DISPATCH              ] wf=54 task=1580 -> vm=15 (planned reserved, was idle)
[t=   4014.5424][TASK-COMPLETE         ] task=2614 wf=90 vm=22(reserved) actualCPU=215.2356s
[t=   4014.5424][DISPATCH              ] wf=90 task=2615 planned=vm8 BUSY -> advanced to vm=5
[t=   4016.8224][TASK-COMPLETE         ] task=1751 wf=60 vm=27(reserved) actualCPU=54.0670s
[t=   4016.8224][DISPATCH              ] wf=60 task=1752 planned=vm17 BUSY -> advanced to vm=11
[t=   4022.9584][TASK-COMPLETE         ] task=2442 wf=84 vm=1(reserved) actualCPU=140.8636s
[t=   4022.9584][DISPATCH              ] wf=84 task=2443 -> vm=30 (planned reserved, was idle)
[t=   4024.4144][TASK-COMPLETE         ] task=976 wf=33 vm=24(reserved) actualCPU=56.0090s
[t=   4024.4144][DISPATCH              ] wf=33 task=977 planned=vm7 BUSY -> advanced to vm=1
[t=   4031.1054][TASK-COMPLETE         ] task=719 wf=24 vm=7(reserved) actualCPU=36.2920s
[t=   4031.1054][DISPATCH              ] wf=24 task=720 planned=vm3 BUSY -> advanced to vm=7
[t=   4033.2824][TASK-COMPLETE         ] task=890 wf=30 vm=6(reserved) actualCPU=89.5100s
[t=   4033.2824][DISPATCH              ] wf=30 task=891 planned=vm5 BUSY -> advanced to vm=6
[t=   4033.4014][TASK-COMPLETE         ] task=1320 wf=45 vm=29(reserved) actualCPU=53.6580s
[t=   4033.4014][DISPATCH              ] wf=45 task=1321 planned=vm13 BUSY -> advanced to vm=9
[t=   4045.5254][TASK-COMPLETE         ] task=1063 wf=36 vm=10(reserved) actualCPU=56.0090s
[t=   4045.5254][DISPATCH              ] wf=36 task=1064 planned=vm6 BUSY -> advanced to vm=10
[t=   4051.0264][TASK-COMPLETE         ] task=2615 wf=90 vm=5(reserved) actualCPU=36.4840s
[t=   4051.0264][DISPATCH              ] wf=90 task=2616 -> vm=32 (planned reserved, was idle)
[t=   4052.1014][TASK-COMPLETE         ] task=2269 wf=78 vm=3(reserved) actualCPU=120.6760s
[t=   4052.1014][DISPATCH              ] wf=78 task=2270 planned=vm25 BUSY -> advanced to vm=3
[t=   4059.7844][TASK-COMPLETE         ] task=1406 wf=48 vm=13(reserved) actualCPU=241.5026s
[t=   4059.7844][DISPATCH              ] wf=48 task=1407 -> vm=12 (planned reserved, was idle)
[t=   4062.1724][TASK-COMPLETE         ] task=2183 wf=75 vm=18(reserved) actualCPU=210.2226s
[t=   4062.1724][DISPATCH              ] wf=75 task=2184 -> vm=24 (planned reserved, was idle)
[t=   4070.4104][TASK-COMPLETE         ] task=1234 wf=42 vm=20(reserved) actualCPU=108.1090s
[t=   4070.4104][DISPATCH              ] wf=42 task=1235 planned=vm1 BUSY -> advanced to vm=5
[t=   4073.5234][TASK-COMPLETE         ] task=1149 wf=39 vm=2(reserved) actualCPU=115.8960s
[t=   4073.5234][DISPATCH              ] wf=39 task=1150 planned=vm0 BUSY -> advanced to vm=2
[t=   4082.8654][TASK-COMPLETE         ] task=2529 wf=87 vm=31(reserved) actualCPU=140.8640s
[t=   4082.8654][DISPATCH              ] wf=87 task=2530 planned=vm26 BUSY -> advanced to vm=13
[t=   4084.2934][TASK-COMPLETE         ] task=1837 wf=63 vm=26(reserved) actualCPU=299.4706s
[t=   4084.2934][DISPATCH              ] wf=63 task=1838 planned=vm17 BUSY -> advanced to vm=18
[t=   4107.6224][TASK-COMPLETE         ] task=804 wf=27 vm=4(reserved) actualCPU=196.6500s
[t=   4107.6224][DISPATCH              ] wf=27 task=805 planned=vm1 BUSY -> advanced to vm=4
[t=   4113.4424][TASK-COMPLETE         ] task=1407 wf=48 vm=12(reserved) actualCPU=53.6580s
[t=   4113.4424][DISPATCH              ] wf=48 task=1408 planned=vm11 BUSY -> advanced to vm=12
[t=   4113.9244][TASK-COMPLETE         ] task=977 wf=33 vm=1(reserved) actualCPU=89.5100s
[t=   4113.9244][DISPATCH              ] wf=33 task=978 planned=vm4 BUSY -> advanced to vm=1
[t=   4114.7284][TASK-COMPLETE         ] task=2701 wf=93 vm=16(reserved) actualCPU=215.2356s
[t=   4114.7284][DISPATCH              ] wf=93 task=2702 planned=vm32 BUSY -> advanced to vm=16
[t=   4128.6204][TASK-COMPLETE         ] task=2356 wf=81 vm=28(reserved) actualCPU=120.6760s
[t=   4128.6204][DISPATCH              ] wf=81 task=2357 -> vm=27 (planned reserved, was idle)
[t=   4129.5324][TASK-COMPLETE         ] task=1150 wf=39 vm=2(reserved) actualCPU=56.0090s
[t=   4129.5324][DISPATCH              ] wf=39 task=1151 planned=vm5 BUSY -> advanced to vm=2
[t=   4135.0354][TASK-COMPLETE         ] task=1064 wf=36 vm=10(reserved) actualCPU=89.5100s
[t=   4135.0354][DISPATCH              ] wf=36 task=1065 planned=vm9 BUSY -> advanced to vm=10
[t=   4138.3604][TASK-COMPLETE         ] task=1838 wf=63 vm=18(reserved) actualCPU=54.0670s
[t=   4138.3604][DISPATCH              ] wf=63 task=1839 planned=vm14 BUSY -> advanced to vm=18
[t=   4140.9044][TASK-COMPLETE         ] task=805 wf=27 vm=4(reserved) actualCPU=33.2820s
[t=   4140.9044][DISPATCH              ] wf=27 task=806 planned=vm0 BUSY -> advanced to vm=4
[t=   4140.9338][TASK-COMPLETE         ] task=633 wf=21 vm=0(reserved) actualCPU=241.5980s
[t=   4140.9338][WF-COMPLETE           ] wf=21 completionTime=4140.9338 deadline=4803.6795 margin=662.7457 -> MET
[t=   4141.5098][TASK-COMPLETE         ] task=1321 wf=45 vm=9(reserved) actualCPU=108.1084s
[t=   4141.5098][DISPATCH              ] wf=45 task=1322 planned=vm10 BUSY -> advanced to vm=0
[t=   4143.6338][TASK-COMPLETE         ] task=2443 wf=84 vm=30(reserved) actualCPU=120.6754s
[t=   4143.6338][DISPATCH              ] wf=84 task=2444 -> vm=29 (planned reserved, was idle)
[t=   4148.3958][TASK-COMPLETE         ] task=2010 wf=69 vm=14(reserved) actualCPU=231.0054s
[t=   4148.3958][DISPATCH              ] wf=69 task=2011 -> vm=20 (planned reserved, was idle)
[t=   4150.0418][TASK-COMPLETE         ] task=1493 wf=51 vm=8(reserved) actualCPU=241.5030s
[t=   4150.0418][DISPATCH              ] wf=51 task=1494 planned=vm13 BUSY -> advanced to vm=8
[t=   4151.2118][TASK-COMPLETE         ] task=2702 wf=93 vm=16(reserved) actualCPU=36.4834s
[t=   4151.2118][DISPATCH              ] wf=93 task=2703 -> vm=28 (planned reserved, was idle)
[t=   4153.1008][TASK-COMPLETE         ] task=1235 wf=42 vm=5(reserved) actualCPU=82.6904s
[t=   4153.1008][DISPATCH              ] wf=42 task=1236 planned=vm7 BUSY -> advanced to vm=5
[t=   4154.3628][TASK-COMPLETE         ] task=1752 wf=60 vm=11(reserved) actualCPU=137.5404s
[t=   4154.3628][DISPATCH              ] wf=60 task=1753 -> vm=16 (planned reserved, was idle)
[t=   4165.1458][TASK-COMPLETE         ] task=2097 wf=72 vm=17(reserved) actualCPU=231.0054s
[t=   4165.1458][DISPATCH              ] wf=72 task=2098 -> vm=21 (planned reserved, was idle)
[t=   4177.1958][TASK-COMPLETE         ] task=806 wf=27 vm=4(reserved) actualCPU=36.2914s
[t=   4177.1958][DISPATCH              ] wf=27 task=807 planned=vm2 BUSY -> advanced to vm=4
[t=   4177.8518][TASK-COMPLETE         ] task=1924 wf=66 vm=25(reserved) actualCPU=299.4710s
[t=   4177.8518][DISPATCH              ] wf=66 task=1925 planned=vm1 BUSY -> advanced to vm=9
[t=   4191.8898][TASK-COMPLETE         ] task=2616 wf=90 vm=32(reserved) actualCPU=140.8634s
[t=   4191.8898][DISPATCH              ] wf=90 task=2617 -> vm=25 (planned reserved, was idle)
[t=   4203.5408][TASK-COMPLETE         ] task=2530 wf=87 vm=13(reserved) actualCPU=120.6754s
[t=   4203.5408][DISPATCH              ] wf=87 task=2531 -> vm=31 (planned reserved, was idle)
[t=   4203.6998][TASK-COMPLETE         ] task=1494 wf=51 vm=8(reserved) actualCPU=53.6580s
[t=   4203.6998][DISPATCH              ] wf=51 task=1495 planned=vm12 BUSY -> advanced to vm=8
[t=   4219.0418][TASK-COMPLETE         ] task=1151 wf=39 vm=2(reserved) actualCPU=89.5094s
[t=   4219.0418][DISPATCH              ] wf=39 task=1152 planned=vm8 BUSY -> advanced to vm=2
[t=   4221.5508][TASK-COMPLETE         ] task=1408 wf=48 vm=12(reserved) actualCPU=108.1084s
[t=   4221.5508][DISPATCH              ] wf=48 task=1409 planned=vm9 BUSY -> advanced to vm=11
[t=   4224.2008][TASK-COMPLETE         ] task=1322 wf=45 vm=0(reserved) actualCPU=82.6910s
[t=   4224.2008][DISPATCH              ] wf=45 task=1323 planned=vm6 BUSY -> advanced to vm=0
[t=   4229.9318][TASK-COMPLETE         ] task=891 wf=30 vm=6(reserved) actualCPU=196.6494s
[t=   4229.9318][DISPATCH              ] wf=30 task=892 planned=vm1 BUSY -> advanced to vm=6
[t=   4231.9188][TASK-COMPLETE         ] task=1925 wf=66 vm=9(reserved) actualCPU=54.0670s
[t=   4231.9188][DISPATCH              ] wf=66 task=1926 planned=vm19 BUSY -> advanced to vm=9
[t=   4252.7008][TASK-COMPLETE         ] task=1580 wf=54 vm=15(reserved) actualCPU=241.5024s
[t=   4252.7008][DISPATCH              ] wf=54 task=1581 planned=vm10 BUSY -> advanced to vm=12
[t=   4262.3238][TASK-COMPLETE         ] task=2270 wf=78 vm=3(reserved) actualCPU=210.2224s
[t=   4262.3238][DISPATCH              ] wf=78 task=2271 -> vm=23 (planned reserved, was idle)
[t=   4263.2138][TASK-COMPLETE         ] task=892 wf=30 vm=6(reserved) actualCPU=33.2820s
[t=   4263.2138][DISPATCH              ] wf=30 task=893 planned=vm0 BUSY -> advanced to vm=3
[t=   4266.0878][TASK-COMPLETE         ] task=1666 wf=57 vm=19(reserved) actualCPU=279.8824s
[t=   4266.0878][DISPATCH              ] wf=57 task=1667 -> vm=15 (planned reserved, was idle)
[t=   4268.9968][TASK-COMPLETE         ] task=1236 wf=42 vm=5(reserved) actualCPU=115.8960s
[t=   4268.9968][DISPATCH              ] wf=42 task=1237 planned=vm2 BUSY -> advanced to vm=5
[t=   4272.7028][TASK-COMPLETE         ] task=720 wf=24 vm=7(reserved) actualCPU=241.5974s
[t=   4272.7028][WF-COMPLETE           ] wf=24 completionTime=4272.7028 deadline=4935.4498 margin=662.7470 -> MET
[t=   4275.9008][TASK-COMPLETE         ] task=1839 wf=63 vm=18(reserved) actualCPU=137.5404s
[t=   4275.9008][DISPATCH              ] wf=63 task=1840 -> vm=18 (planned reserved, was idle)
[t=   4292.0758][TASK-COMPLETE         ] task=2703 wf=93 vm=28(reserved) actualCPU=140.8640s
[t=   4292.0758][DISPATCH              ] wf=93 task=2704 planned=vm20 BUSY -> advanced to vm=6
[t=   4293.1778][TASK-COMPLETE         ] task=2184 wf=75 vm=24(reserved) actualCPU=231.0054s
[t=   4293.1778][DISPATCH              ] wf=75 task=2185 -> vm=22 (planned reserved, was idle)
[t=   4299.5058][TASK-COMPLETE         ] task=893 wf=30 vm=3(reserved) actualCPU=36.2920s
[t=   4299.5058][DISPATCH              ] wf=30 task=894 -> vm=3 (planned reserved, was idle)
[t=   4304.2418][TASK-COMPLETE         ] task=1409 wf=48 vm=11(reserved) actualCPU=82.6910s
[t=   4304.2418][DISPATCH              ] wf=48 task=1410 -> vm=11 (planned reserved, was idle)
[t=   4306.3588][TASK-COMPLETE         ] task=1581 wf=54 vm=12(reserved) actualCPU=53.6580s
[t=   4306.3588][DISPATCH              ] wf=54 task=1582 -> vm=14 (planned reserved, was idle)
[t=   4310.5738][TASK-COMPLETE         ] task=978 wf=33 vm=1(reserved) actualCPU=196.6494s
[t=   4310.5738][DISPATCH              ] wf=33 task=979 -> vm=1 (planned reserved, was idle)
[t=   4311.8088][TASK-COMPLETE         ] task=1495 wf=51 vm=8(reserved) actualCPU=108.1090s
[t=   4311.8088][DISPATCH              ] wf=51 task=1496 -> vm=13 (planned reserved, was idle)
[t=   4312.5658][TASK-COMPLETE         ] task=2617 wf=90 vm=25(reserved) actualCPU=120.6760s
[t=   4312.5658][DISPATCH              ] wf=90 task=2618 -> vm=30 (planned reserved, was idle)
[t=   4325.0058][TASK-COMPLETE         ] task=1237 wf=42 vm=5(reserved) actualCPU=56.0090s
[t=   4325.0058][DISPATCH              ] wf=42 task=1238 -> vm=8 (planned reserved, was idle)
[t=   4331.6848][TASK-COMPLETE         ] task=1065 wf=36 vm=10(reserved) actualCPU=196.6494s
[t=   4331.6848][DISPATCH              ] wf=36 task=1066 planned=vm2 BUSY -> advanced to vm=5
[t=   4338.8428][TASK-COMPLETE         ] task=2357 wf=81 vm=27(reserved) actualCPU=210.2224s
[t=   4338.8428][DISPATCH              ] wf=81 task=2358 -> vm=24 (planned reserved, was idle)
[t=   4340.0968][TASK-COMPLETE         ] task=1323 wf=45 vm=0(reserved) actualCPU=115.8960s
[t=   4340.0968][DISPATCH              ] wf=45 task=1324 -> vm=10 (planned reserved, was idle)
[t=   4343.8558][TASK-COMPLETE         ] task=979 wf=33 vm=1(reserved) actualCPU=33.2820s
[t=   4343.8558][DISPATCH              ] wf=33 task=980 -> vm=0 (planned reserved, was idle)
[t=   4353.8568][TASK-COMPLETE         ] task=2444 wf=84 vm=29(reserved) actualCPU=210.2230s
[t=   4353.8568][DISPATCH              ] wf=84 task=2445 -> vm=26 (planned reserved, was idle)
[t=   4364.9668][TASK-COMPLETE         ] task=1066 wf=36 vm=5(reserved) actualCPU=33.2820s
[t=   4364.9668][DISPATCH              ] wf=36 task=1067 -> vm=1 (planned reserved, was idle)
[t=   4369.4598][TASK-COMPLETE         ] task=1926 wf=66 vm=9(reserved) actualCPU=137.5410s
[t=   4369.4598][DISPATCH              ] wf=66 task=1927 -> vm=17 (planned reserved, was idle)
[t=   4380.1478][TASK-COMPLETE         ] task=980 wf=33 vm=0(reserved) actualCPU=36.2920s
[t=   4380.1478][DISPATCH              ] wf=33 task=981 planned=vm4 BUSY -> advanced to vm=0
[t=   4394.4998][TASK-COMPLETE         ] task=1496 wf=51 vm=13(reserved) actualCPU=82.6910s
[t=   4394.4998][DISPATCH              ] wf=51 task=1497 -> vm=12 (planned reserved, was idle)
[t=   4396.1058][TASK-COMPLETE         ] task=1324 wf=45 vm=10(reserved) actualCPU=56.0090s
[t=   4396.1058][DISPATCH              ] wf=45 task=1325 planned=vm3 BUSY -> advanced to vm=5
[t=   4401.2588][TASK-COMPLETE         ] task=1067 wf=36 vm=1(reserved) actualCPU=36.2920s
[t=   4401.2588][DISPATCH              ] wf=36 task=1068 planned=vm5 BUSY -> advanced to vm=1
[t=   4412.7518][TASK-COMPLETE         ] task=2704 wf=93 vm=6(reserved) actualCPU=120.6760s
[t=   4412.7518][DISPATCH              ] wf=93 task=2705 -> vm=32 (planned reserved, was idle)
[t=   4413.7638][TASK-COMPLETE         ] task=2531 wf=87 vm=31(reserved) actualCPU=210.2230s
[t=   4413.7638][DISPATCH              ] wf=87 task=2532 -> vm=27 (planned reserved, was idle)
[t=   4414.4678][TASK-COMPLETE         ] task=1582 wf=54 vm=14(reserved) actualCPU=108.1090s
[t=   4414.4678][DISPATCH              ] wf=54 task=1583 planned=vm11 BUSY -> advanced to vm=6
[t=   4414.5158][TASK-COMPLETE         ] task=1238 wf=42 vm=8(reserved) actualCPU=89.5100s
[t=   4414.5158][DISPATCH              ] wf=42 task=1239 -> vm=7 (planned reserved, was idle)
[t=   4415.6918][TASK-COMPLETE         ] task=1152 wf=39 vm=2(reserved) actualCPU=196.6500s
[t=   4415.6918][DISPATCH              ] wf=39 task=1153 planned=vm1 BUSY -> advanced to vm=2
[t=   4418.7938][TASK-COMPLETE         ] task=807 wf=27 vm=4(reserved) actualCPU=241.5980s
[t=   4418.7938][WF-COMPLETE           ] wf=27 completionTime=4418.7938 deadline=5081.5394 margin=662.7455 -> MET
[t=   4420.1378][TASK-COMPLETE         ] task=1410 wf=48 vm=11(reserved) actualCPU=115.8960s
[t=   4420.1378][DISPATCH              ] wf=48 task=1411 -> vm=8 (planned reserved, was idle)
[t=   4434.2458][TASK-COMPLETE         ] task=1753 wf=60 vm=16(reserved) actualCPU=279.8830s
[t=   4434.2458][DISPATCH              ] wf=60 task=1754 -> vm=16 (planned reserved, was idle)
[t=   4447.8668][TASK-COMPLETE         ] task=2011 wf=69 vm=20(reserved) actualCPU=299.4710s
[t=   4447.8668][DISPATCH              ] wf=69 task=2012 planned=vm17 BUSY -> advanced to vm=4
[t=   4448.9738][TASK-COMPLETE         ] task=1153 wf=39 vm=2(reserved) actualCPU=33.2820s
[t=   4448.9738][DISPATCH              ] wf=39 task=1154 planned=vm0 BUSY -> advanced to vm=2
[t=   4464.6168][TASK-COMPLETE         ] task=2098 wf=72 vm=21(reserved) actualCPU=299.4710s
[t=   4464.6168][DISPATCH              ] wf=72 task=2099 -> vm=20 (planned reserved, was idle)
[t=   4476.1468][TASK-COMPLETE         ] task=1411 wf=48 vm=8(reserved) actualCPU=56.0090s
[t=   4476.1468][DISPATCH              ] wf=48 task=1412 planned=vm4 BUSY -> advanced to vm=8
[t=   4485.2658][TASK-COMPLETE         ] task=1154 wf=39 vm=2(reserved) actualCPU=36.2920s
[t=   4485.2658][DISPATCH              ] wf=39 task=1155 planned=vm6 BUSY -> advanced to vm=2
[t=   4485.6158][TASK-COMPLETE         ] task=1325 wf=45 vm=5(reserved) actualCPU=89.5100s
[t=   4485.6158][DISPATCH              ] wf=45 task=1326 -> vm=9 (planned reserved, was idle)
[t=   4493.3298][TASK-COMPLETE         ] task=2271 wf=78 vm=23(reserved) actualCPU=231.0060s
[t=   4493.3298][DISPATCH              ] wf=78 task=2272 -> vm=21 (planned reserved, was idle)
[t=   4497.1588][TASK-COMPLETE         ] task=1583 wf=54 vm=6(reserved) actualCPU=82.6910s
[t=   4497.1588][DISPATCH              ] wf=54 task=1584 -> vm=10 (planned reserved, was idle)
[t=   4501.9338][TASK-COMPLETE         ] task=2012 wf=69 vm=4(reserved) actualCPU=54.0670s
[t=   4501.9338][DISPATCH              ] wf=69 task=2013 planned=vm15 BUSY -> advanced to vm=4
[t=   4507.5908][TASK-COMPLETE         ] task=1667 wf=57 vm=15(reserved) actualCPU=241.5030s
[t=   4507.5908][DISPATCH              ] wf=57 task=1668 planned=vm3 BUSY -> advanced to vm=5
[t=   4510.3958][TASK-COMPLETE         ] task=1497 wf=51 vm=12(reserved) actualCPU=115.8960s
[t=   4510.3958][DISPATCH              ] wf=51 task=1498 planned=vm7 BUSY -> advanced to vm=6
[t=   4518.6838][TASK-COMPLETE         ] task=2099 wf=72 vm=20(reserved) actualCPU=54.0670s
[t=   4518.6838][DISPATCH              ] wf=72 task=2100 -> vm=19 (planned reserved, was idle)
[t=   4522.7888][TASK-COMPLETE         ] task=2618 wf=90 vm=30(reserved) actualCPU=210.2230s
[t=   4522.7888][DISPATCH              ] wf=90 task=2619 -> vm=28 (planned reserved, was idle)
[t=   4541.1038][TASK-COMPLETE         ] task=894 wf=30 vm=3(reserved) actualCPU=241.5980s
[t=   4541.1038][WF-COMPLETE           ] wf=30 completionTime=4541.1038 deadline=5203.7498 margin=662.6460 -> MET
[t=   4555.7838][TASK-COMPLETE         ] task=1840 wf=63 vm=18(reserved) actualCPU=279.8830s
[t=   4555.7838][DISPATCH              ] wf=63 task=1841 -> vm=13 (planned reserved, was idle)
[t=   4561.2488][TASK-COMPLETE         ] task=1668 wf=57 vm=5(reserved) actualCPU=53.6580s
[t=   4561.2488][DISPATCH              ] wf=57 task=1669 -> vm=11 (planned reserved, was idle)
[t=   4565.6568][TASK-COMPLETE         ] task=1412 wf=48 vm=8(reserved) actualCPU=89.5100s
[t=   4565.6568][DISPATCH              ] wf=48 task=1413 planned=vm2 BUSY -> advanced to vm=3
[t=   4566.4048][TASK-COMPLETE         ] task=1498 wf=51 vm=6(reserved) actualCPU=56.0090s
[t=   4566.4048][DISPATCH              ] wf=51 task=1499 planned=vm0 BUSY -> advanced to vm=5
[t=   4569.8488][TASK-COMPLETE         ] task=2358 wf=81 vm=24(reserved) actualCPU=231.0060s
[t=   4569.8488][DISPATCH              ] wf=81 task=2359 -> vm=23 (planned reserved, was idle)
[t=   4584.8628][TASK-COMPLETE         ] task=2445 wf=84 vm=26(reserved) actualCPU=231.0060s
[t=   4584.8628][DISPATCH              ] wf=84 task=2446 -> vm=25 (planned reserved, was idle)
[t=   4592.6488][TASK-COMPLETE         ] task=2185 wf=75 vm=22(reserved) actualCPU=299.4710s
[t=   4592.6488][DISPATCH              ] wf=75 task=2186 planned=vm10 BUSY -> advanced to vm=6
[t=   4611.1658][TASK-COMPLETE         ] task=1239 wf=42 vm=7(reserved) actualCPU=196.6500s
[t=   4611.1658][DISPATCH              ] wf=42 task=1240 planned=vm2 BUSY -> advanced to vm=7
[t=   4613.0548][TASK-COMPLETE         ] task=1584 wf=54 vm=10(reserved) actualCPU=115.8960s
[t=   4613.0548][DISPATCH              ] wf=54 task=1585 -> vm=8 (planned reserved, was idle)
[t=   4621.7458][TASK-COMPLETE         ] task=981 wf=33 vm=0(reserved) actualCPU=241.5980s
[t=   4621.7458][WF-COMPLETE           ] wf=33 completionTime=4621.7458 deadline=5284.4909 margin=662.7451 -> MET
[t=   4622.9748][TASK-COMPLETE         ] task=2705 wf=93 vm=32(reserved) actualCPU=210.2230s
[t=   4622.9748][DISPATCH              ] wf=93 task=2706 -> vm=29 (planned reserved, was idle)
[t=   4639.4748][TASK-COMPLETE         ] task=2013 wf=69 vm=4(reserved) actualCPU=137.5410s
[t=   4639.4748][DISPATCH              ] wf=69 task=2014 -> vm=14 (planned reserved, was idle)
[t=   4642.8568][TASK-COMPLETE         ] task=1068 wf=36 vm=1(reserved) actualCPU=241.5980s
[t=   4642.8568][WF-COMPLETE           ] wf=36 completionTime=4642.8568 deadline=5305.5016 margin=662.6448 -> MET
[t=   4644.4478][TASK-COMPLETE         ] task=1240 wf=42 vm=7(reserved) actualCPU=33.2820s
[t=   4644.4478][DISPATCH              ] wf=42 task=1241 -> vm=0 (planned reserved, was idle)
[t=   4644.7698][TASK-COMPLETE         ] task=2532 wf=87 vm=27(reserved) actualCPU=231.0060s
[t=   4644.7698][DISPATCH              ] wf=87 task=2533 -> vm=22 (planned reserved, was idle)
[t=   4646.7158][TASK-COMPLETE         ] task=2186 wf=75 vm=6(reserved) actualCPU=54.0670s
[t=   4646.7158][DISPATCH              ] wf=75 task=2187 planned=vm16 BUSY -> advanced to vm=1
[t=   4649.3428][TASK-COMPLETE         ] task=1927 wf=66 vm=17(reserved) actualCPU=279.8830s
[t=   4649.3428][DISPATCH              ] wf=66 task=1928 -> vm=12 (planned reserved, was idle)
[t=   4655.9148][TASK-COMPLETE         ] task=1499 wf=51 vm=5(reserved) actualCPU=89.5100s
[t=   4655.9148][DISPATCH              ] wf=51 task=1500 -> vm=5 (planned reserved, was idle)
[t=   4656.2248][TASK-COMPLETE         ] task=2100 wf=72 vm=19(reserved) actualCPU=137.5410s
[t=   4656.2248][DISPATCH              ] wf=72 task=2101 -> vm=18 (planned reserved, was idle)
[t=   4669.0638][TASK-COMPLETE         ] task=1585 wf=54 vm=8(reserved) actualCPU=56.0090s
[t=   4669.0638][DISPATCH              ] wf=54 task=1586 -> vm=7 (planned reserved, was idle)
[t=   4669.3578][TASK-COMPLETE         ] task=1669 wf=57 vm=11(reserved) actualCPU=108.1090s
[t=   4669.3578][DISPATCH              ] wf=57 task=1670 planned=vm9 BUSY -> advanced to vm=4
[t=   4675.7488][TASK-COMPLETE         ] task=1754 wf=60 vm=16(reserved) actualCPU=241.5030s
[t=   4675.7488][DISPATCH              ] wf=60 task=1755 -> vm=11 (planned reserved, was idle)
[t=   4680.7398][TASK-COMPLETE         ] task=1241 wf=42 vm=0(reserved) actualCPU=36.2920s
[t=   4680.7398][DISPATCH              ] wf=42 task=1242 planned=vm1 BUSY -> advanced to vm=0
[t=   4682.2658][TASK-COMPLETE         ] task=1326 wf=45 vm=9(reserved) actualCPU=196.6500s
[t=   4682.2658][DISPATCH              ] wf=45 task=1327 planned=vm2 BUSY -> advanced to vm=6
[t=   4715.5478][TASK-COMPLETE         ] task=1327 wf=45 vm=6(reserved) actualCPU=33.2820s
[t=   4715.5478][DISPATCH              ] wf=45 task=1328 planned=vm0 BUSY -> advanced to vm=6
[t=   4726.8638][TASK-COMPLETE         ] task=1155 wf=39 vm=2(reserved) actualCPU=241.5980s
[t=   4726.8638][WF-COMPLETE           ] wf=39 completionTime=4726.8638 deadline=5389.6077 margin=662.7439 -> MET
[t=   4729.4068][TASK-COMPLETE         ] task=1755 wf=60 vm=11(reserved) actualCPU=53.6580s
[t=   4729.4068][DISPATCH              ] wf=60 task=1756 -> vm=10 (planned reserved, was idle)
[t=   4751.8398][TASK-COMPLETE         ] task=1328 wf=45 vm=6(reserved) actualCPU=36.2920s
[t=   4751.8398][DISPATCH              ] wf=45 task=1329 planned=vm3 BUSY -> advanced to vm=2
[t=   4752.0488][TASK-COMPLETE         ] task=1670 wf=57 vm=4(reserved) actualCPU=82.6910s
[t=   4752.0488][DISPATCH              ] wf=57 task=1671 -> vm=8 (planned reserved, was idle)
[t=   4753.7948][TASK-COMPLETE         ] task=2619 wf=90 vm=28(reserved) actualCPU=231.0060s
[t=   4753.7948][DISPATCH              ] wf=90 task=2620 -> vm=24 (planned reserved, was idle)
[t=   4758.5738][TASK-COMPLETE         ] task=1586 wf=54 vm=7(reserved) actualCPU=89.5100s
[t=   4758.5738][DISPATCH              ] wf=54 task=1587 -> vm=6 (planned reserved, was idle)
[t=   4762.3068][TASK-COMPLETE         ] task=1413 wf=48 vm=3(reserved) actualCPU=196.6500s
[t=   4762.3068][DISPATCH              ] wf=48 task=1414 planned=vm1 BUSY -> advanced to vm=3
[t=   4784.2568][TASK-COMPLETE         ] task=2187 wf=75 vm=1(reserved) actualCPU=137.5410s
[t=   4784.2568][DISPATCH              ] wf=75 task=2188 -> vm=15 (planned reserved, was idle)
[t=   4792.8008][TASK-COMPLETE         ] task=2272 wf=78 vm=21(reserved) actualCPU=299.4710s
[t=   4792.8008][DISPATCH              ] wf=78 task=2273 planned=vm10 BUSY -> advanced to vm=1
[t=   4795.5888][TASK-COMPLETE         ] task=1414 wf=48 vm=3(reserved) actualCPU=33.2820s
[t=   4795.5888][DISPATCH              ] wf=48 task=1415 planned=vm0 BUSY -> advanced to vm=3
[t=   4797.2868][TASK-COMPLETE         ] task=1841 wf=63 vm=13(reserved) actualCPU=241.5030s
[t=   4797.2868][DISPATCH              ] wf=63 task=1842 -> vm=7 (planned reserved, was idle)
[t=   4831.8808][TASK-COMPLETE         ] task=1415 wf=48 vm=3(reserved) actualCPU=36.2920s
[t=   4831.8808][DISPATCH              ] wf=48 task=1416 -> vm=4 (planned reserved, was idle)
[t=   4837.5158][TASK-COMPLETE         ] task=1756 wf=60 vm=10(reserved) actualCPU=108.1090s
[t=   4837.5158][DISPATCH              ] wf=60 task=1757 planned=vm8 BUSY -> advanced to vm=3
[t=   4846.8678][TASK-COMPLETE         ] task=2273 wf=78 vm=1(reserved) actualCPU=54.0670s
[t=   4846.8678][DISPATCH              ] wf=78 task=2274 -> vm=17 (planned reserved, was idle)
[t=   4850.9448][TASK-COMPLETE         ] task=1842 wf=63 vm=7(reserved) actualCPU=53.6580s
[t=   4850.9448][DISPATCH              ] wf=63 task=1843 -> vm=9 (planned reserved, was idle)
[t=   4852.5648][TASK-COMPLETE         ] task=1500 wf=51 vm=5(reserved) actualCPU=196.6500s
[t=   4852.5648][DISPATCH              ] wf=51 task=1501 -> vm=1 (planned reserved, was idle)
[t=   4853.9808][TASK-COMPLETE         ] task=2706 wf=93 vm=29(reserved) actualCPU=231.0060s
[t=   4853.9808][DISPATCH              ] wf=93 task=2707 -> vm=26 (planned reserved, was idle)
[t=   4867.9448][TASK-COMPLETE         ] task=1671 wf=57 vm=8(reserved) actualCPU=115.8960s
[t=   4867.9448][DISPATCH              ] wf=57 task=1672 planned=vm6 BUSY -> advanced to vm=5
[t=   4869.3198][TASK-COMPLETE         ] task=2359 wf=81 vm=23(reserved) actualCPU=299.4710s
[t=   4869.3198][DISPATCH              ] wf=81 task=2360 -> vm=19 (planned reserved, was idle)
[t=   4884.3338][TASK-COMPLETE         ] task=2446 wf=84 vm=25(reserved) actualCPU=299.4710s
[t=   4884.3338][DISPATCH              ] wf=84 task=2447 planned=vm22 BUSY -> advanced to vm=7
[t=   4885.8468][TASK-COMPLETE         ] task=1501 wf=51 vm=1(reserved) actualCPU=33.2820s
[t=   4885.8468][DISPATCH              ] wf=51 task=1502 planned=vm0 BUSY -> advanced to vm=1
[t=   4890.8458][TASK-COMPLETE         ] task=1928 wf=66 vm=12(reserved) actualCPU=241.5030s
[t=   4890.8458][DISPATCH              ] wf=66 task=1929 -> vm=11 (planned reserved, was idle)
[t=   4919.3578][TASK-COMPLETE         ] task=2014 wf=69 vm=14(reserved) actualCPU=279.8830s
[t=   4919.3578][DISPATCH              ] wf=69 task=2015 -> vm=12 (planned reserved, was idle)
[t=   4920.2068][TASK-COMPLETE         ] task=1757 wf=60 vm=3(reserved) actualCPU=82.6910s
[t=   4920.2068][DISPATCH              ] wf=60 task=1758 planned=vm7 BUSY -> advanced to vm=3
[t=   4922.1388][TASK-COMPLETE         ] task=1502 wf=51 vm=1(reserved) actualCPU=36.2920s
[t=   4922.1388][DISPATCH              ] wf=51 task=1503 planned=vm5 BUSY -> advanced to vm=8
[t=   4922.3378][TASK-COMPLETE         ] task=1242 wf=42 vm=0(reserved) actualCPU=241.5980s
[t=   4922.3378][WF-COMPLETE           ] wf=42 completionTime=4922.3378 deadline=5585.0808 margin=662.7430 -> MET
[t=   4923.3868][TASK-COMPLETE         ] task=2360 wf=81 vm=19(reserved) actualCPU=54.0670s
[t=   4923.3868][DISPATCH              ] wf=81 task=2361 planned=vm15 BUSY -> advanced to vm=0
[t=   4923.9538][TASK-COMPLETE         ] task=1672 wf=57 vm=5(reserved) actualCPU=56.0090s
[t=   4923.9538][DISPATCH              ] wf=57 task=1673 planned=vm4 BUSY -> advanced to vm=1
[t=   4936.1078][TASK-COMPLETE         ] task=2101 wf=72 vm=18(reserved) actualCPU=279.8830s
[t=   4936.1078][DISPATCH              ] wf=72 task=2102 -> vm=13 (planned reserved, was idle)
[t=   4938.4008][TASK-COMPLETE         ] task=2447 wf=84 vm=7(reserved) actualCPU=54.0670s
[t=   4938.4008][DISPATCH              ] wf=84 task=2448 -> vm=21 (planned reserved, was idle)
[t=   4944.2408][TASK-COMPLETE         ] task=2533 wf=87 vm=22(reserved) actualCPU=299.4710s
[t=   4944.2408][DISPATCH              ] wf=87 task=2534 planned=vm0 BUSY -> advanced to vm=5
[t=   4944.5038][TASK-COMPLETE         ] task=1929 wf=66 vm=11(reserved) actualCPU=53.6580s
[t=   4944.5038][DISPATCH              ] wf=66 task=1930 -> vm=10 (planned reserved, was idle)
[t=   4955.2238][TASK-COMPLETE         ] task=1587 wf=54 vm=6(reserved) actualCPU=196.6500s
[t=   4955.2238][DISPATCH              ] wf=54 task=1588 planned=vm1 BUSY -> advanced to vm=6
[t=   4959.0538][TASK-COMPLETE         ] task=1843 wf=63 vm=9(reserved) actualCPU=108.1090s
[t=   4959.0538][DISPATCH              ] wf=63 task=1844 planned=vm8 BUSY -> advanced to vm=7
[t=   4984.4088][TASK-COMPLETE         ] task=2274 wf=78 vm=17(reserved) actualCPU=137.5410s
[t=   4984.4088][DISPATCH              ] wf=78 task=2275 -> vm=16 (planned reserved, was idle)
[t=   4988.5058][TASK-COMPLETE         ] task=1588 wf=54 vm=6(reserved) actualCPU=33.2820s
[t=   4988.5058][DISPATCH              ] wf=54 task=1589 planned=vm0 BUSY -> advanced to vm=6
[t=   4993.4378][TASK-COMPLETE         ] task=1329 wf=45 vm=2(reserved) actualCPU=241.5980s
[t=   4993.4378][WF-COMPLETE           ] wf=45 completionTime=4993.4378 deadline=5656.1826 margin=662.7448 -> MET
[t=   4998.3078][TASK-COMPLETE         ] task=2534 wf=87 vm=5(reserved) actualCPU=54.0670s
[t=   4998.3078][DISPATCH              ] wf=87 task=2535 -> vm=9 (planned reserved, was idle)
[t=   5013.4638][TASK-COMPLETE         ] task=1673 wf=57 vm=1(reserved) actualCPU=89.5100s
[t=   5013.4638][DISPATCH              ] wf=57 task=1674 planned=vm3 BUSY -> advanced to vm=1
[t=   5024.7978][TASK-COMPLETE         ] task=1589 wf=54 vm=6(reserved) actualCPU=36.2920s
[t=   5024.7978][DISPATCH              ] wf=54 task=1590 -> vm=2 (planned reserved, was idle)
[t=   5036.1028][TASK-COMPLETE         ] task=1758 wf=60 vm=3(reserved) actualCPU=115.8960s
[t=   5036.1028][DISPATCH              ] wf=60 task=1759 -> vm=5 (planned reserved, was idle)
[t=   5041.7448][TASK-COMPLETE         ] task=1844 wf=63 vm=7(reserved) actualCPU=82.6910s
[t=   5041.7448][DISPATCH              ] wf=63 task=1845 -> vm=6 (planned reserved, was idle)
[t=   5052.6128][TASK-COMPLETE         ] task=1930 wf=66 vm=10(reserved) actualCPU=108.1090s
[t=   5052.6128][DISPATCH              ] wf=66 task=1931 -> vm=7 (planned reserved, was idle)
[t=   5053.2658][TASK-COMPLETE         ] task=2620 wf=90 vm=24(reserved) actualCPU=299.4710s
[t=   5053.2658][DISPATCH              ] wf=90 task=2621 planned=vm8 BUSY -> advanced to vm=3
[t=   5060.9278][TASK-COMPLETE         ] task=2361 wf=81 vm=0(reserved) actualCPU=137.5410s
[t=   5060.9278][DISPATCH              ] wf=81 task=2362 -> vm=18 (planned reserved, was idle)
[t=   5064.1398][TASK-COMPLETE         ] task=2188 wf=75 vm=15(reserved) actualCPU=279.8830s
[t=   5064.1398][DISPATCH              ] wf=75 task=2189 -> vm=14 (planned reserved, was idle)
[t=   5073.4788][TASK-COMPLETE         ] task=1416 wf=48 vm=4(reserved) actualCPU=241.5980s
[t=   5073.4788][WF-COMPLETE           ] wf=48 completionTime=5073.4788 deadline=5736.0945 margin=662.6157 -> MET
[t=   5075.9418][TASK-COMPLETE         ] task=2448 wf=84 vm=21(reserved) actualCPU=137.5410s
[t=   5075.9418][DISPATCH              ] wf=84 task=2449 -> vm=20 (planned reserved, was idle)
[t=   5092.1118][TASK-COMPLETE         ] task=1759 wf=60 vm=5(reserved) actualCPU=56.0090s
[t=   5092.1118][DISPATCH              ] wf=60 task=1760 -> vm=4 (planned reserved, was idle)
[t=   5107.3328][TASK-COMPLETE         ] task=2621 wf=90 vm=3(reserved) actualCPU=54.0670s
[t=   5107.3328][DISPATCH              ] wf=90 task=2622 planned=vm12 BUSY -> advanced to vm=0
[t=   5135.3038][TASK-COMPLETE         ] task=1931 wf=66 vm=7(reserved) actualCPU=82.6910s
[t=   5135.3038][DISPATCH              ] wf=66 task=1932 -> vm=3 (planned reserved, was idle)
[t=   5135.8488][TASK-COMPLETE         ] task=2535 wf=87 vm=9(reserved) actualCPU=137.5410s
[t=   5135.8488][DISPATCH              ] wf=87 task=2536 -> vm=17 (planned reserved, was idle)
[t=   5153.4518][TASK-COMPLETE         ] task=2707 wf=93 vm=26(reserved) actualCPU=299.4710s
[t=   5153.4518][DISPATCH              ] wf=93 task=2708 planned=vm13 BUSY -> advanced to vm=5
[t=   5157.6408][TASK-COMPLETE         ] task=1845 wf=63 vm=6(reserved) actualCPU=115.8960s
[t=   5157.6408][DISPATCH              ] wf=63 task=1846 planned=vm2 BUSY -> advanced to vm=6
[t=   5160.8608][TASK-COMPLETE         ] task=2015 wf=69 vm=12(reserved) actualCPU=241.5030s
[t=   5160.8608][DISPATCH              ] wf=69 task=2016 planned=vm6 BUSY -> advanced to vm=7
[t=   5163.7368][TASK-COMPLETE         ] task=1503 wf=51 vm=8(reserved) actualCPU=241.5980s
[t=   5163.7368][WF-COMPLETE           ] wf=51 completionTime=5163.7368 deadline=5826.4772 margin=662.7404 -> MET
[t=   5177.6108][TASK-COMPLETE         ] task=2102 wf=72 vm=13(reserved) actualCPU=241.5030s
[t=   5177.6108][DISPATCH              ] wf=72 task=2103 planned=vm7 BUSY -> advanced to vm=8
[t=   5181.6218][TASK-COMPLETE         ] task=1760 wf=60 vm=4(reserved) actualCPU=89.5100s
[t=   5181.6218][DISPATCH              ] wf=60 task=1761 planned=vm1 BUSY -> advanced to vm=4
[t=   5207.5188][TASK-COMPLETE         ] task=2708 wf=93 vm=5(reserved) actualCPU=54.0670s
[t=   5207.5188][DISPATCH              ] wf=93 task=2709 planned=vm14 BUSY -> advanced to vm=5
[t=   5210.1138][TASK-COMPLETE         ] task=1674 wf=57 vm=1(reserved) actualCPU=196.6500s
[t=   5210.1138][DISPATCH              ] wf=57 task=1675 planned=vm2 BUSY -> advanced to vm=1
[t=   5213.6498][TASK-COMPLETE         ] task=1846 wf=63 vm=6(reserved) actualCPU=56.0090s
[t=   5213.6498][DISPATCH              ] wf=63 task=1847 planned=vm5 BUSY -> advanced to vm=6
[t=   5214.5188][TASK-COMPLETE         ] task=2016 wf=69 vm=7(reserved) actualCPU=53.6580s
[t=   5214.5188][DISPATCH              ] wf=69 task=2017 planned=vm8 BUSY -> advanced to vm=7
[t=   5231.2688][TASK-COMPLETE         ] task=2103 wf=72 vm=8(reserved) actualCPU=53.6580s
[t=   5231.2688][DISPATCH              ] wf=72 task=2104 -> vm=9 (planned reserved, was idle)
[t=   5243.3958][TASK-COMPLETE         ] task=1675 wf=57 vm=1(reserved) actualCPU=33.2820s
[t=   5243.3958][DISPATCH              ] wf=57 task=1676 -> vm=1 (planned reserved, was idle)
[t=   5244.8738][TASK-COMPLETE         ] task=2622 wf=90 vm=0(reserved) actualCPU=137.5410s
[t=   5244.8738][DISPATCH              ] wf=90 task=2623 -> vm=15 (planned reserved, was idle)
[t=   5251.1998][TASK-COMPLETE         ] task=1932 wf=66 vm=3(reserved) actualCPU=115.8960s
[t=   5251.1998][DISPATCH              ] wf=66 task=1933 planned=vm7 BUSY -> advanced to vm=0
[t=   5264.2918][TASK-COMPLETE         ] task=2275 wf=78 vm=16(reserved) actualCPU=279.8830s
[t=   5264.2918][DISPATCH              ] wf=78 task=2276 -> vm=10 (planned reserved, was idle)
[t=   5266.3958][TASK-COMPLETE         ] task=1590 wf=54 vm=2(reserved) actualCPU=241.5980s
[t=   5266.3958][WF-COMPLETE           ] wf=54 completionTime=5266.3958 deadline=5929.1387 margin=662.7428 -> MET
[t=   5279.6878][TASK-COMPLETE         ] task=1676 wf=57 vm=1(reserved) actualCPU=36.2920s
[t=   5279.6878][DISPATCH              ] wf=57 task=1677 planned=vm0 BUSY -> advanced to vm=1
[t=   5303.1598][TASK-COMPLETE         ] task=1847 wf=63 vm=6(reserved) actualCPU=89.5100s
[t=   5303.1598][DISPATCH              ] wf=63 task=1848 planned=vm4 BUSY -> advanced to vm=2
[t=   5305.6428][TASK-COMPLETE         ] task=2189 wf=75 vm=14(reserved) actualCPU=241.5030s
[t=   5305.6428][DISPATCH              ] wf=75 task=2190 planned=vm7 BUSY -> advanced to vm=3
[t=   5307.2088][TASK-COMPLETE         ] task=1933 wf=66 vm=0(reserved) actualCPU=56.0090s
[t=   5307.2088][DISPATCH              ] wf=66 task=1934 planned=vm2 BUSY -> advanced to vm=0
[t=   5322.6278][TASK-COMPLETE         ] task=2017 wf=69 vm=7(reserved) actualCPU=108.1090s
[t=   5322.6278][DISPATCH              ] wf=69 task=2018 -> vm=8 (planned reserved, was idle)
[t=   5339.3778][TASK-COMPLETE         ] task=2104 wf=72 vm=9(reserved) actualCPU=108.1090s
[t=   5339.3778][DISPATCH              ] wf=72 task=2105 planned=vm1 BUSY -> advanced to vm=6
[t=   5340.8108][TASK-COMPLETE         ] task=2362 wf=81 vm=18(reserved) actualCPU=279.8830s
[t=   5340.8108][DISPATCH              ] wf=81 task=2363 -> vm=11 (planned reserved, was idle)
[t=   5345.0598][TASK-COMPLETE         ] task=2709 wf=93 vm=5(reserved) actualCPU=137.5410s
[t=   5345.0598][DISPATCH              ] wf=93 task=2710 -> vm=16 (planned reserved, was idle)
[t=   5355.8248][TASK-COMPLETE         ] task=2449 wf=84 vm=20(reserved) actualCPU=279.8830s
[t=   5355.8248][DISPATCH              ] wf=84 task=2450 -> vm=12 (planned reserved, was idle)
[t=   5359.3008][TASK-COMPLETE         ] task=2190 wf=75 vm=3(reserved) actualCPU=53.6580s
[t=   5359.3008][DISPATCH              ] wf=75 task=2191 -> vm=9 (planned reserved, was idle)
[t=   5378.2718][TASK-COMPLETE         ] task=1761 wf=60 vm=4(reserved) actualCPU=196.6500s
[t=   5378.2718][DISPATCH              ] wf=60 task=1762 planned=vm1 BUSY -> advanced to vm=3
[t=   5396.7188][TASK-COMPLETE         ] task=1934 wf=66 vm=0(reserved) actualCPU=89.5100s
[t=   5396.7188][DISPATCH              ] wf=66 task=1935 planned=vm6 BUSY -> advanced to vm=0
[t=   5405.3188][TASK-COMPLETE         ] task=2018 wf=69 vm=8(reserved) actualCPU=82.6910s
[t=   5405.3188][DISPATCH              ] wf=69 task=2019 -> vm=5 (planned reserved, was idle)
[t=   5411.5538][TASK-COMPLETE         ] task=1762 wf=60 vm=3(reserved) actualCPU=33.2820s
[t=   5411.5538][DISPATCH              ] wf=60 task=1763 planned=vm0 BUSY -> advanced to vm=3
[t=   5415.7318][TASK-COMPLETE         ] task=2536 wf=87 vm=17(reserved) actualCPU=279.8830s
[t=   5415.7318][DISPATCH              ] wf=87 task=2537 -> vm=13 (planned reserved, was idle)
[t=   5422.0688][TASK-COMPLETE         ] task=2105 wf=72 vm=6(reserved) actualCPU=82.6910s
[t=   5422.0688][DISPATCH              ] wf=72 task=2106 -> vm=7 (planned reserved, was idle)
[t=   5447.8458][TASK-COMPLETE         ] task=1763 wf=60 vm=3(reserved) actualCPU=36.2920s
[t=   5447.8458][DISPATCH              ] wf=60 task=1764 -> vm=3 (planned reserved, was idle)
[t=   5467.4098][TASK-COMPLETE         ] task=2191 wf=75 vm=9(reserved) actualCPU=108.1090s
[t=   5467.4098][DISPATCH              ] wf=75 task=2192 -> vm=8 (planned reserved, was idle)
[t=   5499.8098][TASK-COMPLETE         ] task=1848 wf=63 vm=2(reserved) actualCPU=196.6500s
[t=   5499.8098][DISPATCH              ] wf=63 task=1849 planned=vm1 BUSY -> advanced to vm=2
[t=   5505.7948][TASK-COMPLETE         ] task=2276 wf=78 vm=10(reserved) actualCPU=241.5030s
[t=   5505.7948][DISPATCH              ] wf=78 task=2277 planned=vm12 BUSY -> advanced to vm=4
[t=   5521.2148][TASK-COMPLETE         ] task=2019 wf=69 vm=5(reserved) actualCPU=115.8960s
[t=   5521.2148][DISPATCH              ] wf=69 task=2020 -> vm=6 (planned reserved, was idle)
[t=   5521.2858][TASK-COMPLETE         ] task=1677 wf=57 vm=1(reserved) actualCPU=241.5980s
[t=   5521.2858][WF-COMPLETE           ] wf=57 completionTime=5521.2858 deadline=6184.0289 margin=662.7431 -> MET
[t=   5524.7568][TASK-COMPLETE         ] task=2623 wf=90 vm=15(reserved) actualCPU=279.8830s
[t=   5524.7568][DISPATCH              ] wf=90 task=2624 -> vm=14 (planned reserved, was idle)
[t=   5533.0918][TASK-COMPLETE         ] task=1849 wf=63 vm=2(reserved) actualCPU=33.2820s
[t=   5533.0918][DISPATCH              ] wf=63 task=1850 planned=vm0 BUSY -> advanced to vm=1
[t=   5537.9648][TASK-COMPLETE         ] task=2106 wf=72 vm=7(reserved) actualCPU=115.8960s
[t=   5537.9648][DISPATCH              ] wf=72 task=2107 -> vm=9 (planned reserved, was idle)
[t=   5550.1008][TASK-COMPLETE         ] task=2192 wf=75 vm=8(reserved) actualCPU=82.6910s
[t=   5550.1008][DISPATCH              ] wf=75 task=2193 -> vm=10 (planned reserved, was idle)
[t=   5559.4528][TASK-COMPLETE         ] task=2277 wf=78 vm=4(reserved) actualCPU=53.6580s
[t=   5559.4528][DISPATCH              ] wf=78 task=2278 planned=vm11 BUSY -> advanced to vm=2
[t=   5569.3838][TASK-COMPLETE         ] task=1850 wf=63 vm=1(reserved) actualCPU=36.2920s
[t=   5569.3838][DISPATCH              ] wf=63 task=1851 planned=vm2 BUSY -> advanced to vm=1
[t=   5577.2238][TASK-COMPLETE         ] task=2020 wf=69 vm=6(reserved) actualCPU=56.0090s
[t=   5577.2238][DISPATCH              ] wf=69 task=2021 -> vm=5 (planned reserved, was idle)
[t=   5582.3138][TASK-COMPLETE         ] task=2363 wf=81 vm=11(reserved) actualCPU=241.5030s
[t=   5582.3138][DISPATCH              ] wf=81 task=2364 -> vm=6 (planned reserved, was idle)
[t=   5593.3688][TASK-COMPLETE         ] task=1935 wf=66 vm=0(reserved) actualCPU=196.6500s
[t=   5593.3688][DISPATCH              ] wf=66 task=1936 planned=vm1 BUSY -> advanced to vm=0
[t=   5593.9738][TASK-COMPLETE         ] task=2107 wf=72 vm=9(reserved) actualCPU=56.0090s
[t=   5593.9738][DISPATCH              ] wf=72 task=2108 -> vm=8 (planned reserved, was idle)
[t=   5597.3278][TASK-COMPLETE         ] task=2450 wf=84 vm=12(reserved) actualCPU=241.5030s
[t=   5597.3278][DISPATCH              ] wf=84 task=2451 planned=vm14 BUSY -> advanced to vm=4
[t=   5624.9428][TASK-COMPLETE         ] task=2710 wf=93 vm=16(reserved) actualCPU=279.8830s
[t=   5624.9428][DISPATCH              ] wf=93 task=2711 -> vm=15 (planned reserved, was idle)
[t=   5626.6508][TASK-COMPLETE         ] task=1936 wf=66 vm=0(reserved) actualCPU=33.2820s
[t=   5626.6508][DISPATCH              ] wf=66 task=1937 -> vm=0 (planned reserved, was idle)
[t=   5635.9718][TASK-COMPLETE         ] task=2364 wf=81 vm=6(reserved) actualCPU=53.6580s
[t=   5635.9718][DISPATCH              ] wf=81 task=2365 -> vm=12 (planned reserved, was idle)
[t=   5650.9858][TASK-COMPLETE         ] task=2451 wf=84 vm=4(reserved) actualCPU=53.6580s
[t=   5650.9858][DISPATCH              ] wf=84 task=2452 planned=vm13 BUSY -> advanced to vm=4
[t=   5657.2348][TASK-COMPLETE         ] task=2537 wf=87 vm=13(reserved) actualCPU=241.5030s
[t=   5657.2348][DISPATCH              ] wf=87 task=2538 planned=vm8 BUSY -> advanced to vm=6
[t=   5662.9428][TASK-COMPLETE         ] task=1937 wf=66 vm=0(reserved) actualCPU=36.2920s
[t=   5662.9428][DISPATCH              ] wf=66 task=1938 planned=vm4 BUSY -> advanced to vm=0
[t=   5665.9968][TASK-COMPLETE         ] task=2193 wf=75 vm=10(reserved) actualCPU=115.8960s
[t=   5665.9968][DISPATCH              ] wf=75 task=2194 planned=vm5 BUSY -> advanced to vm=7
[t=   5666.7338][TASK-COMPLETE         ] task=2021 wf=69 vm=5(reserved) actualCPU=89.5100s
[t=   5666.7338][DISPATCH              ] wf=69 task=2022 planned=vm3 BUSY -> advanced to vm=5
[t=   5667.5618][TASK-COMPLETE         ] task=2278 wf=78 vm=2(reserved) actualCPU=108.1090s
[t=   5667.5618][DISPATCH              ] wf=78 task=2279 -> vm=9 (planned reserved, was idle)
[t=   5683.4838][TASK-COMPLETE         ] task=2108 wf=72 vm=8(reserved) actualCPU=89.5100s
[t=   5683.4838][DISPATCH              ] wf=72 task=2109 planned=vm7 BUSY -> advanced to vm=2
[t=   5689.4438][TASK-COMPLETE         ] task=1764 wf=60 vm=3(reserved) actualCPU=241.5980s
[t=   5689.4438][WF-COMPLETE           ] wf=60 completionTime=5689.4438 deadline=6352.1831 margin=662.7393 -> MET
[t=   5710.8928][TASK-COMPLETE         ] task=2538 wf=87 vm=6(reserved) actualCPU=53.6580s
[t=   5710.8928][DISPATCH              ] wf=87 task=2539 -> vm=10 (planned reserved, was idle)
[t=   5722.0058][TASK-COMPLETE         ] task=2194 wf=75 vm=7(reserved) actualCPU=56.0090s
[t=   5722.0058][DISPATCH              ] wf=75 task=2195 planned=vm2 BUSY -> advanced to vm=3
[t=   5744.0808][TASK-COMPLETE         ] task=2365 wf=81 vm=12(reserved) actualCPU=108.1090s
[t=   5744.0808][DISPATCH              ] wf=81 task=2366 -> vm=8 (planned reserved, was idle)
[t=   5750.2528][TASK-COMPLETE         ] task=2279 wf=78 vm=9(reserved) actualCPU=82.6910s
[t=   5750.2528][DISPATCH              ] wf=78 task=2280 -> vm=6 (planned reserved, was idle)
[t=   5759.0948][TASK-COMPLETE         ] task=2452 wf=84 vm=4(reserved) actualCPU=108.1090s
[t=   5759.0948][DISPATCH              ] wf=84 task=2453 planned=vm5 BUSY -> advanced to vm=4
[t=   5766.2598][TASK-COMPLETE         ] task=2624 wf=90 vm=14(reserved) actualCPU=241.5030s
[t=   5766.2598][DISPATCH              ] wf=90 task=2625 planned=vm10 BUSY -> advanced to vm=7
[t=   5810.9818][TASK-COMPLETE         ] task=1851 wf=63 vm=1(reserved) actualCPU=241.5980s
[t=   5810.9818][WF-COMPLETE           ] wf=63 completionTime=5810.9818 deadline=6473.7216 margin=662.7398 -> MET
[t=   5811.5158][TASK-COMPLETE         ] task=2195 wf=75 vm=3(reserved) actualCPU=89.5100s
[t=   5811.5158][DISPATCH              ] wf=75 task=2196 -> vm=1 (planned reserved, was idle)
[t=   5819.0018][TASK-COMPLETE         ] task=2539 wf=87 vm=10(reserved) actualCPU=108.1090s
[t=   5819.0018][DISPATCH              ] wf=87 task=2540 planned=vm2 BUSY -> advanced to vm=3
[t=   5819.9178][TASK-COMPLETE         ] task=2625 wf=90 vm=7(reserved) actualCPU=53.6580s
[t=   5819.9178][DISPATCH              ] wf=90 task=2626 -> vm=7 (planned reserved, was idle)
[t=   5826.7718][TASK-COMPLETE         ] task=2366 wf=81 vm=8(reserved) actualCPU=82.6910s
[t=   5826.7718][DISPATCH              ] wf=81 task=2367 planned=vm4 BUSY -> advanced to vm=8
[t=   5841.7858][TASK-COMPLETE         ] task=2453 wf=84 vm=4(reserved) actualCPU=82.6910s
[t=   5841.7858][DISPATCH              ] wf=84 task=2454 -> vm=9 (planned reserved, was idle)
[t=   5863.3838][TASK-COMPLETE         ] task=2022 wf=69 vm=5(reserved) actualCPU=196.6500s
[t=   5863.3838][DISPATCH              ] wf=69 task=2023 planned=vm2 BUSY -> advanced to vm=4
[t=   5866.1488][TASK-COMPLETE         ] task=2280 wf=78 vm=6(reserved) actualCPU=115.8960s
[t=   5866.1488][DISPATCH              ] wf=78 task=2281 planned=vm8 BUSY -> advanced to vm=5
[t=   5866.4458][TASK-COMPLETE         ] task=2711 wf=93 vm=15(reserved) actualCPU=241.5030s
[t=   5866.4458][DISPATCH              ] wf=93 task=2712 -> vm=11 (planned reserved, was idle)
[t=   5880.1338][TASK-COMPLETE         ] task=2109 wf=72 vm=2(reserved) actualCPU=196.6500s
[t=   5880.1338][DISPATCH              ] wf=72 task=2110 planned=vm4 BUSY -> advanced to vm=2
[t=   5896.6658][TASK-COMPLETE         ] task=2023 wf=69 vm=4(reserved) actualCPU=33.2820s
[t=   5896.6658][DISPATCH              ] wf=69 task=2024 planned=vm1 BUSY -> advanced to vm=4
[t=   5901.6928][TASK-COMPLETE         ] task=2540 wf=87 vm=3(reserved) actualCPU=82.6910s
[t=   5901.6928][DISPATCH              ] wf=87 task=2541 -> vm=10 (planned reserved, was idle)
[t=   5904.5408][TASK-COMPLETE         ] task=1938 wf=66 vm=0(reserved) actualCPU=241.5980s
[t=   5904.5408][WF-COMPLETE           ] wf=66 completionTime=5904.5408 deadline=6567.2790 margin=662.7382 -> MET
[t=   5913.4158][TASK-COMPLETE         ] task=2110 wf=72 vm=2(reserved) actualCPU=33.2820s
[t=   5913.4158][DISPATCH              ] wf=72 task=2111 -> vm=2 (planned reserved, was idle)
[t=   5920.1038][TASK-COMPLETE         ] task=2712 wf=93 vm=11(reserved) actualCPU=53.6580s
[t=   5920.1038][DISPATCH              ] wf=93 task=2713 -> vm=13 (planned reserved, was idle)
[t=   5922.1578][TASK-COMPLETE         ] task=2281 wf=78 vm=5(reserved) actualCPU=56.0090s
[t=   5922.1578][DISPATCH              ] wf=78 task=2282 planned=vm7 BUSY -> advanced to vm=0
[t=   5928.0268][TASK-COMPLETE         ] task=2626 wf=90 vm=7(reserved) actualCPU=108.1090s
[t=   5928.0268][DISPATCH              ] wf=90 task=2627 -> vm=12 (planned reserved, was idle)
[t=   5932.9578][TASK-COMPLETE         ] task=2024 wf=69 vm=4(reserved) actualCPU=36.2920s
[t=   5932.9578][DISPATCH              ] wf=69 task=2025 planned=vm0 BUSY -> advanced to vm=3
[t=   5942.6678][TASK-COMPLETE         ] task=2367 wf=81 vm=8(reserved) actualCPU=115.8960s
[t=   5942.6678][DISPATCH              ] wf=81 task=2368 planned=vm9 BUSY -> advanced to vm=4
[t=   5949.7078][TASK-COMPLETE         ] task=2111 wf=72 vm=2(reserved) actualCPU=36.2920s
[t=   5949.7078][DISPATCH              ] wf=72 task=2112 planned=vm3 BUSY -> advanced to vm=2
[t=   5957.6818][TASK-COMPLETE         ] task=2454 wf=84 vm=9(reserved) actualCPU=115.8960s
[t=   5957.6818][DISPATCH              ] wf=84 task=2455 planned=vm1 BUSY -> advanced to vm=5
[t=   5998.6768][TASK-COMPLETE         ] task=2368 wf=81 vm=4(reserved) actualCPU=56.0090s
[t=   5998.6768][DISPATCH              ] wf=81 task=2369 -> vm=8 (planned reserved, was idle)
[t=   6008.1658][TASK-COMPLETE         ] task=2196 wf=75 vm=1(reserved) actualCPU=196.6500s
[t=   6008.1658][DISPATCH              ] wf=75 task=2197 -> vm=1 (planned reserved, was idle)
[t=   6010.7178][TASK-COMPLETE         ] task=2627 wf=90 vm=12(reserved) actualCPU=82.6910s
[t=   6010.7178][DISPATCH              ] wf=90 task=2628 -> vm=11 (planned reserved, was idle)
[t=   6011.6678][TASK-COMPLETE         ] task=2282 wf=78 vm=0(reserved) actualCPU=89.5100s
[t=   6011.6678][DISPATCH              ] wf=78 task=2283 -> vm=6 (planned reserved, was idle)
[t=   6013.6908][TASK-COMPLETE         ] task=2455 wf=84 vm=5(reserved) actualCPU=56.0090s
[t=   6013.6908][DISPATCH              ] wf=84 task=2456 planned=vm2 BUSY -> advanced to vm=0
[t=   6017.5888][TASK-COMPLETE         ] task=2541 wf=87 vm=10(reserved) actualCPU=115.8960s
[t=   6017.5888][DISPATCH              ] wf=87 task=2542 -> vm=9 (planned reserved, was idle)
[t=   6028.2128][TASK-COMPLETE         ] task=2713 wf=93 vm=13(reserved) actualCPU=108.1090s
[t=   6028.2128][DISPATCH              ] wf=93 task=2714 -> vm=13 (planned reserved, was idle)
[t=   6041.4478][TASK-COMPLETE         ] task=2197 wf=75 vm=1(reserved) actualCPU=33.2820s
[t=   6041.4478][DISPATCH              ] wf=75 task=2198 planned=vm0 BUSY -> advanced to vm=1
[t=   6073.5978][TASK-COMPLETE         ] task=2542 wf=87 vm=9(reserved) actualCPU=56.0090s
[t=   6073.5978][DISPATCH              ] wf=87 task=2543 planned=vm3 BUSY -> advanced to vm=4
[t=   6077.7398][TASK-COMPLETE         ] task=2198 wf=75 vm=1(reserved) actualCPU=36.2920s
[t=   6077.7398][DISPATCH              ] wf=75 task=2199 -> vm=5 (planned reserved, was idle)
[t=   6088.1868][TASK-COMPLETE         ] task=2369 wf=81 vm=8(reserved) actualCPU=89.5100s
[t=   6088.1868][DISPATCH              ] wf=81 task=2370 planned=vm4 BUSY -> advanced to vm=1
[t=   6103.2008][TASK-COMPLETE         ] task=2456 wf=84 vm=0(reserved) actualCPU=89.5100s
[t=   6103.2008][DISPATCH              ] wf=84 task=2457 -> vm=10 (planned reserved, was idle)
[t=   6110.9038][TASK-COMPLETE         ] task=2714 wf=93 vm=13(reserved) actualCPU=82.6910s
[t=   6110.9038][DISPATCH              ] wf=93 task=2715 -> vm=12 (planned reserved, was idle)
[t=   6126.6138][TASK-COMPLETE         ] task=2628 wf=90 vm=11(reserved) actualCPU=115.8960s
[t=   6126.6138][DISPATCH              ] wf=90 task=2629 planned=vm2 BUSY -> advanced to vm=0
[t=   6163.1078][TASK-COMPLETE         ] task=2543 wf=87 vm=4(reserved) actualCPU=89.5100s
[t=   6163.1078][DISPATCH              ] wf=87 task=2544 -> vm=7 (planned reserved, was idle)
[t=   6174.5558][TASK-COMPLETE         ] task=2025 wf=69 vm=3(reserved) actualCPU=241.5980s
[t=   6174.5558][WF-COMPLETE           ] wf=69 completionTime=6174.5558 deadline=6837.2955 margin=662.7396 -> MET
[t=   6182.6228][TASK-COMPLETE         ] task=2629 wf=90 vm=0(reserved) actualCPU=56.0090s
[t=   6182.6228][DISPATCH              ] wf=90 task=2630 -> vm=0 (planned reserved, was idle)
[t=   6191.3058][TASK-COMPLETE         ] task=2112 wf=72 vm=2(reserved) actualCPU=241.5980s
[t=   6191.3058][WF-COMPLETE           ] wf=72 completionTime=6191.3058 deadline=6854.0448 margin=662.7389 -> MET
[t=   6208.3178][TASK-COMPLETE         ] task=2283 wf=78 vm=6(reserved) actualCPU=196.6500s
[t=   6208.3178][DISPATCH              ] wf=78 task=2284 -> vm=2 (planned reserved, was idle)
[t=   6226.7998][TASK-COMPLETE         ] task=2715 wf=93 vm=12(reserved) actualCPU=115.8960s
[t=   6226.7998][DISPATCH              ] wf=93 task=2716 planned=vm5 BUSY -> advanced to vm=3
[t=   6241.5998][TASK-COMPLETE         ] task=2284 wf=78 vm=2(reserved) actualCPU=33.2820s
[t=   6241.5998][DISPATCH              ] wf=78 task=2285 planned=vm0 BUSY -> advanced to vm=2
[t=   6272.1328][TASK-COMPLETE         ] task=2630 wf=90 vm=0(reserved) actualCPU=89.5100s
[t=   6272.1328][DISPATCH              ] wf=90 task=2631 -> vm=8 (planned reserved, was idle)
[t=   6277.8918][TASK-COMPLETE         ] task=2285 wf=78 vm=2(reserved) actualCPU=36.2920s
[t=   6277.8918][DISPATCH              ] wf=78 task=2286 planned=vm1 BUSY -> advanced to vm=0
[t=   6282.8088][TASK-COMPLETE         ] task=2716 wf=93 vm=3(reserved) actualCPU=56.0090s
[t=   6282.8088][DISPATCH              ] wf=93 task=2717 planned=vm7 BUSY -> advanced to vm=2
[t=   6284.8368][TASK-COMPLETE         ] task=2370 wf=81 vm=1(reserved) actualCPU=196.6500s
[t=   6284.8368][DISPATCH              ] wf=81 task=2371 planned=vm2 BUSY -> advanced to vm=1
[t=   6299.8508][TASK-COMPLETE         ] task=2457 wf=84 vm=10(reserved) actualCPU=196.6500s
[t=   6299.8508][DISPATCH              ] wf=84 task=2458 planned=vm5 BUSY -> advanced to vm=3
[t=   6318.1188][TASK-COMPLETE         ] task=2371 wf=81 vm=1(reserved) actualCPU=33.2820s
[t=   6318.1188][DISPATCH              ] wf=81 task=2372 planned=vm0 BUSY -> advanced to vm=1
[t=   6319.3378][TASK-COMPLETE         ] task=2199 wf=75 vm=5(reserved) actualCPU=241.5980s
[t=   6319.3378][WF-COMPLETE           ] wf=75 completionTime=6319.3378 deadline=6981.9744 margin=662.6365 -> MET
[t=   6333.1328][TASK-COMPLETE         ] task=2458 wf=84 vm=3(reserved) actualCPU=33.2820s
[t=   6333.1328][DISPATCH              ] wf=84 task=2459 planned=vm1 BUSY -> advanced to vm=3
[t=   6354.4108][TASK-COMPLETE         ] task=2372 wf=81 vm=1(reserved) actualCPU=36.2920s
[t=   6354.4108][DISPATCH              ] wf=81 task=2373 planned=vm3 BUSY -> advanced to vm=1
[t=   6359.7578][TASK-COMPLETE         ] task=2544 wf=87 vm=7(reserved) actualCPU=196.6500s
[t=   6359.7578][DISPATCH              ] wf=87 task=2545 planned=vm2 BUSY -> advanced to vm=4
[t=   6369.4248][TASK-COMPLETE         ] task=2459 wf=84 vm=3(reserved) actualCPU=36.2920s
[t=   6369.4248][DISPATCH              ] wf=84 task=2460 planned=vm4 BUSY -> advanced to vm=3
[t=   6372.3188][TASK-COMPLETE         ] task=2717 wf=93 vm=2(reserved) actualCPU=89.5100s
[t=   6372.3188][DISPATCH              ] wf=93 task=2718 -> vm=9 (planned reserved, was idle)
[t=   6393.0398][TASK-COMPLETE         ] task=2545 wf=87 vm=4(reserved) actualCPU=33.2820s
[t=   6393.0398][DISPATCH              ] wf=87 task=2546 planned=vm0 BUSY -> advanced to vm=2
[t=   6429.3318][TASK-COMPLETE         ] task=2546 wf=87 vm=2(reserved) actualCPU=36.2920s
[t=   6429.3318][DISPATCH              ] wf=87 task=2547 -> vm=6 (planned reserved, was idle)
[t=   6468.7828][TASK-COMPLETE         ] task=2631 wf=90 vm=8(reserved) actualCPU=196.6500s
[t=   6468.7828][DISPATCH              ] wf=90 task=2632 planned=vm1 BUSY -> advanced to vm=2
[t=   6502.0648][TASK-COMPLETE         ] task=2632 wf=90 vm=2(reserved) actualCPU=33.2820s
[t=   6502.0648][DISPATCH              ] wf=90 task=2633 planned=vm0 BUSY -> advanced to vm=2
[t=   6519.4898][TASK-COMPLETE         ] task=2286 wf=78 vm=0(reserved) actualCPU=241.5980s
[t=   6519.4898][WF-COMPLETE           ] wf=78 completionTime=6519.4898 deadline=7182.2282 margin=662.7384 -> MET
[t=   6538.3568][TASK-COMPLETE         ] task=2633 wf=90 vm=2(reserved) actualCPU=36.2920s
[t=   6538.3568][DISPATCH              ] wf=90 task=2634 -> vm=7 (planned reserved, was idle)
[t=   6568.9688][TASK-COMPLETE         ] task=2718 wf=93 vm=9(reserved) actualCPU=196.6500s
[t=   6568.9688][DISPATCH              ] wf=93 task=2719 planned=vm1 BUSY -> advanced to vm=0
[t=   6596.0088][TASK-COMPLETE         ] task=2373 wf=81 vm=1(reserved) actualCPU=241.5980s
[t=   6596.0088][WF-COMPLETE           ] wf=81 completionTime=6596.0088 deadline=7258.7475 margin=662.7387 -> MET
[t=   6602.2508][TASK-COMPLETE         ] task=2719 wf=93 vm=0(reserved) actualCPU=33.2820s
[t=   6602.2508][DISPATCH              ] wf=93 task=2720 -> vm=0 (planned reserved, was idle)
[t=   6611.0228][TASK-COMPLETE         ] task=2460 wf=84 vm=3(reserved) actualCPU=241.5980s
[t=   6611.0228][WF-COMPLETE           ] wf=84 completionTime=6611.0228 deadline=7273.7609 margin=662.7381 -> MET
[t=   6638.5428][TASK-COMPLETE         ] task=2720 wf=93 vm=0(reserved) actualCPU=36.2920s
[t=   6638.5428][DISPATCH              ] wf=93 task=2721 -> vm=2 (planned reserved, was idle)
[t=   6670.9298][TASK-COMPLETE         ] task=2547 wf=87 vm=6(reserved) actualCPU=241.5980s
[t=   6670.9298][WF-COMPLETE           ] wf=87 completionTime=6670.9298 deadline=7333.5693 margin=662.6395 -> MET
[t=   6779.9548][TASK-COMPLETE         ] task=2634 wf=90 vm=7(reserved) actualCPU=241.5980s
[t=   6779.9548][WF-COMPLETE           ] wf=90 completionTime=6779.9548 deadline=7442.6938 margin=662.7389 -> MET
[t=   6880.1408][TASK-COMPLETE         ] task=2721 wf=93 vm=2(reserved) actualCPU=241.5980s
[t=   6880.1408][WF-COMPLETE           ] wf=93 completionTime=6880.1408 deadline=7542.8787 margin=662.7379 -> MET
[t=      0.0000][CLOSE                 ] === CBMW detail log closed ===
