[t=      0.0000][INIT                  ] === CBMW detail log opened ===
[t=      0.0000][NEGOTIATE             ] wf=0 tasks=100 arrivalTime=0.0000 deadline=141.4400 cp=76.3550 BETA*cp=83.9905 slack=141.4400 -> ACCEPTED
[t=      0.1000][DISPATCH              ] wf=0 task=1 -> vm=39 (planned reserved, was idle)
[t=      0.1000][DISPATCH              ] wf=0 task=2 -> vm=40 (planned reserved, was idle)
[t=      0.1000][DISPATCH              ] wf=0 task=3 -> vm=42 (planned reserved, was idle)
[t=      0.1000][DISPATCH              ] wf=0 task=4 -> vm=46 (planned reserved, was idle)
[t=      0.1000][DISPATCH              ] wf=0 task=5 -> vm=34 (planned reserved, was idle)
[t=      0.1000][DISPATCH              ] wf=0 task=6 -> vm=36 (planned reserved, was idle)
[t=      0.1000][DISPATCH              ] wf=0 task=7 -> vm=37 (planned reserved, was idle)
[t=      0.1000][DISPATCH              ] wf=0 task=8 -> vm=44 (planned reserved, was idle)
[t=      0.1000][DISPATCH              ] wf=0 task=9 -> vm=47 (planned reserved, was idle)
[t=      0.1000][DISPATCH              ] wf=0 task=10 -> vm=49 (planned reserved, was idle)
[t=      0.1000][DISPATCH              ] wf=0 task=11 -> vm=48 (planned reserved, was idle)
[t=      0.1000][DISPATCH              ] wf=0 task=12 -> vm=41 (planned reserved, was idle)
[t=      0.1000][DISPATCH              ] wf=0 task=13 -> vm=43 (planned reserved, was idle)
[t=      0.1000][DISPATCH              ] wf=0 task=14 -> vm=38 (planned reserved, was idle)
[t=      0.1000][DISPATCH              ] wf=0 task=15 -> vm=35 (planned reserved, was idle)
[t=      0.1000][DISPATCH              ] wf=0 task=16 -> vm=45 (planned reserved, was idle)
[t=      0.1000][DISPATCH              ] wf=0 task=1 vm=39
[t=      0.1000][DISPATCH              ] wf=0 task=2 vm=40
[t=      0.1000][DISPATCH              ] wf=0 task=3 vm=42
[t=      0.1000][DISPATCH              ] wf=0 task=4 vm=46
[t=      0.1000][DISPATCH              ] wf=0 task=5 vm=34
[t=      0.1000][DISPATCH              ] wf=0 task=6 vm=36
[t=      0.1000][DISPATCH              ] wf=0 task=7 vm=37
[t=      0.1000][DISPATCH              ] wf=0 task=8 vm=44
[t=      0.1000][DISPATCH              ] wf=0 task=9 vm=47
[t=      0.1000][DISPATCH              ] wf=0 task=10 vm=49
[t=      0.1000][DISPATCH              ] wf=0 task=11 vm=48
[t=      0.1000][DISPATCH              ] wf=0 task=12 vm=41
[t=      0.1000][DISPATCH              ] wf=0 task=13 vm=43
[t=      0.1000][DISPATCH              ] wf=0 task=14 vm=38
[t=      0.1000][DISPATCH              ] wf=0 task=15 vm=35
[t=      0.1000][DISPATCH              ] wf=0 task=16 vm=45
[t=     12.1020][TASK-COMPLETE         ] task=5 wf=0 vm=34(reserved) actualCPU=12.0020s
[t=     12.8160][TASK-COMPLETE         ] task=15 wf=0 vm=35(reserved) actualCPU=12.7160s
[t=     12.8670][TASK-COMPLETE         ] task=6 wf=0 vm=36(reserved) actualCPU=12.7670s
[t=     12.9220][TASK-COMPLETE         ] task=2 wf=0 vm=40(reserved) actualCPU=12.8220s
[t=     12.9220][DISPATCH              ] wf=0 task=39 -> vm=40 (planned reserved, was idle)
[t=     12.9220][DISPATCH              ] wf=0 task=39 vm=40
[t=     12.9620][TASK-COMPLETE         ] task=7 wf=0 vm=37(reserved) actualCPU=12.8620s
[t=     12.9620][DISPATCH              ] wf=0 task=23 planned=vm49 BUSY -> advanced to vm=0
[t=     12.9620][DISPATCH              ] wf=0 task=40 -> vm=20 (planned reserved, was idle)
[t=     12.9620][DISPATCH              ] wf=0 task=41 -> vm=2 (planned reserved, was idle)
[t=     12.9620][DISPATCH              ] wf=0 task=23 vm=0
[t=     12.9620][DISPATCH              ] wf=0 task=40 vm=20
[t=     12.9620][DISPATCH              ] wf=0 task=41 vm=2
[t=     13.1330][TASK-COMPLETE         ] task=14 wf=0 vm=38(reserved) actualCPU=13.0330s
[t=     13.1330][DISPATCH              ] wf=0 task=28 -> vm=25 (planned reserved, was idle)
[t=     13.1330][DISPATCH              ] wf=0 task=38 planned=vm42 BUSY -> advanced to vm=1
[t=     13.1330][DISPATCH              ] wf=0 task=69 -> vm=6 (planned reserved, was idle)
[t=     13.1330][DISPATCH              ] wf=0 task=70 planned=vm47 BUSY -> advanced to vm=3
[t=     13.1330][DISPATCH              ] wf=0 task=73 -> vm=27 (planned reserved, was idle)
[t=     13.1330][DISPATCH              ] wf=0 task=28 vm=25
[t=     13.1330][DISPATCH              ] wf=0 task=38 vm=1
[t=     13.1330][DISPATCH              ] wf=0 task=69 vm=6
[t=     13.1330][DISPATCH              ] wf=0 task=70 vm=3
[t=     13.1330][DISPATCH              ] wf=0 task=73 vm=27
[t=     13.2870][TASK-COMPLETE         ] task=1 wf=0 vm=39(reserved) actualCPU=13.1870s
[t=     13.2870][DISPATCH              ] wf=0 task=17 -> vm=24 (planned reserved, was idle)
[t=     13.2870][DISPATCH              ] wf=0 task=20 -> vm=35 (planned reserved, was idle)
[t=     13.2870][DISPATCH              ] wf=0 task=21 planned=vm43 BUSY -> advanced to vm=4
[t=     13.2870][DISPATCH              ] wf=0 task=17 vm=24
[t=     13.2870][DISPATCH              ] wf=0 task=20 vm=35
[t=     13.2870][DISPATCH              ] wf=0 task=21 vm=4
[t=     14.1620][TASK-COMPLETE         ] task=3 wf=0 vm=42(reserved) actualCPU=14.0620s
[t=     14.1620][DISPATCH              ] wf=0 task=31 -> vm=28 (planned reserved, was idle)
[t=     14.1620][DISPATCH              ] wf=0 task=36 planned=vm4 BUSY -> advanced to vm=5
[t=     14.1620][DISPATCH              ] wf=0 task=31 vm=28
[t=     14.1620][DISPATCH              ] wf=0 task=36 vm=5
[t=     14.2880][TASK-COMPLETE         ] task=12 wf=0 vm=41(reserved) actualCPU=14.1880s
[t=     14.2880][DISPATCH              ] wf=0 task=19 planned=vm48 BUSY -> advanced to vm=7
[t=     14.2880][DISPATCH              ] wf=0 task=63 -> vm=26 (planned reserved, was idle)
[t=     14.2880][DISPATCH              ] wf=0 task=65 -> vm=13 (planned reserved, was idle)
[t=     14.2880][DISPATCH              ] wf=0 task=19 vm=7
[t=     14.2880][DISPATCH              ] wf=0 task=63 vm=26
[t=     14.2880][DISPATCH              ] wf=0 task=65 vm=13
[t=     14.4500][TASK-COMPLETE         ] task=16 wf=0 vm=45(reserved) actualCPU=14.3500s
[t=     14.4500][DISPATCH              ] wf=0 task=29 planned=vm0 BUSY -> advanced to vm=8
[t=     14.4500][DISPATCH              ] wf=0 task=74 -> vm=30 (planned reserved, was idle)
[t=     14.4500][DISPATCH              ] wf=0 task=77 -> vm=41 (planned reserved, was idle)
[t=     14.4500][DISPATCH              ] wf=0 task=78 -> vm=39 (planned reserved, was idle)
[t=     14.4500][DISPATCH              ] wf=0 task=29 vm=8
[t=     14.4500][DISPATCH              ] wf=0 task=74 vm=30
[t=     14.4500][DISPATCH              ] wf=0 task=77 vm=41
[t=     14.4500][DISPATCH              ] wf=0 task=78 vm=39
[t=     14.6510][TASK-COMPLETE         ] task=4 wf=0 vm=46(reserved) actualCPU=14.5510s
[t=     14.6510][DISPATCH              ] wf=0 task=22 -> vm=23 (planned reserved, was idle)
[t=     14.6510][DISPATCH              ] wf=0 task=30 planned=vm23 BUSY -> advanced to vm=9
[t=     14.6510][DISPATCH              ] wf=0 task=34 planned=vm27 BUSY -> advanced to vm=10
[t=     14.6510][DISPATCH              ] wf=0 task=35 -> vm=32 (planned reserved, was idle)
[t=     14.6510][DISPATCH              ] wf=0 task=75 -> vm=11 (planned reserved, was idle)
[t=     14.6510][DISPATCH              ] wf=0 task=22 vm=23
[t=     14.6510][DISPATCH              ] wf=0 task=30 vm=9
[t=     14.6510][DISPATCH              ] wf=0 task=34 vm=10
[t=     14.6510][DISPATCH              ] wf=0 task=35 vm=32
[t=     14.6510][DISPATCH              ] wf=0 task=75 vm=11
[t=     15.1260][TASK-COMPLETE         ] task=13 wf=0 vm=43(reserved) actualCPU=15.0260s
[t=     15.1260][DISPATCH              ] wf=0 task=27 planned=vm44 BUSY -> advanced to vm=12
[t=     15.1260][DISPATCH              ] wf=0 task=33 -> vm=45 (planned reserved, was idle)
[t=     15.1260][DISPATCH              ] wf=0 task=37 planned=vm3 BUSY -> advanced to vm=14
[t=     15.1260][DISPATCH              ] wf=0 task=45 -> vm=21 (planned reserved, was idle)
[t=     15.1260][DISPATCH              ] wf=0 task=66 -> vm=37 (planned reserved, was idle)
[t=     15.1260][DISPATCH              ] wf=0 task=67 planned=vm28 BUSY -> advanced to vm=15
[t=     15.1260][DISPATCH              ] wf=0 task=68 planned=vm9 BUSY -> advanced to vm=16
[t=     15.1260][DISPATCH              ] wf=0 task=72 planned=vm1 BUSY -> advanced to vm=17
[t=     15.1260][DISPATCH              ] wf=0 task=27 vm=12
[t=     15.1260][DISPATCH              ] wf=0 task=33 vm=45
[t=     15.1260][DISPATCH              ] wf=0 task=37 vm=14
[t=     15.1260][DISPATCH              ] wf=0 task=45 vm=21
[t=     15.1260][DISPATCH              ] wf=0 task=66 vm=37
[t=     15.1260][DISPATCH              ] wf=0 task=67 vm=15
[t=     15.1260][DISPATCH              ] wf=0 task=68 vm=16
[t=     15.1260][DISPATCH              ] wf=0 task=72 vm=17
[t=     15.1830][TASK-COMPLETE         ] task=9 wf=0 vm=47(reserved) actualCPU=15.0830s
[t=     15.1830][DISPATCH              ] wf=0 task=25 -> vm=29 (planned reserved, was idle)
[t=     15.1830][DISPATCH              ] wf=0 task=42 planned=vm16 BUSY -> advanced to vm=18
[t=     15.1830][DISPATCH              ] wf=0 task=50 planned=vm5 BUSY -> advanced to vm=19
[t=     15.1830][DISPATCH              ] wf=0 task=52 planned=vm32 BUSY -> advanced to vm=22
[t=     15.1830][DISPATCH              ] wf=0 task=54 planned=vm25 BUSY -> advanced to vm=31
[t=     15.1830][DISPATCH              ] wf=0 task=64 planned=vm7 BUSY -> advanced to vm=33
[t=     15.1830][DISPATCH              ] wf=0 task=76 planned=vm15 BUSY -> advanced to vm=34
[t=     15.1830][DISPATCH              ] wf=0 task=25 vm=29
[t=     15.1830][DISPATCH              ] wf=0 task=42 vm=18
[t=     15.1830][DISPATCH              ] wf=0 task=50 vm=19
[t=     15.1830][DISPATCH              ] wf=0 task=52 vm=22
[t=     15.1830][DISPATCH              ] wf=0 task=54 vm=31
[t=     15.1830][DISPATCH              ] wf=0 task=64 vm=33
[t=     15.1830][DISPATCH              ] wf=0 task=76 vm=34
[t=     15.2360][TASK-COMPLETE         ] task=8 wf=0 vm=44(reserved) actualCPU=15.1360s
[t=     15.2360][DISPATCH              ] wf=0 task=24 planned=vm19 BUSY -> advanced to vm=36
[t=     15.2360][DISPATCH              ] wf=0 task=32 planned=vm31 BUSY -> advanced to vm=38
[t=     15.2360][DISPATCH              ] wf=0 task=46 planned=vm10 BUSY -> advanced to vm=42
[t=     15.2360][DISPATCH              ] wf=0 task=47 planned=vm38 BUSY -> advanced to vm=43
[t=     15.2360][DISPATCH              ] wf=0 task=48 planned=vm34 BUSY -> advanced to vm=44
[t=     15.2360][DISPATCH              ] wf=0 task=49 -> vm=46 (planned reserved, was idle)
[t=     15.2360][DISPATCH              ] wf=0 task=51 planned=vm8 BUSY -> advanced to vm=47
[t=     15.2360][DISPATCH              ] wf=0 task=71 planned=vm14 no-idle-reserved -> on-demand vm=50
[t=     15.2360][DISPATCH              ] wf=0 task=24 vm=36
[t=     15.2360][DISPATCH              ] wf=0 task=32 vm=38
[t=     15.2360][DISPATCH              ] wf=0 task=46 vm=42
[t=     15.2360][DISPATCH              ] wf=0 task=47 vm=43
[t=     15.2360][DISPATCH              ] wf=0 task=48 vm=44
[t=     15.2360][DISPATCH              ] wf=0 task=49 vm=46
[t=     15.2360][DISPATCH              ] wf=0 task=51 vm=47
[t=     15.3360][DISPATCH              ] wf=0 task=71 planned=vm14 no-idle-reserved -> on-demand vm=50
[t=     15.3360][DISPATCH              ] wf=0 task=71 vm=50
[t=     15.6490][TASK-COMPLETE         ] task=11 wf=0 vm=48(reserved) actualCPU=15.5490s
[t=     15.6490][DISPATCH              ] wf=0 task=44 planned=vm22 BUSY -> advanced to vm=48
[t=     15.6490][DISPATCH              ] wf=0 task=53 planned=vm29 no-idle-reserved -> on-demand vm=51
[t=     15.6490][DISPATCH              ] wf=0 task=56 planned=vm36 no-idle-reserved -> on-demand vm=52
[t=     15.6490][DISPATCH              ] wf=0 task=57 planned=vm31 no-idle-reserved -> on-demand vm=53
[t=     15.6490][DISPATCH              ] wf=0 task=58 planned=vm12 no-idle-reserved -> on-demand vm=54
[t=     15.6490][DISPATCH              ] wf=0 task=59 planned=vm17 no-idle-reserved -> on-demand vm=55
[t=     15.6490][DISPATCH              ] wf=0 task=60 planned=vm33 no-idle-reserved -> on-demand vm=56
[t=     15.6490][DISPATCH              ] wf=0 task=61 planned=vm18 no-idle-reserved -> on-demand vm=57
[t=     15.6490][DISPATCH              ] wf=0 task=62 planned=vm24 no-idle-reserved -> on-demand vm=58
[t=     15.6490][DISPATCH              ] wf=0 task=44 vm=48
[t=     15.7490][DISPATCH              ] wf=0 task=53 planned=vm29 no-idle-reserved -> on-demand vm=51
[t=     15.7490][DISPATCH              ] wf=0 task=56 planned=vm36 no-idle-reserved -> on-demand vm=52
[t=     15.7490][DISPATCH              ] wf=0 task=57 planned=vm31 no-idle-reserved -> on-demand vm=53
[t=     15.7490][DISPATCH              ] wf=0 task=58 planned=vm12 no-idle-reserved -> on-demand vm=54
[t=     15.7490][DISPATCH              ] wf=0 task=59 planned=vm17 no-idle-reserved -> on-demand vm=55
[t=     15.7490][DISPATCH              ] wf=0 task=60 planned=vm33 no-idle-reserved -> on-demand vm=56
[t=     15.7490][DISPATCH              ] wf=0 task=61 planned=vm18 no-idle-reserved -> on-demand vm=57
[t=     15.7490][DISPATCH              ] wf=0 task=62 planned=vm24 no-idle-reserved -> on-demand vm=58
[t=     15.7490][DISPATCH              ] wf=0 task=53 vm=51
[t=     15.7490][DISPATCH              ] wf=0 task=56 vm=52
[t=     15.7490][DISPATCH              ] wf=0 task=57 vm=53
[t=     15.7490][DISPATCH              ] wf=0 task=58 vm=54
[t=     15.7490][DISPATCH              ] wf=0 task=59 vm=55
[t=     15.7490][DISPATCH              ] wf=0 task=60 vm=56
[t=     15.7490][DISPATCH              ] wf=0 task=61 vm=57
[t=     15.7490][DISPATCH              ] wf=0 task=62 vm=58
[t=     16.0080][TASK-COMPLETE         ] task=10 wf=0 vm=49(reserved) actualCPU=15.9080s
[t=     16.0080][DISPATCH              ] wf=0 task=18 planned=vm26 BUSY -> advanced to vm=49
[t=     16.0080][DISPATCH              ] wf=0 task=26 planned=vm22 no-idle-reserved -> on-demand vm=59
[t=     16.0080][DISPATCH              ] wf=0 task=43 planned=vm30 no-idle-reserved -> on-demand vm=60
[t=     16.0080][DISPATCH              ] wf=0 task=55 planned=vm33 no-idle-reserved -> on-demand vm=61
[t=     16.0080][DISPATCH              ] wf=0 task=18 vm=49
[t=     16.1080][DISPATCH              ] wf=0 task=26 planned=vm22 no-idle-reserved -> on-demand vm=59
[t=     16.1080][DISPATCH              ] wf=0 task=43 planned=vm30 no-idle-reserved -> on-demand vm=60
[t=     16.1080][DISPATCH              ] wf=0 task=55 planned=vm33 no-idle-reserved -> on-demand vm=61
[t=     16.1080][DISPATCH              ] wf=0 task=26 vm=59
[t=     16.1080][DISPATCH              ] wf=0 task=43 vm=60
[t=     16.1080][DISPATCH              ] wf=0 task=55 vm=61
[t=     22.1020][TASK-COMPLETE         ] task=28 wf=0 vm=25(reserved) actualCPU=8.9690s
[t=     22.8810][TASK-COMPLETE         ] task=20 wf=0 vm=35(reserved) actualCPU=9.5940s
[t=     22.9000][TASK-COMPLETE         ] task=39 wf=0 vm=40(reserved) actualCPU=9.9780s
[t=     22.9890][TASK-COMPLETE         ] task=22 wf=0 vm=23(reserved) actualCPU=8.3380s
[t=     23.1680][TASK-COMPLETE         ] task=38 wf=0 vm=1(reserved) actualCPU=10.0350s
[t=     23.3320][TASK-COMPLETE         ] task=21 wf=0 vm=4(reserved) actualCPU=10.0450s
[t=     23.3620][TASK-COMPLETE         ] task=63 wf=0 vm=26(reserved) actualCPU=9.0740s
[t=     23.4010][TASK-COMPLETE         ] task=23 wf=0 vm=0(reserved) actualCPU=10.4390s
[t=     23.5110][TASK-COMPLETE         ] task=41 wf=0 vm=2(reserved) actualCPU=10.5490s
[t=     23.5110][TASK-COMPLETE         ] task=70 wf=0 vm=3(reserved) actualCPU=10.3780s
[t=     23.7730][TASK-COMPLETE         ] task=34 wf=0 vm=10(reserved) actualCPU=9.1220s
[t=     23.8270][TASK-COMPLETE         ] task=69 wf=0 vm=6(reserved) actualCPU=10.6940s
[t=     23.8690][TASK-COMPLETE         ] task=44 wf=0 vm=48(reserved) actualCPU=8.2200s
[t=     24.3190][TASK-COMPLETE         ] task=67 wf=0 vm=15(reserved) actualCPU=9.1930s
[t=     24.3970][TASK-COMPLETE         ] task=78 wf=0 vm=39(reserved) actualCPU=9.9470s
[t=     24.4620][TASK-COMPLETE         ] task=77 wf=0 vm=41(reserved) actualCPU=10.0120s
[t=     24.5310][TASK-COMPLETE         ] task=32 wf=0 vm=38(reserved) actualCPU=9.2950s
[t=     24.5310][TASK-COMPLETE         ] task=62 wf=0 vm=58(on-demand) actualCPU=8.7820s cost=$0.007948
[t=     24.6130][TASK-COMPLETE         ] task=40 wf=0 vm=20(reserved) actualCPU=11.6510s
[t=     24.6590][TASK-COMPLETE         ] task=19 wf=0 vm=7(reserved) actualCPU=10.3710s
[t=     24.7200][TASK-COMPLETE         ] task=36 wf=0 vm=5(reserved) actualCPU=10.5580s
[t=     24.7200][TASK-COMPLETE         ] task=52 wf=0 vm=22(reserved) actualCPU=9.5370s
[t=     24.8300][TASK-COMPLETE         ] task=48 wf=0 vm=44(reserved) actualCPU=9.5940s
[t=     24.8540][TASK-COMPLETE         ] task=66 wf=0 vm=37(reserved) actualCPU=9.7280s
[t=     24.9400][TASK-COMPLETE         ] task=29 wf=0 vm=8(reserved) actualCPU=10.4900s
[t=     24.9890][TASK-COMPLETE         ] task=53 wf=0 vm=51(on-demand) actualCPU=9.2400s cost=$0.008362
[t=     25.0460][TASK-COMPLETE         ] task=17 wf=0 vm=24(reserved) actualCPU=11.7590s
[t=     25.1400][TASK-COMPLETE         ] task=47 wf=0 vm=43(reserved) actualCPU=9.9040s
[t=     25.2090][TASK-COMPLETE         ] task=27 wf=0 vm=12(reserved) actualCPU=10.0830s
[t=     25.2320][TASK-COMPLETE         ] task=73 wf=0 vm=27(reserved) actualCPU=12.0990s
[t=     25.2780][TASK-COMPLETE         ] task=60 wf=0 vm=56(on-demand) actualCPU=9.5290s cost=$0.008624
[t=     25.3350][TASK-COMPLETE         ] task=43 wf=0 vm=60(on-demand) actualCPU=9.2270s cost=$0.008350
[t=     25.3600][TASK-COMPLETE         ] task=33 wf=0 vm=45(reserved) actualCPU=10.2340s
[t=     25.4700][TASK-COMPLETE         ] task=56 wf=0 vm=52(on-demand) actualCPU=9.7210s cost=$0.008798
[t=     25.5120][TASK-COMPLETE         ] task=49 wf=0 vm=46(reserved) actualCPU=10.2760s
[t=     25.5660][TASK-COMPLETE         ] task=65 wf=0 vm=13(reserved) actualCPU=11.2780s
[t=     25.6080][TASK-COMPLETE         ] task=72 wf=0 vm=17(reserved) actualCPU=10.4820s
[t=     25.6900][TASK-COMPLETE         ] task=37 wf=0 vm=14(reserved) actualCPU=10.5640s
[t=     25.7860][TASK-COMPLETE         ] task=50 wf=0 vm=19(reserved) actualCPU=10.6030s
[t=     25.9020][TASK-COMPLETE         ] task=75 wf=0 vm=11(reserved) actualCPU=11.2510s
[t=     25.9520][TASK-COMPLETE         ] task=64 wf=0 vm=33(reserved) actualCPU=10.7690s
[t=     26.1230][TASK-COMPLETE         ] task=68 wf=0 vm=16(reserved) actualCPU=10.9970s
[t=     26.1820][TASK-COMPLETE         ] task=51 wf=0 vm=47(reserved) actualCPU=10.9460s
[t=     26.3140][TASK-COMPLETE         ] task=46 wf=0 vm=42(reserved) actualCPU=11.0780s
[t=     26.3590][TASK-COMPLETE         ] task=31 wf=0 vm=28(reserved) actualCPU=12.1970s
[t=     26.4240][TASK-COMPLETE         ] task=30 wf=0 vm=9(reserved) actualCPU=11.7730s
[t=     26.5450][TASK-COMPLETE         ] task=76 wf=0 vm=34(reserved) actualCPU=11.3620s
[t=     26.6240][TASK-COMPLETE         ] task=42 wf=0 vm=18(reserved) actualCPU=11.4410s
[t=     26.6550][TASK-COMPLETE         ] task=71 wf=0 vm=50(on-demand) actualCPU=11.3190s cost=$0.010244
[t=     26.7920][TASK-COMPLETE         ] task=45 wf=0 vm=21(reserved) actualCPU=11.6660s
[t=     26.8560][TASK-COMPLETE         ] task=24 wf=0 vm=36(reserved) actualCPU=11.6200s
[t=     27.0100][TASK-COMPLETE         ] task=74 wf=0 vm=30(reserved) actualCPU=12.5600s
[t=     27.0100][TASK-COMPLETE         ] task=58 wf=0 vm=54(on-demand) actualCPU=11.2610s cost=$0.010191
[t=     27.0380][TASK-COMPLETE         ] task=54 wf=0 vm=31(reserved) actualCPU=11.8550s
[t=     27.2500][TASK-COMPLETE         ] task=59 wf=0 vm=55(on-demand) actualCPU=11.5010s cost=$0.010408
[t=     27.2810][TASK-COMPLETE         ] task=61 wf=0 vm=57(on-demand) actualCPU=11.5320s cost=$0.010436
[t=     27.3260][TASK-COMPLETE         ] task=35 wf=0 vm=32(reserved) actualCPU=12.6750s
[t=     27.5920][TASK-COMPLETE         ] task=25 wf=0 vm=29(reserved) actualCPU=12.4090s
[t=     27.8360][TASK-COMPLETE         ] task=26 wf=0 vm=59(on-demand) actualCPU=11.7280s cost=$0.010614
[t=     27.9600][TASK-COMPLETE         ] task=18 wf=0 vm=49(reserved) actualCPU=11.9520s
[t=     28.3150][TASK-COMPLETE         ] task=57 wf=0 vm=53(on-demand) actualCPU=12.5660s cost=$0.011372
[t=     28.9280][TASK-COMPLETE         ] task=55 wf=0 vm=61(on-demand) actualCPU=12.8200s cost=$0.011602
[t=     28.9280][DISPATCH              ] wf=0 task=79 -> vm=21 (planned reserved, was idle)
[t=     28.9280][DISPATCH              ] wf=0 task=79 vm=21
[t=     33.9530][TASK-COMPLETE         ] task=79 wf=0 vm=21(reserved) actualCPU=5.0250s
[t=     33.9530][DISPATCH              ] wf=0 task=80 -> vm=20 (planned reserved, was idle)
[t=     33.9530][DISPATCH              ] wf=0 task=80 vm=20
[t=     39.0347][NEGOTIATE             ] wf=1 tasks=97 arrivalTime=39.0347 deadline=8988.9719 cp=4472.9460 BETA*cp=4920.2406 slack=8949.9372 -> ACCEPTED
[t=     39.0347][DISPATCH              ] wf=1 task=102 -> vm=15 (planned reserved, was idle)
[t=     39.0347][DISPATCH              ] wf=1 task=103 planned=vm20 BUSY -> advanced to vm=0
[t=     39.0347][DISPATCH              ] wf=1 task=104 -> vm=39 (planned reserved, was idle)
[t=     39.0347][DISPATCH              ] wf=1 task=105 -> vm=37 (planned reserved, was idle)
[t=     39.0347][DISPATCH              ] wf=1 task=106 -> vm=42 (planned reserved, was idle)
[t=     39.0347][DISPATCH              ] wf=1 task=107 -> vm=33 (planned reserved, was idle)
[t=     39.0347][DISPATCH              ] wf=1 task=108 -> vm=4 (planned reserved, was idle)
[t=     39.0347][DISPATCH              ] wf=1 task=109 -> vm=40 (planned reserved, was idle)
[t=     39.0347][DISPATCH              ] wf=1 task=110 -> vm=34 (planned reserved, was idle)
[t=     39.0347][DISPATCH              ] wf=1 task=111 -> vm=11 (planned reserved, was idle)
[t=     39.0347][DISPATCH              ] wf=1 task=112 -> vm=43 (planned reserved, was idle)
[t=     39.0347][DISPATCH              ] wf=1 task=113 -> vm=46 (planned reserved, was idle)
[t=     39.0347][DISPATCH              ] wf=1 task=114 -> vm=2 (planned reserved, was idle)
[t=     39.0347][DISPATCH              ] wf=1 task=115 -> vm=5 (planned reserved, was idle)
[t=     39.0347][DISPATCH              ] wf=1 task=116 planned=vm46 BUSY -> advanced to vm=1
[t=     39.0347][DISPATCH              ] wf=1 task=117 planned=vm0 BUSY -> advanced to vm=3
[t=     39.0347][DISPATCH              ] wf=1 task=118 -> vm=30 (planned reserved, was idle)
[t=     39.0347][DISPATCH              ] wf=1 task=119 -> vm=32 (planned reserved, was idle)
[t=     39.0347][DISPATCH              ] wf=1 task=120 planned=vm34 BUSY -> advanced to vm=6
[t=     39.0347][DISPATCH              ] wf=1 task=121 -> vm=16 (planned reserved, was idle)
[t=     39.0347][DISPATCH              ] wf=1 task=122 planned=vm20 BUSY -> advanced to vm=7
[t=     39.0347][DISPATCH              ] wf=1 task=123 planned=vm30 BUSY -> advanced to vm=8
[t=     39.0347][DISPATCH              ] wf=1 task=124 -> vm=13 (planned reserved, was idle)
[t=     39.0347][DISPATCH              ] wf=1 task=133 -> vm=38 (planned reserved, was idle)
[t=     39.0347][DISPATCH              ] wf=1 task=134 planned=vm6 BUSY -> advanced to vm=9
[t=     39.0347][DISPATCH              ] wf=1 task=135 -> vm=41 (planned reserved, was idle)
[t=     39.0347][DISPATCH              ] wf=1 task=136 planned=vm8 BUSY -> advanced to vm=10
[t=     39.0347][DISPATCH              ] wf=1 task=137 planned=vm9 BUSY -> advanced to vm=12
[t=     39.0347][DISPATCH              ] wf=1 task=138 planned=vm32 BUSY -> advanced to vm=14
[t=     39.0347][DISPATCH              ] wf=1 task=139 planned=vm12 BUSY -> advanced to vm=17
[t=     39.0347][DISPATCH              ] wf=1 task=140 -> vm=45 (planned reserved, was idle)
[t=     39.0347][DISPATCH              ] wf=1 task=141 -> vm=47 (planned reserved, was idle)
[t=     39.0347][DISPATCH              ] wf=1 task=142 planned=vm16 BUSY -> advanced to vm=18
[t=     39.0347][DISPATCH              ] wf=1 task=143 planned=vm3 BUSY -> advanced to vm=19
[t=     39.0347][DISPATCH              ] wf=1 task=144 planned=vm13 BUSY -> advanced to vm=21
[t=     39.0347][DISPATCH              ] wf=1 task=145 planned=vm7 BUSY -> advanced to vm=22
[t=     39.0347][DISPATCH              ] wf=1 task=146 planned=vm18 BUSY -> advanced to vm=23
[t=     39.0347][DISPATCH              ] wf=1 task=147 -> vm=48 (planned reserved, was idle)
[t=     39.0347][DISPATCH              ] wf=1 task=148 -> vm=44 (planned reserved, was idle)
[t=     39.0347][DISPATCH              ] wf=1 task=149 -> vm=24 (planned reserved, was idle)
[t=     39.0347][DISPATCH              ] wf=1 task=150 -> vm=29 (planned reserved, was idle)
[t=     39.0347][DISPATCH              ] wf=1 task=151 planned=vm19 BUSY -> advanced to vm=25
[t=     39.0347][DISPATCH              ] wf=1 task=152 planned=vm25 BUSY -> advanced to vm=26
[t=     39.0347][DISPATCH              ] wf=1 task=153 planned=vm6 BUSY -> advanced to vm=27
[t=     39.0347][DISPATCH              ] wf=1 task=154 planned=vm7 BUSY -> advanced to vm=28
[t=     39.0347][DISPATCH              ] wf=1 task=155 planned=vm21 BUSY -> advanced to vm=35
[t=     39.0347][DISPATCH              ] wf=1 task=164 planned=vm17 BUSY -> advanced to vm=31
[t=     39.0347][DISPATCH              ] wf=1 task=165 -> vm=49 (planned reserved, was idle)
[t=     39.0347][DISPATCH              ] wf=1 task=166 -> vm=36 (planned reserved, was idle)
[t=     39.0347][DISPATCH              ] wf=1 task=167 planned=vm1 no-idle-reserved -> on-demand vm=50
[t=     39.0347][DISPATCH              ] wf=1 task=168 planned=vm1 no-idle-reserved -> on-demand vm=51
[t=     39.0347][DISPATCH              ] wf=1 task=169 planned=vm49 no-idle-reserved -> on-demand vm=52
[t=     39.0347][DISPATCH              ] wf=1 task=170 planned=vm35 no-idle-reserved -> on-demand vm=53
[t=     39.0347][DISPATCH              ] wf=1 task=171 planned=vm43 no-idle-reserved -> on-demand vm=54
[t=     39.0347][DISPATCH              ] wf=1 task=172 planned=vm42 no-idle-reserved -> on-demand vm=55
[t=     39.0347][DISPATCH              ] wf=1 task=173 planned=vm26 no-idle-reserved -> on-demand vm=56
[t=     39.0347][DISPATCH              ] wf=1 task=174 planned=vm31 no-idle-reserved -> on-demand vm=57
[t=     39.0347][DISPATCH              ] wf=1 task=175 planned=vm40 no-idle-reserved -> on-demand vm=58
[t=     39.0347][DISPATCH              ] wf=1 task=176 planned=vm39 no-idle-reserved -> on-demand vm=59
[t=     39.0347][DISPATCH              ] wf=1 task=177 planned=vm28 no-idle-reserved -> on-demand vm=60
[t=     39.0347][DISPATCH              ] wf=1 task=178 planned=vm38 no-idle-reserved -> on-demand vm=61
[t=     39.0347][DISPATCH              ] wf=1 task=179 planned=vm22 no-idle-reserved -> on-demand vm=62
[t=     39.0347][DISPATCH              ] wf=1 task=180 planned=vm35 no-idle-reserved -> on-demand vm=63
[t=     39.0347][DISPATCH              ] wf=1 task=181 planned=vm23 no-idle-reserved -> on-demand vm=64
[t=     39.0347][DISPATCH              ] wf=1 task=182 planned=vm2 no-idle-reserved -> on-demand vm=65
[t=     39.0347][DISPATCH              ] wf=1 task=183 planned=vm14 no-idle-reserved -> on-demand vm=66
[t=     39.0347][DISPATCH              ] wf=1 task=184 planned=vm37 no-idle-reserved -> on-demand vm=67
[t=     39.0347][DISPATCH              ] wf=1 task=185 planned=vm0 no-idle-reserved -> on-demand vm=68
[t=     39.0347][DISPATCH              ] wf=1 task=186 planned=vm10 no-idle-reserved -> on-demand vm=69
[t=     39.0347][DISPATCH              ] wf=1 task=187 planned=vm27 no-idle-reserved -> on-demand vm=70
[t=     39.0347][DISPATCH              ] wf=1 task=188 planned=vm23 no-idle-reserved -> on-demand vm=71
[t=     39.0347][DISPATCH              ] wf=1 task=189 planned=vm9 no-idle-reserved -> on-demand vm=72
[t=     39.0347][DISPATCH              ] wf=1 task=190 planned=vm19 no-idle-reserved -> on-demand vm=73
[t=     39.0347][DISPATCH              ] wf=1 task=102 vm=15
[t=     39.0347][DISPATCH              ] wf=1 task=103 vm=0
[t=     39.0347][DISPATCH              ] wf=1 task=104 vm=39
[t=     39.0347][DISPATCH              ] wf=1 task=105 vm=37
[t=     39.0347][DISPATCH              ] wf=1 task=106 vm=42
[t=     39.0347][DISPATCH              ] wf=1 task=107 vm=33
[t=     39.0347][DISPATCH              ] wf=1 task=108 vm=4
[t=     39.0347][DISPATCH              ] wf=1 task=109 vm=40
[t=     39.0347][DISPATCH              ] wf=1 task=110 vm=34
[t=     39.0347][DISPATCH              ] wf=1 task=111 vm=11
[t=     39.0347][DISPATCH              ] wf=1 task=112 vm=43
[t=     39.0347][DISPATCH              ] wf=1 task=113 vm=46
[t=     39.0347][DISPATCH              ] wf=1 task=114 vm=2
[t=     39.0347][DISPATCH              ] wf=1 task=115 vm=5
[t=     39.0347][DISPATCH              ] wf=1 task=116 vm=1
[t=     39.0347][DISPATCH              ] wf=1 task=117 vm=3
[t=     39.0347][DISPATCH              ] wf=1 task=118 vm=30
[t=     39.0347][DISPATCH              ] wf=1 task=119 vm=32
[t=     39.0347][DISPATCH              ] wf=1 task=120 vm=6
[t=     39.0347][DISPATCH              ] wf=1 task=121 vm=16
[t=     39.0347][DISPATCH              ] wf=1 task=122 vm=7
[t=     39.0347][DISPATCH              ] wf=1 task=123 vm=8
[t=     39.0347][DISPATCH              ] wf=1 task=124 vm=13
[t=     39.0347][DISPATCH              ] wf=1 task=133 vm=38
[t=     39.0347][DISPATCH              ] wf=1 task=134 vm=9
[t=     39.0347][DISPATCH              ] wf=1 task=135 vm=41
[t=     39.0347][DISPATCH              ] wf=1 task=136 vm=10
[t=     39.0347][DISPATCH              ] wf=1 task=137 vm=12
[t=     39.0347][DISPATCH              ] wf=1 task=138 vm=14
[t=     39.0347][DISPATCH              ] wf=1 task=139 vm=17
[t=     39.0347][DISPATCH              ] wf=1 task=140 vm=45
[t=     39.0347][DISPATCH              ] wf=1 task=141 vm=47
[t=     39.0347][DISPATCH              ] wf=1 task=142 vm=18
[t=     39.0347][DISPATCH              ] wf=1 task=143 vm=19
[t=     39.0347][DISPATCH              ] wf=1 task=144 vm=21
[t=     39.0347][DISPATCH              ] wf=1 task=145 vm=22
[t=     39.0347][DISPATCH              ] wf=1 task=146 vm=23
[t=     39.0347][DISPATCH              ] wf=1 task=147 vm=48
[t=     39.0347][DISPATCH              ] wf=1 task=148 vm=44
[t=     39.0347][DISPATCH              ] wf=1 task=149 vm=24
[t=     39.0347][DISPATCH              ] wf=1 task=150 vm=29
[t=     39.0347][DISPATCH              ] wf=1 task=151 vm=25
[t=     39.0347][DISPATCH              ] wf=1 task=152 vm=26
[t=     39.0347][DISPATCH              ] wf=1 task=153 vm=27
[t=     39.0347][DISPATCH              ] wf=1 task=154 vm=28
[t=     39.0347][DISPATCH              ] wf=1 task=155 vm=35
[t=     39.0347][DISPATCH              ] wf=1 task=164 vm=31
[t=     39.0347][DISPATCH              ] wf=1 task=165 vm=49
[t=     39.0347][DISPATCH              ] wf=1 task=166 vm=36
[t=     39.0347][DISPATCH              ] wf=1 task=167 vm=50
[t=     39.0347][DISPATCH              ] wf=1 task=168 vm=51
[t=     39.0347][DISPATCH              ] wf=1 task=169 vm=52
[t=     39.0347][DISPATCH              ] wf=1 task=170 vm=53
[t=     39.0347][DISPATCH              ] wf=1 task=171 vm=54
[t=     39.0347][DISPATCH              ] wf=1 task=172 vm=55
[t=     39.0347][DISPATCH              ] wf=1 task=173 vm=56
[t=     39.0347][DISPATCH              ] wf=1 task=174 vm=57
[t=     39.0347][DISPATCH              ] wf=1 task=175 vm=58
[t=     39.0347][DISPATCH              ] wf=1 task=176 vm=59
[t=     39.0347][DISPATCH              ] wf=1 task=177 vm=60
[t=     39.0347][DISPATCH              ] wf=1 task=178 vm=61
[t=     39.1347][DISPATCH              ] wf=1 task=179 planned=vm22 no-idle-reserved -> on-demand vm=62
[t=     39.1347][DISPATCH              ] wf=1 task=180 planned=vm35 no-idle-reserved -> on-demand vm=63
[t=     39.1347][DISPATCH              ] wf=1 task=181 planned=vm23 no-idle-reserved -> on-demand vm=64
[t=     39.1347][DISPATCH              ] wf=1 task=182 planned=vm2 no-idle-reserved -> on-demand vm=65
[t=     39.1347][DISPATCH              ] wf=1 task=183 planned=vm14 no-idle-reserved -> on-demand vm=66
[t=     39.1347][DISPATCH              ] wf=1 task=184 planned=vm37 no-idle-reserved -> on-demand vm=67
[t=     39.1347][DISPATCH              ] wf=1 task=185 planned=vm0 no-idle-reserved -> on-demand vm=68
[t=     39.1347][DISPATCH              ] wf=1 task=186 planned=vm10 no-idle-reserved -> on-demand vm=69
[t=     39.1347][DISPATCH              ] wf=1 task=187 planned=vm27 no-idle-reserved -> on-demand vm=70
[t=     39.1347][DISPATCH              ] wf=1 task=188 planned=vm23 no-idle-reserved -> on-demand vm=71
[t=     39.1347][DISPATCH              ] wf=1 task=189 planned=vm9 no-idle-reserved -> on-demand vm=72
[t=     39.1347][DISPATCH              ] wf=1 task=190 planned=vm19 no-idle-reserved -> on-demand vm=73
[t=     39.1347][DISPATCH              ] wf=1 task=179 vm=62
[t=     39.1347][DISPATCH              ] wf=1 task=180 vm=63
[t=     39.1347][DISPATCH              ] wf=1 task=181 vm=64
[t=     39.1347][DISPATCH              ] wf=1 task=182 vm=65
[t=     39.1347][DISPATCH              ] wf=1 task=183 vm=66
[t=     39.1347][DISPATCH              ] wf=1 task=184 vm=67
[t=     39.1347][DISPATCH              ] wf=1 task=185 vm=68
[t=     39.1347][DISPATCH              ] wf=1 task=186 vm=69
[t=     39.1347][DISPATCH              ] wf=1 task=187 vm=70
[t=     39.1347][DISPATCH              ] wf=1 task=188 vm=71
[t=     39.1347][DISPATCH              ] wf=1 task=189 vm=72
[t=     39.1347][DISPATCH              ] wf=1 task=190 vm=73
[t=     39.6897][TASK-COMPLETE         ] task=80 wf=0 vm=20(reserved) actualCPU=5.7367s
[t=     39.6897][DISPATCH              ] wf=0 task=81 planned=vm14 BUSY -> advanced to vm=20
[t=     39.6897][DISPATCH              ] wf=0 task=82 planned=vm10 no-idle-reserved -> on-demand vm=74
[t=     39.6897][DISPATCH              ] wf=0 task=83 planned=vm12 no-idle-reserved -> on-demand vm=75
[t=     39.6897][DISPATCH              ] wf=0 task=84 planned=vm7 no-idle-reserved -> on-demand vm=76
[t=     39.6897][DISPATCH              ] wf=0 task=85 planned=vm15 no-idle-reserved -> on-demand vm=77
[t=     39.6897][DISPATCH              ] wf=0 task=86 planned=vm11 no-idle-reserved -> on-demand vm=78
[t=     39.6897][DISPATCH              ] wf=0 task=87 planned=vm6 no-idle-reserved -> on-demand vm=79
[t=     39.6897][DISPATCH              ] wf=0 task=88 planned=vm17 no-idle-reserved -> on-demand vm=80
[t=     39.6897][DISPATCH              ] wf=0 task=89 planned=vm18 no-idle-reserved -> on-demand vm=81
[t=     39.6897][DISPATCH              ] wf=0 task=90 planned=vm4 no-idle-reserved -> on-demand vm=82
[t=     39.6897][DISPATCH              ] wf=0 task=91 planned=vm5 no-idle-reserved -> on-demand vm=83
[t=     39.6897][DISPATCH              ] wf=0 task=92 planned=vm19 no-idle-reserved -> on-demand vm=84
[t=     39.6897][DISPATCH              ] wf=0 task=93 planned=vm16 no-idle-reserved -> on-demand vm=85
[t=     39.6897][DISPATCH              ] wf=0 task=94 planned=vm9 no-idle-reserved -> on-demand vm=86
[t=     39.6897][DISPATCH              ] wf=0 task=95 planned=vm13 no-idle-reserved -> on-demand vm=87
[t=     39.6897][DISPATCH              ] wf=0 task=96 planned=vm8 no-idle-reserved -> on-demand vm=88
[t=     39.6897][DISPATCH              ] wf=0 task=81 vm=20
[t=     39.7547][TASK-COMPLETE         ] task=178 wf=1 vm=61(on-demand) actualCPU=0.7200s cost=$0.000652
[t=     39.7547][DISPATCH              ] wf=0 task=82 planned=vm10 no-idle-reserved -> on-demand vm=74
[t=     39.7547][DISPATCH              ] wf=0 task=83 planned=vm12 no-idle-reserved -> on-demand vm=75
[t=     39.7547][DISPATCH              ] wf=0 task=84 planned=vm7 no-idle-reserved -> on-demand vm=76
[t=     39.7547][DISPATCH              ] wf=0 task=85 planned=vm15 no-idle-reserved -> on-demand vm=77
[t=     39.7547][DISPATCH              ] wf=0 task=86 planned=vm11 no-idle-reserved -> on-demand vm=78
[t=     39.7547][DISPATCH              ] wf=0 task=87 planned=vm6 no-idle-reserved -> on-demand vm=79
[t=     39.7547][DISPATCH              ] wf=0 task=88 planned=vm17 no-idle-reserved -> on-demand vm=80
[t=     39.7547][DISPATCH              ] wf=0 task=89 planned=vm18 no-idle-reserved -> on-demand vm=81
[t=     39.7547][DISPATCH              ] wf=0 task=90 planned=vm4 no-idle-reserved -> on-demand vm=82
[t=     39.7547][DISPATCH              ] wf=0 task=91 planned=vm5 no-idle-reserved -> on-demand vm=83
[t=     39.7547][DISPATCH              ] wf=0 task=92 planned=vm19 no-idle-reserved -> on-demand vm=84
[t=     39.7547][DISPATCH              ] wf=0 task=93 planned=vm16 no-idle-reserved -> on-demand vm=85
[t=     39.7547][DISPATCH              ] wf=0 task=94 planned=vm9 no-idle-reserved -> on-demand vm=86
[t=     39.7547][DISPATCH              ] wf=0 task=95 planned=vm13 no-idle-reserved -> on-demand vm=87
[t=     39.7547][DISPATCH              ] wf=0 task=96 planned=vm8 no-idle-reserved -> on-demand vm=88
[t=     39.7817][TASK-COMPLETE         ] task=119 wf=1 vm=32(reserved) actualCPU=0.7470s
[t=     39.7817][DISPATCH              ] wf=0 task=82 planned=vm10 BUSY -> advanced to vm=32
[t=     39.7817][DISPATCH              ] wf=0 task=83 planned=vm12 no-idle-reserved -> on-demand vm=75
[t=     39.7817][DISPATCH              ] wf=0 task=84 planned=vm7 no-idle-reserved -> on-demand vm=76
[t=     39.7817][DISPATCH              ] wf=0 task=85 planned=vm15 no-idle-reserved -> on-demand vm=77
[t=     39.7817][DISPATCH              ] wf=0 task=86 planned=vm11 no-idle-reserved -> on-demand vm=78
[t=     39.7817][DISPATCH              ] wf=0 task=87 planned=vm6 no-idle-reserved -> on-demand vm=79
[t=     39.7817][DISPATCH              ] wf=0 task=88 planned=vm17 no-idle-reserved -> on-demand vm=80
[t=     39.7817][DISPATCH              ] wf=0 task=89 planned=vm18 no-idle-reserved -> on-demand vm=81
[t=     39.7817][DISPATCH              ] wf=0 task=90 planned=vm4 no-idle-reserved -> on-demand vm=82
[t=     39.7817][DISPATCH              ] wf=0 task=91 planned=vm5 no-idle-reserved -> on-demand vm=83
[t=     39.7817][DISPATCH              ] wf=0 task=92 planned=vm19 no-idle-reserved -> on-demand vm=84
[t=     39.7817][DISPATCH              ] wf=0 task=93 planned=vm16 no-idle-reserved -> on-demand vm=85
[t=     39.7817][DISPATCH              ] wf=0 task=94 planned=vm9 no-idle-reserved -> on-demand vm=86
[t=     39.7817][DISPATCH              ] wf=0 task=95 planned=vm13 no-idle-reserved -> on-demand vm=87
[t=     39.7817][DISPATCH              ] wf=0 task=96 planned=vm8 no-idle-reserved -> on-demand vm=88
[t=     39.7817][DISPATCH              ] wf=0 task=82 vm=32
[t=     39.7897][DISPATCH              ] wf=0 task=83 planned=vm12 no-idle-reserved -> on-demand vm=75
[t=     39.7897][DISPATCH              ] wf=0 task=84 planned=vm7 no-idle-reserved -> on-demand vm=76
[t=     39.7897][DISPATCH              ] wf=0 task=85 planned=vm15 no-idle-reserved -> on-demand vm=77
[t=     39.7897][DISPATCH              ] wf=0 task=86 planned=vm11 no-idle-reserved -> on-demand vm=78
[t=     39.7897][DISPATCH              ] wf=0 task=87 planned=vm6 no-idle-reserved -> on-demand vm=79
[t=     39.7897][DISPATCH              ] wf=0 task=88 planned=vm17 no-idle-reserved -> on-demand vm=80
[t=     39.7897][DISPATCH              ] wf=0 task=89 planned=vm18 no-idle-reserved -> on-demand vm=81
[t=     39.7897][DISPATCH              ] wf=0 task=90 planned=vm4 no-idle-reserved -> on-demand vm=82
[t=     39.7897][DISPATCH              ] wf=0 task=91 planned=vm5 no-idle-reserved -> on-demand vm=83
[t=     39.7897][DISPATCH              ] wf=0 task=92 planned=vm19 no-idle-reserved -> on-demand vm=84
[t=     39.7897][DISPATCH              ] wf=0 task=93 planned=vm16 no-idle-reserved -> on-demand vm=85
[t=     39.7897][DISPATCH              ] wf=0 task=94 planned=vm9 no-idle-reserved -> on-demand vm=86
[t=     39.7897][DISPATCH              ] wf=0 task=95 planned=vm13 no-idle-reserved -> on-demand vm=87
[t=     39.7897][DISPATCH              ] wf=0 task=96 planned=vm8 no-idle-reserved -> on-demand vm=88
[t=     39.7897][DISPATCH              ] wf=0 task=83 vm=75
[t=     39.7897][DISPATCH              ] wf=0 task=84 vm=76
[t=     39.7897][DISPATCH              ] wf=0 task=85 vm=77
[t=     39.7897][DISPATCH              ] wf=0 task=86 vm=78
[t=     39.7897][DISPATCH              ] wf=0 task=87 vm=79
[t=     39.7897][DISPATCH              ] wf=0 task=88 vm=80
[t=     39.7897][DISPATCH              ] wf=0 task=89 vm=81
[t=     39.7897][DISPATCH              ] wf=0 task=90 vm=82
[t=     39.7897][DISPATCH              ] wf=0 task=91 vm=83
[t=     39.7897][DISPATCH              ] wf=0 task=92 vm=84
[t=     39.7897][DISPATCH              ] wf=0 task=93 vm=85
[t=     39.7897][DISPATCH              ] wf=0 task=94 vm=86
[t=     39.7897][DISPATCH              ] wf=0 task=95 vm=87
[t=     39.7897][DISPATCH              ] wf=0 task=96 vm=88
[t=     39.8127][TASK-COMPLETE         ] task=180 wf=1 vm=63(on-demand) actualCPU=0.6780s cost=$0.000614
[t=     39.8387][TASK-COMPLETE         ] task=110 wf=1 vm=34(reserved) actualCPU=0.8040s
[t=     39.8387][TASK-COMPLETE         ] task=184 wf=1 vm=67(on-demand) actualCPU=0.7040s cost=$0.000637
[t=     39.9227][TASK-COMPLETE         ] task=104 wf=1 vm=39(reserved) actualCPU=0.8880s
[t=     39.9227][TASK-COMPLETE         ] task=109 wf=1 vm=40(reserved) actualCPU=0.8880s
[t=     39.9347][TASK-COMPLETE         ] task=106 wf=1 vm=42(reserved) actualCPU=0.9000s
[t=     39.9477][TASK-COMPLETE         ] task=165 wf=1 vm=49(reserved) actualCPU=0.9130s
[t=     40.0017][TASK-COMPLETE         ] task=112 wf=1 vm=43(reserved) actualCPU=0.9670s
[t=     40.0577][TASK-COMPLETE         ] task=168 wf=1 vm=51(on-demand) actualCPU=1.0230s cost=$0.000926
[t=     40.0687][TASK-COMPLETE         ] task=116 wf=1 vm=1(reserved) actualCPU=1.0340s
[t=     40.0847][TASK-COMPLETE         ] task=135 wf=1 vm=41(reserved) actualCPU=1.0500s
[t=     40.0967][TASK-COMPLETE         ] task=185 wf=1 vm=68(on-demand) actualCPU=0.9620s cost=$0.000871
[t=     40.1547][TASK-COMPLETE         ] task=182 wf=1 vm=65(on-demand) actualCPU=1.0200s cost=$0.000923
[t=     40.2217][TASK-COMPLETE         ] task=148 wf=1 vm=44(reserved) actualCPU=1.1870s
[t=     40.2217][TASK-COMPLETE         ] task=140 wf=1 vm=45(reserved) actualCPU=1.1870s
[t=     40.2397][TASK-COMPLETE         ] task=108 wf=1 vm=4(reserved) actualCPU=1.2050s
[t=     40.2397][TASK-COMPLETE         ] task=141 wf=1 vm=47(reserved) actualCPU=1.2050s
[t=     40.2527][TASK-COMPLETE         ] task=115 wf=1 vm=5(reserved) actualCPU=1.2180s
[t=     40.2527][TASK-COMPLETE         ] task=147 wf=1 vm=48(reserved) actualCPU=1.2180s
[t=     40.2647][TASK-COMPLETE         ] task=166 wf=1 vm=36(reserved) actualCPU=1.2300s
[t=     40.2647][TASK-COMPLETE         ] task=174 wf=1 vm=57(on-demand) actualCPU=1.2300s cost=$0.001113
[t=     40.2777][TASK-COMPLETE         ] task=186 wf=1 vm=69(on-demand) actualCPU=1.1430s cost=$0.001034
[t=     40.2997][TASK-COMPLETE         ] task=164 wf=1 vm=31(reserved) actualCPU=1.2650s
[t=     40.3457][TASK-COMPLETE         ] task=173 wf=1 vm=56(on-demand) actualCPU=1.3110s cost=$0.001186
[t=     40.3627][TASK-COMPLETE         ] task=111 wf=1 vm=11(reserved) actualCPU=1.3280s
[t=     40.3627][TASK-COMPLETE         ] task=170 wf=1 vm=53(on-demand) actualCPU=1.3280s cost=$0.001202
[t=     40.3627][TASK-COMPLETE         ] task=177 wf=1 vm=60(on-demand) actualCPU=1.3280s cost=$0.001202
[t=     40.3627][TASK-COMPLETE         ] task=179 wf=1 vm=62(on-demand) actualCPU=1.2280s cost=$0.001111
[t=     40.3747][TASK-COMPLETE         ] task=143 wf=1 vm=19(reserved) actualCPU=1.3400s
[t=     40.3847][TASK-COMPLETE         ] task=102 wf=1 vm=15(reserved) actualCPU=1.3500s
[t=     40.3957][TASK-COMPLETE         ] task=103 wf=1 vm=0(reserved) actualCPU=1.3610s
[t=     40.3957][TASK-COMPLETE         ] task=134 wf=1 vm=9(reserved) actualCPU=1.3610s
[t=     40.4077][TASK-COMPLETE         ] task=145 wf=1 vm=22(reserved) actualCPU=1.3730s
[t=     40.4077][TASK-COMPLETE         ] task=118 wf=1 vm=30(reserved) actualCPU=1.3730s
[t=     40.4077][TASK-COMPLETE         ] task=183 wf=1 vm=66(on-demand) actualCPU=1.2730s cost=$0.001152
[t=     40.4177][TASK-COMPLETE         ] task=136 wf=1 vm=10(reserved) actualCPU=1.3830s
[t=     40.4367][TASK-COMPLETE         ] task=181 wf=1 vm=64(on-demand) actualCPU=1.3020s cost=$0.001178
[t=     40.4557][TASK-COMPLETE         ] task=137 wf=1 vm=12(reserved) actualCPU=1.4210s
[t=     40.4837][TASK-COMPLETE         ] task=175 wf=1 vm=58(on-demand) actualCPU=1.4490s cost=$0.001311
[t=     40.4837][TASK-COMPLETE         ] task=176 wf=1 vm=59(on-demand) actualCPU=1.4490s cost=$0.001311
[t=     40.4947][TASK-COMPLETE         ] task=107 wf=1 vm=33(reserved) actualCPU=1.4600s
[t=     40.4947][TASK-COMPLETE         ] task=172 wf=1 vm=55(on-demand) actualCPU=1.4600s cost=$0.001321
[t=     40.5277][TASK-COMPLETE         ] task=144 wf=1 vm=21(reserved) actualCPU=1.4930s
[t=     40.5417][TASK-COMPLETE         ] task=142 wf=1 vm=18(reserved) actualCPU=1.5070s
[t=     40.5417][TASK-COMPLETE         ] task=151 wf=1 vm=25(reserved) actualCPU=1.5070s
[t=     40.5417][TASK-COMPLETE         ] task=169 wf=1 vm=52(on-demand) actualCPU=1.5070s cost=$0.001364
[t=     40.5557][TASK-COMPLETE         ] task=149 wf=1 vm=24(reserved) actualCPU=1.5210s
[t=     40.5557][TASK-COMPLETE         ] task=150 wf=1 vm=29(reserved) actualCPU=1.5210s
[t=     40.5557][TASK-COMPLETE         ] task=105 wf=1 vm=37(reserved) actualCPU=1.5210s
[t=     40.5727][TASK-COMPLETE         ] task=139 wf=1 vm=17(reserved) actualCPU=1.5380s
[t=     40.5857][TASK-COMPLETE         ] task=171 wf=1 vm=54(on-demand) actualCPU=1.5510s cost=$0.001404
[t=     40.6047][TASK-COMPLETE         ] task=120 wf=1 vm=6(reserved) actualCPU=1.5700s
[t=     40.6277][TASK-COMPLETE         ] task=146 wf=1 vm=23(reserved) actualCPU=1.5930s
[t=     40.6827][TASK-COMPLETE         ] task=167 wf=1 vm=50(on-demand) actualCPU=1.6480s cost=$0.001491
[t=     40.6827][DISPATCH              ] wf=1 task=163 planned=vm28 BUSY -> advanced to vm=0
[t=     40.6827][DISPATCH              ] wf=1 task=163 vm=0
[t=     40.7257][TASK-COMPLETE         ] task=138 wf=1 vm=14(reserved) actualCPU=1.6910s
[t=     40.7257][TASK-COMPLETE         ] task=133 wf=1 vm=38(reserved) actualCPU=1.6910s
[t=     40.7257][DISPATCH              ] wf=1 task=132 -> vm=23 (planned reserved, was idle)
[t=     40.7257][DISPATCH              ] wf=1 task=132 vm=23
[t=     40.7927][TASK-COMPLETE         ] task=117 wf=1 vm=3(reserved) actualCPU=1.7580s
[t=     40.8247][TASK-COMPLETE         ] task=163 wf=1 vm=0(reserved) actualCPU=0.1420s
[t=     40.8357][TASK-COMPLETE         ] task=132 wf=1 vm=23(reserved) actualCPU=0.1100s
[t=     40.8577][TASK-COMPLETE         ] task=114 wf=1 vm=2(reserved) actualCPU=1.8230s
[t=     40.9577][TASK-COMPLETE         ] task=113 wf=1 vm=46(reserved) actualCPU=1.9230s
[t=     40.9577][DISPATCH              ] wf=1 task=101 planned=vm26 BUSY -> advanced to vm=0
[t=     40.9577][DISPATCH              ] wf=1 task=101 vm=0
[t=     41.0777][TASK-COMPLETE         ] task=101 wf=1 vm=0(reserved) actualCPU=0.1200s
[t=     48.8010][NEGOTIATE             ] wf=2 tasks=100 arrivalTime=48.8010 deadline=575.1210 cp=281.4280 BETA*cp=309.5708 slack=526.3200 -> ACCEPTED
[t=     48.8010][DISPATCH              ] wf=2 task=200 planned=vm20 BUSY -> advanced to vm=21
[t=     48.8010][DISPATCH              ] wf=2 task=209 -> vm=34 (planned reserved, was idle)
[t=     48.8010][DISPATCH              ] wf=2 task=220 -> vm=46 (planned reserved, was idle)
[t=     48.8010][DISPATCH              ] wf=2 task=231 planned=vm32 BUSY -> advanced to vm=23
[t=     48.8010][DISPATCH              ] wf=2 task=242 -> vm=24 (planned reserved, was idle)
[t=     48.8010][DISPATCH              ] wf=2 task=255 planned=vm26 BUSY -> advanced to vm=25
[t=     48.8010][DISPATCH              ] wf=2 task=268 planned=vm32 BUSY -> advanced to vm=37
[t=     48.8010][DISPATCH              ] wf=2 task=283 planned=vm28 BUSY -> advanced to vm=38
[t=     48.8010][DISPATCH              ] wf=2 task=200 vm=21
[t=     48.8010][DISPATCH              ] wf=2 task=209 vm=34
[t=     48.8010][DISPATCH              ] wf=2 task=220 vm=46
[t=     48.8010][DISPATCH              ] wf=2 task=231 vm=23
[t=     48.8010][DISPATCH              ] wf=2 task=242 vm=24
[t=     48.8010][DISPATCH              ] wf=2 task=255 vm=25
[t=     48.8010][DISPATCH              ] wf=2 task=268 vm=37
[t=     48.8010][DISPATCH              ] wf=2 task=283 vm=38
[t=     49.0550][TASK-COMPLETE         ] task=90 wf=0 vm=82(on-demand) actualCPU=9.2653s cost=$0.008385
[t=     49.4540][TASK-COMPLETE         ] task=91 wf=0 vm=83(on-demand) actualCPU=9.6643s cost=$0.008746
[t=     49.7240][TASK-COMPLETE         ] task=87 wf=0 vm=79(on-demand) actualCPU=9.9343s cost=$0.008991
[t=     49.9190][TASK-COMPLETE         ] task=84 wf=0 vm=76(on-demand) actualCPU=10.1293s cost=$0.009167
[t=     49.9737][TASK-COMPLETE         ] task=96 wf=0 vm=88(on-demand) actualCPU=10.1840s cost=$0.009217
[t=     50.0897][TASK-COMPLETE         ] task=94 wf=0 vm=86(on-demand) actualCPU=10.3000s cost=$0.009321
[t=     50.4500][TASK-COMPLETE         ] task=82 wf=0 vm=32(reserved) actualCPU=10.6683s
[t=     50.5690][TASK-COMPLETE         ] task=86 wf=0 vm=78(on-demand) actualCPU=10.7793s cost=$0.009755
[t=     50.6990][TASK-COMPLETE         ] task=83 wf=0 vm=75(on-demand) actualCPU=10.9093s cost=$0.009873
[t=     50.7687][TASK-COMPLETE         ] task=95 wf=0 vm=87(on-demand) actualCPU=10.9790s cost=$0.009936
[t=     50.8817][TASK-COMPLETE         ] task=81 wf=0 vm=20(reserved) actualCPU=11.1920s
[t=     51.1250][TASK-COMPLETE         ] task=85 wf=0 vm=77(on-demand) actualCPU=11.3353s cost=$0.010258
[t=     51.4290][TASK-COMPLETE         ] task=93 wf=0 vm=85(on-demand) actualCPU=11.6393s cost=$0.010534
[t=     51.7140][TASK-COMPLETE         ] task=88 wf=0 vm=80(on-demand) actualCPU=11.9243s cost=$0.010791
[t=     52.0420][TASK-COMPLETE         ] task=89 wf=0 vm=81(on-demand) actualCPU=12.2523s cost=$0.011088
[t=     52.5890][TASK-COMPLETE         ] task=92 wf=0 vm=84(on-demand) actualCPU=12.7993s cost=$0.011583
[t=     52.5890][DISPATCH              ] wf=0 task=97 -> vm=3 (planned reserved, was idle)
[t=     52.5890][DISPATCH              ] wf=0 task=97 vm=3
[t=     59.6340][TASK-COMPLETE         ] task=97 wf=0 vm=3(reserved) actualCPU=7.0450s
[t=     59.6340][DISPATCH              ] wf=0 task=98 -> vm=2 (planned reserved, was idle)
[t=     59.6340][DISPATCH              ] wf=0 task=98 vm=2
[t=     66.9920][TASK-COMPLETE         ] task=153 wf=1 vm=27(reserved) actualCPU=27.9573s
[t=     68.0300][TASK-COMPLETE         ] task=98 wf=0 vm=2(reserved) actualCPU=8.3960s
[t=     68.0300][DISPATCH              ] wf=0 task=99 -> vm=1 (planned reserved, was idle)
[t=     68.0300][DISPATCH              ] wf=0 task=99 vm=1
[t=     68.3790][TASK-COMPLETE         ] task=188 wf=1 vm=71(on-demand) actualCPU=29.2443s cost=$0.026466
[t=     69.0151][NEGOTIATE             ] wf=3 tasks=100 arrivalTime=69.0151 deadline=595.3351 cp=293.5760 BETA*cp=322.9336 slack=526.3200 -> ACCEPTED
[t=     69.0151][DISPATCH              ] wf=3 task=300 -> vm=4 (planned reserved, was idle)
[t=     69.0151][DISPATCH              ] wf=3 task=309 -> vm=0 (planned reserved, was idle)
[t=     69.0151][DISPATCH              ] wf=3 task=320 -> vm=2 (planned reserved, was idle)
[t=     69.0151][DISPATCH              ] wf=3 task=331 -> vm=17 (planned reserved, was idle)
[t=     69.0151][DISPATCH              ] wf=3 task=342 planned=vm23 BUSY -> advanced to vm=10
[t=     69.0151][DISPATCH              ] wf=3 task=355 -> vm=3 (planned reserved, was idle)
[t=     69.0151][DISPATCH              ] wf=3 task=368 -> vm=6 (planned reserved, was idle)
[t=     69.0151][DISPATCH              ] wf=3 task=383 -> vm=5 (planned reserved, was idle)
[t=     69.0151][DISPATCH              ] wf=3 task=300 vm=4
[t=     69.0151][DISPATCH              ] wf=3 task=309 vm=0
[t=     69.0151][DISPATCH              ] wf=3 task=320 vm=2
[t=     69.0151][DISPATCH              ] wf=3 task=331 vm=17
[t=     69.0151][DISPATCH              ] wf=3 task=342 vm=10
[t=     69.0151][DISPATCH              ] wf=3 task=355 vm=3
[t=     69.0151][DISPATCH              ] wf=3 task=368 vm=6
[t=     69.0151][DISPATCH              ] wf=3 task=383 vm=5
[t=     75.9101][TASK-COMPLETE         ] task=99 wf=0 vm=1(reserved) actualCPU=7.8801s
[t=     75.9101][DISPATCH              ] wf=0 task=100 planned=vm0 BUSY -> advanced to vm=1
[t=     75.9101][DISPATCH              ] wf=0 task=100 vm=1
[t=     76.6451][TASK-COMPLETE         ] task=100 wf=0 vm=1(reserved) actualCPU=0.7350s
[t=     76.6451][WF-COMPLETE           ] wf=0 completionTime=76.6451 deadline=141.4400 -> MET
[t=     77.3065][NEGOTIATE             ] wf=4 tasks=97 arrivalTime=77.3065 deadline=9027.2437 cp=4939.8840 BETA*cp=5433.8724 slack=8949.9372 -> ACCEPTED
[t=     77.3065][DISPATCH              ] wf=4 task=399 -> vm=49 (planned reserved, was idle)
[t=     77.3065][DISPATCH              ] wf=4 task=400 -> vm=32 (planned reserved, was idle)
[t=     77.3065][DISPATCH              ] wf=4 task=401 -> vm=45 (planned reserved, was idle)
[t=     77.3065][DISPATCH              ] wf=4 task=402 planned=vm8 BUSY -> advanced to vm=1
[t=     77.3065][DISPATCH              ] wf=4 task=403 -> vm=18 (planned reserved, was idle)
[t=     77.3065][DISPATCH              ] wf=4 task=404 -> vm=39 (planned reserved, was idle)
[t=     77.3065][DISPATCH              ] wf=4 task=405 -> vm=27 (planned reserved, was idle)
[t=     77.3065][DISPATCH              ] wf=4 task=406 -> vm=15 (planned reserved, was idle)
[t=     77.3065][DISPATCH              ] wf=4 task=407 -> vm=12 (planned reserved, was idle)
[t=     77.3065][DISPATCH              ] wf=4 task=408 planned=vm38 BUSY -> advanced to vm=9
[t=     77.3065][DISPATCH              ] wf=4 task=409 -> vm=19 (planned reserved, was idle)
[t=     77.3065][DISPATCH              ] wf=4 task=410 planned=vm5 BUSY -> advanced to vm=11
[t=     77.3065][DISPATCH              ] wf=4 task=411 planned=vm28 BUSY -> advanced to vm=20
[t=     77.3065][DISPATCH              ] wf=4 task=412 planned=vm25 BUSY -> advanced to vm=31
[t=     77.3065][DISPATCH              ] wf=4 task=413 -> vm=33 (planned reserved, was idle)
[t=     77.3065][DISPATCH              ] wf=4 task=414 planned=vm37 BUSY -> advanced to vm=40
[t=     77.3065][DISPATCH              ] wf=4 task=415 -> vm=30 (planned reserved, was idle)
[t=     77.3065][DISPATCH              ] wf=4 task=416 planned=vm13 BUSY -> advanced to vm=41
[t=     77.3065][DISPATCH              ] wf=4 task=417 planned=vm1 BUSY -> advanced to vm=42
[t=     77.3065][DISPATCH              ] wf=4 task=418 -> vm=22 (planned reserved, was idle)
[t=     77.3065][DISPATCH              ] wf=4 task=419 planned=vm9 BUSY -> advanced to vm=43
[t=     77.3065][DISPATCH              ] wf=4 task=420 planned=vm45 BUSY -> advanced to vm=44
[t=     77.3065][DISPATCH              ] wf=4 task=421 planned=vm18 BUSY -> advanced to vm=14
[t=     77.3065][DISPATCH              ] wf=4 task=430 -> vm=36 (planned reserved, was idle)
[t=     77.3065][DISPATCH              ] wf=4 task=431 planned=vm21 BUSY -> advanced to vm=47
[t=     77.3065][DISPATCH              ] wf=4 task=432 planned=vm34 BUSY -> advanced to vm=48
[t=     77.3065][DISPATCH              ] wf=4 task=433 planned=vm3 BUSY -> advanced to vm=29
[t=     77.3065][DISPATCH              ] wf=4 task=434 planned=vm11 no-idle-reserved -> on-demand vm=50
[t=     77.3065][DISPATCH              ] wf=4 task=435 planned=vm13 no-idle-reserved -> on-demand vm=51
[t=     77.3065][DISPATCH              ] wf=4 task=436 planned=vm26 no-idle-reserved -> on-demand vm=52
[t=     77.3065][DISPATCH              ] wf=4 task=437 planned=vm15 no-idle-reserved -> on-demand vm=53
[t=     77.3065][DISPATCH              ] wf=4 task=438 planned=vm6 no-idle-reserved -> on-demand vm=54
[t=     77.3065][DISPATCH              ] wf=4 task=439 planned=vm22 no-idle-reserved -> on-demand vm=55
[t=     77.3065][DISPATCH              ] wf=4 task=440 planned=vm41 no-idle-reserved -> on-demand vm=56
[t=     77.3065][DISPATCH              ] wf=4 task=441 planned=vm43 no-idle-reserved -> on-demand vm=57
[t=     77.3065][DISPATCH              ] wf=4 task=442 planned=vm18 no-idle-reserved -> on-demand vm=58
[t=     77.3065][DISPATCH              ] wf=4 task=443 planned=vm24 no-idle-reserved -> on-demand vm=59
[t=     77.3065][DISPATCH              ] wf=4 task=444 planned=vm14 no-idle-reserved -> on-demand vm=60
[t=     77.3065][DISPATCH              ] wf=4 task=445 planned=vm29 no-idle-reserved -> on-demand vm=61
[t=     77.3065][DISPATCH              ] wf=4 task=446 planned=vm40 no-idle-reserved -> on-demand vm=62
[t=     77.3065][DISPATCH              ] wf=4 task=447 planned=vm35 no-idle-reserved -> on-demand vm=63
[t=     77.3065][DISPATCH              ] wf=4 task=448 planned=vm31 no-idle-reserved -> on-demand vm=64
[t=     77.3065][DISPATCH              ] wf=4 task=449 planned=vm15 no-idle-reserved -> on-demand vm=65
[t=     77.3065][DISPATCH              ] wf=4 task=450 planned=vm1 no-idle-reserved -> on-demand vm=66
[t=     77.3065][DISPATCH              ] wf=4 task=451 planned=vm7 no-idle-reserved -> on-demand vm=67
[t=     77.3065][DISPATCH              ] wf=4 task=452 planned=vm25 no-idle-reserved -> on-demand vm=68
[t=     77.3065][DISPATCH              ] wf=4 task=461 planned=vm34 no-idle-reserved -> on-demand vm=69
[t=     77.3065][DISPATCH              ] wf=4 task=462 planned=vm2 no-idle-reserved -> on-demand vm=71
[t=     77.3065][DISPATCH              ] wf=4 task=463 planned=vm17 no-idle-reserved -> on-demand vm=75
[t=     77.3065][DISPATCH              ] wf=4 task=464 planned=vm2 no-idle-reserved -> on-demand vm=76
[t=     77.3065][DISPATCH              ] wf=4 task=465 planned=vm20 no-idle-reserved -> on-demand vm=77
[t=     77.3065][DISPATCH              ] wf=4 task=466 planned=vm35 no-idle-reserved -> on-demand vm=78
[t=     77.3065][DISPATCH              ] wf=4 task=467 planned=vm4 no-idle-reserved -> on-demand vm=79
[t=     77.3065][DISPATCH              ] wf=4 task=468 planned=vm4 no-idle-reserved -> on-demand vm=80
[t=     77.3065][DISPATCH              ] wf=4 task=469 planned=vm10 no-idle-reserved -> on-demand vm=81
[t=     77.3065][DISPATCH              ] wf=4 task=470 planned=vm42 no-idle-reserved -> on-demand vm=82
[t=     77.3065][DISPATCH              ] wf=4 task=471 planned=vm16 no-idle-reserved -> on-demand vm=83
[t=     77.3065][DISPATCH              ] wf=4 task=472 planned=vm44 no-idle-reserved -> on-demand vm=84
[t=     77.3065][DISPATCH              ] wf=4 task=473 planned=vm0 no-idle-reserved -> on-demand vm=85
[t=     77.3065][DISPATCH              ] wf=4 task=474 planned=vm48 no-idle-reserved -> on-demand vm=86
[t=     77.3065][DISPATCH              ] wf=4 task=475 planned=vm16 no-idle-reserved -> on-demand vm=87
[t=     77.3065][DISPATCH              ] wf=4 task=476 planned=vm23 no-idle-reserved -> on-demand vm=88
[t=     77.3065][DISPATCH              ] wf=4 task=477 planned=vm5 no-idle-reserved -> on-demand vm=89
[t=     77.3065][DISPATCH              ] wf=4 task=478 planned=vm47 no-idle-reserved -> on-demand vm=90
[t=     77.3065][DISPATCH              ] wf=4 task=479 planned=vm44 no-idle-reserved -> on-demand vm=91
[t=     77.3065][DISPATCH              ] wf=4 task=480 planned=vm20 no-idle-reserved -> on-demand vm=92
[t=     77.3065][DISPATCH              ] wf=4 task=481 planned=vm47 no-idle-reserved -> on-demand vm=93
[t=     77.3065][DISPATCH              ] wf=4 task=482 planned=vm48 no-idle-reserved -> on-demand vm=94
[t=     77.3065][DISPATCH              ] wf=4 task=483 planned=vm12 no-idle-reserved -> on-demand vm=95
[t=     77.3065][DISPATCH              ] wf=4 task=484 planned=vm9 no-idle-reserved -> on-demand vm=96
[t=     77.3065][DISPATCH              ] wf=4 task=485 planned=vm49 no-idle-reserved -> on-demand vm=97
[t=     77.3065][DISPATCH              ] wf=4 task=486 planned=vm0 no-idle-reserved -> on-demand vm=98
[t=     77.3065][DISPATCH              ] wf=4 task=487 planned=vm11 no-idle-reserved -> on-demand vm=99
[t=     77.3065][DISPATCH              ] wf=4 task=399 vm=49
[t=     77.3065][DISPATCH              ] wf=4 task=400 vm=32
[t=     77.3065][DISPATCH              ] wf=4 task=401 vm=45
[t=     77.3065][DISPATCH              ] wf=4 task=402 vm=1
[t=     77.3065][DISPATCH              ] wf=4 task=403 vm=18
[t=     77.3065][DISPATCH              ] wf=4 task=404 vm=39
[t=     77.3065][DISPATCH              ] wf=4 task=405 vm=27
[t=     77.3065][DISPATCH              ] wf=4 task=406 vm=15
[t=     77.3065][DISPATCH              ] wf=4 task=407 vm=12
[t=     77.3065][DISPATCH              ] wf=4 task=408 vm=9
[t=     77.3065][DISPATCH              ] wf=4 task=409 vm=19
[t=     77.3065][DISPATCH              ] wf=4 task=410 vm=11
[t=     77.3065][DISPATCH              ] wf=4 task=411 vm=20
[t=     77.3065][DISPATCH              ] wf=4 task=412 vm=31
[t=     77.3065][DISPATCH              ] wf=4 task=413 vm=33
[t=     77.3065][DISPATCH              ] wf=4 task=414 vm=40
[t=     77.3065][DISPATCH              ] wf=4 task=415 vm=30
[t=     77.3065][DISPATCH              ] wf=4 task=416 vm=41
[t=     77.3065][DISPATCH              ] wf=4 task=417 vm=42
[t=     77.3065][DISPATCH              ] wf=4 task=418 vm=22
[t=     77.3065][DISPATCH              ] wf=4 task=419 vm=43
[t=     77.3065][DISPATCH              ] wf=4 task=420 vm=44
[t=     77.3065][DISPATCH              ] wf=4 task=421 vm=14
[t=     77.3065][DISPATCH              ] wf=4 task=430 vm=36
[t=     77.3065][DISPATCH              ] wf=4 task=431 vm=47
[t=     77.3065][DISPATCH              ] wf=4 task=432 vm=48
[t=     77.3065][DISPATCH              ] wf=4 task=433 vm=29
[t=     77.3065][DISPATCH              ] wf=4 task=434 vm=50
[t=     77.3065][DISPATCH              ] wf=4 task=435 vm=51
[t=     77.3065][DISPATCH              ] wf=4 task=436 vm=52
[t=     77.3065][DISPATCH              ] wf=4 task=437 vm=53
[t=     77.3065][DISPATCH              ] wf=4 task=438 vm=54
[t=     77.3065][DISPATCH              ] wf=4 task=439 vm=55
[t=     77.3065][DISPATCH              ] wf=4 task=440 vm=56
[t=     77.3065][DISPATCH              ] wf=4 task=441 vm=57
[t=     77.3065][DISPATCH              ] wf=4 task=442 vm=58
[t=     77.3065][DISPATCH              ] wf=4 task=443 vm=59
[t=     77.3065][DISPATCH              ] wf=4 task=444 vm=60
[t=     77.3065][DISPATCH              ] wf=4 task=445 vm=61
[t=     77.3065][DISPATCH              ] wf=4 task=446 vm=62
[t=     77.3065][DISPATCH              ] wf=4 task=447 vm=63
[t=     77.3065][DISPATCH              ] wf=4 task=448 vm=64
[t=     77.3065][DISPATCH              ] wf=4 task=449 vm=65
[t=     77.3065][DISPATCH              ] wf=4 task=450 vm=66
[t=     77.3065][DISPATCH              ] wf=4 task=451 vm=67
[t=     77.3065][DISPATCH              ] wf=4 task=452 vm=68
[t=     77.3065][DISPATCH              ] wf=4 task=461 vm=69
[t=     77.3065][DISPATCH              ] wf=4 task=462 vm=71
[t=     77.3065][DISPATCH              ] wf=4 task=463 vm=75
[t=     77.3065][DISPATCH              ] wf=4 task=464 vm=76
[t=     77.3065][DISPATCH              ] wf=4 task=465 vm=77
[t=     77.3065][DISPATCH              ] wf=4 task=466 vm=78
[t=     77.3065][DISPATCH              ] wf=4 task=467 vm=79
[t=     77.3065][DISPATCH              ] wf=4 task=468 vm=80
[t=     77.3065][DISPATCH              ] wf=4 task=469 vm=81
[t=     77.3065][DISPATCH              ] wf=4 task=470 vm=82
[t=     77.3065][DISPATCH              ] wf=4 task=471 vm=83
[t=     77.3065][DISPATCH              ] wf=4 task=472 vm=84
[t=     77.3065][DISPATCH              ] wf=4 task=473 vm=85
[t=     77.3065][DISPATCH              ] wf=4 task=474 vm=86
[t=     77.3065][DISPATCH              ] wf=4 task=475 vm=87
[t=     77.3065][DISPATCH              ] wf=4 task=476 vm=88
[t=     77.4065][DISPATCH              ] wf=4 task=477 planned=vm5 no-idle-reserved -> on-demand vm=89
[t=     77.4065][DISPATCH              ] wf=4 task=478 planned=vm47 no-idle-reserved -> on-demand vm=90
[t=     77.4065][DISPATCH              ] wf=4 task=479 planned=vm44 no-idle-reserved -> on-demand vm=91
[t=     77.4065][DISPATCH              ] wf=4 task=480 planned=vm20 no-idle-reserved -> on-demand vm=92
[t=     77.4065][DISPATCH              ] wf=4 task=481 planned=vm47 no-idle-reserved -> on-demand vm=93
[t=     77.4065][DISPATCH              ] wf=4 task=482 planned=vm48 no-idle-reserved -> on-demand vm=94
[t=     77.4065][DISPATCH              ] wf=4 task=483 planned=vm12 no-idle-reserved -> on-demand vm=95
[t=     77.4065][DISPATCH              ] wf=4 task=484 planned=vm9 no-idle-reserved -> on-demand vm=96
[t=     77.4065][DISPATCH              ] wf=4 task=485 planned=vm49 no-idle-reserved -> on-demand vm=97
[t=     77.4065][DISPATCH              ] wf=4 task=486 planned=vm0 no-idle-reserved -> on-demand vm=98
[t=     77.4065][DISPATCH              ] wf=4 task=487 planned=vm11 no-idle-reserved -> on-demand vm=99
[t=     77.4065][DISPATCH              ] wf=4 task=477 vm=89
[t=     77.4065][DISPATCH              ] wf=4 task=478 vm=90
[t=     77.4065][DISPATCH              ] wf=4 task=479 vm=91
[t=     77.4065][DISPATCH              ] wf=4 task=480 vm=92
[t=     77.4065][DISPATCH              ] wf=4 task=481 vm=93
[t=     77.4065][DISPATCH              ] wf=4 task=482 vm=94
[t=     77.4065][DISPATCH              ] wf=4 task=483 vm=95
[t=     77.4065][DISPATCH              ] wf=4 task=484 vm=96
[t=     77.4065][DISPATCH              ] wf=4 task=485 vm=97
[t=     77.4065][DISPATCH              ] wf=4 task=486 vm=98
[t=     77.4065][DISPATCH              ] wf=4 task=487 vm=99
[t=     77.9355][TASK-COMPLETE         ] task=475 wf=4 vm=87(on-demand) actualCPU=0.6290s cost=$0.000569
[t=     78.0785][TASK-COMPLETE         ] task=407 wf=4 vm=12(reserved) actualCPU=0.7720s
[t=     78.2275][TASK-COMPLETE         ] task=416 wf=4 vm=41(reserved) actualCPU=0.9210s
[t=     78.2535][TASK-COMPLETE         ] task=406 wf=4 vm=15(reserved) actualCPU=0.9470s
[t=     78.2685][TASK-COMPLETE         ] task=462 wf=4 vm=71(on-demand) actualCPU=0.9620s cost=$0.000871
[t=     78.2685][TASK-COMPLETE         ] task=479 wf=4 vm=91(on-demand) actualCPU=0.8620s cost=$0.000780
[t=     78.2795][TASK-COMPLETE         ] task=467 wf=4 vm=79(on-demand) actualCPU=0.9730s cost=$0.000881
[t=     78.2795][TASK-COMPLETE         ] task=481 wf=4 vm=93(on-demand) actualCPU=0.8730s cost=$0.000790
[t=     78.2795][TASK-COMPLETE         ] task=482 wf=4 vm=94(on-demand) actualCPU=0.8730s cost=$0.000790
[t=     78.2965][TASK-COMPLETE         ] task=432 wf=4 vm=48(reserved) actualCPU=0.9900s
[t=     78.3155][TASK-COMPLETE         ] task=447 wf=4 vm=63(on-demand) actualCPU=1.0090s cost=$0.000913
[t=     78.3155][TASK-COMPLETE         ] task=465 wf=4 vm=77(on-demand) actualCPU=1.0090s cost=$0.000913
[t=     78.3525][TASK-COMPLETE         ] task=403 wf=4 vm=18(reserved) actualCPU=1.0460s
[t=     78.3785][TASK-COMPLETE         ] task=409 wf=4 vm=19(reserved) actualCPU=1.0720s
[t=     78.3785][TASK-COMPLETE         ] task=412 wf=4 vm=31(reserved) actualCPU=1.0720s
[t=     78.3895][TASK-COMPLETE         ] task=405 wf=4 vm=27(reserved) actualCPU=1.0830s
[t=     78.3895][TASK-COMPLETE         ] task=476 wf=4 vm=88(on-demand) actualCPU=1.0830s cost=$0.000980
[t=     78.4005][TASK-COMPLETE         ] task=415 wf=4 vm=30(reserved) actualCPU=1.0940s
[t=     78.4005][TASK-COMPLETE         ] task=477 wf=4 vm=89(on-demand) actualCPU=0.9940s cost=$0.000900
[t=     78.4475][TASK-COMPLETE         ] task=433 wf=4 vm=29(reserved) actualCPU=1.1410s
[t=     78.4475][TASK-COMPLETE         ] task=400 wf=4 vm=32(reserved) actualCPU=1.1410s
[t=     78.4475][TASK-COMPLETE         ] task=413 wf=4 vm=33(reserved) actualCPU=1.1410s
[t=     78.4735][TASK-COMPLETE         ] task=438 wf=4 vm=54(on-demand) actualCPU=1.1670s cost=$0.001056
[t=     78.4735][TASK-COMPLETE         ] task=444 wf=4 vm=60(on-demand) actualCPU=1.1670s cost=$0.001056
[t=     78.4885][TASK-COMPLETE         ] task=431 wf=4 vm=47(reserved) actualCPU=1.1820s
[t=     78.5355][TASK-COMPLETE         ] task=439 wf=4 vm=55(on-demand) actualCPU=1.2290s cost=$0.001112
[t=     78.5485][TASK-COMPLETE         ] task=401 wf=4 vm=45(reserved) actualCPU=1.2420s
[t=     78.5485][TASK-COMPLETE         ] task=443 wf=4 vm=59(on-demand) actualCPU=1.2420s cost=$0.001124
[t=     78.5655][TASK-COMPLETE         ] task=417 wf=4 vm=42(reserved) actualCPU=1.2590s
[t=     78.5655][TASK-COMPLETE         ] task=399 wf=4 vm=49(reserved) actualCPU=1.2590s
[t=     78.5655][TASK-COMPLETE         ] task=436 wf=4 vm=52(on-demand) actualCPU=1.2590s cost=$0.001139
[t=     78.5985][TASK-COMPLETE         ] task=470 wf=4 vm=82(on-demand) actualCPU=1.2920s cost=$0.001169
[t=     78.6205][TASK-COMPLETE         ] task=469 wf=4 vm=81(on-demand) actualCPU=1.3140s cost=$0.001189
[t=     78.6355][TASK-COMPLETE         ] task=463 wf=4 vm=75(on-demand) actualCPU=1.3290s cost=$0.001203
[t=     78.6505][TASK-COMPLETE         ] task=445 wf=4 vm=61(on-demand) actualCPU=1.3440s cost=$0.001216
[t=     78.6505][TASK-COMPLETE         ] task=448 wf=4 vm=64(on-demand) actualCPU=1.3440s cost=$0.001216
[t=     78.6755][TASK-COMPLETE         ] task=473 wf=4 vm=85(on-demand) actualCPU=1.3690s cost=$0.001239
[t=     78.6895][TASK-COMPLETE         ] task=471 wf=4 vm=83(on-demand) actualCPU=1.3830s cost=$0.001252
[t=     78.7195][TASK-COMPLETE         ] task=446 wf=4 vm=62(on-demand) actualCPU=1.4130s cost=$0.001279
[t=     78.7195][TASK-COMPLETE         ] task=472 wf=4 vm=84(on-demand) actualCPU=1.4130s cost=$0.001279
[t=     78.7305][TASK-COMPLETE         ] task=440 wf=4 vm=56(on-demand) actualCPU=1.4240s cost=$0.001289
[t=     78.7445][TASK-COMPLETE         ] task=474 wf=4 vm=86(on-demand) actualCPU=1.4380s cost=$0.001301
[t=     78.7605][TASK-COMPLETE         ] task=441 wf=4 vm=57(on-demand) actualCPU=1.4540s cost=$0.001316
[t=     78.7995][TASK-COMPLETE         ] task=464 wf=4 vm=76(on-demand) actualCPU=1.4930s cost=$0.001351
[t=     78.7995][TASK-COMPLETE         ] task=483 wf=4 vm=95(on-demand) actualCPU=1.3930s cost=$0.001261
[t=     78.8185][TASK-COMPLETE         ] task=411 wf=4 vm=20(reserved) actualCPU=1.5120s
[t=     78.8185][TASK-COMPLETE         ] task=430 wf=4 vm=36(reserved) actualCPU=1.5120s
[t=     78.8295][TASK-COMPLETE         ] task=434 wf=4 vm=50(on-demand) actualCPU=1.5230s cost=$0.001378
[t=     78.8405][TASK-COMPLETE         ] task=478 wf=4 vm=90(on-demand) actualCPU=1.4340s cost=$0.001298
[t=     78.8545][TASK-COMPLETE         ] task=468 wf=4 vm=80(on-demand) actualCPU=1.5480s cost=$0.001401
[t=     78.8705][TASK-COMPLETE         ] task=408 wf=4 vm=9(reserved) actualCPU=1.5640s
[t=     78.8705][TASK-COMPLETE         ] task=414 wf=4 vm=40(reserved) actualCPU=1.5640s
[t=     78.8955][TASK-COMPLETE         ] task=404 wf=4 vm=39(reserved) actualCPU=1.5890s
[t=     78.9095][TASK-COMPLETE         ] task=435 wf=4 vm=51(on-demand) actualCPU=1.6030s cost=$0.001451
[t=     78.9235][TASK-COMPLETE         ] task=437 wf=4 vm=53(on-demand) actualCPU=1.6170s cost=$0.001463
[t=     78.9235][TASK-COMPLETE         ] task=461 wf=4 vm=69(on-demand) actualCPU=1.6170s cost=$0.001463
[t=     78.9805][TASK-COMPLETE         ] task=466 wf=4 vm=78(on-demand) actualCPU=1.6740s cost=$0.001515
[t=     79.0335][TASK-COMPLETE         ] task=402 wf=4 vm=1(reserved) actualCPU=1.7270s
[t=     79.1275][TASK-COMPLETE         ] task=480 wf=4 vm=92(on-demand) actualCPU=1.7210s cost=$0.001558
[t=     79.1275][DISPATCH              ] wf=4 task=460 planned=vm11 BUSY -> advanced to vm=1
[t=     79.1275][DISPATCH              ] wf=4 task=460 vm=1
[t=     79.2535][TASK-COMPLETE         ] task=460 wf=4 vm=1(reserved) actualCPU=0.1260s
[t=     79.3355][TASK-COMPLETE         ] task=410 wf=4 vm=11(reserved) actualCPU=2.0290s
[t=     79.3355][TASK-COMPLETE         ] task=442 wf=4 vm=58(on-demand) actualCPU=2.0290s cost=$0.001836
[t=     79.3355][DISPATCH              ] wf=4 task=398 planned=vm0 BUSY -> advanced to vm=1
[t=     79.3355][DISPATCH              ] wf=4 task=429 planned=vm8 BUSY -> advanced to vm=9
[t=     79.3355][DISPATCH              ] wf=4 task=398 vm=1
[t=     79.3355][DISPATCH              ] wf=4 task=429 vm=9
[t=     79.4355][TASK-COMPLETE         ] task=398 wf=4 vm=1(reserved) actualCPU=0.1000s
[t=     79.4355][TASK-COMPLETE         ] task=429 wf=4 vm=9(reserved) actualCPU=0.1000s
[t=     81.6251][TASK-COMPLETE         ] task=122 wf=1 vm=7(reserved) actualCPU=42.5904s
[t=     88.4142][NEGOTIATE             ] wf=5 tasks=100 arrivalTime=88.4142 deadline=2753.9342 cp=1413.5610 BETA*cp=1554.9171 slack=2665.5200 -> ACCEPTED
[t=     88.4142][DISPATCH              ] wf=5 task=495 -> vm=41 (planned reserved, was idle)
[t=     88.4142][DISPATCH              ] wf=5 task=496 planned=vm16 BUSY -> advanced to vm=1
[t=     88.4142][DISPATCH              ] wf=5 task=497 planned=vm38 BUSY -> advanced to vm=20
[t=     88.4142][DISPATCH              ] wf=5 task=498 -> vm=30 (planned reserved, was idle)
[t=     88.4142][DISPATCH              ] wf=5 task=499 -> vm=33 (planned reserved, was idle)
[t=     88.4142][DISPATCH              ] wf=5 task=500 planned=vm37 BUSY -> advanced to vm=27
[t=     88.4142][DISPATCH              ] wf=5 task=501 planned=vm33 BUSY -> advanced to vm=29
[t=     88.4142][DISPATCH              ] wf=5 task=502 planned=vm46 BUSY -> advanced to vm=31
[t=     88.4142][DISPATCH              ] wf=5 task=503 planned=vm1 BUSY -> advanced to vm=36
[t=     88.4142][DISPATCH              ] wf=5 task=504 planned=vm35 BUSY -> advanced to vm=39
[t=     88.4142][DISPATCH              ] wf=5 task=505 -> vm=15 (planned reserved, was idle)
[t=     88.4142][DISPATCH              ] wf=5 task=506 planned=vm22 BUSY -> advanced to vm=40
[t=     88.4142][DISPATCH              ] wf=5 task=507 planned=vm23 BUSY -> advanced to vm=42
[t=     88.4142][DISPATCH              ] wf=5 task=508 -> vm=45 (planned reserved, was idle)
[t=     88.4142][DISPATCH              ] wf=5 task=509 planned=vm42 BUSY -> advanced to vm=47
[t=     88.4142][DISPATCH              ] wf=5 task=510 planned=vm29 BUSY -> advanced to vm=48
[t=     88.4142][DISPATCH              ] wf=5 task=511 planned=vm0 BUSY -> advanced to vm=49
[t=     88.4142][DISPATCH              ] wf=5 task=512 -> vm=18 (planned reserved, was idle)
[t=     88.4142][DISPATCH              ] wf=5 task=513 planned=vm37 BUSY -> advanced to vm=7
[t=     88.4142][DISPATCH              ] wf=5 task=514 planned=vm43 BUSY -> advanced to vm=9
[t=     88.4142][DISPATCH              ] wf=5 task=515 -> vm=19 (planned reserved, was idle)
[t=     88.4142][DISPATCH              ] wf=5 task=516 planned=vm3 BUSY -> advanced to vm=11
[t=     88.4142][DISPATCH              ] wf=5 task=517 planned=vm31 BUSY -> advanced to vm=12
[t=     88.4142][DISPATCH              ] wf=5 task=495 vm=41
[t=     88.4142][DISPATCH              ] wf=5 task=496 vm=1
[t=     88.4142][DISPATCH              ] wf=5 task=497 vm=20
[t=     88.4142][DISPATCH              ] wf=5 task=498 vm=30
[t=     88.4142][DISPATCH              ] wf=5 task=499 vm=33
[t=     88.4142][DISPATCH              ] wf=5 task=500 vm=27
[t=     88.4142][DISPATCH              ] wf=5 task=501 vm=29
[t=     88.4142][DISPATCH              ] wf=5 task=502 vm=31
[t=     88.4142][DISPATCH              ] wf=5 task=503 vm=36
[t=     88.4142][DISPATCH              ] wf=5 task=504 vm=39
[t=     88.4142][DISPATCH              ] wf=5 task=505 vm=15
[t=     88.4142][DISPATCH              ] wf=5 task=506 vm=40
[t=     88.4142][DISPATCH              ] wf=5 task=507 vm=42
[t=     88.4142][DISPATCH              ] wf=5 task=508 vm=45
[t=     88.4142][DISPATCH              ] wf=5 task=509 vm=47
[t=     88.4142][DISPATCH              ] wf=5 task=510 vm=48
[t=     88.4142][DISPATCH              ] wf=5 task=511 vm=49
[t=     88.4142][DISPATCH              ] wf=5 task=512 vm=18
[t=     88.4142][DISPATCH              ] wf=5 task=513 vm=7
[t=     88.4142][DISPATCH              ] wf=5 task=514 vm=9
[t=     88.4142][DISPATCH              ] wf=5 task=515 vm=19
[t=     88.4142][DISPATCH              ] wf=5 task=516 vm=11
[t=     88.4142][DISPATCH              ] wf=5 task=517 vm=12
[t=     88.9681][TASK-COMPLETE         ] task=123 wf=1 vm=8(reserved) actualCPU=49.9334s
[t=    100.7351][TASK-COMPLETE         ] task=189 wf=1 vm=72(on-demand) actualCPU=61.6004s cost=$0.055748
[t=    101.8451][TASK-COMPLETE         ] task=485 wf=4 vm=97(on-demand) actualCPU=24.4386s cost=$0.022117
[t=    102.4401][TASK-COMPLETE         ] task=507 wf=5 vm=42(reserved) actualCPU=14.0259s
[t=    102.4401][DISPATCH              ] wf=5 task=530 planned=vm20 BUSY -> advanced to vm=8
[t=    102.4401][DISPATCH              ] wf=5 task=530 vm=8
[t=    102.6641][TASK-COMPLETE         ] task=154 wf=1 vm=28(reserved) actualCPU=63.6294s
[t=    103.4061][TASK-COMPLETE         ] task=498 wf=5 vm=30(reserved) actualCPU=14.9919s
[t=    103.4061][DISPATCH              ] wf=5 task=521 planned=vm27 BUSY -> advanced to vm=28
[t=    103.4061][DISPATCH              ] wf=5 task=521 vm=28
[t=    103.5152][TASK-COMPLETE         ] task=516 wf=5 vm=11(reserved) actualCPU=15.1010s
[t=    103.5152][DISPATCH              ] wf=5 task=539 planned=vm49 BUSY -> advanced to vm=11
[t=    103.5152][DISPATCH              ] wf=5 task=539 vm=11
[t=    103.5362][TASK-COMPLETE         ] task=511 wf=5 vm=49(reserved) actualCPU=15.1220s
[t=    103.5362][DISPATCH              ] wf=5 task=534 -> vm=49 (planned reserved, was idle)
[t=    103.5362][DISPATCH              ] wf=5 task=534 vm=49
[t=    103.6252][TASK-COMPLETE         ] task=515 wf=5 vm=19(reserved) actualCPU=15.2110s
[t=    103.6252][DISPATCH              ] wf=5 task=538 planned=vm36 BUSY -> advanced to vm=19
[t=    103.6252][DISPATCH              ] wf=5 task=538 vm=19
[t=    103.8502][TASK-COMPLETE         ] task=506 wf=5 vm=40(reserved) actualCPU=15.4360s
[t=    103.8502][DISPATCH              ] wf=5 task=529 planned=vm17 BUSY -> advanced to vm=30
[t=    103.8502][DISPATCH              ] wf=5 task=529 vm=30
[t=    105.4952][TASK-COMPLETE         ] task=509 wf=5 vm=47(reserved) actualCPU=17.0810s
[t=    105.4952][DISPATCH              ] wf=5 task=532 planned=vm39 BUSY -> advanced to vm=32
[t=    105.4952][DISPATCH              ] wf=5 task=532 vm=32
[t=    105.7552][TASK-COMPLETE         ] task=517 wf=5 vm=12(reserved) actualCPU=17.3410s
[t=    105.7552][DISPATCH              ] wf=5 task=540 planned=vm26 BUSY -> advanced to vm=12
[t=    105.7552][DISPATCH              ] wf=5 task=540 vm=12
[t=    105.9152][TASK-COMPLETE         ] task=500 wf=5 vm=27(reserved) actualCPU=17.5010s
[t=    105.9152][DISPATCH              ] wf=5 task=523 planned=vm30 BUSY -> advanced to vm=27
[t=    105.9152][DISPATCH              ] wf=5 task=523 vm=27
[t=    106.0432][TASK-COMPLETE         ] task=505 wf=5 vm=15(reserved) actualCPU=17.6290s
[t=    106.0432][DISPATCH              ] wf=5 task=528 planned=vm12 BUSY -> advanced to vm=15
[t=    106.0432][DISPATCH              ] wf=5 task=528 vm=15
[t=    106.2342][TASK-COMPLETE         ] task=450 wf=4 vm=66(on-demand) actualCPU=28.9277s cost=$0.026180
[t=    106.3272][TASK-COMPLETE         ] task=512 wf=5 vm=18(reserved) actualCPU=17.9130s
[t=    106.3272][TASK-COMPLETE         ] task=501 wf=5 vm=29(reserved) actualCPU=17.9130s
[t=    106.3272][DISPATCH              ] wf=5 task=524 planned=vm27 BUSY -> advanced to vm=18
[t=    106.3272][DISPATCH              ] wf=5 task=535 planned=vm14 BUSY -> advanced to vm=29
[t=    106.3272][DISPATCH              ] wf=5 task=524 vm=18
[t=    106.3272][DISPATCH              ] wf=5 task=535 vm=29
[t=    106.3762][TASK-COMPLETE         ] task=496 wf=5 vm=1(reserved) actualCPU=17.9620s
[t=    106.3762][DISPATCH              ] wf=5 task=519 planned=vm13 BUSY -> advanced to vm=1
[t=    106.3762][DISPATCH              ] wf=5 task=519 vm=1
[t=    106.5502][TASK-COMPLETE         ] task=495 wf=5 vm=41(reserved) actualCPU=18.1360s
[t=    106.5502][DISPATCH              ] wf=5 task=518 planned=vm32 BUSY -> advanced to vm=40
[t=    106.5502][DISPATCH              ] wf=5 task=518 vm=40
[t=    106.5642][TASK-COMPLETE         ] task=504 wf=5 vm=39(reserved) actualCPU=18.1500s
[t=    106.5642][DISPATCH              ] wf=5 task=527 planned=vm34 BUSY -> advanced to vm=39
[t=    106.5642][DISPATCH              ] wf=5 task=527 vm=39
[t=    106.9922][TASK-COMPLETE         ] task=514 wf=5 vm=9(reserved) actualCPU=18.5780s
[t=    106.9922][DISPATCH              ] wf=5 task=537 planned=vm40 BUSY -> advanced to vm=9
[t=    106.9922][DISPATCH              ] wf=5 task=537 vm=9
[t=    107.6122][TASK-COMPLETE         ] task=499 wf=5 vm=33(reserved) actualCPU=19.1980s
[t=    107.6122][DISPATCH              ] wf=5 task=522 planned=vm28 BUSY -> advanced to vm=33
[t=    107.6122][DISPATCH              ] wf=5 task=522 vm=33
[t=    108.2642][TASK-COMPLETE         ] task=502 wf=5 vm=31(reserved) actualCPU=19.8500s
[t=    108.2642][DISPATCH              ] wf=5 task=525 planned=vm44 BUSY -> advanced to vm=31
[t=    108.2642][DISPATCH              ] wf=5 task=525 vm=31
[t=    109.4692][TASK-COMPLETE         ] task=510 wf=5 vm=48(reserved) actualCPU=21.0550s
[t=    109.4692][DISPATCH              ] wf=5 task=533 planned=vm24 BUSY -> advanced to vm=41
[t=    109.4692][DISPATCH              ] wf=5 task=533 vm=41
[t=    109.5622][TASK-COMPLETE         ] task=508 wf=5 vm=45(reserved) actualCPU=21.1480s
[t=    109.5622][DISPATCH              ] wf=5 task=531 -> vm=48 (planned reserved, was idle)
[t=    109.5622][DISPATCH              ] wf=5 task=531 vm=48
[t=    109.6802][TASK-COMPLETE         ] task=513 wf=5 vm=7(reserved) actualCPU=21.2660s
[t=    109.6802][DISPATCH              ] wf=5 task=536 planned=vm21 BUSY -> advanced to vm=7
[t=    109.6802][DISPATCH              ] wf=5 task=536 vm=7
[t=    109.7042][TASK-COMPLETE         ] task=503 wf=5 vm=36(reserved) actualCPU=21.2900s
[t=    109.7042][DISPATCH              ] wf=5 task=526 planned=vm39 BUSY -> advanced to vm=36
[t=    109.7042][DISPATCH              ] wf=5 task=526 vm=36
[t=    110.5042][TASK-COMPLETE         ] task=497 wf=5 vm=20(reserved) actualCPU=22.0900s
[t=    110.5042][DISPATCH              ] wf=5 task=520 -> vm=47 (planned reserved, was idle)
[t=    110.5042][DISPATCH              ] wf=5 task=520 vm=47
[t=    113.6112][TASK-COMPLETE         ] task=419 wf=4 vm=43(reserved) actualCPU=36.3047s
[t=    123.7512][TASK-COMPLETE         ] task=420 wf=4 vm=44(reserved) actualCPU=46.4447s
[t=    136.2692][TASK-COMPLETE         ] task=486 wf=4 vm=98(on-demand) actualCPU=58.8627s cost=$0.053271
[t=    140.2890][NEGOTIATE             ] wf=6 tasks=97 arrivalTime=140.2890 deadline=9090.2262 cp=4764.2340 BETA*cp=5240.6574 slack=8949.9372 -> ACCEPTED
[t=    140.2890][DISPATCH              ] wf=6 task=596 planned=vm21 BUSY -> advanced to vm=20
[t=    140.2890][DISPATCH              ] wf=6 task=597 planned=vm11 BUSY -> advanced to vm=42
[t=    140.2890][DISPATCH              ] wf=6 task=598 planned=vm35 BUSY -> advanced to vm=43
[t=    140.2890][DISPATCH              ] wf=6 task=599 planned=vm39 BUSY -> advanced to vm=44
[t=    140.2890][DISPATCH              ] wf=6 task=600 planned=vm16 BUSY -> advanced to vm=45
[t=    140.2890][DISPATCH              ] wf=6 task=601 planned=vm28 no-idle-reserved -> on-demand vm=50
[t=    140.2890][DISPATCH              ] wf=6 task=602 planned=vm41 no-idle-reserved -> on-demand vm=51
[t=    140.2890][DISPATCH              ] wf=6 task=603 planned=vm18 no-idle-reserved -> on-demand vm=52
[t=    140.2890][DISPATCH              ] wf=6 task=604 planned=vm3 no-idle-reserved -> on-demand vm=53
[t=    140.2890][DISPATCH              ] wf=6 task=605 planned=vm4 no-idle-reserved -> on-demand vm=54
[t=    140.2890][DISPATCH              ] wf=6 task=606 planned=vm19 no-idle-reserved -> on-demand vm=55
[t=    140.2890][DISPATCH              ] wf=6 task=607 planned=vm6 no-idle-reserved -> on-demand vm=56
[t=    140.2890][DISPATCH              ] wf=6 task=608 planned=vm49 no-idle-reserved -> on-demand vm=57
[t=    140.2890][DISPATCH              ] wf=6 task=609 planned=vm43 no-idle-reserved -> on-demand vm=58
[t=    140.2890][DISPATCH              ] wf=6 task=610 planned=vm15 no-idle-reserved -> on-demand vm=59
[t=    140.2890][DISPATCH              ] wf=6 task=611 planned=vm3 no-idle-reserved -> on-demand vm=60
[t=    140.2890][DISPATCH              ] wf=6 task=612 planned=vm0 no-idle-reserved -> on-demand vm=61
[t=    140.2890][DISPATCH              ] wf=6 task=613 planned=vm9 no-idle-reserved -> on-demand vm=62
[t=    140.2890][DISPATCH              ] wf=6 task=614 planned=vm14 no-idle-reserved -> on-demand vm=63
[t=    140.2890][DISPATCH              ] wf=6 task=615 planned=vm46 no-idle-reserved -> on-demand vm=64
[t=    140.2890][DISPATCH              ] wf=6 task=616 planned=vm27 no-idle-reserved -> on-demand vm=66
[t=    140.2890][DISPATCH              ] wf=6 task=617 planned=vm36 no-idle-reserved -> on-demand vm=69
[t=    140.2890][DISPATCH              ] wf=6 task=618 planned=vm24 no-idle-reserved -> on-demand vm=71
[t=    140.2890][DISPATCH              ] wf=6 task=627 planned=vm10 no-idle-reserved -> on-demand vm=72
[t=    140.2890][DISPATCH              ] wf=6 task=628 planned=vm27 no-idle-reserved -> on-demand vm=75
[t=    140.2890][DISPATCH              ] wf=6 task=629 planned=vm23 no-idle-reserved -> on-demand vm=76
[t=    140.2890][DISPATCH              ] wf=6 task=630 planned=vm17 no-idle-reserved -> on-demand vm=77
[t=    140.2890][DISPATCH              ] wf=6 task=631 planned=vm13 no-idle-reserved -> on-demand vm=78
[t=    140.2890][DISPATCH              ] wf=6 task=632 planned=vm30 no-idle-reserved -> on-demand vm=79
[t=    140.2890][DISPATCH              ] wf=6 task=633 planned=vm40 no-idle-reserved -> on-demand vm=80
[t=    140.2890][DISPATCH              ] wf=6 task=634 planned=vm8 no-idle-reserved -> on-demand vm=81
[t=    140.2890][DISPATCH              ] wf=6 task=635 planned=vm5 no-idle-reserved -> on-demand vm=82
[t=    140.2890][DISPATCH              ] wf=6 task=636 planned=vm32 no-idle-reserved -> on-demand vm=83
[t=    140.2890][DISPATCH              ] wf=6 task=637 planned=vm20 no-idle-reserved -> on-demand vm=84
[t=    140.2890][DISPATCH              ] wf=6 task=638 planned=vm31 no-idle-reserved -> on-demand vm=85
[t=    140.2890][DISPATCH              ] wf=6 task=639 planned=vm9 no-idle-reserved -> on-demand vm=86
[t=    140.2890][DISPATCH              ] wf=6 task=640 planned=vm48 no-idle-reserved -> on-demand vm=87
[t=    140.2890][DISPATCH              ] wf=6 task=641 planned=vm23 no-idle-reserved -> on-demand vm=88
[t=    140.2890][DISPATCH              ] wf=6 task=642 planned=vm47 no-idle-reserved -> on-demand vm=89
[t=    140.2890][DISPATCH              ] wf=6 task=643 planned=vm36 no-idle-reserved -> on-demand vm=90
[t=    140.2890][DISPATCH              ] wf=6 task=644 planned=vm1 no-idle-reserved -> on-demand vm=91
[t=    140.2890][DISPATCH              ] wf=6 task=645 planned=vm42 no-idle-reserved -> on-demand vm=92
[t=    140.2890][DISPATCH              ] wf=6 task=646 planned=vm7 no-idle-reserved -> on-demand vm=93
[t=    140.2890][DISPATCH              ] wf=6 task=647 planned=vm47 no-idle-reserved -> on-demand vm=94
[t=    140.2890][DISPATCH              ] wf=6 task=648 planned=vm48 no-idle-reserved -> on-demand vm=95
[t=    140.2890][DISPATCH              ] wf=6 task=649 planned=vm23 no-idle-reserved -> on-demand vm=97
[t=    140.2890][DISPATCH              ] wf=6 task=658 planned=vm18 no-idle-reserved -> on-demand vm=98
[t=    140.2890][DISPATCH              ] wf=6 task=659 planned=vm6 no-idle-reserved -> on-demand vm=100
[t=    140.2890][DISPATCH              ] wf=6 task=660 planned=vm2 no-idle-reserved -> on-demand vm=101
[t=    140.2890][DISPATCH              ] wf=6 task=661 planned=vm16 no-idle-reserved -> on-demand vm=102
[t=    140.2890][DISPATCH              ] wf=6 task=662 planned=vm34 no-idle-reserved -> on-demand vm=103
[t=    140.2890][DISPATCH              ] wf=6 task=663 planned=vm19 no-idle-reserved -> on-demand vm=104
[t=    140.2890][DISPATCH              ] wf=6 task=664 planned=vm22 no-idle-reserved -> on-demand vm=105
[t=    140.2890][DISPATCH              ] wf=6 task=665 planned=vm44 no-idle-reserved -> on-demand vm=106
[t=    140.2890][DISPATCH              ] wf=6 task=666 planned=vm12 no-idle-reserved -> on-demand vm=107
[t=    140.2890][DISPATCH              ] wf=6 task=667 planned=vm38 no-idle-reserved -> on-demand vm=108
[t=    140.2890][DISPATCH              ] wf=6 task=668 planned=vm31 no-idle-reserved -> on-demand vm=109
[t=    140.2890][DISPATCH              ] wf=6 task=669 planned=vm21 no-idle-reserved -> on-demand vm=110
[t=    140.2890][DISPATCH              ] wf=6 task=670 planned=vm34 no-idle-reserved -> on-demand vm=111
[t=    140.2890][DISPATCH              ] wf=6 task=671 planned=vm26 no-idle-reserved -> on-demand vm=112
[t=    140.2890][DISPATCH              ] wf=6 task=672 planned=vm42 no-idle-reserved -> on-demand vm=113
[t=    140.2890][DISPATCH              ] wf=6 task=673 planned=vm44 no-idle-reserved -> on-demand vm=114
[t=    140.2890][DISPATCH              ] wf=6 task=674 planned=vm38 no-idle-reserved -> on-demand vm=115
[t=    140.2890][DISPATCH              ] wf=6 task=675 planned=vm15 no-idle-reserved -> on-demand vm=116
[t=    140.2890][DISPATCH              ] wf=6 task=676 planned=vm12 no-idle-reserved -> on-demand vm=117
[t=    140.2890][DISPATCH              ] wf=6 task=677 planned=vm37 no-idle-reserved -> on-demand vm=118
[t=    140.2890][DISPATCH              ] wf=6 task=678 planned=vm22 no-idle-reserved -> on-demand vm=119
[t=    140.2890][DISPATCH              ] wf=6 task=679 planned=vm2 no-idle-reserved -> on-demand vm=120
[t=    140.2890][DISPATCH              ] wf=6 task=680 planned=vm26 no-idle-reserved -> on-demand vm=121
[t=    140.2890][DISPATCH              ] wf=6 task=681 planned=vm29 no-idle-reserved -> on-demand vm=122
[t=    140.2890][DISPATCH              ] wf=6 task=682 planned=vm45 no-idle-reserved -> on-demand vm=123
[t=    140.2890][DISPATCH              ] wf=6 task=683 planned=vm25 no-idle-reserved -> on-demand vm=124
[t=    140.2890][DISPATCH              ] wf=6 task=684 planned=vm33 no-idle-reserved -> on-demand vm=125
[t=    140.2890][DISPATCH              ] wf=6 task=596 vm=20
[t=    140.2890][DISPATCH              ] wf=6 task=597 vm=42
[t=    140.2890][DISPATCH              ] wf=6 task=598 vm=43
[t=    140.2890][DISPATCH              ] wf=6 task=599 vm=44
[t=    140.2890][DISPATCH              ] wf=6 task=600 vm=45
[t=    140.2890][DISPATCH              ] wf=6 task=601 vm=50
[t=    140.2890][DISPATCH              ] wf=6 task=602 vm=51
[t=    140.2890][DISPATCH              ] wf=6 task=603 vm=52
[t=    140.2890][DISPATCH              ] wf=6 task=604 vm=53
[t=    140.2890][DISPATCH              ] wf=6 task=605 vm=54
[t=    140.2890][DISPATCH              ] wf=6 task=606 vm=55
[t=    140.2890][DISPATCH              ] wf=6 task=607 vm=56
[t=    140.2890][DISPATCH              ] wf=6 task=608 vm=57
[t=    140.2890][DISPATCH              ] wf=6 task=609 vm=58
[t=    140.2890][DISPATCH              ] wf=6 task=610 vm=59
[t=    140.2890][DISPATCH              ] wf=6 task=611 vm=60
[t=    140.2890][DISPATCH              ] wf=6 task=612 vm=61
[t=    140.2890][DISPATCH              ] wf=6 task=613 vm=62
[t=    140.2890][DISPATCH              ] wf=6 task=614 vm=63
[t=    140.2890][DISPATCH              ] wf=6 task=615 vm=64
[t=    140.2890][DISPATCH              ] wf=6 task=616 vm=66
[t=    140.2890][DISPATCH              ] wf=6 task=617 vm=69
[t=    140.2890][DISPATCH              ] wf=6 task=618 vm=71
[t=    140.2890][DISPATCH              ] wf=6 task=627 vm=72
[t=    140.2890][DISPATCH              ] wf=6 task=628 vm=75
[t=    140.2890][DISPATCH              ] wf=6 task=629 vm=76
[t=    140.2890][DISPATCH              ] wf=6 task=630 vm=77
[t=    140.2890][DISPATCH              ] wf=6 task=631 vm=78
[t=    140.2890][DISPATCH              ] wf=6 task=632 vm=79
[t=    140.2890][DISPATCH              ] wf=6 task=633 vm=80
[t=    140.2890][DISPATCH              ] wf=6 task=634 vm=81
[t=    140.2890][DISPATCH              ] wf=6 task=635 vm=82
[t=    140.2890][DISPATCH              ] wf=6 task=636 vm=83
[t=    140.2890][DISPATCH              ] wf=6 task=637 vm=84
[t=    140.2890][DISPATCH              ] wf=6 task=638 vm=85
[t=    140.2890][DISPATCH              ] wf=6 task=639 vm=86
[t=    140.2890][DISPATCH              ] wf=6 task=640 vm=87
[t=    140.2890][DISPATCH              ] wf=6 task=641 vm=88
[t=    140.2890][DISPATCH              ] wf=6 task=642 vm=89
[t=    140.2890][DISPATCH              ] wf=6 task=643 vm=90
[t=    140.2890][DISPATCH              ] wf=6 task=644 vm=91
[t=    140.2890][DISPATCH              ] wf=6 task=645 vm=92
[t=    140.2890][DISPATCH              ] wf=6 task=646 vm=93
[t=    140.2890][DISPATCH              ] wf=6 task=647 vm=94
[t=    140.2890][DISPATCH              ] wf=6 task=648 vm=95
[t=    140.2890][DISPATCH              ] wf=6 task=649 vm=97
[t=    140.2890][DISPATCH              ] wf=6 task=658 vm=98
[t=    140.3890][DISPATCH              ] wf=6 task=659 planned=vm6 no-idle-reserved -> on-demand vm=100
[t=    140.3890][DISPATCH              ] wf=6 task=660 planned=vm2 no-idle-reserved -> on-demand vm=101
[t=    140.3890][DISPATCH              ] wf=6 task=661 planned=vm16 no-idle-reserved -> on-demand vm=102
[t=    140.3890][DISPATCH              ] wf=6 task=662 planned=vm34 no-idle-reserved -> on-demand vm=103
[t=    140.3890][DISPATCH              ] wf=6 task=663 planned=vm19 no-idle-reserved -> on-demand vm=104
[t=    140.3890][DISPATCH              ] wf=6 task=664 planned=vm22 no-idle-reserved -> on-demand vm=105
[t=    140.3890][DISPATCH              ] wf=6 task=665 planned=vm44 no-idle-reserved -> on-demand vm=106
[t=    140.3890][DISPATCH              ] wf=6 task=666 planned=vm12 no-idle-reserved -> on-demand vm=107
[t=    140.3890][DISPATCH              ] wf=6 task=667 planned=vm38 no-idle-reserved -> on-demand vm=108
[t=    140.3890][DISPATCH              ] wf=6 task=668 planned=vm31 no-idle-reserved -> on-demand vm=109
[t=    140.3890][DISPATCH              ] wf=6 task=669 planned=vm21 no-idle-reserved -> on-demand vm=110
[t=    140.3890][DISPATCH              ] wf=6 task=670 planned=vm34 no-idle-reserved -> on-demand vm=111
[t=    140.3890][DISPATCH              ] wf=6 task=671 planned=vm26 no-idle-reserved -> on-demand vm=112
[t=    140.3890][DISPATCH              ] wf=6 task=672 planned=vm42 no-idle-reserved -> on-demand vm=113
[t=    140.3890][DISPATCH              ] wf=6 task=673 planned=vm44 no-idle-reserved -> on-demand vm=114
[t=    140.3890][DISPATCH              ] wf=6 task=674 planned=vm38 no-idle-reserved -> on-demand vm=115
[t=    140.3890][DISPATCH              ] wf=6 task=675 planned=vm15 no-idle-reserved -> on-demand vm=116
[t=    140.3890][DISPATCH              ] wf=6 task=676 planned=vm12 no-idle-reserved -> on-demand vm=117
[t=    140.3890][DISPATCH              ] wf=6 task=677 planned=vm37 no-idle-reserved -> on-demand vm=118
[t=    140.3890][DISPATCH              ] wf=6 task=678 planned=vm22 no-idle-reserved -> on-demand vm=119
[t=    140.3890][DISPATCH              ] wf=6 task=679 planned=vm2 no-idle-reserved -> on-demand vm=120
[t=    140.3890][DISPATCH              ] wf=6 task=680 planned=vm26 no-idle-reserved -> on-demand vm=121
[t=    140.3890][DISPATCH              ] wf=6 task=681 planned=vm29 no-idle-reserved -> on-demand vm=122
[t=    140.3890][DISPATCH              ] wf=6 task=682 planned=vm45 no-idle-reserved -> on-demand vm=123
[t=    140.3890][DISPATCH              ] wf=6 task=683 planned=vm25 no-idle-reserved -> on-demand vm=124
[t=    140.3890][DISPATCH              ] wf=6 task=684 planned=vm33 no-idle-reserved -> on-demand vm=125
[t=    140.3890][DISPATCH              ] wf=6 task=659 vm=100
[t=    140.3890][DISPATCH              ] wf=6 task=660 vm=101
[t=    140.3890][DISPATCH              ] wf=6 task=661 vm=102
[t=    140.3890][DISPATCH              ] wf=6 task=662 vm=103
[t=    140.3890][DISPATCH              ] wf=6 task=663 vm=104
[t=    140.3890][DISPATCH              ] wf=6 task=664 vm=105
[t=    140.3890][DISPATCH              ] wf=6 task=665 vm=106
[t=    140.3890][DISPATCH              ] wf=6 task=666 vm=107
[t=    140.3890][DISPATCH              ] wf=6 task=667 vm=108
[t=    140.3890][DISPATCH              ] wf=6 task=668 vm=109
[t=    140.3890][DISPATCH              ] wf=6 task=669 vm=110
[t=    140.3890][DISPATCH              ] wf=6 task=670 vm=111
[t=    140.3890][DISPATCH              ] wf=6 task=671 vm=112
[t=    140.3890][DISPATCH              ] wf=6 task=672 vm=113
[t=    140.3890][DISPATCH              ] wf=6 task=673 vm=114
[t=    140.3890][DISPATCH              ] wf=6 task=674 vm=115
[t=    140.3890][DISPATCH              ] wf=6 task=675 vm=116
[t=    140.3890][DISPATCH              ] wf=6 task=676 vm=117
[t=    140.3890][DISPATCH              ] wf=6 task=677 vm=118
[t=    140.3890][DISPATCH              ] wf=6 task=678 vm=119
[t=    140.3890][DISPATCH              ] wf=6 task=679 vm=120
[t=    140.3890][DISPATCH              ] wf=6 task=680 vm=121
[t=    140.3890][DISPATCH              ] wf=6 task=681 vm=122
[t=    140.3890][DISPATCH              ] wf=6 task=682 vm=123
[t=    140.3890][DISPATCH              ] wf=6 task=683 vm=124
[t=    140.3890][DISPATCH              ] wf=6 task=684 vm=125
[t=    141.0160][TASK-COMPLETE         ] task=678 wf=6 vm=119(on-demand) actualCPU=0.6270s cost=$0.000567
[t=    141.0640][TASK-COMPLETE         ] task=604 wf=6 vm=53(on-demand) actualCPU=0.7750s cost=$0.000701
[t=    141.0810][TASK-COMPLETE         ] task=674 wf=6 vm=115(on-demand) actualCPU=0.6920s cost=$0.000626
[t=    141.1390][TASK-COMPLETE         ] task=672 wf=6 vm=113(on-demand) actualCPU=0.7500s cost=$0.000679
[t=    141.1660][TASK-COMPLETE         ] task=629 wf=6 vm=76(on-demand) actualCPU=0.8770s cost=$0.000794
[t=    141.2040][TASK-COMPLETE         ] task=613 wf=6 vm=62(on-demand) actualCPU=0.9150s cost=$0.000828
[t=    141.2040][TASK-COMPLETE         ] task=638 wf=6 vm=85(on-demand) actualCPU=0.9150s cost=$0.000828
[t=    141.2140][TASK-COMPLETE         ] task=610 wf=6 vm=59(on-demand) actualCPU=0.9250s cost=$0.000837
[t=    141.2360][TASK-COMPLETE         ] task=679 wf=6 vm=120(on-demand) actualCPU=0.8470s cost=$0.000767
[t=    141.3010][TASK-COMPLETE         ] task=600 wf=6 vm=45(reserved) actualCPU=1.0120s
[t=    141.3010][TASK-COMPLETE         ] task=603 wf=6 vm=52(on-demand) actualCPU=1.0120s cost=$0.000916
[t=    141.3010][TASK-COMPLETE         ] task=659 wf=6 vm=100(on-demand) actualCPU=0.9120s cost=$0.000825
[t=    141.3590][TASK-COMPLETE         ] task=606 wf=6 vm=55(on-demand) actualCPU=1.0700s cost=$0.000968
[t=    141.3760][TASK-COMPLETE         ] task=596 wf=6 vm=20(reserved) actualCPU=1.0870s
[t=    141.3760][TASK-COMPLETE         ] task=676 wf=6 vm=117(on-demand) actualCPU=0.9870s cost=$0.000893
[t=    141.4340][TASK-COMPLETE         ] task=598 wf=6 vm=43(reserved) actualCPU=1.1450s
[t=    141.4560][TASK-COMPLETE         ] task=635 wf=6 vm=82(on-demand) actualCPU=1.1670s cost=$0.001056
[t=    141.4560][TASK-COMPLETE         ] task=680 wf=6 vm=121(on-demand) actualCPU=1.0670s cost=$0.000966
[t=    141.4690][TASK-COMPLETE         ] task=627 wf=6 vm=72(on-demand) actualCPU=1.1800s cost=$0.001068
[t=    141.4690][TASK-COMPLETE         ] task=634 wf=6 vm=81(on-demand) actualCPU=1.1800s cost=$0.001068
[t=    141.4690][TASK-COMPLETE         ] task=662 wf=6 vm=103(on-demand) actualCPU=1.0800s cost=$0.000977
[t=    141.4860][TASK-COMPLETE         ] task=602 wf=6 vm=51(on-demand) actualCPU=1.1970s cost=$0.001083
[t=    141.5210][TASK-COMPLETE         ] task=673 wf=6 vm=114(on-demand) actualCPU=1.1320s cost=$0.001024
[t=    141.5340][TASK-COMPLETE         ] task=609 wf=6 vm=58(on-demand) actualCPU=1.2450s cost=$0.001127
[t=    141.5340][TASK-COMPLETE         ] task=612 wf=6 vm=61(on-demand) actualCPU=1.2450s cost=$0.001127
[t=    141.5650][TASK-COMPLETE         ] task=630 wf=6 vm=77(on-demand) actualCPU=1.2760s cost=$0.001155
[t=    141.5650][TASK-COMPLETE         ] task=631 wf=6 vm=78(on-demand) actualCPU=1.2760s cost=$0.001155
[t=    141.5790][TASK-COMPLETE         ] task=637 wf=6 vm=84(on-demand) actualCPU=1.2900s cost=$0.001167
[t=    141.5960][TASK-COMPLETE         ] task=605 wf=6 vm=54(on-demand) actualCPU=1.3070s cost=$0.001183
[t=    141.6060][TASK-COMPLETE         ] task=677 wf=6 vm=118(on-demand) actualCPU=1.2170s cost=$0.001101
[t=    141.6280][TASK-COMPLETE         ] task=628 wf=6 vm=75(on-demand) actualCPU=1.3390s cost=$0.001212
[t=    141.6280][TASK-COMPLETE         ] task=636 wf=6 vm=83(on-demand) actualCPU=1.3390s cost=$0.001212
[t=    141.6280][TASK-COMPLETE         ] task=643 wf=6 vm=90(on-demand) actualCPU=1.3390s cost=$0.001212
[t=    141.6440][TASK-COMPLETE         ] task=633 wf=6 vm=80(on-demand) actualCPU=1.3550s cost=$0.001226
[t=    141.6440][TASK-COMPLETE         ] task=664 wf=6 vm=105(on-demand) actualCPU=1.2550s cost=$0.001136
[t=    141.6440][TASK-COMPLETE         ] task=667 wf=6 vm=108(on-demand) actualCPU=1.2550s cost=$0.001136
[t=    141.6750][TASK-COMPLETE         ] task=642 wf=6 vm=89(on-demand) actualCPU=1.3860s cost=$0.001254
[t=    141.6890][TASK-COMPLETE         ] task=640 wf=6 vm=87(on-demand) actualCPU=1.4000s cost=$0.001267
[t=    141.7160][TASK-COMPLETE         ] task=632 wf=6 vm=79(on-demand) actualCPU=1.4270s cost=$0.001291
[t=    141.7290][TASK-COMPLETE         ] task=597 wf=6 vm=42(reserved) actualCPU=1.4400s
[t=    141.7290][TASK-COMPLETE         ] task=660 wf=6 vm=101(on-demand) actualCPU=1.3400s cost=$0.001213
[t=    141.7400][TASK-COMPLETE         ] task=668 wf=6 vm=109(on-demand) actualCPU=1.3510s cost=$0.001223
[t=    141.7640][TASK-COMPLETE         ] task=644 wf=6 vm=91(on-demand) actualCPU=1.4750s cost=$0.001335
[t=    141.7850][TASK-COMPLETE         ] task=614 wf=6 vm=63(on-demand) actualCPU=1.4960s cost=$0.001354
[t=    141.7850][TASK-COMPLETE         ] task=675 wf=6 vm=116(on-demand) actualCPU=1.3960s cost=$0.001263
[t=    141.7990][TASK-COMPLETE         ] task=658 wf=6 vm=98(on-demand) actualCPU=1.5100s cost=$0.001367
[t=    141.8160][TASK-COMPLETE         ] task=645 wf=6 vm=92(on-demand) actualCPU=1.5270s cost=$0.001382
[t=    141.8160][TASK-COMPLETE         ] task=666 wf=6 vm=107(on-demand) actualCPU=1.4270s cost=$0.001291
[t=    141.8260][TASK-COMPLETE         ] task=601 wf=6 vm=50(on-demand) actualCPU=1.5370s cost=$0.001391
[t=    141.8500][TASK-COMPLETE         ] task=599 wf=6 vm=44(reserved) actualCPU=1.5610s
[t=    141.8640][TASK-COMPLETE         ] task=661 wf=6 vm=102(on-demand) actualCPU=1.4750s cost=$0.001335
[t=    141.8940][TASK-COMPLETE         ] task=608 wf=6 vm=57(on-demand) actualCPU=1.6050s cost=$0.001453
[t=    141.8940][TASK-COMPLETE         ] task=641 wf=6 vm=88(on-demand) actualCPU=1.6050s cost=$0.001453
[t=    141.9050][TASK-COMPLETE         ] task=639 wf=6 vm=86(on-demand) actualCPU=1.6160s cost=$0.001462
[t=    141.9050][DISPATCH              ] wf=6 task=626 planned=vm37 BUSY -> advanced to vm=20
[t=    141.9050][DISPATCH              ] wf=6 task=626 vm=20
[t=    141.9260][TASK-COMPLETE         ] task=671 wf=6 vm=112(on-demand) actualCPU=1.5370s cost=$0.001391
[t=    141.9490][TASK-COMPLETE         ] task=663 wf=6 vm=104(on-demand) actualCPU=1.5600s cost=$0.001412
[t=    141.9840][TASK-COMPLETE         ] task=669 wf=6 vm=110(on-demand) actualCPU=1.5950s cost=$0.001443
[t=    142.0150][TASK-COMPLETE         ] task=626 wf=6 vm=20(reserved) actualCPU=0.1100s
[t=    142.0260][TASK-COMPLETE         ] task=670 wf=6 vm=111(on-demand) actualCPU=1.6370s cost=$0.001481
[t=    142.0590][TASK-COMPLETE         ] task=611 wf=6 vm=60(on-demand) actualCPU=1.7700s cost=$0.001602
[t=    142.1140][TASK-COMPLETE         ] task=607 wf=6 vm=56(on-demand) actualCPU=1.8250s cost=$0.001652
[t=    142.1140][DISPATCH              ] wf=6 task=595 planned=vm30 BUSY -> advanced to vm=20
[t=    142.1140][DISPATCH              ] wf=6 task=595 vm=20
[t=    142.1168][NEGOTIATE             ] wf=7 tasks=100 arrivalTime=142.1168 deadline=2807.6368 cp=1422.5140 BETA*cp=1564.7654 slack=2665.5200 -> ACCEPTED
[t=    142.1168][DISPATCH              ] wf=7 task=692 planned=vm36 BUSY -> advanced to vm=42
[t=    142.1168][DISPATCH              ] wf=7 task=693 planned=vm49 BUSY -> advanced to vm=43
[t=    142.1168][DISPATCH              ] wf=7 task=694 planned=vm30 BUSY -> advanced to vm=44
[t=    142.1168][DISPATCH              ] wf=7 task=695 planned=vm6 BUSY -> advanced to vm=45
[t=    142.1168][DISPATCH              ] wf=7 task=696 planned=vm12 no-idle-reserved -> on-demand vm=50
[t=    142.1168][DISPATCH              ] wf=7 task=697 planned=vm24 no-idle-reserved -> on-demand vm=51
[t=    142.1168][DISPATCH              ] wf=7 task=698 planned=vm30 no-idle-reserved -> on-demand vm=52
[t=    142.1168][DISPATCH              ] wf=7 task=699 planned=vm48 no-idle-reserved -> on-demand vm=53
[t=    142.1168][DISPATCH              ] wf=7 task=700 planned=vm27 no-idle-reserved -> on-demand vm=54
[t=    142.1168][DISPATCH              ] wf=7 task=701 planned=vm17 no-idle-reserved -> on-demand vm=55
[t=    142.1168][DISPATCH              ] wf=7 task=702 planned=vm39 no-idle-reserved -> on-demand vm=56
[t=    142.1168][DISPATCH              ] wf=7 task=703 planned=vm49 no-idle-reserved -> on-demand vm=57
[t=    142.1168][DISPATCH              ] wf=7 task=704 planned=vm24 no-idle-reserved -> on-demand vm=58
[t=    142.1168][DISPATCH              ] wf=7 task=705 planned=vm47 no-idle-reserved -> on-demand vm=59
[t=    142.1168][DISPATCH              ] wf=7 task=706 planned=vm44 no-idle-reserved -> on-demand vm=60
[t=    142.1168][DISPATCH              ] wf=7 task=707 planned=vm12 no-idle-reserved -> on-demand vm=61
[t=    142.1168][DISPATCH              ] wf=7 task=708 planned=vm38 no-idle-reserved -> on-demand vm=62
[t=    142.1168][DISPATCH              ] wf=7 task=709 planned=vm28 no-idle-reserved -> on-demand vm=63
[t=    142.1168][DISPATCH              ] wf=7 task=710 planned=vm46 no-idle-reserved -> on-demand vm=72
[t=    142.1168][DISPATCH              ] wf=7 task=711 planned=vm19 no-idle-reserved -> on-demand vm=75
[t=    142.1168][DISPATCH              ] wf=7 task=712 planned=vm20 no-idle-reserved -> on-demand vm=76
[t=    142.1168][DISPATCH              ] wf=7 task=713 planned=vm13 no-idle-reserved -> on-demand vm=77
[t=    142.1168][DISPATCH              ] wf=7 task=714 planned=vm13 no-idle-reserved -> on-demand vm=78
[t=    142.1168][DISPATCH              ] wf=7 task=692 vm=42
[t=    142.1168][DISPATCH              ] wf=7 task=693 vm=43
[t=    142.1168][DISPATCH              ] wf=7 task=694 vm=44
[t=    142.1168][DISPATCH              ] wf=7 task=695 vm=45
[t=    142.1168][DISPATCH              ] wf=7 task=696 vm=50
[t=    142.1168][DISPATCH              ] wf=7 task=697 vm=51
[t=    142.1168][DISPATCH              ] wf=7 task=698 vm=52
[t=    142.1168][DISPATCH              ] wf=7 task=699 vm=53
[t=    142.1168][DISPATCH              ] wf=7 task=700 vm=54
[t=    142.1168][DISPATCH              ] wf=7 task=701 vm=55
[t=    142.1168][DISPATCH              ] wf=7 task=702 vm=56
[t=    142.1168][DISPATCH              ] wf=7 task=703 vm=57
[t=    142.1168][DISPATCH              ] wf=7 task=704 vm=58
[t=    142.1168][DISPATCH              ] wf=7 task=705 vm=59
[t=    142.1168][DISPATCH              ] wf=7 task=706 vm=60
[t=    142.1168][DISPATCH              ] wf=7 task=707 vm=61
[t=    142.1168][DISPATCH              ] wf=7 task=708 vm=62
[t=    142.1168][DISPATCH              ] wf=7 task=709 vm=63
[t=    142.1168][DISPATCH              ] wf=7 task=710 vm=72
[t=    142.1168][DISPATCH              ] wf=7 task=711 vm=75
[t=    142.1168][DISPATCH              ] wf=7 task=712 vm=76
[t=    142.1168][DISPATCH              ] wf=7 task=713 vm=77
[t=    142.1168][DISPATCH              ] wf=7 task=714 vm=78
[t=    142.1800][TASK-COMPLETE         ] task=665 wf=6 vm=106(on-demand) actualCPU=1.7910s cost=$0.001621
[t=    142.1800][DISPATCH              ] wf=6 task=657 planned=vm1 no-idle-reserved -> on-demand vm=79
[t=    142.1800][DISPATCH              ] wf=6 task=657 vm=79
[t=    142.2240][TASK-COMPLETE         ] task=595 wf=6 vm=20(reserved) actualCPU=0.1100s
[t=    142.3040][TASK-COMPLETE         ] task=657 wf=6 vm=79(on-demand) actualCPU=0.1240s cost=$0.000112
[t=    143.5332][TASK-COMPLETE         ] task=331 wf=3 vm=17(reserved) actualCPU=74.5181s
[t=    143.5332][DISPATCH              ] wf=3 task=332 planned=vm21 BUSY -> advanced to vm=17
[t=    143.5332][DISPATCH              ] wf=3 task=334 planned=vm24 BUSY -> advanced to vm=20
[t=    143.5332][DISPATCH              ] wf=3 task=336 planned=vm10 no-idle-reserved -> on-demand vm=79
[t=    143.5332][DISPATCH              ] wf=3 task=338 planned=vm32 no-idle-reserved -> on-demand vm=80
[t=    143.5332][DISPATCH              ] wf=3 task=340 planned=vm42 no-idle-reserved -> on-demand vm=81
[t=    143.5332][DISPATCH              ] wf=3 task=332 vm=17
[t=    143.5332][DISPATCH              ] wf=3 task=334 vm=20
[t=    143.5332][DISPATCH              ] wf=3 task=336 vm=79
[t=    143.5332][DISPATCH              ] wf=3 task=338 vm=80
[t=    143.5332][DISPATCH              ] wf=3 task=340 vm=81
[t=    143.7412][TASK-COMPLETE         ] task=231 wf=2 vm=23(reserved) actualCPU=94.9402s
[t=    143.7412][DISPATCH              ] wf=2 task=232 planned=vm42 BUSY -> advanced to vm=23
[t=    143.7412][DISPATCH              ] wf=2 task=234 planned=vm45 no-idle-reserved -> on-demand vm=82
[t=    143.7412][DISPATCH              ] wf=2 task=236 planned=vm38 no-idle-reserved -> on-demand vm=83
[t=    143.7412][DISPATCH              ] wf=2 task=238 planned=vm20 no-idle-reserved -> on-demand vm=84
[t=    143.7412][DISPATCH              ] wf=2 task=240 planned=vm39 no-idle-reserved -> on-demand vm=85
[t=    143.7412][DISPATCH              ] wf=2 task=232 vm=23
[t=    143.7412][DISPATCH              ] wf=2 task=234 vm=82
[t=    143.7412][DISPATCH              ] wf=2 task=236 vm=83
[t=    143.7412][DISPATCH              ] wf=2 task=238 vm=84
[t=    143.7412][DISPATCH              ] wf=2 task=240 vm=85
[t=    145.3894][NEGOTIATE             ] wf=8 tasks=100 arrivalTime=145.3894 deadline=2810.9094 cp=1362.2020 BETA*cp=1498.4222 slack=2665.5200 -> ACCEPTED
[t=    145.3894][DISPATCH              ] wf=8 task=792 planned=vm36 no-idle-reserved -> on-demand vm=86
[t=    145.3894][DISPATCH              ] wf=8 task=793 planned=vm27 no-idle-reserved -> on-demand vm=87
[t=    145.3894][DISPATCH              ] wf=8 task=794 planned=vm44 no-idle-reserved -> on-demand vm=88
[t=    145.3894][DISPATCH              ] wf=8 task=795 planned=vm17 no-idle-reserved -> on-demand vm=89
[t=    145.3894][DISPATCH              ] wf=8 task=796 planned=vm27 no-idle-reserved -> on-demand vm=90
[t=    145.3894][DISPATCH              ] wf=8 task=797 planned=vm14 no-idle-reserved -> on-demand vm=91
[t=    145.3894][DISPATCH              ] wf=8 task=798 planned=vm13 no-idle-reserved -> on-demand vm=92
[t=    145.3894][DISPATCH              ] wf=8 task=799 planned=vm24 no-idle-reserved -> on-demand vm=98
[t=    145.3894][DISPATCH              ] wf=8 task=800 planned=vm34 no-idle-reserved -> on-demand vm=100
[t=    145.3894][DISPATCH              ] wf=8 task=801 planned=vm17 no-idle-reserved -> on-demand vm=101
[t=    145.3894][DISPATCH              ] wf=8 task=802 planned=vm17 no-idle-reserved -> on-demand vm=102
[t=    145.3894][DISPATCH              ] wf=8 task=803 planned=vm24 no-idle-reserved -> on-demand vm=103
[t=    145.3894][DISPATCH              ] wf=8 task=804 planned=vm17 no-idle-reserved -> on-demand vm=104
[t=    145.3894][DISPATCH              ] wf=8 task=805 planned=vm46 no-idle-reserved -> on-demand vm=105
[t=    145.3894][DISPATCH              ] wf=8 task=806 planned=vm26 no-idle-reserved -> on-demand vm=106
[t=    145.3894][DISPATCH              ] wf=8 task=807 planned=vm17 no-idle-reserved -> on-demand vm=107
[t=    145.3894][DISPATCH              ] wf=8 task=808 planned=vm48 no-idle-reserved -> on-demand vm=108
[t=    145.3894][DISPATCH              ] wf=8 task=809 planned=vm39 no-idle-reserved -> on-demand vm=109
[t=    145.3894][DISPATCH              ] wf=8 task=810 planned=vm24 no-idle-reserved -> on-demand vm=110
[t=    145.3894][DISPATCH              ] wf=8 task=811 planned=vm48 no-idle-reserved -> on-demand vm=111
[t=    145.3894][DISPATCH              ] wf=8 task=812 planned=vm28 no-idle-reserved -> on-demand vm=112
[t=    145.3894][DISPATCH              ] wf=8 task=813 planned=vm24 no-idle-reserved -> on-demand vm=113
[t=    145.3894][DISPATCH              ] wf=8 task=814 planned=vm24 no-idle-reserved -> on-demand vm=114
[t=    145.3894][DISPATCH              ] wf=8 task=792 vm=86
[t=    145.3894][DISPATCH              ] wf=8 task=793 vm=87
[t=    145.3894][DISPATCH              ] wf=8 task=794 vm=88
[t=    145.3894][DISPATCH              ] wf=8 task=795 vm=89
[t=    145.3894][DISPATCH              ] wf=8 task=796 vm=90
[t=    145.3894][DISPATCH              ] wf=8 task=797 vm=91
[t=    145.3894][DISPATCH              ] wf=8 task=798 vm=92
[t=    145.3894][DISPATCH              ] wf=8 task=799 vm=98
[t=    145.3894][DISPATCH              ] wf=8 task=800 vm=100
[t=    145.3894][DISPATCH              ] wf=8 task=801 vm=101
[t=    145.3894][DISPATCH              ] wf=8 task=802 vm=102
[t=    145.3894][DISPATCH              ] wf=8 task=803 vm=103
[t=    145.3894][DISPATCH              ] wf=8 task=804 vm=104
[t=    145.3894][DISPATCH              ] wf=8 task=805 vm=105
[t=    145.3894][DISPATCH              ] wf=8 task=806 vm=106
[t=    145.3894][DISPATCH              ] wf=8 task=807 vm=107
[t=    145.3894][DISPATCH              ] wf=8 task=808 vm=108
[t=    145.3894][DISPATCH              ] wf=8 task=809 vm=109
[t=    145.3894][DISPATCH              ] wf=8 task=810 vm=110
[t=    145.3894][DISPATCH              ] wf=8 task=811 vm=111
[t=    145.3894][DISPATCH              ] wf=8 task=812 vm=112
[t=    145.3894][DISPATCH              ] wf=8 task=813 vm=113
[t=    145.3894][DISPATCH              ] wf=8 task=814 vm=114
[t=    147.7062][TASK-COMPLETE         ] task=451 wf=4 vm=67(on-demand) actualCPU=70.3997s cost=$0.063712
[t=    156.3672][TASK-COMPLETE         ] task=705 wf=7 vm=59(on-demand) actualCPU=14.2504s cost=$0.012897
[t=    156.3672][DISPATCH              ] wf=7 task=728 planned=vm3 no-idle-reserved -> on-demand vm=59
[t=    156.3672][DISPATCH              ] wf=7 task=728 vm=59
[t=    156.6512][TASK-COMPLETE         ] task=209 wf=2 vm=34(reserved) actualCPU=107.8502s
[t=    156.6512][DISPATCH              ] wf=2 task=210 planned=vm24 BUSY -> advanced to vm=34
[t=    156.6512][DISPATCH              ] wf=2 task=212 planned=vm32 no-idle-reserved -> on-demand vm=67
[t=    156.6512][DISPATCH              ] wf=2 task=214 planned=vm28 no-idle-reserved -> on-demand vm=115
[t=    156.6512][DISPATCH              ] wf=2 task=216 planned=vm43 no-idle-reserved -> on-demand vm=116
[t=    156.6512][DISPATCH              ] wf=2 task=218 planned=vm2 no-idle-reserved -> on-demand vm=117
[t=    156.6512][DISPATCH              ] wf=2 task=210 vm=34
[t=    156.6512][DISPATCH              ] wf=2 task=212 vm=67
[t=    156.6512][DISPATCH              ] wf=2 task=214 vm=115
[t=    156.6512][DISPATCH              ] wf=2 task=216 vm=116
[t=    156.6512][DISPATCH              ] wf=2 task=218 vm=117
[t=    156.9842][TASK-COMPLETE         ] task=700 wf=7 vm=54(on-demand) actualCPU=14.8674s cost=$0.013455
[t=    156.9842][DISPATCH              ] wf=7 task=723 planned=vm34 no-idle-reserved -> on-demand vm=54
[t=    156.9842][DISPATCH              ] wf=7 task=723 vm=54
[t=    157.2027][NEGOTIATE             ] wf=9 tasks=97 arrivalTime=157.2027 deadline=9107.1399 cp=4522.6370 BETA*cp=4974.9007 slack=8949.9372 -> ACCEPTED
[t=    157.2027][DISPATCH              ] wf=9 task=893 planned=vm26 no-idle-reserved -> on-demand vm=118
[t=    157.2027][DISPATCH              ] wf=9 task=894 planned=vm43 no-idle-reserved -> on-demand vm=119
[t=    157.2027][DISPATCH              ] wf=9 task=895 planned=vm42 no-idle-reserved -> on-demand vm=120
[t=    157.2027][DISPATCH              ] wf=9 task=896 planned=vm35 no-idle-reserved -> on-demand vm=121
[t=    157.2027][DISPATCH              ] wf=9 task=897 planned=vm4 no-idle-reserved -> on-demand vm=126
[t=    157.2027][DISPATCH              ] wf=9 task=898 planned=vm48 no-idle-reserved -> on-demand vm=127
[t=    157.2027][DISPATCH              ] wf=9 task=899 planned=vm45 no-idle-reserved -> on-demand vm=128
[t=    157.2027][DISPATCH              ] wf=9 task=900 planned=vm20 no-idle-reserved -> on-demand vm=129
[t=    157.2027][DISPATCH              ] wf=9 task=901 planned=vm6 no-idle-reserved -> on-demand vm=130
[t=    157.2027][DISPATCH              ] wf=9 task=902 planned=vm13 no-idle-reserved -> on-demand vm=131
[t=    157.2027][DISPATCH              ] wf=9 task=903 planned=vm18 no-idle-reserved -> on-demand vm=132
[t=    157.2027][DISPATCH              ] wf=9 task=904 planned=vm5 no-idle-reserved -> on-demand vm=133
[t=    157.2027][DISPATCH              ] wf=9 task=905 planned=vm39 no-idle-reserved -> on-demand vm=134
[t=    157.2027][DISPATCH              ] wf=9 task=906 planned=vm47 no-idle-reserved -> on-demand vm=135
[t=    157.2027][DISPATCH              ] wf=9 task=907 planned=vm22 no-idle-reserved -> on-demand vm=136
[t=    157.2027][DISPATCH              ] wf=9 task=908 planned=vm38 no-idle-reserved -> on-demand vm=137
[t=    157.2027][DISPATCH              ] wf=9 task=909 planned=vm19 no-idle-reserved -> on-demand vm=138
[t=    157.2027][DISPATCH              ] wf=9 task=910 planned=vm3 no-idle-reserved -> on-demand vm=139
[t=    157.2027][DISPATCH              ] wf=9 task=911 planned=vm44 no-idle-reserved -> on-demand vm=140
[t=    157.2027][DISPATCH              ] wf=9 task=912 planned=vm32 no-idle-reserved -> on-demand vm=141
[t=    157.2027][DISPATCH              ] wf=9 task=913 planned=vm3 no-idle-reserved -> on-demand vm=142
[t=    157.2027][DISPATCH              ] wf=9 task=914 planned=vm4 no-idle-reserved -> on-demand vm=143
[t=    157.2027][DISPATCH              ] wf=9 task=915 planned=vm30 no-idle-reserved -> on-demand vm=144
[t=    157.2027][DISPATCH              ] wf=9 task=924 planned=vm41 no-idle-reserved -> on-demand vm=145
[t=    157.2027][DISPATCH              ] wf=9 task=925 planned=vm10 no-idle-reserved -> on-demand vm=146
[t=    157.2027][DISPATCH              ] wf=9 task=926 planned=vm39 no-idle-reserved -> on-demand vm=147
[t=    157.2027][DISPATCH              ] wf=9 task=927 planned=vm36 no-idle-reserved -> on-demand vm=148
[t=    157.2027][DISPATCH              ] wf=9 task=928 planned=vm15 no-idle-reserved -> on-demand vm=149
[t=    157.2027][DISPATCH              ] wf=9 task=929 planned=vm18 no-idle-reserved -> on-demand vm=150
[t=    157.2027][DISPATCH              ] wf=9 task=930 planned=vm0 no-idle-reserved -> on-demand vm=151
[t=    157.2027][DISPATCH              ] wf=9 task=931 planned=vm23 no-idle-reserved -> on-demand vm=152
[t=    157.2027][DISPATCH              ] wf=9 task=932 planned=vm11 no-idle-reserved -> on-demand vm=153
[t=    157.2027][DISPATCH              ] wf=9 task=933 planned=vm35 no-idle-reserved -> on-demand vm=154
[t=    157.2027][DISPATCH              ] wf=9 task=934 planned=vm27 no-idle-reserved -> on-demand vm=155
[t=    157.2027][DISPATCH              ] wf=9 task=935 planned=vm41 no-idle-reserved -> on-demand vm=156
[t=    157.2027][DISPATCH              ] wf=9 task=936 planned=vm10 no-idle-reserved -> on-demand vm=157
[t=    157.2027][DISPATCH              ] wf=9 task=937 planned=vm2 no-idle-reserved -> on-demand vm=158
[t=    157.2027][DISPATCH              ] wf=9 task=938 planned=vm17 no-idle-reserved -> on-demand vm=159
[t=    157.2027][DISPATCH              ] wf=9 task=939 planned=vm25 no-idle-reserved -> on-demand vm=160
[t=    157.2027][DISPATCH              ] wf=9 task=940 planned=vm22 no-idle-reserved -> on-demand vm=161
[t=    157.2027][DISPATCH              ] wf=9 task=941 planned=vm14 no-idle-reserved -> on-demand vm=162
[t=    157.2027][DISPATCH              ] wf=9 task=942 planned=vm28 no-idle-reserved -> on-demand vm=163
[t=    157.2027][DISPATCH              ] wf=9 task=943 planned=vm40 no-idle-reserved -> on-demand vm=164
[t=    157.2027][DISPATCH              ] wf=9 task=944 planned=vm49 no-idle-reserved -> on-demand vm=165
[t=    157.2027][DISPATCH              ] wf=9 task=945 planned=vm2 no-idle-reserved -> on-demand vm=166
[t=    157.2027][DISPATCH              ] wf=9 task=946 planned=ON-DEMAND -> vm=167 (on-demand)
[t=    157.2027][DISPATCH              ] wf=9 task=955 planned=vm42 no-idle-reserved -> on-demand vm=168
[t=    157.2027][DISPATCH              ] wf=9 task=956 planned=vm1 no-idle-reserved -> on-demand vm=169
[t=    157.2027][DISPATCH              ] wf=9 task=957 planned=vm20 no-idle-reserved -> on-demand vm=170
[t=    157.2027][DISPATCH              ] wf=9 task=958 planned=vm27 no-idle-reserved -> on-demand vm=171
[t=    157.2027][DISPATCH              ] wf=9 task=959 planned=vm38 no-idle-reserved -> on-demand vm=172
[t=    157.2027][DISPATCH              ] wf=9 task=960 planned=vm26 no-idle-reserved -> on-demand vm=173
[t=    157.2027][DISPATCH              ] wf=9 task=961 planned=vm3 no-idle-reserved -> on-demand vm=174
[t=    157.2027][DISPATCH              ] wf=9 task=962 planned=vm43 no-idle-reserved -> on-demand vm=175
[t=    157.2027][DISPATCH              ] wf=9 task=963 planned=vm17 no-idle-reserved -> on-demand vm=176
[t=    157.2027][DISPATCH              ] wf=9 task=964 planned=vm6 no-idle-reserved -> on-demand vm=177
[t=    157.2027][DISPATCH              ] wf=9 task=965 planned=vm36 no-idle-reserved -> on-demand vm=178
[t=    157.2027][DISPATCH              ] wf=9 task=966 planned=vm11 no-idle-reserved -> on-demand vm=179
[t=    157.2027][DISPATCH              ] wf=9 task=967 planned=vm15 no-idle-reserved -> on-demand vm=180
[t=    157.2027][DISPATCH              ] wf=9 task=968 planned=vm1 no-idle-reserved -> on-demand vm=181
[t=    157.2027][DISPATCH              ] wf=9 task=969 planned=vm2 no-idle-reserved -> on-demand vm=182
[t=    157.2027][DISPATCH              ] wf=9 task=970 planned=vm14 no-idle-reserved -> on-demand vm=183
[t=    157.2027][DISPATCH              ] wf=9 task=971 planned=vm5 no-idle-reserved -> on-demand vm=184
[t=    157.2027][DISPATCH              ] wf=9 task=972 planned=vm34 no-idle-reserved -> on-demand vm=185
[t=    157.2027][DISPATCH              ] wf=9 task=973 planned=vm31 no-idle-reserved -> on-demand vm=186
[t=    157.2027][DISPATCH              ] wf=9 task=974 planned=vm0 no-idle-reserved -> on-demand vm=187
[t=    157.2027][DISPATCH              ] wf=9 task=975 planned=vm31 no-idle-reserved -> on-demand vm=188
[t=    157.2027][DISPATCH              ] wf=9 task=976 planned=vm34 no-idle-reserved -> on-demand vm=189
[t=    157.2027][DISPATCH              ] wf=9 task=977 planned=vm4 no-idle-reserved -> on-demand vm=190
[t=    157.2027][DISPATCH              ] wf=9 task=978 planned=vm37 no-idle-reserved -> on-demand vm=191
[t=    157.2027][DISPATCH              ] wf=9 task=979 planned=vm14 no-idle-reserved -> on-demand vm=192
[t=    157.2027][DISPATCH              ] wf=9 task=980 planned=vm36 no-idle-reserved -> on-demand vm=193
[t=    157.2027][DISPATCH              ] wf=9 task=981 planned=ON-DEMAND -> vm=194 (on-demand)
[t=    157.2027][DISPATCH              ] wf=9 task=893 vm=118
[t=    157.2027][DISPATCH              ] wf=9 task=894 vm=119
[t=    157.2027][DISPATCH              ] wf=9 task=895 vm=120
[t=    157.2027][DISPATCH              ] wf=9 task=896 vm=121
[t=    157.3027][DISPATCH              ] wf=9 task=897 planned=vm4 no-idle-reserved -> on-demand vm=126
[t=    157.3027][DISPATCH              ] wf=9 task=898 planned=vm48 no-idle-reserved -> on-demand vm=127
[t=    157.3027][DISPATCH              ] wf=9 task=899 planned=vm45 no-idle-reserved -> on-demand vm=128
[t=    157.3027][DISPATCH              ] wf=9 task=900 planned=vm20 no-idle-reserved -> on-demand vm=129
[t=    157.3027][DISPATCH              ] wf=9 task=901 planned=vm6 no-idle-reserved -> on-demand vm=130
[t=    157.3027][DISPATCH              ] wf=9 task=902 planned=vm13 no-idle-reserved -> on-demand vm=131
[t=    157.3027][DISPATCH              ] wf=9 task=903 planned=vm18 no-idle-reserved -> on-demand vm=132
[t=    157.3027][DISPATCH              ] wf=9 task=904 planned=vm5 no-idle-reserved -> on-demand vm=133
[t=    157.3027][DISPATCH              ] wf=9 task=905 planned=vm39 no-idle-reserved -> on-demand vm=134
[t=    157.3027][DISPATCH              ] wf=9 task=906 planned=vm47 no-idle-reserved -> on-demand vm=135
[t=    157.3027][DISPATCH              ] wf=9 task=907 planned=vm22 no-idle-reserved -> on-demand vm=136
[t=    157.3027][DISPATCH              ] wf=9 task=908 planned=vm38 no-idle-reserved -> on-demand vm=137
[t=    157.3027][DISPATCH              ] wf=9 task=909 planned=vm19 no-idle-reserved -> on-demand vm=138
[t=    157.3027][DISPATCH              ] wf=9 task=910 planned=vm3 no-idle-reserved -> on-demand vm=139
[t=    157.3027][DISPATCH              ] wf=9 task=911 planned=vm44 no-idle-reserved -> on-demand vm=140
[t=    157.3027][DISPATCH              ] wf=9 task=912 planned=vm32 no-idle-reserved -> on-demand vm=141
[t=    157.3027][DISPATCH              ] wf=9 task=913 planned=vm3 no-idle-reserved -> on-demand vm=142
[t=    157.3027][DISPATCH              ] wf=9 task=914 planned=vm4 no-idle-reserved -> on-demand vm=143
[t=    157.3027][DISPATCH              ] wf=9 task=915 planned=vm30 no-idle-reserved -> on-demand vm=144
[t=    157.3027][DISPATCH              ] wf=9 task=924 planned=vm41 no-idle-reserved -> on-demand vm=145
[t=    157.3027][DISPATCH              ] wf=9 task=925 planned=vm10 no-idle-reserved -> on-demand vm=146
[t=    157.3027][DISPATCH              ] wf=9 task=926 planned=vm39 no-idle-reserved -> on-demand vm=147
[t=    157.3027][DISPATCH              ] wf=9 task=927 planned=vm36 no-idle-reserved -> on-demand vm=148
[t=    157.3027][DISPATCH              ] wf=9 task=928 planned=vm15 no-idle-reserved -> on-demand vm=149
[t=    157.3027][DISPATCH              ] wf=9 task=929 planned=vm18 no-idle-reserved -> on-demand vm=150
[t=    157.3027][DISPATCH              ] wf=9 task=930 planned=vm0 no-idle-reserved -> on-demand vm=151
[t=    157.3027][DISPATCH              ] wf=9 task=931 planned=vm23 no-idle-reserved -> on-demand vm=152
[t=    157.3027][DISPATCH              ] wf=9 task=932 planned=vm11 no-idle-reserved -> on-demand vm=153
[t=    157.3027][DISPATCH              ] wf=9 task=933 planned=vm35 no-idle-reserved -> on-demand vm=154
[t=    157.3027][DISPATCH              ] wf=9 task=934 planned=vm27 no-idle-reserved -> on-demand vm=155
[t=    157.3027][DISPATCH              ] wf=9 task=935 planned=vm41 no-idle-reserved -> on-demand vm=156
[t=    157.3027][DISPATCH              ] wf=9 task=936 planned=vm10 no-idle-reserved -> on-demand vm=157
[t=    157.3027][DISPATCH              ] wf=9 task=937 planned=vm2 no-idle-reserved -> on-demand vm=158
[t=    157.3027][DISPATCH              ] wf=9 task=938 planned=vm17 no-idle-reserved -> on-demand vm=159
[t=    157.3027][DISPATCH              ] wf=9 task=939 planned=vm25 no-idle-reserved -> on-demand vm=160
[t=    157.3027][DISPATCH              ] wf=9 task=940 planned=vm22 no-idle-reserved -> on-demand vm=161
[t=    157.3027][DISPATCH              ] wf=9 task=941 planned=vm14 no-idle-reserved -> on-demand vm=162
[t=    157.3027][DISPATCH              ] wf=9 task=942 planned=vm28 no-idle-reserved -> on-demand vm=163
[t=    157.3027][DISPATCH              ] wf=9 task=943 planned=vm40 no-idle-reserved -> on-demand vm=164
[t=    157.3027][DISPATCH              ] wf=9 task=944 planned=vm49 no-idle-reserved -> on-demand vm=165
[t=    157.3027][DISPATCH              ] wf=9 task=945 planned=vm2 no-idle-reserved -> on-demand vm=166
[t=    157.3027][DISPATCH              ] wf=9 task=946 planned=ON-DEMAND -> vm=167 (on-demand)
[t=    157.3027][DISPATCH              ] wf=9 task=955 planned=vm42 no-idle-reserved -> on-demand vm=168
[t=    157.3027][DISPATCH              ] wf=9 task=956 planned=vm1 no-idle-reserved -> on-demand vm=169
[t=    157.3027][DISPATCH              ] wf=9 task=957 planned=vm20 no-idle-reserved -> on-demand vm=170
[t=    157.3027][DISPATCH              ] wf=9 task=958 planned=vm27 no-idle-reserved -> on-demand vm=171
[t=    157.3027][DISPATCH              ] wf=9 task=959 planned=vm38 no-idle-reserved -> on-demand vm=172
[t=    157.3027][DISPATCH              ] wf=9 task=960 planned=vm26 no-idle-reserved -> on-demand vm=173
[t=    157.3027][DISPATCH              ] wf=9 task=961 planned=vm3 no-idle-reserved -> on-demand vm=174
[t=    157.3027][DISPATCH              ] wf=9 task=962 planned=vm43 no-idle-reserved -> on-demand vm=175
[t=    157.3027][DISPATCH              ] wf=9 task=963 planned=vm17 no-idle-reserved -> on-demand vm=176
[t=    157.3027][DISPATCH              ] wf=9 task=964 planned=vm6 no-idle-reserved -> on-demand vm=177
[t=    157.3027][DISPATCH              ] wf=9 task=965 planned=vm36 no-idle-reserved -> on-demand vm=178
[t=    157.3027][DISPATCH              ] wf=9 task=966 planned=vm11 no-idle-reserved -> on-demand vm=179
[t=    157.3027][DISPATCH              ] wf=9 task=967 planned=vm15 no-idle-reserved -> on-demand vm=180
[t=    157.3027][DISPATCH              ] wf=9 task=968 planned=vm1 no-idle-reserved -> on-demand vm=181
[t=    157.3027][DISPATCH              ] wf=9 task=969 planned=vm2 no-idle-reserved -> on-demand vm=182
[t=    157.3027][DISPATCH              ] wf=9 task=970 planned=vm14 no-idle-reserved -> on-demand vm=183
[t=    157.3027][DISPATCH              ] wf=9 task=971 planned=vm5 no-idle-reserved -> on-demand vm=184
[t=    157.3027][DISPATCH              ] wf=9 task=972 planned=vm34 no-idle-reserved -> on-demand vm=185
[t=    157.3027][DISPATCH              ] wf=9 task=973 planned=vm31 no-idle-reserved -> on-demand vm=186
[t=    157.3027][DISPATCH              ] wf=9 task=974 planned=vm0 no-idle-reserved -> on-demand vm=187
[t=    157.3027][DISPATCH              ] wf=9 task=975 planned=vm31 no-idle-reserved -> on-demand vm=188
[t=    157.3027][DISPATCH              ] wf=9 task=976 planned=vm34 no-idle-reserved -> on-demand vm=189
[t=    157.3027][DISPATCH              ] wf=9 task=977 planned=vm4 no-idle-reserved -> on-demand vm=190
[t=    157.3027][DISPATCH              ] wf=9 task=978 planned=vm37 no-idle-reserved -> on-demand vm=191
[t=    157.3027][DISPATCH              ] wf=9 task=979 planned=vm14 no-idle-reserved -> on-demand vm=192
[t=    157.3027][DISPATCH              ] wf=9 task=980 planned=vm36 no-idle-reserved -> on-demand vm=193
[t=    157.3027][DISPATCH              ] wf=9 task=981 planned=ON-DEMAND -> vm=194 (on-demand)
[t=    157.3027][DISPATCH              ] wf=9 task=897 vm=126
[t=    157.3027][DISPATCH              ] wf=9 task=898 vm=127
[t=    157.3027][DISPATCH              ] wf=9 task=899 vm=128
[t=    157.3027][DISPATCH              ] wf=9 task=900 vm=129
[t=    157.3027][DISPATCH              ] wf=9 task=901 vm=130
[t=    157.3027][DISPATCH              ] wf=9 task=902 vm=131
[t=    157.3027][DISPATCH              ] wf=9 task=903 vm=132
[t=    157.3027][DISPATCH              ] wf=9 task=904 vm=133
[t=    157.3027][DISPATCH              ] wf=9 task=905 vm=134
[t=    157.3027][DISPATCH              ] wf=9 task=906 vm=135
[t=    157.3027][DISPATCH              ] wf=9 task=907 vm=136
[t=    157.3027][DISPATCH              ] wf=9 task=908 vm=137
[t=    157.3027][DISPATCH              ] wf=9 task=909 vm=138
[t=    157.3027][DISPATCH              ] wf=9 task=910 vm=139
[t=    157.3027][DISPATCH              ] wf=9 task=911 vm=140
[t=    157.3027][DISPATCH              ] wf=9 task=912 vm=141
[t=    157.3027][DISPATCH              ] wf=9 task=913 vm=142
[t=    157.3027][DISPATCH              ] wf=9 task=914 vm=143
[t=    157.3027][DISPATCH              ] wf=9 task=915 vm=144
[t=    157.3027][DISPATCH              ] wf=9 task=924 vm=145
[t=    157.3027][DISPATCH              ] wf=9 task=925 vm=146
[t=    157.3027][DISPATCH              ] wf=9 task=926 vm=147
[t=    157.3027][DISPATCH              ] wf=9 task=927 vm=148
[t=    157.3027][DISPATCH              ] wf=9 task=928 vm=149
[t=    157.3027][DISPATCH              ] wf=9 task=929 vm=150
[t=    157.3027][DISPATCH              ] wf=9 task=930 vm=151
[t=    157.3027][DISPATCH              ] wf=9 task=931 vm=152
[t=    157.3027][DISPATCH              ] wf=9 task=932 vm=153
[t=    157.3027][DISPATCH              ] wf=9 task=933 vm=154
[t=    157.3027][DISPATCH              ] wf=9 task=934 vm=155
[t=    157.3027][DISPATCH              ] wf=9 task=935 vm=156
[t=    157.3027][DISPATCH              ] wf=9 task=936 vm=157
[t=    157.3027][DISPATCH              ] wf=9 task=937 vm=158
[t=    157.3027][DISPATCH              ] wf=9 task=938 vm=159
[t=    157.3027][DISPATCH              ] wf=9 task=939 vm=160
[t=    157.3027][DISPATCH              ] wf=9 task=940 vm=161
[t=    157.3027][DISPATCH              ] wf=9 task=941 vm=162
[t=    157.3027][DISPATCH              ] wf=9 task=942 vm=163
[t=    157.3027][DISPATCH              ] wf=9 task=943 vm=164
[t=    157.3027][DISPATCH              ] wf=9 task=944 vm=165
[t=    157.3027][DISPATCH              ] wf=9 task=945 vm=166
[t=    157.3027][DISPATCH              ] wf=9 task=946 vm=167
[t=    157.3027][DISPATCH              ] wf=9 task=955 vm=168
[t=    157.3027][DISPATCH              ] wf=9 task=956 vm=169
[t=    157.3027][DISPATCH              ] wf=9 task=957 vm=170
[t=    157.3027][DISPATCH              ] wf=9 task=958 vm=171
[t=    157.3027][DISPATCH              ] wf=9 task=959 vm=172
[t=    157.3027][DISPATCH              ] wf=9 task=960 vm=173
[t=    157.3027][DISPATCH              ] wf=9 task=961 vm=174
[t=    157.3027][DISPATCH              ] wf=9 task=962 vm=175
[t=    157.3027][DISPATCH              ] wf=9 task=963 vm=176
[t=    157.3027][DISPATCH              ] wf=9 task=964 vm=177
[t=    157.3027][DISPATCH              ] wf=9 task=965 vm=178
[t=    157.3027][DISPATCH              ] wf=9 task=966 vm=179
[t=    157.3027][DISPATCH              ] wf=9 task=967 vm=180
[t=    157.3027][DISPATCH              ] wf=9 task=968 vm=181
[t=    157.3027][DISPATCH              ] wf=9 task=969 vm=182
[t=    157.3027][DISPATCH              ] wf=9 task=970 vm=183
[t=    157.3027][DISPATCH              ] wf=9 task=971 vm=184
[t=    157.3027][DISPATCH              ] wf=9 task=972 vm=185
[t=    157.3027][DISPATCH              ] wf=9 task=973 vm=186
[t=    157.3027][DISPATCH              ] wf=9 task=974 vm=187
[t=    157.3027][DISPATCH              ] wf=9 task=975 vm=188
[t=    157.3027][DISPATCH              ] wf=9 task=976 vm=189
[t=    157.3027][DISPATCH              ] wf=9 task=977 vm=190
[t=    157.3027][DISPATCH              ] wf=9 task=978 vm=191
[t=    157.3027][DISPATCH              ] wf=9 task=979 vm=192
[t=    157.3027][DISPATCH              ] wf=9 task=980 vm=193
[t=    157.3027][DISPATCH              ] wf=9 task=981 vm=194
[t=    157.3692][TASK-COMPLETE         ] task=703 wf=7 vm=57(on-demand) actualCPU=15.2524s cost=$0.013803
[t=    157.3692][DISPATCH              ] wf=7 task=726 planned=vm16 no-idle-reserved -> on-demand vm=57
[t=    157.3692][DISPATCH              ] wf=7 task=726 vm=57
[t=    157.9752][TASK-COMPLETE         ] task=975 wf=9 vm=188(on-demand) actualCPU=0.6725s cost=$0.000609
[t=    158.0902][TASK-COMPLETE         ] task=969 wf=9 vm=182(on-demand) actualCPU=0.7875s cost=$0.000713
[t=    158.1087][TASK-COMPLETE         ] task=970 wf=9 vm=183(on-demand) actualCPU=0.8060s cost=$0.000729
[t=    158.1307][TASK-COMPLETE         ] task=910 wf=9 vm=139(on-demand) actualCPU=0.8280s cost=$0.000749
[t=    158.1467][TASK-COMPLETE         ] task=897 wf=9 vm=126(on-demand) actualCPU=0.8440s cost=$0.000764
[t=    158.1927][TASK-COMPLETE         ] task=901 wf=9 vm=130(on-demand) actualCPU=0.8900s cost=$0.000805
[t=    158.2677][TASK-COMPLETE         ] task=976 wf=9 vm=189(on-demand) actualCPU=0.9650s cost=$0.000873
[t=    158.2917][TASK-COMPLETE         ] task=959 wf=9 vm=172(on-demand) actualCPU=0.9890s cost=$0.000895
[t=    158.3237][TASK-COMPLETE         ] task=903 wf=9 vm=132(on-demand) actualCPU=1.0210s cost=$0.000924
[t=    158.3237][TASK-COMPLETE         ] task=971 wf=9 vm=184(on-demand) actualCPU=1.0210s cost=$0.000924
[t=    158.3337][TASK-COMPLETE         ] task=933 wf=9 vm=154(on-demand) actualCPU=1.0310s cost=$0.000933
[t=    158.3487][TASK-COMPLETE         ] task=900 wf=9 vm=129(on-demand) actualCPU=1.0460s cost=$0.000947
[t=    158.3487][TASK-COMPLETE         ] task=907 wf=9 vm=136(on-demand) actualCPU=1.0460s cost=$0.000947
[t=    158.3617][TASK-COMPLETE         ] task=956 wf=9 vm=169(on-demand) actualCPU=1.0590s cost=$0.000958
[t=    158.3617][TASK-COMPLETE         ] task=973 wf=9 vm=186(on-demand) actualCPU=1.0590s cost=$0.000958
[t=    158.3907][TASK-COMPLETE         ] task=927 wf=9 vm=148(on-demand) actualCPU=1.0880s cost=$0.000985
[t=    158.4007][TASK-COMPLETE         ] task=926 wf=9 vm=147(on-demand) actualCPU=1.0980s cost=$0.000994
[t=    158.4127][TASK-COMPLETE         ] task=935 wf=9 vm=156(on-demand) actualCPU=1.1100s cost=$0.001005
[t=    158.4437][TASK-COMPLETE         ] task=925 wf=9 vm=146(on-demand) actualCPU=1.1410s cost=$0.001033
[t=    158.4587][TASK-COMPLETE         ] task=894 wf=9 vm=119(on-demand) actualCPU=1.2560s cost=$0.001137
[t=    158.4587][TASK-COMPLETE         ] task=895 wf=9 vm=120(on-demand) actualCPU=1.2560s cost=$0.001137
[t=    158.4717][TASK-COMPLETE         ] task=928 wf=9 vm=149(on-demand) actualCPU=1.1690s cost=$0.001058
[t=    158.4987][TASK-COMPLETE         ] task=961 wf=9 vm=174(on-demand) actualCPU=1.1960s cost=$0.001082
[t=    158.4987][TASK-COMPLETE         ] task=964 wf=9 vm=177(on-demand) actualCPU=1.1960s cost=$0.001082
[t=    158.4987][TASK-COMPLETE         ] task=977 wf=9 vm=190(on-demand) actualCPU=1.1960s cost=$0.001082
[t=    158.5107][TASK-COMPLETE         ] task=893 wf=9 vm=118(on-demand) actualCPU=1.3080s cost=$0.001184
[t=    158.5107][TASK-COMPLETE         ] task=972 wf=9 vm=185(on-demand) actualCPU=1.2080s cost=$0.001093
[t=    158.5817][TASK-COMPLETE         ] task=934 wf=9 vm=155(on-demand) actualCPU=1.2790s cost=$0.001157
[t=    158.5977][TASK-COMPLETE         ] task=957 wf=9 vm=170(on-demand) actualCPU=1.2950s cost=$0.001172
[t=    158.6087][TASK-COMPLETE         ] task=930 wf=9 vm=151(on-demand) actualCPU=1.3060s cost=$0.001182
[t=    158.6087][TASK-COMPLETE         ] task=965 wf=9 vm=178(on-demand) actualCPU=1.3060s cost=$0.001182
[t=    158.6207][TASK-COMPLETE         ] task=932 wf=9 vm=153(on-demand) actualCPU=1.3180s cost=$0.001193
[t=    158.6487][TASK-COMPLETE         ] task=911 wf=9 vm=140(on-demand) actualCPU=1.3460s cost=$0.001218
[t=    158.6487][TASK-COMPLETE         ] task=938 wf=9 vm=159(on-demand) actualCPU=1.3460s cost=$0.001218
[t=    158.6637][TASK-COMPLETE         ] task=906 wf=9 vm=135(on-demand) actualCPU=1.3610s cost=$0.001232
[t=    158.6637][TASK-COMPLETE         ] task=942 wf=9 vm=163(on-demand) actualCPU=1.3610s cost=$0.001232
[t=    158.6767][TASK-COMPLETE         ] task=898 wf=9 vm=127(on-demand) actualCPU=1.3740s cost=$0.001243
[t=    158.6767][TASK-COMPLETE         ] task=939 wf=9 vm=160(on-demand) actualCPU=1.3740s cost=$0.001243
[t=    158.6877][TASK-COMPLETE         ] task=931 wf=9 vm=152(on-demand) actualCPU=1.3850s cost=$0.001253
[t=    158.7307][TASK-COMPLETE         ] task=899 wf=9 vm=128(on-demand) actualCPU=1.4280s cost=$0.001292
[t=    158.7427][TASK-COMPLETE         ] task=967 wf=9 vm=180(on-demand) actualCPU=1.4400s cost=$0.001303
[t=    158.7427][TASK-COMPLETE         ] task=968 wf=9 vm=181(on-demand) actualCPU=1.4400s cost=$0.001303
[t=    158.7537][TASK-COMPLETE         ] task=902 wf=9 vm=131(on-demand) actualCPU=1.4510s cost=$0.001313
[t=    158.7537][TASK-COMPLETE         ] task=909 wf=9 vm=138(on-demand) actualCPU=1.4510s cost=$0.001313
[t=    158.7537][TASK-COMPLETE         ] task=937 wf=9 vm=158(on-demand) actualCPU=1.4510s cost=$0.001313
[t=    158.7537][TASK-COMPLETE         ] task=955 wf=9 vm=168(on-demand) actualCPU=1.4510s cost=$0.001313
[t=    158.7857][TASK-COMPLETE         ] task=962 wf=9 vm=175(on-demand) actualCPU=1.4830s cost=$0.001342
[t=    158.8117][TASK-COMPLETE         ] task=958 wf=9 vm=171(on-demand) actualCPU=1.5090s cost=$0.001366
[t=    158.8247][TASK-COMPLETE         ] task=941 wf=9 vm=162(on-demand) actualCPU=1.5220s cost=$0.001377
[t=    158.8637][TASK-COMPLETE         ] task=929 wf=9 vm=150(on-demand) actualCPU=1.5610s cost=$0.001413
[t=    158.9467][TASK-COMPLETE         ] task=896 wf=9 vm=121(on-demand) actualCPU=1.7440s cost=$0.001578
[t=    158.9467][TASK-COMPLETE         ] task=940 wf=9 vm=161(on-demand) actualCPU=1.6440s cost=$0.001488
[t=    158.9737][TASK-COMPLETE         ] task=908 wf=9 vm=137(on-demand) actualCPU=1.6710s cost=$0.001512
[t=    158.9937][TASK-COMPLETE         ] task=960 wf=9 vm=173(on-demand) actualCPU=1.6910s cost=$0.001530
[t=    159.0317][TASK-COMPLETE         ] task=693 wf=7 vm=43(reserved) actualCPU=16.9149s
[t=    159.0317][TASK-COMPLETE         ] task=924 wf=9 vm=145(on-demand) actualCPU=1.7290s cost=$0.001565
[t=    159.0317][DISPATCH              ] wf=7 task=716 planned=vm3 BUSY -> advanced to vm=43
[t=    159.0317][DISPATCH              ] wf=7 task=716 vm=43
[t=    159.0447][TASK-COMPLETE         ] task=904 wf=9 vm=133(on-demand) actualCPU=1.7420s cost=$0.001577
[t=    159.0447][TASK-COMPLETE         ] task=974 wf=9 vm=187(on-demand) actualCPU=1.7420s cost=$0.001577
[t=    159.0717][TASK-COMPLETE         ] task=936 wf=9 vm=157(on-demand) actualCPU=1.7690s cost=$0.001601
[t=    159.0717][DISPATCH              ] wf=9 task=923 planned=vm23 no-idle-reserved -> on-demand vm=118
[t=    159.0717][DISPATCH              ] wf=9 task=923 vm=118
[t=    159.1007][TASK-COMPLETE         ] task=905 wf=9 vm=134(on-demand) actualCPU=1.7980s cost=$0.001627
[t=    159.1007][TASK-COMPLETE         ] task=966 wf=9 vm=179(on-demand) actualCPU=1.7980s cost=$0.001627
[t=    159.1007][DISPATCH              ] wf=9 task=892 planned=vm25 no-idle-reserved -> on-demand vm=119
[t=    159.1007][DISPATCH              ] wf=9 task=892 vm=119
[t=    159.1277][TASK-COMPLETE         ] task=963 wf=9 vm=176(on-demand) actualCPU=1.8250s cost=$0.001652
[t=    159.1277][DISPATCH              ] wf=9 task=954 planned=vm1 no-idle-reserved -> on-demand vm=120
[t=    159.1277][DISPATCH              ] wf=9 task=954 vm=120
[t=    159.1817][TASK-COMPLETE         ] task=923 wf=9 vm=118(on-demand) actualCPU=0.1100s cost=$0.000100
[t=    159.2107][TASK-COMPLETE         ] task=704 wf=7 vm=58(on-demand) actualCPU=17.0939s cost=$0.015470
[t=    159.2107][TASK-COMPLETE         ] task=892 wf=9 vm=119(on-demand) actualCPU=0.1100s cost=$0.000100
[t=    159.2107][DISPATCH              ] wf=7 task=727 planned=vm41 no-idle-reserved -> on-demand vm=58
[t=    159.2107][DISPATCH              ] wf=7 task=727 vm=58
[t=    159.2517][TASK-COMPLETE         ] task=954 wf=9 vm=120(on-demand) actualCPU=0.1240s cost=$0.000112
[t=    159.2647][TASK-COMPLETE         ] task=709 wf=7 vm=63(on-demand) actualCPU=17.1479s cost=$0.015519
[t=    159.2647][DISPATCH              ] wf=7 task=732 planned=vm15 no-idle-reserved -> on-demand vm=63
[t=    159.2647][DISPATCH              ] wf=7 task=732 vm=63
[t=    159.3617][TASK-COMPLETE         ] task=713 wf=7 vm=77(on-demand) actualCPU=17.2449s cost=$0.015607
[t=    159.3617][DISPATCH              ] wf=7 task=736 planned=vm1 no-idle-reserved -> on-demand vm=77
[t=    159.3617][DISPATCH              ] wf=7 task=736 vm=77
[t=    159.6227][TASK-COMPLETE         ] task=710 wf=7 vm=72(on-demand) actualCPU=17.5059s cost=$0.015843
[t=    159.6227][DISPATCH              ] wf=7 task=733 planned=vm43 no-idle-reserved -> on-demand vm=72
[t=    159.6227][DISPATCH              ] wf=7 task=733 vm=72
[t=    159.8357][TASK-COMPLETE         ] task=708 wf=7 vm=62(on-demand) actualCPU=17.7189s cost=$0.016036
[t=    159.8357][DISPATCH              ] wf=7 task=731 planned=vm0 no-idle-reserved -> on-demand vm=62
[t=    159.8357][DISPATCH              ] wf=7 task=731 vm=62
[t=    159.8678][TASK-COMPLETE         ] task=697 wf=7 vm=51(on-demand) actualCPU=17.7510s cost=$0.016065
[t=    159.8678][DISPATCH              ] wf=7 task=720 planned=vm14 no-idle-reserved -> on-demand vm=51
[t=    159.8678][DISPATCH              ] wf=7 task=720 vm=51
[t=    159.9388][TASK-COMPLETE         ] task=696 wf=7 vm=50(on-demand) actualCPU=17.8220s cost=$0.016129
[t=    159.9388][DISPATCH              ] wf=7 task=719 planned=vm10 no-idle-reserved -> on-demand vm=50
[t=    159.9388][DISPATCH              ] wf=7 task=719 vm=50
[t=    160.0608][TASK-COMPLETE         ] task=701 wf=7 vm=55(on-demand) actualCPU=17.9440s cost=$0.016239
[t=    160.0608][DISPATCH              ] wf=7 task=724 planned=vm35 no-idle-reserved -> on-demand vm=55
[t=    160.0608][DISPATCH              ] wf=7 task=724 vm=55
[t=    160.6428][TASK-COMPLETE         ] task=714 wf=7 vm=78(on-demand) actualCPU=18.5260s cost=$0.016766
[t=    160.6428][DISPATCH              ] wf=7 task=737 planned=vm18 no-idle-reserved -> on-demand vm=78
[t=    160.6428][DISPATCH              ] wf=7 task=737 vm=78
[t=    160.8248][TASK-COMPLETE         ] task=706 wf=7 vm=60(on-demand) actualCPU=18.7080s cost=$0.016931
[t=    160.8248][DISPATCH              ] wf=7 task=729 planned=vm42 no-idle-reserved -> on-demand vm=60
[t=    160.8248][DISPATCH              ] wf=7 task=729 vm=60
[t=    160.9498][TASK-COMPLETE         ] task=804 wf=8 vm=104(on-demand) actualCPU=15.5604s cost=$0.014082
[t=    160.9498][DISPATCH              ] wf=8 task=827 planned=vm23 no-idle-reserved -> on-demand vm=104
[t=    160.9498][DISPATCH              ] wf=8 task=827 vm=104
[t=    160.9694][TASK-COMPLETE         ] task=814 wf=8 vm=114(on-demand) actualCPU=15.5800s cost=$0.014100
[t=    160.9694][DISPATCH              ] wf=8 task=837 planned=vm27 no-idle-reserved -> on-demand vm=114
[t=    160.9694][DISPATCH              ] wf=8 task=837 vm=114
[t=    161.0984][TASK-COMPLETE         ] task=702 wf=7 vm=56(on-demand) actualCPU=18.9816s cost=$0.017178
[t=    161.0984][DISPATCH              ] wf=7 task=725 planned=vm40 no-idle-reserved -> on-demand vm=56
[t=    161.0984][DISPATCH              ] wf=7 task=725 vm=56
[t=    161.4144][TASK-COMPLETE         ] task=712 wf=7 vm=76(on-demand) actualCPU=19.2976s cost=$0.017464
[t=    161.4144][DISPATCH              ] wf=7 task=735 planned=vm2 no-idle-reserved -> on-demand vm=76
[t=    161.4144][DISPATCH              ] wf=7 task=735 vm=76
[t=    161.5894][TASK-COMPLETE         ] task=711 wf=7 vm=75(on-demand) actualCPU=19.4726s cost=$0.017623
[t=    161.5894][DISPATCH              ] wf=7 task=734 planned=vm6 no-idle-reserved -> on-demand vm=75
[t=    161.5894][DISPATCH              ] wf=7 task=734 vm=75
[t=    161.6044][TASK-COMPLETE         ] task=799 wf=8 vm=98(on-demand) actualCPU=16.2150s cost=$0.014675
[t=    161.6044][DISPATCH              ] wf=8 task=822 planned=vm4 no-idle-reserved -> on-demand vm=98
[t=    161.6044][DISPATCH              ] wf=8 task=822 vm=98
[t=    161.7144][TASK-COMPLETE         ] task=692 wf=7 vm=42(reserved) actualCPU=19.5976s
[t=    161.7144][TASK-COMPLETE         ] task=805 wf=8 vm=105(on-demand) actualCPU=16.3250s cost=$0.014774
[t=    161.7144][DISPATCH              ] wf=7 task=715 planned=vm7 BUSY -> advanced to vm=42
[t=    161.7144][DISPATCH              ] wf=8 task=828 planned=vm21 no-idle-reserved -> on-demand vm=105
[t=    161.7144][DISPATCH              ] wf=7 task=715 vm=42
[t=    161.7144][DISPATCH              ] wf=8 task=828 vm=105
[t=    161.8334][TASK-COMPLETE         ] task=698 wf=7 vm=52(on-demand) actualCPU=19.7166s cost=$0.017844
[t=    161.8334][DISPATCH              ] wf=7 task=721 planned=vm42 no-idle-reserved -> on-demand vm=52
[t=    161.8334][DISPATCH              ] wf=7 task=721 vm=52
[t=    162.3404][TASK-COMPLETE         ] task=810 wf=8 vm=110(on-demand) actualCPU=16.9510s cost=$0.015341
[t=    162.3404][DISPATCH              ] wf=8 task=833 planned=vm2 no-idle-reserved -> on-demand vm=110
[t=    162.3404][DISPATCH              ] wf=8 task=833 vm=110
[t=    162.3750][TASK-COMPLETE         ] task=220 wf=2 vm=46(reserved) actualCPU=113.5740s
[t=    162.3750][TASK-COMPLETE         ] task=707 wf=7 vm=61(on-demand) actualCPU=20.2582s cost=$0.018334
[t=    162.3750][DISPATCH              ] wf=2 task=221 planned=vm12 BUSY -> advanced to vm=46
[t=    162.3750][DISPATCH              ] wf=2 task=223 planned=vm4 no-idle-reserved -> on-demand vm=61
[t=    162.3750][DISPATCH              ] wf=2 task=225 planned=vm29 no-idle-reserved -> on-demand vm=118
[t=    162.3750][DISPATCH              ] wf=2 task=227 planned=vm15 no-idle-reserved -> on-demand vm=119
[t=    162.3750][DISPATCH              ] wf=2 task=229 planned=vm41 no-idle-reserved -> on-demand vm=120
[t=    162.3750][DISPATCH              ] wf=7 task=730 planned=vm31 no-idle-reserved -> on-demand vm=121
[t=    162.3750][DISPATCH              ] wf=2 task=221 vm=46
[t=    162.3750][DISPATCH              ] wf=2 task=223 vm=61
[t=    162.3750][DISPATCH              ] wf=2 task=225 vm=118
[t=    162.3750][DISPATCH              ] wf=2 task=227 vm=119
[t=    162.3750][DISPATCH              ] wf=2 task=229 vm=120
[t=    162.3750][DISPATCH              ] wf=7 task=730 vm=121
[t=    162.4478][TASK-COMPLETE         ] task=695 wf=7 vm=45(reserved) actualCPU=20.3310s
[t=    162.4478][DISPATCH              ] wf=7 task=718 planned=vm4 BUSY -> advanced to vm=45
[t=    162.4478][DISPATCH              ] wf=7 task=718 vm=45
[t=    162.5478][TASK-COMPLETE         ] task=694 wf=7 vm=44(reserved) actualCPU=20.4310s
[t=    162.5478][DISPATCH              ] wf=7 task=717 planned=vm46 BUSY -> advanced to vm=44
[t=    162.5478][DISPATCH              ] wf=7 task=717 vm=44
[t=    162.5924][TASK-COMPLETE         ] task=801 wf=8 vm=101(on-demand) actualCPU=17.2030s cost=$0.015569
[t=    162.5924][DISPATCH              ] wf=8 task=824 planned=vm7 no-idle-reserved -> on-demand vm=101
[t=    162.5924][DISPATCH              ] wf=8 task=824 vm=101
[t=    162.6578][TASK-COMPLETE         ] task=699 wf=7 vm=53(on-demand) actualCPU=20.5410s cost=$0.018590
[t=    162.6578][DISPATCH              ] wf=7 task=722 planned=vm9 no-idle-reserved -> on-demand vm=53
[t=    162.6578][DISPATCH              ] wf=7 task=722 vm=53
[t=    162.8188][TASK-COMPLETE         ] task=803 wf=8 vm=103(on-demand) actualCPU=17.4294s cost=$0.015774
[t=    162.8188][DISPATCH              ] wf=8 task=826 planned=vm19 no-idle-reserved -> on-demand vm=103
[t=    162.8188][DISPATCH              ] wf=8 task=826 vm=103
[t=    162.8464][TASK-COMPLETE         ] task=795 wf=8 vm=89(on-demand) actualCPU=17.4570s cost=$0.015799
[t=    162.8464][DISPATCH              ] wf=8 task=818 planned=vm26 no-idle-reserved -> on-demand vm=89
[t=    162.8464][DISPATCH              ] wf=8 task=818 vm=89
[t=    162.8664][TASK-COMPLETE         ] task=811 wf=8 vm=111(on-demand) actualCPU=17.4770s cost=$0.015817
[t=    162.8664][DISPATCH              ] wf=8 task=834 planned=ON-DEMAND -> vm=111 (on-demand)
[t=    162.8664][DISPATCH              ] wf=8 task=834 vm=111
[t=    162.9564][TASK-COMPLETE         ] task=796 wf=8 vm=90(on-demand) actualCPU=17.5670s cost=$0.015898
[t=    162.9564][DISPATCH              ] wf=8 task=819 planned=vm34 no-idle-reserved -> on-demand vm=90
[t=    162.9564][DISPATCH              ] wf=8 task=819 vm=90
[t=    162.9764][TASK-COMPLETE         ] task=808 wf=8 vm=108(on-demand) actualCPU=17.5870s cost=$0.015916
[t=    162.9764][DISPATCH              ] wf=8 task=831 planned=ON-DEMAND -> vm=108 (on-demand)
[t=    162.9764][DISPATCH              ] wf=8 task=831 vm=108
[t=    163.6018][TASK-COMPLETE         ] task=806 wf=8 vm=106(on-demand) actualCPU=18.2124s cost=$0.016482
[t=    163.6018][DISPATCH              ] wf=8 task=829 planned=vm11 no-idle-reserved -> on-demand vm=106
[t=    163.6018][DISPATCH              ] wf=8 task=829 vm=106
[t=    163.6844][TASK-COMPLETE         ] task=792 wf=8 vm=86(on-demand) actualCPU=18.2950s cost=$0.016557
[t=    163.6844][DISPATCH              ] wf=8 task=815 planned=vm16 no-idle-reserved -> on-demand vm=86
[t=    163.6844][DISPATCH              ] wf=8 task=815 vm=86
[t=    163.7694][TASK-COMPLETE         ] task=807 wf=8 vm=107(on-demand) actualCPU=18.3800s cost=$0.016634
[t=    163.7694][DISPATCH              ] wf=8 task=830 planned=vm18 no-idle-reserved -> on-demand vm=107
[t=    163.7694][DISPATCH              ] wf=8 task=830 vm=107
[t=    163.8674][TASK-COMPLETE         ] task=812 wf=8 vm=112(on-demand) actualCPU=18.4780s cost=$0.016723
[t=    163.8674][DISPATCH              ] wf=8 task=835 planned=vm8 no-idle-reserved -> on-demand vm=112
[t=    163.8674][DISPATCH              ] wf=8 task=835 vm=112
[t=    164.1118][TASK-COMPLETE         ] task=793 wf=8 vm=87(on-demand) actualCPU=18.7224s cost=$0.016944
[t=    164.1118][DISPATCH              ] wf=8 task=816 planned=vm37 no-idle-reserved -> on-demand vm=87
[t=    164.1118][DISPATCH              ] wf=8 task=816 vm=87
[t=    164.7618][TASK-COMPLETE         ] task=794 wf=8 vm=88(on-demand) actualCPU=19.3724s cost=$0.017532
[t=    164.7618][DISPATCH              ] wf=8 task=817 planned=vm12 no-idle-reserved -> on-demand vm=88
[t=    164.7618][DISPATCH              ] wf=8 task=817 vm=88
[t=    164.8344][TASK-COMPLETE         ] task=802 wf=8 vm=102(on-demand) actualCPU=19.4450s cost=$0.017598
[t=    164.8344][DISPATCH              ] wf=8 task=825 planned=vm30 no-idle-reserved -> on-demand vm=102
[t=    164.8344][DISPATCH              ] wf=8 task=825 vm=102
[t=    165.1778][TASK-COMPLETE         ] task=798 wf=8 vm=92(on-demand) actualCPU=19.7884s cost=$0.017909
[t=    165.1778][DISPATCH              ] wf=8 task=821 planned=vm28 no-idle-reserved -> on-demand vm=92
[t=    165.1778][DISPATCH              ] wf=8 task=821 vm=92
[t=    165.2334][TASK-COMPLETE         ] task=813 wf=8 vm=113(on-demand) actualCPU=19.8440s cost=$0.017959
[t=    165.2334][TASK-COMPLETE         ] task=682 wf=6 vm=123(on-demand) actualCPU=24.8444s cost=$0.022484
[t=    165.2334][DISPATCH              ] wf=8 task=836 planned=vm5 no-idle-reserved -> on-demand vm=113
[t=    165.2334][DISPATCH              ] wf=8 task=836 vm=113
[t=    165.5004][TASK-COMPLETE         ] task=338 wf=3 vm=80(on-demand) actualCPU=21.9672s cost=$0.019880
[t=    165.5004][DISPATCH              ] wf=3 task=339 planned=vm5 no-idle-reserved -> on-demand vm=80
[t=    165.5004][DISPATCH              ] wf=3 task=339 vm=80
[t=    165.6074][TASK-COMPLETE         ] task=800 wf=8 vm=100(on-demand) actualCPU=20.2180s cost=$0.018297
[t=    165.6074][DISPATCH              ] wf=8 task=823 planned=vm29 no-idle-reserved -> on-demand vm=100
[t=    165.6074][DISPATCH              ] wf=8 task=823 vm=100
[t=    165.9644][TASK-COMPLETE         ] task=797 wf=8 vm=91(on-demand) actualCPU=20.5750s cost=$0.018620
[t=    165.9644][DISPATCH              ] wf=8 task=820 planned=vm47 no-idle-reserved -> on-demand vm=91
[t=    165.9644][DISPATCH              ] wf=8 task=820 vm=91
[t=    166.5274][TASK-COMPLETE         ] task=339 wf=3 vm=80(on-demand) actualCPU=1.0270s cost=$0.000929
[t=    166.8994][TASK-COMPLETE         ] task=809 wf=8 vm=109(on-demand) actualCPU=21.5100s cost=$0.019467
[t=    166.8994][DISPATCH              ] wf=8 task=832 planned=vm43 no-idle-reserved -> on-demand vm=80
[t=    166.8994][DISPATCH              ] wf=8 task=832 vm=80
[t=    167.2464][TASK-COMPLETE         ] task=647 wf=6 vm=94(on-demand) actualCPU=26.9574s cost=$0.024396
[t=    168.8457][NEGOTIATE             ] wf=10 tasks=100 arrivalTime=168.8457 deadline=695.1657 cp=290.2230 BETA*cp=319.2453 slack=526.3200 -> ACCEPTED
[t=    168.8457][DISPATCH              ] wf=10 task=991 planned=vm17 no-idle-reserved -> on-demand vm=94
[t=    168.8457][DISPATCH              ] wf=10 task=1000 planned=vm46 no-idle-reserved -> on-demand vm=109
[t=    168.8457][DISPATCH              ] wf=10 task=1011 planned=vm34 no-idle-reserved -> on-demand vm=123
[t=    168.8457][DISPATCH              ] wf=10 task=1022 planned=vm32 no-idle-reserved -> on-demand vm=126
[t=    168.8457][DISPATCH              ] wf=10 task=1033 planned=vm12 no-idle-reserved -> on-demand vm=127
[t=    168.8457][DISPATCH              ] wf=10 task=1046 planned=vm21 no-idle-reserved -> on-demand vm=128
[t=    168.8457][DISPATCH              ] wf=10 task=1059 planned=vm8 no-idle-reserved -> on-demand vm=129
[t=    168.8457][DISPATCH              ] wf=10 task=1074 planned=vm7 no-idle-reserved -> on-demand vm=130
[t=    168.8457][DISPATCH              ] wf=10 task=991 vm=94
[t=    168.8457][DISPATCH              ] wf=10 task=1000 vm=109
[t=    168.8457][DISPATCH              ] wf=10 task=1011 vm=123
[t=    168.8457][DISPATCH              ] wf=10 task=1022 vm=126
[t=    168.8457][DISPATCH              ] wf=10 task=1033 vm=127
[t=    168.8457][DISPATCH              ] wf=10 task=1046 vm=128
[t=    168.8457][DISPATCH              ] wf=10 task=1059 vm=129
[t=    168.8457][DISPATCH              ] wf=10 task=1074 vm=130
[t=    170.9284][TASK-COMPLETE         ] task=238 wf=2 vm=84(on-demand) actualCPU=27.1872s cost=$0.024604
[t=    170.9284][DISPATCH              ] wf=2 task=239 planned=vm7 no-idle-reserved -> on-demand vm=84
[t=    170.9284][DISPATCH              ] wf=2 task=239 vm=84
[t=    172.0394][TASK-COMPLETE         ] task=239 wf=2 vm=84(on-demand) actualCPU=1.1110s cost=$0.001005
[t=    177.6554][TASK-COMPLETE         ] task=979 wf=9 vm=192(on-demand) actualCPU=20.3527s cost=$0.018419
[t=    179.9244][TASK-COMPLETE         ] task=616 wf=6 vm=66(on-demand) actualCPU=39.6354s cost=$0.035870
[t=    180.1304][TASK-COMPLETE         ] task=340 wf=3 vm=81(on-demand) actualCPU=36.5972s cost=$0.033120
[t=    180.1304][DISPATCH              ] wf=3 task=341 planned=vm20 no-idle-reserved -> on-demand vm=66
[t=    180.1304][DISPATCH              ] wf=3 task=341 vm=66
[t=    180.5494][TASK-COMPLETE         ] task=236 wf=2 vm=83(on-demand) actualCPU=36.8082s cost=$0.033311
[t=    180.5494][DISPATCH              ] wf=2 task=237 planned=vm28 no-idle-reserved -> on-demand vm=81
[t=    180.5494][DISPATCH              ] wf=2 task=237 vm=81
[t=    180.6202][TASK-COMPLETE         ] task=240 wf=2 vm=85(on-demand) actualCPU=36.8790s cost=$0.033375
[t=    180.6202][DISPATCH              ] wf=2 task=241 planned=vm16 no-idle-reserved -> on-demand vm=83
[t=    180.6202][DISPATCH              ] wf=2 task=241 vm=83
[t=    181.1762][TASK-COMPLETE         ] task=237 wf=2 vm=81(on-demand) actualCPU=0.6268s cost=$0.000567
[t=    181.4842][TASK-COMPLETE         ] task=341 wf=3 vm=66(on-demand) actualCPU=1.3538s cost=$0.001225
[t=    181.8042][TASK-COMPLETE         ] task=241 wf=2 vm=83(on-demand) actualCPU=1.1840s cost=$0.001072
[t=    181.8802][TASK-COMPLETE         ] task=232 wf=2 vm=23(reserved) actualCPU=38.1390s
[t=    181.8802][DISPATCH              ] wf=2 task=233 planned=vm4 BUSY -> advanced to vm=23
[t=    181.8802][DISPATCH              ] wf=2 task=233 vm=23
[t=    182.3822][TASK-COMPLETE         ] task=212 wf=2 vm=67(on-demand) actualCPU=25.7310s cost=$0.023287
[t=    182.3822][DISPATCH              ] wf=2 task=213 planned=vm21 no-idle-reserved -> on-demand vm=66
[t=    182.3822][DISPATCH              ] wf=2 task=213 vm=66
[t=    182.9279][NEGOTIATE             ] wf=11 tasks=100 arrivalTime=182.9279 deadline=2848.4479 cp=1395.3530 BETA*cp=1534.8883 slack=2665.5200 -> ACCEPTED
[t=    182.9279][DISPATCH              ] wf=11 task=1089 planned=vm30 no-idle-reserved -> on-demand vm=67
[t=    182.9279][DISPATCH              ] wf=11 task=1090 planned=vm36 no-idle-reserved -> on-demand vm=81
[t=    182.9279][DISPATCH              ] wf=11 task=1091 planned=vm44 no-idle-reserved -> on-demand vm=83
[t=    182.9279][DISPATCH              ] wf=11 task=1092 planned=vm44 no-idle-reserved -> on-demand vm=84
[t=    182.9279][DISPATCH              ] wf=11 task=1093 planned=vm48 no-idle-reserved -> on-demand vm=85
[t=    182.9279][DISPATCH              ] wf=11 task=1094 planned=vm13 no-idle-reserved -> on-demand vm=131
[t=    182.9279][DISPATCH              ] wf=11 task=1095 planned=vm13 no-idle-reserved -> on-demand vm=132
[t=    182.9279][DISPATCH              ] wf=11 task=1096 planned=vm48 no-idle-reserved -> on-demand vm=133
[t=    182.9279][DISPATCH              ] wf=11 task=1097 planned=vm28 no-idle-reserved -> on-demand vm=134
[t=    182.9279][DISPATCH              ] wf=11 task=1098 planned=vm30 no-idle-reserved -> on-demand vm=135
[t=    182.9279][DISPATCH              ] wf=11 task=1099 planned=vm34 no-idle-reserved -> on-demand vm=136
[t=    182.9279][DISPATCH              ] wf=11 task=1100 planned=vm13 no-idle-reserved -> on-demand vm=137
[t=    182.9279][DISPATCH              ] wf=11 task=1101 planned=vm49 no-idle-reserved -> on-demand vm=138
[t=    182.9279][DISPATCH              ] wf=11 task=1102 planned=vm44 no-idle-reserved -> on-demand vm=139
[t=    182.9279][DISPATCH              ] wf=11 task=1103 planned=vm39 no-idle-reserved -> on-demand vm=140
[t=    182.9279][DISPATCH              ] wf=11 task=1104 planned=vm17 no-idle-reserved -> on-demand vm=145
[t=    182.9279][DISPATCH              ] wf=11 task=1105 planned=vm47 no-idle-reserved -> on-demand vm=146
[t=    182.9279][DISPATCH              ] wf=11 task=1106 planned=vm28 no-idle-reserved -> on-demand vm=147
[t=    182.9279][DISPATCH              ] wf=11 task=1107 planned=vm24 no-idle-reserved -> on-demand vm=148
[t=    182.9279][DISPATCH              ] wf=11 task=1108 planned=vm6 no-idle-reserved -> on-demand vm=149
[t=    182.9279][DISPATCH              ] wf=11 task=1109 planned=vm20 no-idle-reserved -> on-demand vm=150
[t=    182.9279][DISPATCH              ] wf=11 task=1110 planned=vm39 no-idle-reserved -> on-demand vm=151
[t=    182.9279][DISPATCH              ] wf=11 task=1111 planned=vm9 no-idle-reserved -> on-demand vm=152
[t=    182.9279][DISPATCH              ] wf=11 task=1089 vm=67
[t=    182.9279][DISPATCH              ] wf=11 task=1090 vm=81
[t=    182.9279][DISPATCH              ] wf=11 task=1091 vm=83
[t=    182.9279][DISPATCH              ] wf=11 task=1092 vm=84
[t=    182.9279][DISPATCH              ] wf=11 task=1093 vm=85
[t=    182.9279][DISPATCH              ] wf=11 task=1094 vm=131
[t=    182.9279][DISPATCH              ] wf=11 task=1095 vm=132
[t=    182.9279][DISPATCH              ] wf=11 task=1096 vm=133
[t=    182.9279][DISPATCH              ] wf=11 task=1097 vm=134
[t=    182.9279][DISPATCH              ] wf=11 task=1098 vm=135
[t=    182.9279][DISPATCH              ] wf=11 task=1099 vm=136
[t=    182.9279][DISPATCH              ] wf=11 task=1100 vm=137
[t=    182.9279][DISPATCH              ] wf=11 task=1101 vm=138
[t=    182.9279][DISPATCH              ] wf=11 task=1102 vm=139
[t=    182.9279][DISPATCH              ] wf=11 task=1103 vm=140
[t=    182.9279][DISPATCH              ] wf=11 task=1104 vm=145
[t=    182.9279][DISPATCH              ] wf=11 task=1105 vm=146
[t=    182.9279][DISPATCH              ] wf=11 task=1106 vm=147
[t=    182.9279][DISPATCH              ] wf=11 task=1107 vm=148
[t=    182.9279][DISPATCH              ] wf=11 task=1108 vm=149
[t=    182.9279][DISPATCH              ] wf=11 task=1109 vm=150
[t=    182.9279][DISPATCH              ] wf=11 task=1110 vm=151
[t=    182.9279][DISPATCH              ] wf=11 task=1111 vm=152
[t=    183.0379][TASK-COMPLETE         ] task=233 wf=2 vm=23(reserved) actualCPU=1.1577s
[t=    183.4449][TASK-COMPLETE         ] task=234 wf=2 vm=82(on-demand) actualCPU=39.7037s cost=$0.035932
[t=    183.4449][DISPATCH              ] wf=2 task=235 -> vm=23 (planned reserved, was idle)
[t=    183.4449][DISPATCH              ] wf=2 task=235 vm=23
[t=    183.6259][TASK-COMPLETE         ] task=336 wf=3 vm=79(on-demand) actualCPU=40.0927s cost=$0.036284
[t=    183.6259][DISPATCH              ] wf=3 task=337 planned=vm34 no-idle-reserved -> on-demand vm=79
[t=    183.6259][DISPATCH              ] wf=3 task=337 vm=79
[t=    184.1909][TASK-COMPLETE         ] task=213 wf=2 vm=66(on-demand) actualCPU=1.8087s cost=$0.001637
[t=    184.2989][TASK-COMPLETE         ] task=337 wf=3 vm=79(on-demand) actualCPU=0.6730s cost=$0.000609
[t=    184.4299][TASK-COMPLETE         ] task=210 wf=2 vm=34(reserved) actualCPU=27.7787s
[t=    184.4299][DISPATCH              ] wf=2 task=211 planned=vm37 BUSY -> advanced to vm=34
[t=    184.4299][DISPATCH              ] wf=2 task=211 vm=34
[t=    184.7109][TASK-COMPLETE         ] task=235 wf=2 vm=23(reserved) actualCPU=1.2660s
[t=    185.0389][TASK-COMPLETE         ] task=214 wf=2 vm=115(on-demand) actualCPU=28.3877s cost=$0.025691
[t=    185.0389][DISPATCH              ] wf=2 task=215 planned=vm10 BUSY -> advanced to vm=23
[t=    185.0389][DISPATCH              ] wf=2 task=215 vm=23
[t=    185.1559][TASK-COMPLETE         ] task=211 wf=2 vm=34(reserved) actualCPU=0.7260s
[t=    185.4769][TASK-COMPLETE         ] task=332 wf=3 vm=17(reserved) actualCPU=41.9437s
[t=    185.4769][DISPATCH              ] wf=3 task=333 planned=vm11 BUSY -> advanced to vm=17
[t=    185.4769][DISPATCH              ] wf=3 task=333 vm=17
[t=    186.4539][TASK-COMPLETE         ] task=320 wf=3 vm=2(reserved) actualCPU=117.4388s
[t=    186.4539][DISPATCH              ] wf=3 task=321 planned=vm29 BUSY -> advanced to vm=2
[t=    186.4539][DISPATCH              ] wf=3 task=323 planned=vm36 BUSY -> advanced to vm=34
[t=    186.4539][DISPATCH              ] wf=3 task=325 planned=vm39 no-idle-reserved -> on-demand vm=66
[t=    186.4539][DISPATCH              ] wf=3 task=327 planned=vm45 no-idle-reserved -> on-demand vm=79
[t=    186.4539][DISPATCH              ] wf=3 task=329 planned=vm20 no-idle-reserved -> on-demand vm=82
[t=    186.4539][DISPATCH              ] wf=3 task=321 vm=2
[t=    186.4539][DISPATCH              ] wf=3 task=323 vm=34
[t=    186.4539][DISPATCH              ] wf=3 task=325 vm=66
[t=    186.4539][DISPATCH              ] wf=3 task=327 vm=79
[t=    186.4539][DISPATCH              ] wf=3 task=329 vm=82
[t=    186.5499][TASK-COMPLETE         ] task=333 wf=3 vm=17(reserved) actualCPU=1.0730s
[t=    186.7519][TASK-COMPLETE         ] task=215 wf=2 vm=23(reserved) actualCPU=1.7130s
[t=    189.1219][TASK-COMPLETE         ] task=334 wf=3 vm=20(reserved) actualCPU=45.5887s
[t=    189.1219][DISPATCH              ] wf=3 task=335 -> vm=17 (planned reserved, was idle)
[t=    189.1219][DISPATCH              ] wf=3 task=335 vm=17
[t=    189.7629][TASK-COMPLETE         ] task=200 wf=2 vm=21(reserved) actualCPU=140.9619s
[t=    189.7629][DISPATCH              ] wf=2 task=201 planned=vm7 BUSY -> advanced to vm=20
[t=    189.7629][DISPATCH              ] wf=2 task=203 planned=vm11 BUSY -> advanced to vm=21
[t=    189.7629][DISPATCH              ] wf=2 task=205 planned=vm3 BUSY -> advanced to vm=23
[t=    189.7629][DISPATCH              ] wf=2 task=207 planned=vm6 no-idle-reserved -> on-demand vm=115
[t=    189.7629][DISPATCH              ] wf=2 task=201 vm=20
[t=    189.7629][DISPATCH              ] wf=2 task=203 vm=21
[t=    189.7629][DISPATCH              ] wf=2 task=205 vm=23
[t=    189.7629][DISPATCH              ] wf=2 task=207 vm=115
[t=    190.3799][TASK-COMPLETE         ] task=335 wf=3 vm=17(reserved) actualCPU=1.2580s
[t=    191.3709][TASK-COMPLETE         ] task=913 wf=9 vm=142(on-demand) actualCPU=34.0682s cost=$0.030832
[t=    192.6129][TASK-COMPLETE         ] task=683 wf=6 vm=124(on-demand) actualCPU=52.2239s cost=$0.047263
[t=    193.1119][TASK-COMPLETE         ] task=944 wf=9 vm=165(on-demand) actualCPU=35.8092s cost=$0.032407
[t=    195.0569][TASK-COMPLETE         ] task=216 wf=2 vm=116(on-demand) actualCPU=38.4057s cost=$0.034757
[t=    195.0569][DISPATCH              ] wf=2 task=217 -> vm=17 (planned reserved, was idle)
[t=    195.0569][DISPATCH              ] wf=2 task=217 vm=17
[t=    195.0820][TASK-COMPLETE         ] task=225 wf=2 vm=118(on-demand) actualCPU=32.7070s cost=$0.029600
[t=    195.0820][DISPATCH              ] wf=2 task=226 planned=vm13 no-idle-reserved -> on-demand vm=116
[t=    195.0820][DISPATCH              ] wf=2 task=226 vm=116
[t=    195.8809][TASK-COMPLETE         ] task=617 wf=6 vm=69(on-demand) actualCPU=55.5919s cost=$0.050311
[t=    196.2469][TASK-COMPLETE         ] task=226 wf=2 vm=116(on-demand) actualCPU=1.1649s cost=$0.001054
[t=    196.8023][NEGOTIATE             ] wf=12 tasks=100 arrivalTime=196.8023 deadline=723.1223 cp=270.0550 BETA*cp=297.0605 slack=526.3200 -> ACCEPTED
[t=    196.8023][DISPATCH              ] wf=12 task=1191 planned=vm31 no-idle-reserved -> on-demand vm=69
[t=    196.8023][DISPATCH              ] wf=12 task=1200 planned=vm33 no-idle-reserved -> on-demand vm=116
[t=    196.8023][DISPATCH              ] wf=12 task=1211 planned=vm22 no-idle-reserved -> on-demand vm=118
[t=    196.8023][DISPATCH              ] wf=12 task=1222 planned=vm27 no-idle-reserved -> on-demand vm=124
[t=    196.8023][DISPATCH              ] wf=12 task=1233 planned=ON-DEMAND -> vm=142 (on-demand)
[t=    196.8023][DISPATCH              ] wf=12 task=1246 planned=vm20 no-idle-reserved -> on-demand vm=153
[t=    196.8023][DISPATCH              ] wf=12 task=1259 planned=vm14 no-idle-reserved -> on-demand vm=154
[t=    196.8023][DISPATCH              ] wf=12 task=1274 planned=vm35 no-idle-reserved -> on-demand vm=155
[t=    196.8023][DISPATCH              ] wf=12 task=1191 vm=69
[t=    196.8023][DISPATCH              ] wf=12 task=1200 vm=116
[t=    196.8023][DISPATCH              ] wf=12 task=1211 vm=118
[t=    196.8023][DISPATCH              ] wf=12 task=1222 vm=124
[t=    196.8023][DISPATCH              ] wf=12 task=1233 vm=142
[t=    196.8023][DISPATCH              ] wf=12 task=1246 vm=153
[t=    196.8023][DISPATCH              ] wf=12 task=1259 vm=154
[t=    196.8023][DISPATCH              ] wf=12 task=1274 vm=155
[t=    196.8639][TASK-COMPLETE         ] task=217 wf=2 vm=17(reserved) actualCPU=1.8070s
[t=    198.1083][TASK-COMPLETE         ] task=1110 wf=11 vm=151(on-demand) actualCPU=15.1804s cost=$0.013738
[t=    198.1083][DISPATCH              ] wf=11 task=1133 planned=ON-DEMAND -> vm=151 (on-demand)
[t=    198.1083][DISPATCH              ] wf=11 task=1133 vm=151
[t=    198.2149][TASK-COMPLETE         ] task=1094 wf=11 vm=131(on-demand) actualCPU=15.2870s cost=$0.013835
[t=    198.2149][DISPATCH              ] wf=11 task=1117 planned=vm19 BUSY -> advanced to vm=17
[t=    198.2149][DISPATCH              ] wf=11 task=1117 vm=17
[t=    198.5769][TASK-COMPLETE         ] task=1098 wf=11 vm=135(on-demand) actualCPU=15.6490s cost=$0.014162
[t=    198.5769][DISPATCH              ] wf=11 task=1121 planned=ON-DEMAND -> vm=131 (on-demand)
[t=    198.5769][DISPATCH              ] wf=11 task=1121 vm=131
[t=    199.1569][TASK-COMPLETE         ] task=1092 wf=11 vm=84(on-demand) actualCPU=16.2290s cost=$0.014687
[t=    199.1569][DISPATCH              ] wf=11 task=1115 planned=ON-DEMAND -> vm=84 (on-demand)
[t=    199.1569][DISPATCH              ] wf=11 task=1115 vm=84
[t=    199.3099][TASK-COMPLETE         ] task=1093 wf=11 vm=85(on-demand) actualCPU=16.3820s cost=$0.014826
[t=    199.3099][DISPATCH              ] wf=11 task=1116 planned=ON-DEMAND -> vm=85 (on-demand)
[t=    199.3099][DISPATCH              ] wf=11 task=1116 vm=85
[t=    199.3390][TASK-COMPLETE         ] task=229 wf=2 vm=120(on-demand) actualCPU=36.9640s cost=$0.033452
[t=    199.3390][DISPATCH              ] wf=2 task=230 planned=vm35 no-idle-reserved -> on-demand vm=120
[t=    199.3390][DISPATCH              ] wf=2 task=230 vm=120
[t=    199.7940][TASK-COMPLETE         ] task=1102 wf=11 vm=139(on-demand) actualCPU=16.8661s cost=$0.015264
[t=    199.7940][DISPATCH              ] wf=11 task=1125 planned=ON-DEMAND -> vm=135 (on-demand)
[t=    199.7940][DISPATCH              ] wf=11 task=1125 vm=135
[t=    199.8499][TASK-COMPLETE         ] task=1100 wf=11 vm=137(on-demand) actualCPU=16.9220s cost=$0.015314
[t=    199.8499][DISPATCH              ] wf=11 task=1123 planned=vm32 no-idle-reserved -> on-demand vm=137
[t=    199.8499][DISPATCH              ] wf=11 task=1123 vm=137
[t=    200.0289][TASK-COMPLETE         ] task=355 wf=3 vm=3(reserved) actualCPU=131.0138s
[t=    200.0289][DISPATCH              ] wf=3 task=356 planned=vm6 BUSY -> advanced to vm=3
[t=    200.0289][DISPATCH              ] wf=3 task=358 planned=vm3 no-idle-reserved -> on-demand vm=139
[t=    200.0289][DISPATCH              ] wf=3 task=360 planned=vm44 no-idle-reserved -> on-demand vm=156
[t=    200.0289][DISPATCH              ] wf=3 task=362 planned=vm28 no-idle-reserved -> on-demand vm=157
[t=    200.0289][DISPATCH              ] wf=3 task=364 planned=vm31 no-idle-reserved -> on-demand vm=158
[t=    200.0289][DISPATCH              ] wf=3 task=366 planned=vm35 no-idle-reserved -> on-demand vm=159
[t=    200.0289][DISPATCH              ] wf=3 task=356 vm=3
[t=    200.0289][DISPATCH              ] wf=3 task=358 vm=139
[t=    200.0289][DISPATCH              ] wf=3 task=360 vm=156
[t=    200.0289][DISPATCH              ] wf=3 task=362 vm=157
[t=    200.0289][DISPATCH              ] wf=3 task=364 vm=158
[t=    200.0289][DISPATCH              ] wf=3 task=366 vm=159
[t=    200.2029][TASK-COMPLETE         ] task=1090 wf=11 vm=81(on-demand) actualCPU=17.2750s cost=$0.015634
[t=    200.2029][DISPATCH              ] wf=11 task=1113 planned=vm39 no-idle-reserved -> on-demand vm=81
[t=    200.2029][DISPATCH              ] wf=11 task=1113 vm=81
[t=    200.5819][TASK-COMPLETE         ] task=1095 wf=11 vm=132(on-demand) actualCPU=17.6540s cost=$0.015977
[t=    200.5819][DISPATCH              ] wf=11 task=1118 planned=vm42 no-idle-reserved -> on-demand vm=132
[t=    200.5819][DISPATCH              ] wf=11 task=1118 vm=132
[t=    200.8419][TASK-COMPLETE         ] task=230 wf=2 vm=120(on-demand) actualCPU=1.5029s cost=$0.001360
[t=    200.8839][TASK-COMPLETE         ] task=1089 wf=11 vm=67(on-demand) actualCPU=17.9560s cost=$0.016250
[t=    200.8839][DISPATCH              ] wf=11 task=1112 planned=ON-DEMAND -> vm=67 (on-demand)
[t=    200.8839][DISPATCH              ] wf=11 task=1112 vm=67
[t=    201.0329][TASK-COMPLETE         ] task=1099 wf=11 vm=136(on-demand) actualCPU=18.1050s cost=$0.016385
[t=    201.0329][DISPATCH              ] wf=11 task=1122 planned=vm40 no-idle-reserved -> on-demand vm=120
[t=    201.0329][DISPATCH              ] wf=11 task=1122 vm=120
[t=    201.0782][TASK-COMPLETE         ] task=218 wf=2 vm=117(on-demand) actualCPU=44.4270s cost=$0.040206
[t=    201.0782][DISPATCH              ] wf=2 task=219 planned=vm47 no-idle-reserved -> on-demand vm=117
[t=    201.0782][DISPATCH              ] wf=2 task=219 vm=117
[t=    201.6822][TASK-COMPLETE         ] task=1107 wf=11 vm=148(on-demand) actualCPU=18.7543s cost=$0.016973
[t=    201.6822][DISPATCH              ] wf=11 task=1130 planned=ON-DEMAND -> vm=136 (on-demand)
[t=    201.6822][DISPATCH              ] wf=11 task=1130 vm=136
[t=    201.9952][TASK-COMPLETE         ] task=1104 wf=11 vm=145(on-demand) actualCPU=19.0673s cost=$0.017256
[t=    201.9952][DISPATCH              ] wf=11 task=1127 planned=vm36 no-idle-reserved -> on-demand vm=145
[t=    201.9952][DISPATCH              ] wf=11 task=1127 vm=145
[t=    202.0422][TASK-COMPLETE         ] task=219 wf=2 vm=117(on-demand) actualCPU=0.9640s cost=$0.000872
[t=    202.0669][TASK-COMPLETE         ] task=1111 wf=11 vm=152(on-demand) actualCPU=19.1390s cost=$0.017321
[t=    202.0669][DISPATCH              ] wf=11 task=1134 planned=ON-DEMAND -> vm=117 (on-demand)
[t=    202.0669][DISPATCH              ] wf=11 task=1134 vm=117
[t=    202.1201][TASK-COMPLETE         ] task=309 wf=3 vm=0(reserved) actualCPU=133.1050s
[t=    202.1201][DISPATCH              ] wf=3 task=310 planned=vm29 BUSY -> advanced to vm=0
[t=    202.1201][DISPATCH              ] wf=3 task=312 planned=vm34 no-idle-reserved -> on-demand vm=148
[t=    202.1201][DISPATCH              ] wf=3 task=314 planned=vm36 no-idle-reserved -> on-demand vm=152
[t=    202.1201][DISPATCH              ] wf=3 task=316 planned=vm22 no-idle-reserved -> on-demand vm=160
[t=    202.1201][DISPATCH              ] wf=3 task=318 planned=vm1 no-idle-reserved -> on-demand vm=161
[t=    202.1201][DISPATCH              ] wf=3 task=310 vm=0
[t=    202.1201][DISPATCH              ] wf=3 task=312 vm=148
[t=    202.1201][DISPATCH              ] wf=3 task=314 vm=152
[t=    202.1201][DISPATCH              ] wf=3 task=316 vm=160
[t=    202.1201][DISPATCH              ] wf=3 task=318 vm=161
[t=    202.3071][TASK-COMPLETE         ] task=1101 wf=11 vm=138(on-demand) actualCPU=19.3792s cost=$0.017538
[t=    202.3071][DISPATCH              ] wf=11 task=1124 planned=vm14 no-idle-reserved -> on-demand vm=138
[t=    202.3071][DISPATCH              ] wf=11 task=1124 vm=138
[t=    202.4491][TASK-COMPLETE         ] task=1108 wf=11 vm=149(on-demand) actualCPU=19.5212s cost=$0.017667
[t=    202.4491][DISPATCH              ] wf=11 task=1131 planned=ON-DEMAND -> vm=149 (on-demand)
[t=    202.4491][DISPATCH              ] wf=11 task=1131 vm=149
[t=    202.4661][TASK-COMPLETE         ] task=300 wf=3 vm=4(reserved) actualCPU=133.4510s
[t=    202.4661][DISPATCH              ] wf=3 task=301 planned=vm36 BUSY -> advanced to vm=4
[t=    202.4661][DISPATCH              ] wf=3 task=303 planned=vm43 no-idle-reserved -> on-demand vm=162
[t=    202.4661][DISPATCH              ] wf=3 task=305 planned=vm14 no-idle-reserved -> on-demand vm=163
[t=    202.4661][DISPATCH              ] wf=3 task=307 planned=vm41 no-idle-reserved -> on-demand vm=165
[t=    202.4661][DISPATCH              ] wf=3 task=301 vm=4
[t=    202.4661][DISPATCH              ] wf=3 task=303 vm=162
[t=    202.4661][DISPATCH              ] wf=3 task=305 vm=163
[t=    202.4661][DISPATCH              ] wf=3 task=307 vm=165
[t=    202.6221][TASK-COMPLETE         ] task=1103 wf=11 vm=140(on-demand) actualCPU=19.6942s cost=$0.017823
[t=    202.6221][DISPATCH              ] wf=11 task=1126 planned=ON-DEMAND -> vm=140 (on-demand)
[t=    202.6221][DISPATCH              ] wf=11 task=1126 vm=140
[t=    202.7751][TASK-COMPLETE         ] task=1105 wf=11 vm=146(on-demand) actualCPU=19.8472s cost=$0.017962
[t=    202.7751][DISPATCH              ] wf=11 task=1128 planned=ON-DEMAND -> vm=146 (on-demand)
[t=    202.7751][DISPATCH              ] wf=11 task=1128 vm=146
[t=    202.7889][TASK-COMPLETE         ] task=1106 wf=11 vm=147(on-demand) actualCPU=19.8610s cost=$0.017974
[t=    202.7889][DISPATCH              ] wf=11 task=1129 planned=vm31 no-idle-reserved -> on-demand vm=147
[t=    202.7889][DISPATCH              ] wf=11 task=1129 vm=147
[t=    202.9209][TASK-COMPLETE         ] task=1097 wf=11 vm=134(on-demand) actualCPU=19.9930s cost=$0.018094
[t=    202.9209][DISPATCH              ] wf=11 task=1120 planned=vm37 no-idle-reserved -> on-demand vm=134
[t=    202.9209][DISPATCH              ] wf=11 task=1120 vm=134
[t=    203.0069][TASK-COMPLETE         ] task=1091 wf=11 vm=83(on-demand) actualCPU=20.0790s cost=$0.018171
[t=    203.0069][DISPATCH              ] wf=11 task=1114 planned=ON-DEMAND -> vm=83 (on-demand)
[t=    203.0069][DISPATCH              ] wf=11 task=1114 vm=83
[t=    203.2621][TASK-COMPLETE         ] task=1096 wf=11 vm=133(on-demand) actualCPU=20.3342s cost=$0.018402
[t=    203.2621][DISPATCH              ] wf=11 task=1119 planned=ON-DEMAND -> vm=133 (on-demand)
[t=    203.2621][DISPATCH              ] wf=11 task=1119 vm=133
[t=    203.8481][TASK-COMPLETE         ] task=1109 wf=11 vm=150(on-demand) actualCPU=20.9202s cost=$0.018933
[t=    203.8481][DISPATCH              ] wf=11 task=1132 planned=ON-DEMAND -> vm=150 (on-demand)
[t=    203.8481][DISPATCH              ] wf=11 task=1132 vm=150
[t=    205.3255][NEGOTIATE             ] wf=13 tasks=100 arrivalTime=205.3255 deadline=2870.8455 cp=1340.1940 BETA*cp=1474.2134 slack=2665.5200 -> ACCEPTED
[t=    205.3255][DISPATCH              ] wf=13 task=1289 planned=vm36 no-idle-reserved -> on-demand vm=168
[t=    205.3255][DISPATCH              ] wf=13 task=1290 planned=vm28 no-idle-reserved -> on-demand vm=169
[t=    205.3255][DISPATCH              ] wf=13 task=1291 planned=vm48 no-idle-reserved -> on-demand vm=170
[t=    205.3255][DISPATCH              ] wf=13 task=1292 planned=vm44 no-idle-reserved -> on-demand vm=171
[t=    205.3255][DISPATCH              ] wf=13 task=1293 planned=vm17 no-idle-reserved -> on-demand vm=172
[t=    205.3255][DISPATCH              ] wf=13 task=1294 planned=vm17 no-idle-reserved -> on-demand vm=173
[t=    205.3255][DISPATCH              ] wf=13 task=1295 planned=vm27 no-idle-reserved -> on-demand vm=174
[t=    205.3255][DISPATCH              ] wf=13 task=1296 planned=vm34 no-idle-reserved -> on-demand vm=175
[t=    205.3255][DISPATCH              ] wf=13 task=1297 planned=vm24 no-idle-reserved -> on-demand vm=176
[t=    205.3255][DISPATCH              ] wf=13 task=1298 planned=vm26 no-idle-reserved -> on-demand vm=177
[t=    205.3255][DISPATCH              ] wf=13 task=1299 planned=vm13 no-idle-reserved -> on-demand vm=178
[t=    205.3255][DISPATCH              ] wf=13 task=1300 planned=vm13 no-idle-reserved -> on-demand vm=179
[t=    205.3255][DISPATCH              ] wf=13 task=1301 planned=vm30 no-idle-reserved -> on-demand vm=180
[t=    205.3255][DISPATCH              ] wf=13 task=1302 planned=vm46 no-idle-reserved -> on-demand vm=181
[t=    205.3255][DISPATCH              ] wf=13 task=1303 planned=vm36 no-idle-reserved -> on-demand vm=182
[t=    205.3255][DISPATCH              ] wf=13 task=1304 planned=vm17 no-idle-reserved -> on-demand vm=183
[t=    205.3255][DISPATCH              ] wf=13 task=1305 planned=vm48 no-idle-reserved -> on-demand vm=184
[t=    205.3255][DISPATCH              ] wf=13 task=1306 planned=vm24 no-idle-reserved -> on-demand vm=185
[t=    205.3255][DISPATCH              ] wf=13 task=1307 planned=vm24 no-idle-reserved -> on-demand vm=186
[t=    205.3255][DISPATCH              ] wf=13 task=1308 planned=vm36 no-idle-reserved -> on-demand vm=187
[t=    205.3255][DISPATCH              ] wf=13 task=1309 planned=vm28 no-idle-reserved -> on-demand vm=188
[t=    205.3255][DISPATCH              ] wf=13 task=1310 planned=vm34 no-idle-reserved -> on-demand vm=189
[t=    205.3255][DISPATCH              ] wf=13 task=1311 planned=vm28 no-idle-reserved -> on-demand vm=190
[t=    205.3255][DISPATCH              ] wf=13 task=1289 vm=168
[t=    205.3255][DISPATCH              ] wf=13 task=1290 vm=169
[t=    205.3255][DISPATCH              ] wf=13 task=1291 vm=170
[t=    205.3255][DISPATCH              ] wf=13 task=1292 vm=171
[t=    205.3255][DISPATCH              ] wf=13 task=1293 vm=172
[t=    205.3255][DISPATCH              ] wf=13 task=1294 vm=173
[t=    205.3255][DISPATCH              ] wf=13 task=1295 vm=174
[t=    205.3255][DISPATCH              ] wf=13 task=1296 vm=175
[t=    205.3255][DISPATCH              ] wf=13 task=1297 vm=176
[t=    205.3255][DISPATCH              ] wf=13 task=1298 vm=177
[t=    205.3255][DISPATCH              ] wf=13 task=1299 vm=178
[t=    205.3255][DISPATCH              ] wf=13 task=1300 vm=179
[t=    205.3255][DISPATCH              ] wf=13 task=1301 vm=180
[t=    205.3255][DISPATCH              ] wf=13 task=1302 vm=181
[t=    205.3255][DISPATCH              ] wf=13 task=1303 vm=182
[t=    205.3255][DISPATCH              ] wf=13 task=1304 vm=183
[t=    205.3255][DISPATCH              ] wf=13 task=1305 vm=184
[t=    205.3255][DISPATCH              ] wf=13 task=1306 vm=185
[t=    205.3255][DISPATCH              ] wf=13 task=1307 vm=186
[t=    205.3255][DISPATCH              ] wf=13 task=1308 vm=187
[t=    205.3255][DISPATCH              ] wf=13 task=1309 vm=188
[t=    205.3255][DISPATCH              ] wf=13 task=1310 vm=189
[t=    205.3255][DISPATCH              ] wf=13 task=1311 vm=190
[t=    206.2471][TASK-COMPLETE         ] task=648 wf=6 vm=95(on-demand) actualCPU=65.9581s cost=$0.059692
[t=    209.2041][TASK-COMPLETE         ] task=980 wf=9 vm=193(on-demand) actualCPU=51.9014s cost=$0.046971
[t=    209.5271][TASK-COMPLETE         ] task=223 wf=2 vm=61(on-demand) actualCPU=47.1521s cost=$0.042673
[t=    209.5271][DISPATCH              ] wf=2 task=224 planned=vm19 no-idle-reserved -> on-demand vm=61
[t=    209.5271][DISPATCH              ] wf=2 task=224 vm=61
[t=    210.3921][TASK-COMPLETE         ] task=914 wf=9 vm=143(on-demand) actualCPU=53.0894s cost=$0.048046
[t=    210.7751][TASK-COMPLETE         ] task=224 wf=2 vm=61(on-demand) actualCPU=1.2480s cost=$0.001129
[t=    213.3001][TASK-COMPLETE         ] task=221 wf=2 vm=46(reserved) actualCPU=50.9251s
[t=    213.3001][DISPATCH              ] wf=2 task=222 planned=vm1 BUSY -> advanced to vm=46
[t=    213.3001][DISPATCH              ] wf=2 task=222 vm=46
[t=    213.4223][NEGOTIATE             ] wf=14 tasks=97 arrivalTime=213.4223 deadline=9163.3595 cp=4326.7840 BETA*cp=4759.4624 slack=8949.9372 -> ACCEPTED
[t=    213.4223][DISPATCH              ] wf=14 task=1390 planned=vm38 no-idle-reserved -> on-demand vm=61
[t=    213.4223][DISPATCH              ] wf=14 task=1391 planned=vm14 no-idle-reserved -> on-demand vm=95
[t=    213.4223][DISPATCH              ] wf=14 task=1392 planned=vm35 no-idle-reserved -> on-demand vm=143
[t=    213.4223][DISPATCH              ] wf=14 task=1393 planned=vm1 no-idle-reserved -> on-demand vm=192
[t=    213.4223][DISPATCH              ] wf=14 task=1394 planned=vm1 no-idle-reserved -> on-demand vm=193
[t=    213.4223][DISPATCH              ] wf=14 task=1395 planned=vm48 no-idle-reserved -> on-demand vm=195
[t=    213.4223][DISPATCH              ] wf=14 task=1396 planned=vm0 no-idle-reserved -> on-demand vm=196
[t=    213.4223][DISPATCH              ] wf=14 task=1397 planned=vm42 no-idle-reserved -> on-demand vm=197
[t=    213.4223][DISPATCH              ] wf=14 task=1398 planned=vm43 no-idle-reserved -> on-demand vm=198
[t=    213.4223][DISPATCH              ] wf=14 task=1399 planned=vm26 no-idle-reserved -> on-demand vm=199
[t=    213.4223][DISPATCH              ] wf=14 task=1400 planned=vm49 no-idle-reserved -> on-demand vm=200
[t=    213.4223][DISPATCH              ] wf=14 task=1401 planned=vm44 no-idle-reserved -> on-demand vm=201
[t=    213.4223][DISPATCH              ] wf=14 task=1402 planned=vm2 no-idle-reserved -> on-demand vm=202
[t=    213.4223][DISPATCH              ] wf=14 task=1403 planned=vm5 no-idle-reserved -> on-demand vm=203
[t=    213.4223][DISPATCH              ] wf=14 task=1404 planned=vm2 no-idle-reserved -> on-demand vm=204
[t=    213.4223][DISPATCH              ] wf=14 task=1405 planned=vm41 no-idle-reserved -> on-demand vm=205
[t=    213.4223][DISPATCH              ] wf=14 task=1406 planned=vm47 no-idle-reserved -> on-demand vm=206
[t=    213.4223][DISPATCH              ] wf=14 task=1407 planned=vm22 no-idle-reserved -> on-demand vm=207
[t=    213.4223][DISPATCH              ] wf=14 task=1408 planned=vm43 no-idle-reserved -> on-demand vm=208
[t=    213.4223][DISPATCH              ] wf=14 task=1409 planned=vm20 no-idle-reserved -> on-demand vm=209
[t=    213.4223][DISPATCH              ] wf=14 task=1410 planned=vm10 no-idle-reserved -> on-demand vm=210
[t=    213.4223][DISPATCH              ] wf=14 task=1411 planned=vm40 no-idle-reserved -> on-demand vm=211
[t=    213.4223][DISPATCH              ] wf=14 task=1412 planned=vm6 no-idle-reserved -> on-demand vm=212
[t=    213.4223][DISPATCH              ] wf=14 task=1421 planned=vm31 no-idle-reserved -> on-demand vm=213
[t=    213.4223][DISPATCH              ] wf=14 task=1422 planned=vm31 no-idle-reserved -> on-demand vm=214
[t=    213.4223][DISPATCH              ] wf=14 task=1423 planned=vm26 no-idle-reserved -> on-demand vm=215
[t=    213.4223][DISPATCH              ] wf=14 task=1424 planned=vm40 no-idle-reserved -> on-demand vm=216
[t=    213.4223][DISPATCH              ] wf=14 task=1425 planned=vm48 no-idle-reserved -> on-demand vm=217
[t=    213.4223][DISPATCH              ] wf=14 task=1426 planned=vm13 no-idle-reserved -> on-demand vm=218
[t=    213.4223][DISPATCH              ] wf=14 task=1427 planned=vm23 no-idle-reserved -> on-demand vm=219
[t=    213.4223][DISPATCH              ] wf=14 task=1428 planned=vm0 no-idle-reserved -> on-demand vm=220
[t=    213.4223][DISPATCH              ] wf=14 task=1429 planned=vm27 no-idle-reserved -> on-demand vm=221
[t=    213.4223][DISPATCH              ] wf=14 task=1430 planned=vm22 no-idle-reserved -> on-demand vm=222
[t=    213.4223][DISPATCH              ] wf=14 task=1431 planned=vm25 no-idle-reserved -> on-demand vm=223
[t=    213.4223][DISPATCH              ] wf=14 task=1432 planned=vm39 no-idle-reserved -> on-demand vm=224
[t=    213.4223][DISPATCH              ] wf=14 task=1433 planned=vm42 no-idle-reserved -> on-demand vm=225
[t=    213.4223][DISPATCH              ] wf=14 task=1434 planned=vm40 no-idle-reserved -> on-demand vm=226
[t=    213.4223][DISPATCH              ] wf=14 task=1435 planned=vm39 no-idle-reserved -> on-demand vm=227
[t=    213.4223][DISPATCH              ] wf=14 task=1436 planned=vm49 no-idle-reserved -> on-demand vm=228
[t=    213.4223][DISPATCH              ] wf=14 task=1437 planned=vm4 no-idle-reserved -> on-demand vm=229
[t=    213.4223][DISPATCH              ] wf=14 task=1438 planned=vm47 no-idle-reserved -> on-demand vm=230
[t=    213.4223][DISPATCH              ] wf=14 task=1439 planned=vm28 no-idle-reserved -> on-demand vm=231
[t=    213.4223][DISPATCH              ] wf=14 task=1440 planned=vm3 no-idle-reserved -> on-demand vm=232
[t=    213.4223][DISPATCH              ] wf=14 task=1441 planned=vm38 no-idle-reserved -> on-demand vm=233
[t=    213.4223][DISPATCH              ] wf=14 task=1442 planned=vm2 no-idle-reserved -> on-demand vm=234
[t=    213.4223][DISPATCH              ] wf=14 task=1443 planned=ON-DEMAND -> vm=235 (on-demand)
[t=    213.4223][DISPATCH              ] wf=14 task=1452 planned=vm37 no-idle-reserved -> on-demand vm=236
[t=    213.4223][DISPATCH              ] wf=14 task=1453 planned=vm28 no-idle-reserved -> on-demand vm=237
[t=    213.4223][DISPATCH              ] wf=14 task=1454 planned=vm45 no-idle-reserved -> on-demand vm=238
[t=    213.4223][DISPATCH              ] wf=14 task=1455 planned=vm45 no-idle-reserved -> on-demand vm=239
[t=    213.4223][DISPATCH              ] wf=14 task=1456 planned=vm13 no-idle-reserved -> on-demand vm=240
[t=    213.4223][DISPATCH              ] wf=14 task=1457 planned=vm35 no-idle-reserved -> on-demand vm=241
[t=    213.4223][DISPATCH              ] wf=14 task=1458 planned=vm23 no-idle-reserved -> on-demand vm=242
[t=    213.4223][DISPATCH              ] wf=14 task=1459 planned=vm25 no-idle-reserved -> on-demand vm=243
[t=    213.4223][DISPATCH              ] wf=14 task=1460 planned=vm27 no-idle-reserved -> on-demand vm=244
[t=    213.4223][DISPATCH              ] wf=14 task=1461 planned=vm44 no-idle-reserved -> on-demand vm=245
[t=    213.4223][DISPATCH              ] wf=14 task=1462 planned=vm36 no-idle-reserved -> on-demand vm=246
[t=    213.4223][DISPATCH              ] wf=14 task=1463 planned=vm10 no-idle-reserved -> on-demand vm=247
[t=    213.4223][DISPATCH              ] wf=14 task=1464 planned=vm14 no-idle-reserved -> on-demand vm=248
[t=    213.4223][DISPATCH              ] wf=14 task=1465 planned=vm49 no-idle-reserved -> on-demand vm=249
[t=    213.4223][DISPATCH              ] wf=14 task=1466 planned=vm40 no-idle-reserved -> on-demand vm=250
[t=    213.4223][DISPATCH              ] wf=14 task=1467 planned=vm44 no-idle-reserved -> on-demand vm=251
[t=    213.4223][DISPATCH              ] wf=14 task=1468 planned=vm27 no-idle-reserved -> on-demand vm=252
[t=    213.4223][DISPATCH              ] wf=14 task=1469 planned=vm5 no-idle-reserved -> on-demand vm=253
[t=    213.4223][DISPATCH              ] wf=14 task=1470 planned=vm45 no-idle-reserved -> on-demand vm=254
[t=    213.4223][DISPATCH              ] wf=14 task=1471 planned=vm38 no-idle-reserved -> on-demand vm=255
[t=    213.4223][DISPATCH              ] wf=14 task=1472 planned=vm31 no-idle-reserved -> on-demand vm=256
[t=    213.4223][DISPATCH              ] wf=14 task=1473 planned=vm41 no-idle-reserved -> on-demand vm=257
[t=    213.4223][DISPATCH              ] wf=14 task=1474 planned=vm36 no-idle-reserved -> on-demand vm=258
[t=    213.4223][DISPATCH              ] wf=14 task=1475 planned=vm4 no-idle-reserved -> on-demand vm=259
[t=    213.4223][DISPATCH              ] wf=14 task=1476 planned=vm48 no-idle-reserved -> on-demand vm=260
[t=    213.4223][DISPATCH              ] wf=14 task=1477 planned=vm41 no-idle-reserved -> on-demand vm=261
[t=    213.4223][DISPATCH              ] wf=14 task=1478 planned=vm8 no-idle-reserved -> on-demand vm=262
[t=    213.4223][DISPATCH              ] wf=14 task=1390 vm=61
[t=    213.4223][DISPATCH              ] wf=14 task=1391 vm=95
[t=    213.4223][DISPATCH              ] wf=14 task=1392 vm=143
[t=    213.4223][DISPATCH              ] wf=14 task=1393 vm=192
[t=    213.4223][DISPATCH              ] wf=14 task=1394 vm=193
[t=    213.5223][DISPATCH              ] wf=14 task=1395 planned=vm48 no-idle-reserved -> on-demand vm=195
[t=    213.5223][DISPATCH              ] wf=14 task=1396 planned=vm0 no-idle-reserved -> on-demand vm=196
[t=    213.5223][DISPATCH              ] wf=14 task=1397 planned=vm42 no-idle-reserved -> on-demand vm=197
[t=    213.5223][DISPATCH              ] wf=14 task=1398 planned=vm43 no-idle-reserved -> on-demand vm=198
[t=    213.5223][DISPATCH              ] wf=14 task=1399 planned=vm26 no-idle-reserved -> on-demand vm=199
[t=    213.5223][DISPATCH              ] wf=14 task=1400 planned=vm49 no-idle-reserved -> on-demand vm=200
[t=    213.5223][DISPATCH              ] wf=14 task=1401 planned=vm44 no-idle-reserved -> on-demand vm=201
[t=    213.5223][DISPATCH              ] wf=14 task=1402 planned=vm2 no-idle-reserved -> on-demand vm=202
[t=    213.5223][DISPATCH              ] wf=14 task=1403 planned=vm5 no-idle-reserved -> on-demand vm=203
[t=    213.5223][DISPATCH              ] wf=14 task=1404 planned=vm2 no-idle-reserved -> on-demand vm=204
[t=    213.5223][DISPATCH              ] wf=14 task=1405 planned=vm41 no-idle-reserved -> on-demand vm=205
[t=    213.5223][DISPATCH              ] wf=14 task=1406 planned=vm47 no-idle-reserved -> on-demand vm=206
[t=    213.5223][DISPATCH              ] wf=14 task=1407 planned=vm22 no-idle-reserved -> on-demand vm=207
[t=    213.5223][DISPATCH              ] wf=14 task=1408 planned=vm43 no-idle-reserved -> on-demand vm=208
[t=    213.5223][DISPATCH              ] wf=14 task=1409 planned=vm20 no-idle-reserved -> on-demand vm=209
[t=    213.5223][DISPATCH              ] wf=14 task=1410 planned=vm10 no-idle-reserved -> on-demand vm=210
[t=    213.5223][DISPATCH              ] wf=14 task=1411 planned=vm40 no-idle-reserved -> on-demand vm=211
[t=    213.5223][DISPATCH              ] wf=14 task=1412 planned=vm6 no-idle-reserved -> on-demand vm=212
[t=    213.5223][DISPATCH              ] wf=14 task=1421 planned=vm31 no-idle-reserved -> on-demand vm=213
[t=    213.5223][DISPATCH              ] wf=14 task=1422 planned=vm31 no-idle-reserved -> on-demand vm=214
[t=    213.5223][DISPATCH              ] wf=14 task=1423 planned=vm26 no-idle-reserved -> on-demand vm=215
[t=    213.5223][DISPATCH              ] wf=14 task=1424 planned=vm40 no-idle-reserved -> on-demand vm=216
[t=    213.5223][DISPATCH              ] wf=14 task=1425 planned=vm48 no-idle-reserved -> on-demand vm=217
[t=    213.5223][DISPATCH              ] wf=14 task=1426 planned=vm13 no-idle-reserved -> on-demand vm=218
[t=    213.5223][DISPATCH              ] wf=14 task=1427 planned=vm23 no-idle-reserved -> on-demand vm=219
[t=    213.5223][DISPATCH              ] wf=14 task=1428 planned=vm0 no-idle-reserved -> on-demand vm=220
[t=    213.5223][DISPATCH              ] wf=14 task=1429 planned=vm27 no-idle-reserved -> on-demand vm=221
[t=    213.5223][DISPATCH              ] wf=14 task=1430 planned=vm22 no-idle-reserved -> on-demand vm=222
[t=    213.5223][DISPATCH              ] wf=14 task=1431 planned=vm25 no-idle-reserved -> on-demand vm=223
[t=    213.5223][DISPATCH              ] wf=14 task=1432 planned=vm39 no-idle-reserved -> on-demand vm=224
[t=    213.5223][DISPATCH              ] wf=14 task=1433 planned=vm42 no-idle-reserved -> on-demand vm=225
[t=    213.5223][DISPATCH              ] wf=14 task=1434 planned=vm40 no-idle-reserved -> on-demand vm=226
[t=    213.5223][DISPATCH              ] wf=14 task=1435 planned=vm39 no-idle-reserved -> on-demand vm=227
[t=    213.5223][DISPATCH              ] wf=14 task=1436 planned=vm49 no-idle-reserved -> on-demand vm=228
[t=    213.5223][DISPATCH              ] wf=14 task=1437 planned=vm4 no-idle-reserved -> on-demand vm=229
[t=    213.5223][DISPATCH              ] wf=14 task=1438 planned=vm47 no-idle-reserved -> on-demand vm=230
[t=    213.5223][DISPATCH              ] wf=14 task=1439 planned=vm28 no-idle-reserved -> on-demand vm=231
[t=    213.5223][DISPATCH              ] wf=14 task=1440 planned=vm3 no-idle-reserved -> on-demand vm=232
[t=    213.5223][DISPATCH              ] wf=14 task=1441 planned=vm38 no-idle-reserved -> on-demand vm=233
[t=    213.5223][DISPATCH              ] wf=14 task=1442 planned=vm2 no-idle-reserved -> on-demand vm=234
[t=    213.5223][DISPATCH              ] wf=14 task=1443 planned=ON-DEMAND -> vm=235 (on-demand)
[t=    213.5223][DISPATCH              ] wf=14 task=1452 planned=vm37 no-idle-reserved -> on-demand vm=236
[t=    213.5223][DISPATCH              ] wf=14 task=1453 planned=vm28 no-idle-reserved -> on-demand vm=237
[t=    213.5223][DISPATCH              ] wf=14 task=1454 planned=vm45 no-idle-reserved -> on-demand vm=238
[t=    213.5223][DISPATCH              ] wf=14 task=1455 planned=vm45 no-idle-reserved -> on-demand vm=239
[t=    213.5223][DISPATCH              ] wf=14 task=1456 planned=vm13 no-idle-reserved -> on-demand vm=240
[t=    213.5223][DISPATCH              ] wf=14 task=1457 planned=vm35 no-idle-reserved -> on-demand vm=241
[t=    213.5223][DISPATCH              ] wf=14 task=1458 planned=vm23 no-idle-reserved -> on-demand vm=242
[t=    213.5223][DISPATCH              ] wf=14 task=1459 planned=vm25 no-idle-reserved -> on-demand vm=243
[t=    213.5223][DISPATCH              ] wf=14 task=1460 planned=vm27 no-idle-reserved -> on-demand vm=244
[t=    213.5223][DISPATCH              ] wf=14 task=1461 planned=vm44 no-idle-reserved -> on-demand vm=245
[t=    213.5223][DISPATCH              ] wf=14 task=1462 planned=vm36 no-idle-reserved -> on-demand vm=246
[t=    213.5223][DISPATCH              ] wf=14 task=1463 planned=vm10 no-idle-reserved -> on-demand vm=247
[t=    213.5223][DISPATCH              ] wf=14 task=1464 planned=vm14 no-idle-reserved -> on-demand vm=248
[t=    213.5223][DISPATCH              ] wf=14 task=1465 planned=vm49 no-idle-reserved -> on-demand vm=249
[t=    213.5223][DISPATCH              ] wf=14 task=1466 planned=vm40 no-idle-reserved -> on-demand vm=250
[t=    213.5223][DISPATCH              ] wf=14 task=1467 planned=vm44 no-idle-reserved -> on-demand vm=251
[t=    213.5223][DISPATCH              ] wf=14 task=1468 planned=vm27 no-idle-reserved -> on-demand vm=252
[t=    213.5223][DISPATCH              ] wf=14 task=1469 planned=vm5 no-idle-reserved -> on-demand vm=253
[t=    213.5223][DISPATCH              ] wf=14 task=1470 planned=vm45 no-idle-reserved -> on-demand vm=254
[t=    213.5223][DISPATCH              ] wf=14 task=1471 planned=vm38 no-idle-reserved -> on-demand vm=255
[t=    213.5223][DISPATCH              ] wf=14 task=1472 planned=vm31 no-idle-reserved -> on-demand vm=256
[t=    213.5223][DISPATCH              ] wf=14 task=1473 planned=vm41 no-idle-reserved -> on-demand vm=257
[t=    213.5223][DISPATCH              ] wf=14 task=1474 planned=vm36 no-idle-reserved -> on-demand vm=258
[t=    213.5223][DISPATCH              ] wf=14 task=1475 planned=vm4 no-idle-reserved -> on-demand vm=259
[t=    213.5223][DISPATCH              ] wf=14 task=1476 planned=vm48 no-idle-reserved -> on-demand vm=260
[t=    213.5223][DISPATCH              ] wf=14 task=1477 planned=vm41 no-idle-reserved -> on-demand vm=261
[t=    213.5223][DISPATCH              ] wf=14 task=1478 planned=vm8 no-idle-reserved -> on-demand vm=262
[t=    213.5223][DISPATCH              ] wf=14 task=1395 vm=195
[t=    213.5223][DISPATCH              ] wf=14 task=1396 vm=196
[t=    213.5223][DISPATCH              ] wf=14 task=1397 vm=197
[t=    213.5223][DISPATCH              ] wf=14 task=1398 vm=198
[t=    213.5223][DISPATCH              ] wf=14 task=1399 vm=199
[t=    213.5223][DISPATCH              ] wf=14 task=1400 vm=200
[t=    213.5223][DISPATCH              ] wf=14 task=1401 vm=201
[t=    213.5223][DISPATCH              ] wf=14 task=1402 vm=202
[t=    213.5223][DISPATCH              ] wf=14 task=1403 vm=203
[t=    213.5223][DISPATCH              ] wf=14 task=1404 vm=204
[t=    213.5223][DISPATCH              ] wf=14 task=1405 vm=205
[t=    213.5223][DISPATCH              ] wf=14 task=1406 vm=206
[t=    213.5223][DISPATCH              ] wf=14 task=1407 vm=207
[t=    213.5223][DISPATCH              ] wf=14 task=1408 vm=208
[t=    213.5223][DISPATCH              ] wf=14 task=1409 vm=209
[t=    213.5223][DISPATCH              ] wf=14 task=1410 vm=210
[t=    213.5223][DISPATCH              ] wf=14 task=1411 vm=211
[t=    213.5223][DISPATCH              ] wf=14 task=1412 vm=212
[t=    213.5223][DISPATCH              ] wf=14 task=1421 vm=213
[t=    213.5223][DISPATCH              ] wf=14 task=1422 vm=214
[t=    213.5223][DISPATCH              ] wf=14 task=1423 vm=215
[t=    213.5223][DISPATCH              ] wf=14 task=1424 vm=216
[t=    213.5223][DISPATCH              ] wf=14 task=1425 vm=217
[t=    213.5223][DISPATCH              ] wf=14 task=1426 vm=218
[t=    213.5223][DISPATCH              ] wf=14 task=1427 vm=219
[t=    213.5223][DISPATCH              ] wf=14 task=1428 vm=220
[t=    213.5223][DISPATCH              ] wf=14 task=1429 vm=221
[t=    213.5223][DISPATCH              ] wf=14 task=1430 vm=222
[t=    213.5223][DISPATCH              ] wf=14 task=1431 vm=223
[t=    213.5223][DISPATCH              ] wf=14 task=1432 vm=224
[t=    213.5223][DISPATCH              ] wf=14 task=1433 vm=225
[t=    213.5223][DISPATCH              ] wf=14 task=1434 vm=226
[t=    213.5223][DISPATCH              ] wf=14 task=1435 vm=227
[t=    213.5223][DISPATCH              ] wf=14 task=1436 vm=228
[t=    213.5223][DISPATCH              ] wf=14 task=1437 vm=229
[t=    213.5223][DISPATCH              ] wf=14 task=1438 vm=230
[t=    213.5223][DISPATCH              ] wf=14 task=1439 vm=231
[t=    213.5223][DISPATCH              ] wf=14 task=1440 vm=232
[t=    213.5223][DISPATCH              ] wf=14 task=1441 vm=233
[t=    213.5223][DISPATCH              ] wf=14 task=1442 vm=234
[t=    213.5223][DISPATCH              ] wf=14 task=1443 vm=235
[t=    213.5223][DISPATCH              ] wf=14 task=1452 vm=236
[t=    213.5223][DISPATCH              ] wf=14 task=1453 vm=237
[t=    213.5223][DISPATCH              ] wf=14 task=1454 vm=238
[t=    213.5223][DISPATCH              ] wf=14 task=1455 vm=239
[t=    213.5223][DISPATCH              ] wf=14 task=1456 vm=240
[t=    213.5223][DISPATCH              ] wf=14 task=1457 vm=241
[t=    213.5223][DISPATCH              ] wf=14 task=1458 vm=242
[t=    213.5223][DISPATCH              ] wf=14 task=1459 vm=243
[t=    213.5223][DISPATCH              ] wf=14 task=1460 vm=244
[t=    213.5223][DISPATCH              ] wf=14 task=1461 vm=245
[t=    213.5223][DISPATCH              ] wf=14 task=1462 vm=246
[t=    213.5223][DISPATCH              ] wf=14 task=1463 vm=247
[t=    213.5223][DISPATCH              ] wf=14 task=1464 vm=248
[t=    213.5223][DISPATCH              ] wf=14 task=1465 vm=249
[t=    213.5223][DISPATCH              ] wf=14 task=1466 vm=250
[t=    213.5223][DISPATCH              ] wf=14 task=1467 vm=251
[t=    213.5223][DISPATCH              ] wf=14 task=1468 vm=252
[t=    213.5223][DISPATCH              ] wf=14 task=1469 vm=253
[t=    213.5223][DISPATCH              ] wf=14 task=1470 vm=254
[t=    213.5223][DISPATCH              ] wf=14 task=1471 vm=255
[t=    213.5223][DISPATCH              ] wf=14 task=1472 vm=256
[t=    213.5223][DISPATCH              ] wf=14 task=1473 vm=257
[t=    213.5223][DISPATCH              ] wf=14 task=1474 vm=258
[t=    213.5223][DISPATCH              ] wf=14 task=1475 vm=259
[t=    213.5223][DISPATCH              ] wf=14 task=1476 vm=260
[t=    213.5223][DISPATCH              ] wf=14 task=1477 vm=261
[t=    213.5223][DISPATCH              ] wf=14 task=1478 vm=262
[t=    213.8514][NEGOTIATE             ] wf=15 tasks=100 arrivalTime=213.8514 deadline=355.2914 cp=79.4090 BETA*cp=87.3499 slack=141.4400 -> ACCEPTED
[t=    213.8514][DISPATCH              ] wf=15 task=1486 planned=vm36 no-idle-reserved -> on-demand vm=263
[t=    213.8514][DISPATCH              ] wf=15 task=1487 planned=vm33 no-idle-reserved -> on-demand vm=264
[t=    213.8514][DISPATCH              ] wf=15 task=1488 planned=vm29 no-idle-reserved -> on-demand vm=265
[t=    213.8514][DISPATCH              ] wf=15 task=1489 planned=vm4 no-idle-reserved -> on-demand vm=266
[t=    213.8514][DISPATCH              ] wf=15 task=1490 planned=vm17 no-idle-reserved -> on-demand vm=267
[t=    213.8514][DISPATCH              ] wf=15 task=1491 planned=vm44 no-idle-reserved -> on-demand vm=268
[t=    213.8514][DISPATCH              ] wf=15 task=1492 planned=vm15 no-idle-reserved -> on-demand vm=269
[t=    213.8514][DISPATCH              ] wf=15 task=1493 planned=vm3 no-idle-reserved -> on-demand vm=270
[t=    213.8514][DISPATCH              ] wf=15 task=1494 planned=vm34 no-idle-reserved -> on-demand vm=271
[t=    213.8514][DISPATCH              ] wf=15 task=1495 planned=vm9 no-idle-reserved -> on-demand vm=272
[t=    213.8514][DISPATCH              ] wf=15 task=1496 planned=vm46 no-idle-reserved -> on-demand vm=273
[t=    213.8514][DISPATCH              ] wf=15 task=1497 planned=vm19 no-idle-reserved -> on-demand vm=274
[t=    213.8514][DISPATCH              ] wf=15 task=1498 planned=vm18 no-idle-reserved -> on-demand vm=275
[t=    213.8514][DISPATCH              ] wf=15 task=1499 planned=vm16 no-idle-reserved -> on-demand vm=276
[t=    213.8514][DISPATCH              ] wf=15 task=1500 planned=vm13 no-idle-reserved -> on-demand vm=277
[t=    213.8514][DISPATCH              ] wf=15 task=1501 planned=vm37 no-idle-reserved -> on-demand vm=278
[t=    213.9514][DISPATCH              ] wf=15 task=1486 planned=vm36 no-idle-reserved -> on-demand vm=263
[t=    213.9514][DISPATCH              ] wf=15 task=1487 planned=vm33 no-idle-reserved -> on-demand vm=264
[t=    213.9514][DISPATCH              ] wf=15 task=1488 planned=vm29 no-idle-reserved -> on-demand vm=265
[t=    213.9514][DISPATCH              ] wf=15 task=1489 planned=vm4 no-idle-reserved -> on-demand vm=266
[t=    213.9514][DISPATCH              ] wf=15 task=1490 planned=vm17 no-idle-reserved -> on-demand vm=267
[t=    213.9514][DISPATCH              ] wf=15 task=1491 planned=vm44 no-idle-reserved -> on-demand vm=268
[t=    213.9514][DISPATCH              ] wf=15 task=1492 planned=vm15 no-idle-reserved -> on-demand vm=269
[t=    213.9514][DISPATCH              ] wf=15 task=1493 planned=vm3 no-idle-reserved -> on-demand vm=270
[t=    213.9514][DISPATCH              ] wf=15 task=1494 planned=vm34 no-idle-reserved -> on-demand vm=271
[t=    213.9514][DISPATCH              ] wf=15 task=1495 planned=vm9 no-idle-reserved -> on-demand vm=272
[t=    213.9514][DISPATCH              ] wf=15 task=1496 planned=vm46 no-idle-reserved -> on-demand vm=273
[t=    213.9514][DISPATCH              ] wf=15 task=1497 planned=vm19 no-idle-reserved -> on-demand vm=274
[t=    213.9514][DISPATCH              ] wf=15 task=1498 planned=vm18 no-idle-reserved -> on-demand vm=275
[t=    213.9514][DISPATCH              ] wf=15 task=1499 planned=vm16 no-idle-reserved -> on-demand vm=276
[t=    213.9514][DISPATCH              ] wf=15 task=1500 planned=vm13 no-idle-reserved -> on-demand vm=277
[t=    213.9514][DISPATCH              ] wf=15 task=1501 planned=vm37 no-idle-reserved -> on-demand vm=278
[t=    213.9514][DISPATCH              ] wf=15 task=1486 vm=263
[t=    213.9514][DISPATCH              ] wf=15 task=1487 vm=264
[t=    213.9514][DISPATCH              ] wf=15 task=1488 vm=265
[t=    213.9514][DISPATCH              ] wf=15 task=1489 vm=266
[t=    213.9514][DISPATCH              ] wf=15 task=1490 vm=267
[t=    213.9514][DISPATCH              ] wf=15 task=1491 vm=268
[t=    213.9514][DISPATCH              ] wf=15 task=1492 vm=269
[t=    213.9514][DISPATCH              ] wf=15 task=1493 vm=270
[t=    213.9514][DISPATCH              ] wf=15 task=1494 vm=271
[t=    213.9514][DISPATCH              ] wf=15 task=1495 vm=272
[t=    213.9514][DISPATCH              ] wf=15 task=1496 vm=273
[t=    213.9514][DISPATCH              ] wf=15 task=1497 vm=274
[t=    213.9514][DISPATCH              ] wf=15 task=1498 vm=275
[t=    213.9514][DISPATCH              ] wf=15 task=1499 vm=276
[t=    213.9514][DISPATCH              ] wf=15 task=1500 vm=277
[t=    213.9514][DISPATCH              ] wf=15 task=1501 vm=278
[t=    214.1844][TASK-COMPLETE         ] task=1466 wf=14 vm=250(on-demand) actualCPU=0.6621s cost=$0.000599
[t=    214.2994][TASK-COMPLETE         ] task=1472 wf=14 vm=256(on-demand) actualCPU=0.7771s cost=$0.000703
[t=    214.3293][TASK-COMPLETE         ] task=1470 wf=14 vm=254(on-demand) actualCPU=0.8070s cost=$0.000730
[t=    214.3603][TASK-COMPLETE         ] task=1398 wf=14 vm=198(on-demand) actualCPU=0.8380s cost=$0.000758
[t=    214.4083][TASK-COMPLETE         ] task=1394 wf=14 vm=193(on-demand) actualCPU=0.9860s cost=$0.000892
[t=    214.4833][TASK-COMPLETE         ] task=1468 wf=14 vm=252(on-demand) actualCPU=0.9610s cost=$0.000870
[t=    214.5073][TASK-COMPLETE         ] task=1400 wf=14 vm=200(on-demand) actualCPU=0.9850s cost=$0.000891
[t=    214.5073][TASK-COMPLETE         ] task=1467 wf=14 vm=251(on-demand) actualCPU=0.9850s cost=$0.000891
[t=    214.5183][TASK-COMPLETE         ] task=1391 wf=14 vm=95(on-demand) actualCPU=1.0960s cost=$0.000992
[t=    214.5493][TASK-COMPLETE         ] task=1407 wf=14 vm=207(on-demand) actualCPU=1.0270s cost=$0.000929
[t=    214.5693][TASK-COMPLETE         ] task=1435 wf=14 vm=227(on-demand) actualCPU=1.0470s cost=$0.000948
[t=    214.5923][TASK-COMPLETE         ] task=1392 wf=14 vm=143(on-demand) actualCPU=1.1700s cost=$0.001059
[t=    214.5923][TASK-COMPLETE         ] task=1456 wf=14 vm=240(on-demand) actualCPU=1.0700s cost=$0.000968
[t=    214.5923][TASK-COMPLETE         ] task=1462 wf=14 vm=246(on-demand) actualCPU=1.0700s cost=$0.000968
[t=    214.6043][TASK-COMPLETE         ] task=1397 wf=14 vm=197(on-demand) actualCPU=1.0820s cost=$0.000979
[t=    214.6043][TASK-COMPLETE         ] task=1404 wf=14 vm=204(on-demand) actualCPU=1.0820s cost=$0.000979
[t=    214.6043][TASK-COMPLETE         ] task=1453 wf=14 vm=237(on-demand) actualCPU=1.0820s cost=$0.000979
[t=    214.6283][TASK-COMPLETE         ] task=1458 wf=14 vm=242(on-demand) actualCPU=1.1060s cost=$0.001001
[t=    214.6593][TASK-COMPLETE         ] task=1473 wf=14 vm=257(on-demand) actualCPU=1.1370s cost=$0.001029
[t=    214.6793][TASK-COMPLETE         ] task=1399 wf=14 vm=199(on-demand) actualCPU=1.1570s cost=$0.001047
[t=    214.7013][TASK-COMPLETE         ] task=1431 wf=14 vm=223(on-demand) actualCPU=1.1790s cost=$0.001067
[t=    214.7013][TASK-COMPLETE         ] task=1454 wf=14 vm=238(on-demand) actualCPU=1.1790s cost=$0.001067
[t=    214.7263][TASK-COMPLETE         ] task=1406 wf=14 vm=206(on-demand) actualCPU=1.2040s cost=$0.001090
[t=    214.7613][TASK-COMPLETE         ] task=1390 wf=14 vm=61(on-demand) actualCPU=1.3390s cost=$0.001212
[t=    214.7613][TASK-COMPLETE         ] task=1424 wf=14 vm=216(on-demand) actualCPU=1.2390s cost=$0.001121
[t=    214.7613][TASK-COMPLETE         ] task=1461 wf=14 vm=245(on-demand) actualCPU=1.2390s cost=$0.001121
[t=    214.7893][TASK-COMPLETE         ] task=1396 wf=14 vm=196(on-demand) actualCPU=1.2670s cost=$0.001147
[t=    214.7893][TASK-COMPLETE         ] task=1422 wf=14 vm=214(on-demand) actualCPU=1.2670s cost=$0.001147
[t=    214.8003][TASK-COMPLETE         ] task=1474 wf=14 vm=258(on-demand) actualCPU=1.2780s cost=$0.001157
[t=    214.8233][TASK-COMPLETE         ] task=1429 wf=14 vm=221(on-demand) actualCPU=1.3010s cost=$0.001177
[t=    214.8353][TASK-COMPLETE         ] task=1436 wf=14 vm=228(on-demand) actualCPU=1.3130s cost=$0.001188
[t=    214.8353][TASK-COMPLETE         ] task=1464 wf=14 vm=248(on-demand) actualCPU=1.3130s cost=$0.001188
[t=    214.8483][TASK-COMPLETE         ] task=1430 wf=14 vm=222(on-demand) actualCPU=1.3260s cost=$0.001200
[t=    214.8483][TASK-COMPLETE         ] task=1432 wf=14 vm=224(on-demand) actualCPU=1.3260s cost=$0.001200
[t=    214.8713][TASK-COMPLETE         ] task=1457 wf=14 vm=241(on-demand) actualCPU=1.3490s cost=$0.001221
[t=    214.8873][TASK-COMPLETE         ] task=1395 wf=14 vm=195(on-demand) actualCPU=1.3650s cost=$0.001235
[t=    214.8873][TASK-COMPLETE         ] task=1426 wf=14 vm=218(on-demand) actualCPU=1.3650s cost=$0.001235
[t=    214.8993][TASK-COMPLETE         ] task=1433 wf=14 vm=225(on-demand) actualCPU=1.3770s cost=$0.001246
[t=    214.8993][TASK-COMPLETE         ] task=1439 wf=14 vm=231(on-demand) actualCPU=1.3770s cost=$0.001246
[t=    214.9103][TASK-COMPLETE         ] task=222 wf=2 vm=46(reserved) actualCPU=1.6102s
[t=    214.9103][TASK-COMPLETE         ] task=1403 wf=14 vm=203(on-demand) actualCPU=1.3880s cost=$0.001256
[t=    214.9333][TASK-COMPLETE         ] task=1437 wf=14 vm=229(on-demand) actualCPU=1.4110s cost=$0.001277
[t=    214.9453][TASK-COMPLETE         ] task=1423 wf=14 vm=215(on-demand) actualCPU=1.4230s cost=$0.001288
[t=    214.9583][TASK-COMPLETE         ] task=1459 wf=14 vm=243(on-demand) actualCPU=1.4360s cost=$0.001300
[t=    214.9583][TASK-COMPLETE         ] task=1469 wf=14 vm=253(on-demand) actualCPU=1.4360s cost=$0.001300
[t=    214.9583][TASK-COMPLETE         ] task=1471 wf=14 vm=255(on-demand) actualCPU=1.4360s cost=$0.001300
[t=    214.9723][TASK-COMPLETE         ] task=1452 wf=14 vm=236(on-demand) actualCPU=1.4500s cost=$0.001312
[t=    214.9873][TASK-COMPLETE         ] task=1427 wf=14 vm=219(on-demand) actualCPU=1.4650s cost=$0.001326
[t=    214.9873][TASK-COMPLETE         ] task=1438 wf=14 vm=230(on-demand) actualCPU=1.4650s cost=$0.001326
[t=    215.0083][TASK-COMPLETE         ] task=1428 wf=14 vm=220(on-demand) actualCPU=1.4860s cost=$0.001345
[t=    215.0083][TASK-COMPLETE         ] task=1463 wf=14 vm=247(on-demand) actualCPU=1.4860s cost=$0.001345
[t=    215.0313][TASK-COMPLETE         ] task=1393 wf=14 vm=192(on-demand) actualCPU=1.6090s cost=$0.001456
[t=    215.0433][TASK-COMPLETE         ] task=1425 wf=14 vm=217(on-demand) actualCPU=1.5210s cost=$0.001377
[t=    215.0553][TASK-COMPLETE         ] task=1455 wf=14 vm=239(on-demand) actualCPU=1.5330s cost=$0.001387
[t=    215.1073][TASK-COMPLETE         ] task=1408 wf=14 vm=208(on-demand) actualCPU=1.5850s cost=$0.001434
[t=    215.1303][TASK-COMPLETE         ] task=1434 wf=14 vm=226(on-demand) actualCPU=1.6080s cost=$0.001455
[t=    215.1923][TASK-COMPLETE         ] task=1402 wf=14 vm=202(on-demand) actualCPU=1.6700s cost=$0.001511
[t=    215.2173][TASK-COMPLETE         ] task=1421 wf=14 vm=213(on-demand) actualCPU=1.6950s cost=$0.001534
[t=    215.2173][DISPATCH              ] wf=14 task=1420 planned=vm23 BUSY -> advanced to vm=46
[t=    215.2173][DISPATCH              ] wf=14 task=1420 vm=46
[t=    215.2403][TASK-COMPLETE         ] task=1460 wf=14 vm=244(on-demand) actualCPU=1.7180s cost=$0.001555
[t=    215.3023][TASK-COMPLETE         ] task=1405 wf=14 vm=205(on-demand) actualCPU=1.7800s cost=$0.001611
[t=    215.3173][TASK-COMPLETE         ] task=1420 wf=14 vm=46(reserved) actualCPU=0.1000s
[t=    215.3173][TASK-COMPLETE         ] task=1465 wf=14 vm=249(on-demand) actualCPU=1.7950s cost=$0.001624
[t=    215.3173][DISPATCH              ] wf=14 task=1451 planned=vm41 BUSY -> advanced to vm=46
[t=    215.3173][DISPATCH              ] wf=14 task=1451 vm=46
[t=    215.4373][TASK-COMPLETE         ] task=1451 wf=14 vm=46(reserved) actualCPU=0.1200s
[t=    215.5583][TASK-COMPLETE         ] task=1401 wf=14 vm=201(on-demand) actualCPU=2.0360s cost=$0.001843
[t=    215.5583][DISPATCH              ] wf=14 task=1389 planned=vm25 BUSY -> advanced to vm=46
[t=    215.5583][DISPATCH              ] wf=14 task=1389 vm=46
[t=    215.6583][TASK-COMPLETE         ] task=1389 wf=14 vm=46(reserved) actualCPU=0.1000s
[t=    217.4391][TASK-COMPLETE         ] task=227 wf=2 vm=119(on-demand) actualCPU=55.0641s cost=$0.049833
[t=    217.4391][DISPATCH              ] wf=2 task=228 planned=vm29 BUSY -> advanced to vm=46
[t=    217.4391][DISPATCH              ] wf=2 task=228 vm=46
[t=    218.1001][TASK-COMPLETE         ] task=228 wf=2 vm=46(reserved) actualCPU=0.6610s
[t=    219.0501][TASK-COMPLETE         ] task=945 wf=9 vm=166(on-demand) actualCPU=61.7474s cost=$0.055881
[t=    219.2341][TASK-COMPLETE         ] task=325 wf=3 vm=66(on-demand) actualCPU=32.7802s cost=$0.029666
[t=    219.2341][DISPATCH              ] wf=3 task=326 planned=vm18 BUSY -> advanced to vm=46
[t=    219.2341][DISPATCH              ] wf=3 task=326 vm=46
[t=    220.3031][TASK-COMPLETE         ] task=1307 wf=13 vm=186(on-demand) actualCPU=14.9776s cost=$0.013555
[t=    220.3031][DISPATCH              ] wf=13 task=1330 planned=ON-DEMAND -> vm=61 (on-demand)
[t=    220.3031][DISPATCH              ] wf=13 task=1330 vm=61
[t=    220.4931][TASK-COMPLETE         ] task=326 wf=3 vm=46(reserved) actualCPU=1.2590s
[t=    220.9961][TASK-COMPLETE         ] task=1301 wf=13 vm=180(on-demand) actualCPU=15.6706s cost=$0.014182
[t=    220.9961][DISPATCH              ] wf=13 task=1324 planned=ON-DEMAND -> vm=66 (on-demand)
[t=    220.9961][DISPATCH              ] wf=13 task=1324 vm=66
[t=    221.6071][TASK-COMPLETE         ] task=1293 wf=13 vm=172(on-demand) actualCPU=16.2816s cost=$0.014735
[t=    221.6071][DISPATCH              ] wf=13 task=1316 planned=ON-DEMAND -> vm=95 (on-demand)
[t=    221.6071][DISPATCH              ] wf=13 task=1316 vm=95
[t=    222.1081][TASK-COMPLETE         ] task=1309 wf=13 vm=188(on-demand) actualCPU=16.7826s cost=$0.015188
[t=    222.1081][DISPATCH              ] wf=13 task=1332 planned=ON-DEMAND -> vm=119 (on-demand)
[t=    222.1081][DISPATCH              ] wf=13 task=1332 vm=119
[t=    222.4121][TASK-COMPLETE         ] task=1292 wf=13 vm=171(on-demand) actualCPU=17.0866s cost=$0.015463
[t=    222.4121][DISPATCH              ] wf=13 task=1315 planned=ON-DEMAND -> vm=143 (on-demand)
[t=    222.4121][DISPATCH              ] wf=13 task=1315 vm=143
[t=    222.5801][TASK-COMPLETE         ] task=1304 wf=13 vm=183(on-demand) actualCPU=17.2546s cost=$0.015615
[t=    222.5801][DISPATCH              ] wf=13 task=1327 planned=ON-DEMAND -> vm=166 (on-demand)
[t=    222.5801][DISPATCH              ] wf=13 task=1327 vm=166
[t=    222.9131][TASK-COMPLETE         ] task=1300 wf=13 vm=179(on-demand) actualCPU=17.5876s cost=$0.015917
[t=    222.9131][DISPATCH              ] wf=13 task=1323 planned=ON-DEMAND -> vm=171 (on-demand)
[t=    222.9131][DISPATCH              ] wf=13 task=1323 vm=171
[t=    223.3351][TASK-COMPLETE         ] task=1297 wf=13 vm=176(on-demand) actualCPU=18.0096s cost=$0.016299
[t=    223.3351][DISPATCH              ] wf=13 task=1320 planned=vm44 BUSY -> advanced to vm=46
[t=    223.3351][DISPATCH              ] wf=13 task=1320 vm=46
[t=    223.3745][TASK-COMPLETE         ] task=1310 wf=13 vm=189(on-demand) actualCPU=18.0490s cost=$0.016334
[t=    223.3745][DISPATCH              ] wf=13 task=1333 planned=ON-DEMAND -> vm=172 (on-demand)
[t=    223.3745][DISPATCH              ] wf=13 task=1333 vm=172
[t=    223.3895][TASK-COMPLETE         ] task=1290 wf=13 vm=169(on-demand) actualCPU=18.0640s cost=$0.016348
[t=    223.3895][DISPATCH              ] wf=13 task=1313 planned=ON-DEMAND -> vm=169 (on-demand)
[t=    223.3895][DISPATCH              ] wf=13 task=1313 vm=169
[t=    223.4845][TASK-COMPLETE         ] task=1299 wf=13 vm=178(on-demand) actualCPU=18.1590s cost=$0.016434
[t=    223.4845][DISPATCH              ] wf=13 task=1322 planned=vm22 no-idle-reserved -> on-demand vm=176
[t=    223.4845][DISPATCH              ] wf=13 task=1322 vm=176
[t=    223.6145][TASK-COMPLETE         ] task=1295 wf=13 vm=174(on-demand) actualCPU=18.2890s cost=$0.016552
[t=    223.6145][DISPATCH              ] wf=13 task=1318 planned=vm43 no-idle-reserved -> on-demand vm=174
[t=    223.6145][DISPATCH              ] wf=13 task=1318 vm=174
[t=    223.9021][TASK-COMPLETE         ] task=1302 wf=13 vm=181(on-demand) actualCPU=18.5766s cost=$0.016812
[t=    223.9021][DISPATCH              ] wf=13 task=1325 planned=ON-DEMAND -> vm=178 (on-demand)
[t=    223.9021][DISPATCH              ] wf=13 task=1325 vm=178
[t=    223.9605][TASK-COMPLETE         ] task=1311 wf=13 vm=190(on-demand) actualCPU=18.6350s cost=$0.016865
[t=    223.9605][DISPATCH              ] wf=13 task=1334 planned=ON-DEMAND -> vm=179 (on-demand)
[t=    223.9605][DISPATCH              ] wf=13 task=1334 vm=179
[t=    224.0455][TASK-COMPLETE         ] task=1298 wf=13 vm=177(on-demand) actualCPU=18.7200s cost=$0.016942
[t=    224.0455][DISPATCH              ] wf=13 task=1321 planned=ON-DEMAND -> vm=177 (on-demand)
[t=    224.0455][DISPATCH              ] wf=13 task=1321 vm=177
[t=    224.0705][TASK-COMPLETE         ] task=1289 wf=13 vm=168(on-demand) actualCPU=18.7450s cost=$0.016964
[t=    224.0705][DISPATCH              ] wf=13 task=1312 planned=ON-DEMAND -> vm=168 (on-demand)
[t=    224.0705][DISPATCH              ] wf=13 task=1312 vm=168
[t=    224.6971][TASK-COMPLETE         ] task=366 wf=3 vm=159(on-demand) actualCPU=24.6682s cost=$0.022325
[t=    224.6971][DISPATCH              ] wf=3 task=367 planned=vm4 no-idle-reserved -> on-demand vm=159
[t=    224.6971][DISPATCH              ] wf=3 task=367 vm=159
[t=    224.9411][TASK-COMPLETE         ] task=1306 wf=13 vm=185(on-demand) actualCPU=19.6156s cost=$0.017752
[t=    224.9411][DISPATCH              ] wf=13 task=1329 planned=ON-DEMAND -> vm=180 (on-demand)
[t=    224.9411][DISPATCH              ] wf=13 task=1329 vm=180
[t=    225.0439][TASK-COMPLETE         ] task=323 wf=3 vm=34(reserved) actualCPU=38.5900s
[t=    225.0439][DISPATCH              ] wf=3 task=324 planned=vm28 BUSY -> advanced to vm=34
[t=    225.0439][DISPATCH              ] wf=3 task=324 vm=34
[t=    225.1005][TASK-COMPLETE         ] task=1303 wf=13 vm=182(on-demand) actualCPU=19.7750s cost=$0.017896
[t=    225.1005][DISPATCH              ] wf=13 task=1326 planned=ON-DEMAND -> vm=181 (on-demand)
[t=    225.1005][DISPATCH              ] wf=13 task=1326 vm=181
[t=    225.1525][TASK-COMPLETE         ] task=1294 wf=13 vm=173(on-demand) actualCPU=19.8270s cost=$0.017943
[t=    225.1525][DISPATCH              ] wf=13 task=1317 planned=vm34 no-idle-reserved -> on-demand vm=173
[t=    225.1525][DISPATCH              ] wf=13 task=1317 vm=173
[t=    225.1995][TASK-COMPLETE         ] task=1305 wf=13 vm=184(on-demand) actualCPU=19.8740s cost=$0.017986
[t=    225.1995][DISPATCH              ] wf=13 task=1328 planned=ON-DEMAND -> vm=182 (on-demand)
[t=    225.1995][DISPATCH              ] wf=13 task=1328 vm=182
[t=    225.7055][TASK-COMPLETE         ] task=367 wf=3 vm=159(on-demand) actualCPU=1.0084s cost=$0.000913
[t=    225.8225][TASK-COMPLETE         ] task=1494 wf=15 vm=271(on-demand) actualCPU=11.8711s cost=$0.010743
[t=    225.8225][DISPATCH              ] wf=15 task=1537 planned=vm3 no-idle-reserved -> on-demand vm=159
[t=    225.8225][DISPATCH              ] wf=15 task=1537 vm=159
[t=    225.8984][TASK-COMPLETE         ] task=1493 wf=15 vm=270(on-demand) actualCPU=11.9470s cost=$0.010812
[t=    225.8984][DISPATCH              ] wf=15 task=1536 planned=vm40 no-idle-reserved -> on-demand vm=183
[t=    225.8984][DISPATCH              ] wf=15 task=1536 vm=183
[t=    226.1995][TASK-COMPLETE         ] task=1488 wf=15 vm=265(on-demand) actualCPU=12.2481s cost=$0.011085
[t=    226.1995][DISPATCH              ] wf=15 task=1532 planned=vm48 no-idle-reserved -> on-demand vm=184
[t=    226.1995][DISPATCH              ] wf=15 task=1532 vm=184
[t=    226.3655][TASK-COMPLETE         ] task=1296 wf=13 vm=175(on-demand) actualCPU=21.0400s cost=$0.019041
[t=    226.3655][DISPATCH              ] wf=13 task=1319 planned=ON-DEMAND -> vm=175 (on-demand)
[t=    226.3655][DISPATCH              ] wf=13 task=1319 vm=175
[t=    226.5305][TASK-COMPLETE         ] task=1486 wf=15 vm=263(on-demand) actualCPU=12.5791s cost=$0.011384
[t=    226.5305][DISPATCH              ] wf=15 task=1531 planned=vm11 no-idle-reserved -> on-demand vm=185
[t=    226.5305][DISPATCH              ] wf=15 task=1531 vm=185
[t=    226.5529][TASK-COMPLETE         ] task=324 wf=3 vm=34(reserved) actualCPU=1.5090s
[t=    226.6919][TASK-COMPLETE         ] task=1490 wf=15 vm=267(on-demand) actualCPU=12.7405s cost=$0.011530
[t=    226.6919][DISPATCH              ] wf=15 task=1521 planned=vm30 BUSY -> advanced to vm=34
[t=    226.6919][DISPATCH              ] wf=15 task=1535 planned=vm2 no-idle-reserved -> on-demand vm=186
[t=    226.6919][DISPATCH              ] wf=15 task=1521 vm=34
[t=    226.6919][DISPATCH              ] wf=15 task=1535 vm=186
[t=    227.1455][TASK-COMPLETE         ] task=1487 wf=15 vm=264(on-demand) actualCPU=13.1941s cost=$0.011941
[t=    227.1455][DISPATCH              ] wf=15 task=1502 planned=vm44 no-idle-reserved -> on-demand vm=188
[t=    227.1455][DISPATCH              ] wf=15 task=1506 planned=vm22 no-idle-reserved -> on-demand vm=189
[t=    227.1455][DISPATCH              ] wf=15 task=1509 planned=vm36 no-idle-reserved -> on-demand vm=190
[t=    227.1455][DISPATCH              ] wf=15 task=1510 planned=vm42 no-idle-reserved -> on-demand vm=192
[t=    227.1455][DISPATCH              ] wf=15 task=1502 vm=188
[t=    227.1455][DISPATCH              ] wf=15 task=1506 vm=189
[t=    227.1455][DISPATCH              ] wf=15 task=1509 vm=190
[t=    227.1455][DISPATCH              ] wf=15 task=1510 vm=192
[t=    227.1899][TASK-COMPLETE         ] task=356 wf=3 vm=3(reserved) actualCPU=27.1610s
[t=    227.1899][DISPATCH              ] wf=3 task=357 planned=vm42 BUSY -> advanced to vm=3
[t=    227.1899][DISPATCH              ] wf=3 task=357 vm=3
[t=    227.3975][TASK-COMPLETE         ] task=1497 wf=15 vm=274(on-demand) actualCPU=13.4461s cost=$0.012169
[t=    227.3975][DISPATCH              ] wf=15 task=1504 planned=vm45 no-idle-reserved -> on-demand vm=193
[t=    227.3975][DISPATCH              ] wf=15 task=1534 planned=vm0 no-idle-reserved -> on-demand vm=195
[t=    227.3975][DISPATCH              ] wf=15 task=1539 planned=vm29 no-idle-reserved -> on-demand vm=196
[t=    227.3975][DISPATCH              ] wf=15 task=1548 planned=vm10 no-idle-reserved -> on-demand vm=197
[t=    227.3975][DISPATCH              ] wf=15 task=1549 planned=vm34 no-idle-reserved -> on-demand vm=198
[t=    227.3975][DISPATCH              ] wf=15 task=1504 vm=193
[t=    227.3975][DISPATCH              ] wf=15 task=1534 vm=195
[t=    227.3975][DISPATCH              ] wf=15 task=1539 vm=196
[t=    227.3975][DISPATCH              ] wf=15 task=1548 vm=197
[t=    227.3975][DISPATCH              ] wf=15 task=1549 vm=198
[t=    227.4175][TASK-COMPLETE         ] task=1308 wf=13 vm=187(on-demand) actualCPU=22.0920s cost=$0.019993
[t=    227.4175][TASK-COMPLETE         ] task=1491 wf=15 vm=268(on-demand) actualCPU=13.4661s cost=$0.012187
[t=    227.4175][DISPATCH              ] wf=15 task=1524 planned=vm19 no-idle-reserved -> on-demand vm=187
[t=    227.4175][DISPATCH              ] wf=13 task=1331 planned=ON-DEMAND -> vm=199 (on-demand)
[t=    227.4175][DISPATCH              ] wf=15 task=1524 vm=187
[t=    227.4175][DISPATCH              ] wf=13 task=1331 vm=199
[t=    227.4424][TASK-COMPLETE         ] task=1499 wf=15 vm=276(on-demand) actualCPU=13.4910s cost=$0.012209
[t=    227.4424][DISPATCH              ] wf=15 task=1505 planned=vm10 no-idle-reserved -> on-demand vm=200
[t=    227.4424][DISPATCH              ] wf=15 task=1513 planned=vm38 no-idle-reserved -> on-demand vm=201
[t=    227.4424][DISPATCH              ] wf=15 task=1523 planned=vm45 no-idle-reserved -> on-demand vm=202
[t=    227.4424][DISPATCH              ] wf=15 task=1554 planned=vm41 no-idle-reserved -> on-demand vm=203
[t=    227.4424][DISPATCH              ] wf=15 task=1555 planned=vm41 no-idle-reserved -> on-demand vm=204
[t=    227.4424][DISPATCH              ] wf=15 task=1556 planned=vm42 no-idle-reserved -> on-demand vm=205
[t=    227.4424][DISPATCH              ] wf=15 task=1558 planned=vm1 no-idle-reserved -> on-demand vm=206
[t=    227.4424][DISPATCH              ] wf=15 task=1505 vm=200
[t=    227.4424][DISPATCH              ] wf=15 task=1513 vm=201
[t=    227.4424][DISPATCH              ] wf=15 task=1523 vm=202
[t=    227.4424][DISPATCH              ] wf=15 task=1554 vm=203
[t=    227.4424][DISPATCH              ] wf=15 task=1555 vm=204
[t=    227.4424][DISPATCH              ] wf=15 task=1556 vm=205
[t=    227.4424][DISPATCH              ] wf=15 task=1558 vm=206
[t=    227.5944][TASK-COMPLETE         ] task=1496 wf=15 vm=273(on-demand) actualCPU=13.6430s cost=$0.012347
[t=    227.5944][DISPATCH              ] wf=15 task=1538 planned=vm9 no-idle-reserved -> on-demand vm=207
[t=    227.5944][DISPATCH              ] wf=15 task=1541 planned=vm30 no-idle-reserved -> on-demand vm=208
[t=    227.5944][DISPATCH              ] wf=15 task=1543 planned=vm13 no-idle-reserved -> on-demand vm=213
[t=    227.5944][DISPATCH              ] wf=15 task=1544 planned=vm27 no-idle-reserved -> on-demand vm=214
[t=    227.5944][DISPATCH              ] wf=15 task=1545 planned=vm43 no-idle-reserved -> on-demand vm=215
[t=    227.5944][DISPATCH              ] wf=15 task=1546 planned=vm11 no-idle-reserved -> on-demand vm=216
[t=    227.5944][DISPATCH              ] wf=15 task=1538 vm=207
[t=    227.5944][DISPATCH              ] wf=15 task=1541 vm=208
[t=    227.5944][DISPATCH              ] wf=15 task=1543 vm=213
[t=    227.5944][DISPATCH              ] wf=15 task=1544 vm=214
[t=    227.5944][DISPATCH              ] wf=15 task=1545 vm=215
[t=    227.5944][DISPATCH              ] wf=15 task=1546 vm=216
[t=    228.0504][TASK-COMPLETE         ] task=357 wf=3 vm=3(reserved) actualCPU=0.8605s
[t=    228.3134][TASK-COMPLETE         ] task=1500 wf=15 vm=277(on-demand) actualCPU=14.3620s cost=$0.012998
[t=    228.3134][DISPATCH              ] wf=15 task=1547 planned=vm9 BUSY -> advanced to vm=3
[t=    228.3134][DISPATCH              ] wf=15 task=1550 planned=vm27 no-idle-reserved -> on-demand vm=217
[t=    228.3134][DISPATCH              ] wf=15 task=1547 vm=3
[t=    228.3134][DISPATCH              ] wf=15 task=1550 vm=217
[t=    228.9234][TASK-COMPLETE         ] task=1501 wf=15 vm=278(on-demand) actualCPU=14.9720s cost=$0.013550
[t=    228.9234][DISPATCH              ] wf=15 task=1514 planned=vm17 no-idle-reserved -> on-demand vm=218
[t=    228.9234][DISPATCH              ] wf=15 task=1559 planned=vm16 no-idle-reserved -> on-demand vm=219
[t=    228.9234][DISPATCH              ] wf=15 task=1561 planned=vm15 no-idle-reserved -> on-demand vm=220
[t=    228.9234][DISPATCH              ] wf=15 task=1562 planned=vm4 no-idle-reserved -> on-demand vm=221
[t=    228.9234][DISPATCH              ] wf=15 task=1563 planned=vm38 no-idle-reserved -> on-demand vm=222
[t=    228.9234][DISPATCH              ] wf=15 task=1514 vm=218
[t=    228.9234][DISPATCH              ] wf=15 task=1559 vm=219
[t=    228.9234][DISPATCH              ] wf=15 task=1561 vm=220
[t=    228.9234][DISPATCH              ] wf=15 task=1562 vm=221
[t=    228.9234][DISPATCH              ] wf=15 task=1563 vm=222
[t=    228.9465][TASK-COMPLETE         ] task=1291 wf=13 vm=170(on-demand) actualCPU=23.6210s cost=$0.021377
[t=    228.9465][DISPATCH              ] wf=13 task=1314 planned=ON-DEMAND -> vm=170 (on-demand)
[t=    228.9465][DISPATCH              ] wf=13 task=1314 vm=170
[t=    229.0655][TASK-COMPLETE         ] task=1492 wf=15 vm=269(on-demand) actualCPU=15.1141s cost=$0.013678
[t=    229.0655][DISPATCH              ] wf=15 task=1508 planned=vm43 no-idle-reserved -> on-demand vm=223
[t=    229.0655][DISPATCH              ] wf=15 task=1516 planned=vm46 no-idle-reserved -> on-demand vm=224
[t=    229.0655][DISPATCH              ] wf=15 task=1525 planned=vm25 no-idle-reserved -> on-demand vm=225
[t=    229.0655][DISPATCH              ] wf=15 task=1526 planned=vm2 no-idle-reserved -> on-demand vm=226
[t=    229.0655][DISPATCH              ] wf=15 task=1527 planned=vm15 no-idle-reserved -> on-demand vm=227
[t=    229.0655][DISPATCH              ] wf=15 task=1529 planned=vm48 no-idle-reserved -> on-demand vm=228
[t=    229.0655][DISPATCH              ] wf=15 task=1508 vm=223
[t=    229.0655][DISPATCH              ] wf=15 task=1516 vm=224
[t=    229.0655][DISPATCH              ] wf=15 task=1525 vm=225
[t=    229.0655][DISPATCH              ] wf=15 task=1526 vm=226
[t=    229.0655][DISPATCH              ] wf=15 task=1527 vm=227
[t=    229.0655][DISPATCH              ] wf=15 task=1529 vm=228
[t=    229.3745][TASK-COMPLETE         ] task=1489 wf=15 vm=266(on-demand) actualCPU=15.4231s cost=$0.013958
[t=    229.3745][TASK-COMPLETE         ] task=1498 wf=15 vm=275(on-demand) actualCPU=15.4231s cost=$0.013958
[t=    229.3745][DISPATCH              ] wf=15 task=1507 planned=vm49 no-idle-reserved -> on-demand vm=229
[t=    229.3745][DISPATCH              ] wf=15 task=1512 planned=vm18 no-idle-reserved -> on-demand vm=230
[t=    229.3745][DISPATCH              ] wf=15 task=1515 planned=vm39 no-idle-reserved -> on-demand vm=231
[t=    229.3745][DISPATCH              ] wf=15 task=1517 planned=vm16 no-idle-reserved -> on-demand vm=236
[t=    229.3745][DISPATCH              ] wf=15 task=1518 planned=vm4 no-idle-reserved -> on-demand vm=237
[t=    229.3745][DISPATCH              ] wf=15 task=1519 planned=vm1 no-idle-reserved -> on-demand vm=238
[t=    229.3745][DISPATCH              ] wf=15 task=1520 planned=vm37 no-idle-reserved -> on-demand vm=239
[t=    229.3745][DISPATCH              ] wf=15 task=1522 planned=vm25 no-idle-reserved -> on-demand vm=240
[t=    229.3745][DISPATCH              ] wf=15 task=1530 planned=vm37 no-idle-reserved -> on-demand vm=241
[t=    229.3745][DISPATCH              ] wf=15 task=1533 planned=vm22 no-idle-reserved -> on-demand vm=242
[t=    229.3745][DISPATCH              ] wf=15 task=1542 planned=vm0 no-idle-reserved -> on-demand vm=243
[t=    229.3745][DISPATCH              ] wf=15 task=1551 planned=vm29 no-idle-reserved -> on-demand vm=244
[t=    229.3745][DISPATCH              ] wf=15 task=1552 planned=vm47 no-idle-reserved -> on-demand vm=245
[t=    229.3745][DISPATCH              ] wf=15 task=1553 planned=vm18 no-idle-reserved -> on-demand vm=246
[t=    229.3745][DISPATCH              ] wf=15 task=1557 planned=vm49 no-idle-reserved -> on-demand vm=247
[t=    229.3745][DISPATCH              ] wf=15 task=1560 planned=vm39 no-idle-reserved -> on-demand vm=248
[t=    229.3745][DISPATCH              ] wf=15 task=1507 vm=229
[t=    229.3745][DISPATCH              ] wf=15 task=1512 vm=230
[t=    229.3745][DISPATCH              ] wf=15 task=1515 vm=231
[t=    229.3745][DISPATCH              ] wf=15 task=1517 vm=236
[t=    229.3745][DISPATCH              ] wf=15 task=1518 vm=237
[t=    229.3745][DISPATCH              ] wf=15 task=1519 vm=238
[t=    229.3745][DISPATCH              ] wf=15 task=1520 vm=239
[t=    229.3745][DISPATCH              ] wf=15 task=1522 vm=240
[t=    229.3745][DISPATCH              ] wf=15 task=1530 vm=241
[t=    229.3745][DISPATCH              ] wf=15 task=1533 vm=242
[t=    229.3745][DISPATCH              ] wf=15 task=1542 vm=243
[t=    229.3745][DISPATCH              ] wf=15 task=1551 vm=244
[t=    229.3745][DISPATCH              ] wf=15 task=1552 vm=245
[t=    229.3745][DISPATCH              ] wf=15 task=1553 vm=246
[t=    229.3745][DISPATCH              ] wf=15 task=1557 vm=247
[t=    229.3745][DISPATCH              ] wf=15 task=1560 vm=248
[t=    229.7285][TASK-COMPLETE         ] task=312 wf=3 vm=148(on-demand) actualCPU=27.6084s cost=$0.024986
[t=    229.7285][DISPATCH              ] wf=3 task=313 planned=vm31 no-idle-reserved -> on-demand vm=148
[t=    229.7285][DISPATCH              ] wf=3 task=313 vm=148
[t=    229.8031][TASK-COMPLETE         ] task=310 wf=3 vm=0(reserved) actualCPU=27.6830s
[t=    229.8031][DISPATCH              ] wf=3 task=311 planned=vm37 BUSY -> advanced to vm=0
[t=    229.8031][DISPATCH              ] wf=3 task=311 vm=0
[t=    229.9985][TASK-COMPLETE         ] task=1495 wf=15 vm=272(on-demand) actualCPU=16.0471s cost=$0.014523
[t=    229.9985][DISPATCH              ] wf=15 task=1503 planned=vm3 no-idle-reserved -> on-demand vm=249
[t=    229.9985][DISPATCH              ] wf=15 task=1511 planned=vm40 no-idle-reserved -> on-demand vm=250
[t=    229.9985][DISPATCH              ] wf=15 task=1528 planned=vm47 no-idle-reserved -> on-demand vm=251
[t=    229.9985][DISPATCH              ] wf=15 task=1540 planned=vm46 no-idle-reserved -> on-demand vm=252
[t=    229.9985][DISPATCH              ] wf=15 task=1503 vm=249
[t=    229.9985][DISPATCH              ] wf=15 task=1511 vm=250
[t=    229.9985][DISPATCH              ] wf=15 task=1528 vm=251
[t=    229.9985][DISPATCH              ] wf=15 task=1540 vm=252
[t=    230.5385][TASK-COMPLETE         ] task=311 wf=3 vm=0(reserved) actualCPU=0.7354s
[t=    230.5501][TASK-COMPLETE         ] task=383 wf=3 vm=5(reserved) actualCPU=161.5350s
[t=    230.5501][DISPATCH              ] wf=3 task=384 planned=vm39 BUSY -> advanced to vm=5
[t=    230.5501][DISPATCH              ] wf=3 task=386 planned=vm1 BUSY -> advanced to vm=0
[t=    230.5501][DISPATCH              ] wf=3 task=388 planned=vm48 no-idle-reserved -> on-demand vm=253
[t=    230.5501][DISPATCH              ] wf=3 task=390 planned=vm42 no-idle-reserved -> on-demand vm=254
[t=    230.5501][DISPATCH              ] wf=3 task=392 planned=vm17 no-idle-reserved -> on-demand vm=255
[t=    230.5501][DISPATCH              ] wf=3 task=394 planned=vm47 no-idle-reserved -> on-demand vm=256
[t=    230.5501][DISPATCH              ] wf=3 task=396 planned=vm40 no-idle-reserved -> on-demand vm=257
[t=    230.5501][DISPATCH              ] wf=3 task=384 vm=5
[t=    230.5501][DISPATCH              ] wf=3 task=386 vm=0
[t=    230.5501][DISPATCH              ] wf=3 task=388 vm=253
[t=    230.5501][DISPATCH              ] wf=3 task=390 vm=254
[t=    230.5501][DISPATCH              ] wf=3 task=392 vm=255
[t=    230.5501][DISPATCH              ] wf=3 task=394 vm=256
[t=    230.5501][DISPATCH              ] wf=3 task=396 vm=257
[t=    230.7101][TASK-COMPLETE         ] task=329 wf=3 vm=82(on-demand) actualCPU=44.2562s cost=$0.040052
[t=    230.7101][DISPATCH              ] wf=3 task=330 planned=vm26 no-idle-reserved -> on-demand vm=82
[t=    230.7101][DISPATCH              ] wf=3 task=330 vm=82
[t=    230.8451][TASK-COMPLETE         ] task=314 wf=3 vm=152(on-demand) actualCPU=28.7250s cost=$0.025996
[t=    230.8451][DISPATCH              ] wf=3 task=315 planned=vm27 no-idle-reserved -> on-demand vm=152
[t=    230.8451][DISPATCH              ] wf=3 task=315 vm=152
[t=    231.5291][TASK-COMPLETE         ] task=313 wf=3 vm=148(on-demand) actualCPU=1.8006s cost=$0.001630
[t=    232.1611][TASK-COMPLETE         ] task=330 wf=3 vm=82(on-demand) actualCPU=1.4510s cost=$0.001313
[t=    232.3061][TASK-COMPLETE         ] task=315 wf=3 vm=152(on-demand) actualCPU=1.4610s cost=$0.001322
[t=    233.4681][TASK-COMPLETE         ] task=321 wf=3 vm=2(reserved) actualCPU=47.0142s
[t=    233.4681][DISPATCH              ] wf=3 task=322 planned=vm30 BUSY -> advanced to vm=2
[t=    233.4681][DISPATCH              ] wf=3 task=322 vm=2
[t=    234.7221][TASK-COMPLETE         ] task=358 wf=3 vm=139(on-demand) actualCPU=34.6932s cost=$0.031397
[t=    234.7221][DISPATCH              ] wf=3 task=359 planned=vm19 no-idle-reserved -> on-demand vm=82
[t=    234.7221][DISPATCH              ] wf=3 task=359 vm=82
[t=    235.1401][TASK-COMPLETE         ] task=322 wf=3 vm=2(reserved) actualCPU=1.6720s
[t=    236.0561][TASK-COMPLETE         ] task=359 wf=3 vm=82(on-demand) actualCPU=1.3340s cost=$0.001207
[t=    236.5041][TASK-COMPLETE         ] task=1537 wf=15 vm=159(on-demand) actualCPU=10.6816s cost=$0.009667
[t=    236.7351][TASK-COMPLETE         ] task=1531 wf=15 vm=185(on-demand) actualCPU=10.2046s cost=$0.009235
[t=    236.8721][TASK-COMPLETE         ] task=1535 wf=15 vm=186(on-demand) actualCPU=10.1802s cost=$0.009213
[t=    237.0321][TASK-COMPLETE         ] task=1476 wf=14 vm=260(on-demand) actualCPU=23.5098s cost=$0.021276
[t=    237.1279][TASK-COMPLETE         ] task=205 wf=2 vm=23(reserved) actualCPU=47.3650s
[t=    237.1279][DISPATCH              ] wf=2 task=206 planned=vm24 BUSY -> advanced to vm=2
[t=    237.1279][DISPATCH              ] wf=2 task=206 vm=2
[t=    237.1965][TASK-COMPLETE         ] task=1548 wf=15 vm=197(on-demand) actualCPU=9.7990s cost=$0.008868
[t=    237.2825][TASK-COMPLETE         ] task=1510 wf=15 vm=192(on-demand) actualCPU=10.1370s cost=$0.009174
[t=    237.4815][TASK-COMPLETE         ] task=1541 wf=15 vm=208(on-demand) actualCPU=9.8871s cost=$0.008948
[t=    237.5674][TASK-COMPLETE         ] task=1555 wf=15 vm=204(on-demand) actualCPU=10.1250s cost=$0.009163
[t=    237.6065][TASK-COMPLETE         ] task=1504 wf=15 vm=193(on-demand) actualCPU=10.2090s cost=$0.009239
[t=    237.6365][TASK-COMPLETE         ] task=1502 wf=15 vm=188(on-demand) actualCPU=10.4910s cost=$0.009494
[t=    237.6365][TASK-COMPLETE         ] task=1534 wf=15 vm=195(on-demand) actualCPU=10.2390s cost=$0.009266
[t=    237.6595][TASK-COMPLETE         ] task=1509 wf=15 vm=190(on-demand) actualCPU=10.5140s cost=$0.009515
[t=    237.6724][TASK-COMPLETE         ] task=1547 wf=15 vm=3(reserved) actualCPU=9.3590s
[t=    237.6929][TASK-COMPLETE         ] task=206 wf=2 vm=2(reserved) actualCPU=0.5650s
[t=    237.7464][TASK-COMPLETE         ] task=1545 wf=15 vm=215(on-demand) actualCPU=10.1520s cost=$0.009188
[t=    237.7824][TASK-COMPLETE         ] task=207 wf=2 vm=115(on-demand) actualCPU=48.0195s cost=$0.043458
[t=    237.7824][DISPATCH              ] wf=2 task=208 planned=vm41 BUSY -> advanced to vm=2
[t=    237.7824][DISPATCH              ] wf=2 task=208 vm=2
[t=    237.8795][TASK-COMPLETE         ] task=1549 wf=15 vm=198(on-demand) actualCPU=10.4820s cost=$0.009486
[t=    237.9854][TASK-COMPLETE         ] task=1559 wf=15 vm=219(on-demand) actualCPU=9.0620s cost=$0.008201
[t=    237.9995][TASK-COMPLETE         ] task=1524 wf=15 vm=187(on-demand) actualCPU=10.5820s cost=$0.009577
[t=    238.0374][TASK-COMPLETE         ] task=1536 wf=15 vm=183(on-demand) actualCPU=12.1390s cost=$0.010986
[t=    238.1524][TASK-COMPLETE         ] task=201 wf=2 vm=20(reserved) actualCPU=48.3895s
[t=    238.1524][DISPATCH              ] wf=2 task=202 planned=vm9 BUSY -> advanced to vm=3
[t=    238.1524][DISPATCH              ] wf=2 task=202 vm=3
[t=    238.1734][TASK-COMPLETE         ] task=1543 wf=15 vm=213(on-demand) actualCPU=10.5790s cost=$0.009574
[t=    238.2429][TASK-COMPLETE         ] task=1539 wf=15 vm=196(on-demand) actualCPU=10.8454s cost=$0.009815
[t=    238.2729][TASK-COMPLETE         ] task=1521 wf=15 vm=34(reserved) actualCPU=11.5810s
[t=    238.3505][TASK-COMPLETE         ] task=1516 wf=15 vm=224(on-demand) actualCPU=9.2850s cost=$0.008403
[t=    238.3724][TASK-COMPLETE         ] task=1561 wf=15 vm=220(on-demand) actualCPU=9.4490s cost=$0.008551
[t=    238.4524][TASK-COMPLETE         ] task=1538 wf=15 vm=207(on-demand) actualCPU=10.8580s cost=$0.009826
[t=    238.5164][TASK-COMPLETE         ] task=1551 wf=15 vm=244(on-demand) actualCPU=9.1419s cost=$0.008273
[t=    238.6244][TASK-COMPLETE         ] task=208 wf=2 vm=2(reserved) actualCPU=0.8420s
[t=    238.6835][TASK-COMPLETE         ] task=1506 wf=15 vm=189(on-demand) actualCPU=11.5380s cost=$0.010442
[t=    238.7129][TASK-COMPLETE         ] task=1550 wf=15 vm=217(on-demand) actualCPU=10.3995s cost=$0.009412
[t=    238.8589][TASK-COMPLETE         ] task=1505 wf=15 vm=200(on-demand) actualCPU=11.4165s cost=$0.010332
[t=    238.9165][TASK-COMPLETE         ] task=1525 wf=15 vm=225(on-demand) actualCPU=9.8510s cost=$0.008915
[t=    238.9165][TASK-COMPLETE         ] task=1512 wf=15 vm=230(on-demand) actualCPU=9.5420s cost=$0.008636
[t=    238.9565][TASK-COMPLETE         ] task=1530 wf=15 vm=241(on-demand) actualCPU=9.5820s cost=$0.008672
[t=    238.9895][TASK-COMPLETE         ] task=1503 wf=15 vm=249(on-demand) actualCPU=8.9910s cost=$0.008137
[t=    239.0604][TASK-COMPLETE         ] task=1554 wf=15 vm=203(on-demand) actualCPU=11.6180s cost=$0.010514
[t=    239.0984][TASK-COMPLETE         ] task=1556 wf=15 vm=205(on-demand) actualCPU=11.6560s cost=$0.010549
[t=    239.1704][TASK-COMPLETE         ] task=1518 wf=15 vm=237(on-demand) actualCPU=9.7959s cost=$0.008865
[t=    239.1835][TASK-COMPLETE         ] task=1533 wf=15 vm=242(on-demand) actualCPU=9.8090s cost=$0.008877
[t=    239.2224][TASK-COMPLETE         ] task=1563 wf=15 vm=222(on-demand) actualCPU=10.2990s cost=$0.009321
[t=    239.2804][TASK-COMPLETE         ] task=1558 wf=15 vm=206(on-demand) actualCPU=11.8380s cost=$0.010713
[t=    239.2935][TASK-COMPLETE         ] task=202 wf=2 vm=3(reserved) actualCPU=1.1411s
[t=    239.4704][TASK-COMPLETE         ] task=1529 wf=15 vm=228(on-demand) actualCPU=10.4049s cost=$0.009416
[t=    239.4854][TASK-COMPLETE         ] task=1546 wf=15 vm=216(on-demand) actualCPU=11.8910s cost=$0.010761
[t=    239.5375][TASK-COMPLETE         ] task=1557 wf=15 vm=247(on-demand) actualCPU=10.1630s cost=$0.009198
[t=    239.5545][TASK-COMPLETE         ] task=1519 wf=15 vm=238(on-demand) actualCPU=10.1800s cost=$0.009213
[t=    239.6104][TASK-COMPLETE         ] task=1514 wf=15 vm=218(on-demand) actualCPU=10.6870s cost=$0.009672
[t=    239.6765][TASK-COMPLETE         ] task=1515 wf=15 vm=231(on-demand) actualCPU=10.3020s cost=$0.009323
[t=    239.7575][TASK-COMPLETE         ] task=1523 wf=15 vm=202(on-demand) actualCPU=12.3151s cost=$0.011145
[t=    239.8534][TASK-COMPLETE         ] task=1513 wf=15 vm=201(on-demand) actualCPU=12.4110s cost=$0.011232
[t=    240.0854][TASK-COMPLETE         ] task=1527 wf=15 vm=227(on-demand) actualCPU=11.0199s cost=$0.009973
[t=    240.1015][TASK-COMPLETE         ] task=1532 wf=15 vm=184(on-demand) actualCPU=13.9020s cost=$0.012581
[t=    240.1735][TASK-COMPLETE         ] task=1517 wf=15 vm=236(on-demand) actualCPU=10.7990s cost=$0.009773
[t=    240.2055][TASK-COMPLETE         ] task=1511 wf=15 vm=250(on-demand) actualCPU=10.2070s cost=$0.009237
[t=    240.2835][TASK-COMPLETE         ] task=1528 wf=15 vm=251(on-demand) actualCPU=10.2850s cost=$0.009308
[t=    240.3054][TASK-COMPLETE         ] task=1562 wf=15 vm=221(on-demand) actualCPU=11.3820s cost=$0.010301
[t=    240.6005][TASK-COMPLETE         ] task=1544 wf=15 vm=214(on-demand) actualCPU=13.0061s cost=$0.011771
[t=    240.6665][TASK-COMPLETE         ] task=1520 wf=15 vm=239(on-demand) actualCPU=11.2920s cost=$0.010219
[t=    240.6665][TASK-COMPLETE         ] task=1553 wf=15 vm=246(on-demand) actualCPU=11.2920s cost=$0.010219
[t=    240.8135][TASK-COMPLETE         ] task=1508 wf=15 vm=223(on-demand) actualCPU=11.7480s cost=$0.010632
[t=    240.8335][TASK-COMPLETE         ] task=1540 wf=15 vm=252(on-demand) actualCPU=10.8350s cost=$0.009806
[t=    240.8975][TASK-COMPLETE         ] task=1526 wf=15 vm=226(on-demand) actualCPU=11.8320s cost=$0.010708
[t=    240.9435][TASK-COMPLETE         ] task=1522 wf=15 vm=240(on-demand) actualCPU=11.5690s cost=$0.010470
[t=    241.1475][TASK-COMPLETE         ] task=1507 wf=15 vm=229(on-demand) actualCPU=11.7730s cost=$0.010655
[t=    241.4845][TASK-COMPLETE         ] task=203 wf=2 vm=21(reserved) actualCPU=51.7216s
[t=    241.4845][DISPATCH              ] wf=2 task=204 planned=vm46 BUSY -> advanced to vm=2
[t=    241.4845][DISPATCH              ] wf=2 task=204 vm=2
[t=    241.7275][TASK-COMPLETE         ] task=1552 wf=15 vm=245(on-demand) actualCPU=12.3530s cost=$0.011179
[t=    241.7735][TASK-COMPLETE         ] task=1542 wf=15 vm=243(on-demand) actualCPU=12.3990s cost=$0.011221
[t=    241.8885][TASK-COMPLETE         ] task=318 wf=3 vm=161(on-demand) actualCPU=39.7684s cost=$0.035990
[t=    241.8885][DISPATCH              ] wf=3 task=319 planned=vm44 BUSY -> advanced to vm=3
[t=    241.8885][DISPATCH              ] wf=3 task=319 vm=3
[t=    242.0125][TASK-COMPLETE         ] task=204 wf=2 vm=2(reserved) actualCPU=0.5280s
[t=    242.3345][TASK-COMPLETE         ] task=1560 wf=15 vm=248(on-demand) actualCPU=12.9600s cost=$0.011729
[t=    242.3345][DISPATCH              ] wf=15 task=1564 planned=vm46 BUSY -> advanced to vm=2
[t=    242.3345][DISPATCH              ] wf=15 task=1564 vm=2
[t=    242.7755][TASK-COMPLETE         ] task=319 wf=3 vm=3(reserved) actualCPU=0.8870s
[t=    243.3365][TASK-COMPLETE         ] task=364 wf=3 vm=158(on-demand) actualCPU=43.3076s cost=$0.039193
[t=    243.3365][DISPATCH              ] wf=3 task=365 planned=vm7 BUSY -> advanced to vm=3
[t=    243.3365][DISPATCH              ] wf=3 task=365 vm=3
[t=    244.3725][TASK-COMPLETE         ] task=365 wf=3 vm=3(reserved) actualCPU=1.0360s
[t=    244.4105][TASK-COMPLETE         ] task=316 wf=3 vm=160(on-demand) actualCPU=42.2904s cost=$0.038273
[t=    244.4105][DISPATCH              ] wf=3 task=317 planned=vm25 BUSY -> advanced to vm=3
[t=    244.4105][DISPATCH              ] wf=3 task=317 vm=3
[t=    245.7805][TASK-COMPLETE         ] task=242 wf=2 vm=24(reserved) actualCPU=196.9795s
[t=    245.7805][DISPATCH              ] wf=2 task=243 planned=vm31 BUSY -> advanced to vm=24
[t=    245.7805][DISPATCH              ] wf=2 task=245 planned=vm14 BUSY -> advanced to vm=20
[t=    245.7805][DISPATCH              ] wf=2 task=247 planned=vm0 BUSY -> advanced to vm=21
[t=    245.7805][DISPATCH              ] wf=2 task=249 planned=vm25 BUSY -> advanced to vm=23
[t=    245.7805][DISPATCH              ] wf=2 task=251 planned=vm47 BUSY -> advanced to vm=34
[t=    245.7805][DISPATCH              ] wf=2 task=253 planned=vm40 no-idle-reserved -> on-demand vm=82
[t=    245.7805][DISPATCH              ] wf=2 task=243 vm=24
[t=    245.7805][DISPATCH              ] wf=2 task=245 vm=20
[t=    245.7805][DISPATCH              ] wf=2 task=247 vm=21
[t=    245.7805][DISPATCH              ] wf=2 task=249 vm=23
[t=    245.7805][DISPATCH              ] wf=2 task=251 vm=34
[t=    245.7805][DISPATCH              ] wf=2 task=253 vm=82
[t=    245.8445][TASK-COMPLETE         ] task=317 wf=3 vm=3(reserved) actualCPU=1.4340s
[t=    246.9755][TASK-COMPLETE         ] task=305 wf=3 vm=163(on-demand) actualCPU=44.5094s cost=$0.040281
[t=    246.9755][DISPATCH              ] wf=3 task=306 planned=vm10 BUSY -> advanced to vm=3
[t=    246.9755][DISPATCH              ] wf=3 task=306 vm=3
[t=    247.2905][TASK-COMPLETE         ] task=362 wf=3 vm=157(on-demand) actualCPU=47.2616s cost=$0.042772
[t=    247.2905][DISPATCH              ] wf=3 task=363 planned=vm22 no-idle-reserved -> on-demand vm=115
[t=    247.2905][DISPATCH              ] wf=3 task=363 vm=115
[t=    247.5135][TASK-COMPLETE         ] task=1022 wf=10 vm=126(on-demand) actualCPU=78.6678s cost=$0.071194
[t=    247.5135][DISPATCH              ] wf=10 task=1023 planned=vm23 no-idle-reserved -> on-demand vm=126
[t=    247.5135][DISPATCH              ] wf=10 task=1025 planned=vm36 no-idle-reserved -> on-demand vm=139
[t=    247.5135][DISPATCH              ] wf=10 task=1027 planned=vm39 no-idle-reserved -> on-demand vm=148
[t=    247.5135][DISPATCH              ] wf=10 task=1029 planned=vm7 no-idle-reserved -> on-demand vm=152
[t=    247.5135][DISPATCH              ] wf=10 task=1031 planned=vm25 no-idle-reserved -> on-demand vm=157
[t=    247.5135][DISPATCH              ] wf=10 task=1023 vm=126
[t=    247.5135][DISPATCH              ] wf=10 task=1025 vm=139
[t=    247.5135][DISPATCH              ] wf=10 task=1027 vm=148
[t=    247.5135][DISPATCH              ] wf=10 task=1029 vm=152
[t=    247.5135][DISPATCH              ] wf=10 task=1031 vm=157
[t=    247.5965][TASK-COMPLETE         ] task=306 wf=3 vm=3(reserved) actualCPU=0.6210s
[t=    248.3625][TASK-COMPLETE         ] task=1564 wf=15 vm=2(reserved) actualCPU=6.0280s
[t=    248.3625][DISPATCH              ] wf=15 task=1565 planned=vm29 BUSY -> advanced to vm=2
[t=    248.3625][DISPATCH              ] wf=15 task=1565 vm=2
[t=    248.4189][TASK-COMPLETE         ] task=327 wf=3 vm=79(on-demand) actualCPU=61.9650s cost=$0.056078
[t=    248.4189][DISPATCH              ] wf=3 task=328 planned=vm41 BUSY -> advanced to vm=3
[t=    248.4189][DISPATCH              ] wf=3 task=328 vm=3
[t=    248.6559][TASK-COMPLETE         ] task=363 wf=3 vm=115(on-demand) actualCPU=1.3654s cost=$0.001236
[t=    249.2319][TASK-COMPLETE         ] task=328 wf=3 vm=3(reserved) actualCPU=0.8130s
[t=    253.0769][TASK-COMPLETE         ] task=255 wf=2 vm=25(reserved) actualCPU=204.2759s
[t=    253.0769][DISPATCH              ] wf=2 task=256 planned=vm22 BUSY -> advanced to vm=3
[t=    253.0769][DISPATCH              ] wf=2 task=258 planned=vm44 BUSY -> advanced to vm=25
[t=    253.0769][DISPATCH              ] wf=2 task=260 planned=vm8 no-idle-reserved -> on-demand vm=79
[t=    253.0769][DISPATCH              ] wf=2 task=262 planned=vm23 no-idle-reserved -> on-demand vm=115
[t=    253.0769][DISPATCH              ] wf=2 task=264 planned=vm13 no-idle-reserved -> on-demand vm=158
[t=    253.0769][DISPATCH              ] wf=2 task=266 planned=vm46 no-idle-reserved -> on-demand vm=159
[t=    253.0769][DISPATCH              ] wf=2 task=256 vm=3
[t=    253.0769][DISPATCH              ] wf=2 task=258 vm=25
[t=    253.0769][DISPATCH              ] wf=2 task=260 vm=79
[t=    253.0769][DISPATCH              ] wf=2 task=262 vm=115
[t=    253.0769][DISPATCH              ] wf=2 task=264 vm=158
[t=    253.0769][DISPATCH              ] wf=2 task=266 vm=159
[t=    253.2119][TASK-COMPLETE         ] task=1441 wf=14 vm=233(on-demand) actualCPU=39.6896s cost=$0.035919
[t=    254.2529][TASK-COMPLETE         ] task=1565 wf=15 vm=2(reserved) actualCPU=5.8904s
[t=    254.2529][DISPATCH              ] wf=15 task=1566 planned=vm43 BUSY -> advanced to vm=2
[t=    254.2529][DISPATCH              ] wf=15 task=1567 planned=vm3 no-idle-reserved -> on-demand vm=160
[t=    254.2529][DISPATCH              ] wf=15 task=1568 planned=vm18 no-idle-reserved -> on-demand vm=161
[t=    254.2529][DISPATCH              ] wf=15 task=1569 planned=vm46 no-idle-reserved -> on-demand vm=163
[t=    254.2529][DISPATCH              ] wf=15 task=1570 planned=vm10 no-idle-reserved -> on-demand vm=183
[t=    254.2529][DISPATCH              ] wf=15 task=1571 planned=vm4 no-idle-reserved -> on-demand vm=184
[t=    254.2529][DISPATCH              ] wf=15 task=1572 planned=vm25 no-idle-reserved -> on-demand vm=185
[t=    254.2529][DISPATCH              ] wf=15 task=1573 planned=vm37 no-idle-reserved -> on-demand vm=186
[t=    254.2529][DISPATCH              ] wf=15 task=1574 planned=vm29 no-idle-reserved -> on-demand vm=187
[t=    254.2529][DISPATCH              ] wf=15 task=1575 planned=vm49 no-idle-reserved -> on-demand vm=188
[t=    254.2529][DISPATCH              ] wf=15 task=1576 planned=vm11 no-idle-reserved -> on-demand vm=189
[t=    254.2529][DISPATCH              ] wf=15 task=1577 planned=vm15 no-idle-reserved -> on-demand vm=190
[t=    254.2529][DISPATCH              ] wf=15 task=1578 planned=vm9 no-idle-reserved -> on-demand vm=192
[t=    254.2529][DISPATCH              ] wf=15 task=1579 planned=vm1 no-idle-reserved -> on-demand vm=193
[t=    254.2529][DISPATCH              ] wf=15 task=1580 planned=vm32 no-idle-reserved -> on-demand vm=195
[t=    254.2529][DISPATCH              ] wf=15 task=1581 planned=vm16 no-idle-reserved -> on-demand vm=196
[t=    254.2529][DISPATCH              ] wf=15 task=1566 vm=2
[t=    254.2529][DISPATCH              ] wf=15 task=1567 vm=160
[t=    254.2529][DISPATCH              ] wf=15 task=1568 vm=161
[t=    254.2529][DISPATCH              ] wf=15 task=1569 vm=163
[t=    254.2529][DISPATCH              ] wf=15 task=1570 vm=183
[t=    254.2529][DISPATCH              ] wf=15 task=1571 vm=184
[t=    254.2529][DISPATCH              ] wf=15 task=1572 vm=185
[t=    254.2529][DISPATCH              ] wf=15 task=1573 vm=186
[t=    254.2529][DISPATCH              ] wf=15 task=1574 vm=187
[t=    254.2529][DISPATCH              ] wf=15 task=1575 vm=188
[t=    254.2529][DISPATCH              ] wf=15 task=1576 vm=189
[t=    254.2529][DISPATCH              ] wf=15 task=1577 vm=190
[t=    254.2529][DISPATCH              ] wf=15 task=1578 vm=192
[t=    254.2529][DISPATCH              ] wf=15 task=1579 vm=193
[t=    254.2529][DISPATCH              ] wf=15 task=1580 vm=195
[t=    254.2529][DISPATCH              ] wf=15 task=1581 vm=196
[t=    254.9349][TASK-COMPLETE         ] task=1410 wf=14 vm=210(on-demand) actualCPU=41.4126s cost=$0.037478
[t=    255.0789][TASK-COMPLETE         ] task=283 wf=2 vm=38(reserved) actualCPU=206.2779s
[t=    255.0789][DISPATCH              ] wf=2 task=284 planned=vm33 BUSY -> advanced to vm=38
[t=    255.0789][DISPATCH              ] wf=2 task=286 planned=vm35 no-idle-reserved -> on-demand vm=197
[t=    255.0789][DISPATCH              ] wf=2 task=288 planned=vm19 no-idle-reserved -> on-demand vm=198
[t=    255.0789][DISPATCH              ] wf=2 task=290 planned=vm27 no-idle-reserved -> on-demand vm=200
[t=    255.0789][DISPATCH              ] wf=2 task=292 planned=vm9 no-idle-reserved -> on-demand vm=201
[t=    255.0789][DISPATCH              ] wf=2 task=294 planned=vm30 no-idle-reserved -> on-demand vm=202
[t=    255.0789][DISPATCH              ] wf=2 task=296 planned=vm48 no-idle-reserved -> on-demand vm=203
[t=    255.0789][DISPATCH              ] wf=2 task=284 vm=38
[t=    255.0789][DISPATCH              ] wf=2 task=286 vm=197
[t=    255.0789][DISPATCH              ] wf=2 task=288 vm=198
[t=    255.0789][DISPATCH              ] wf=2 task=290 vm=200
[t=    255.0789][DISPATCH              ] wf=2 task=292 vm=201
[t=    255.0789][DISPATCH              ] wf=2 task=294 vm=202
[t=    255.0789][DISPATCH              ] wf=2 task=296 vm=203
[t=    256.5319][TASK-COMPLETE         ] task=307 wf=3 vm=165(on-demand) actualCPU=54.0658s cost=$0.048930
[t=    256.5319][DISPATCH              ] wf=3 task=308 planned=vm40 no-idle-reserved -> on-demand vm=165
[t=    256.5319][DISPATCH              ] wf=3 task=308 vm=165
[t=    257.3439][TASK-COMPLETE         ] task=308 wf=3 vm=165(on-demand) actualCPU=0.8120s cost=$0.000735
[t=    258.3819][TASK-COMPLETE         ] task=360 wf=3 vm=156(on-demand) actualCPU=58.3530s cost=$0.052809
[t=    258.3819][DISPATCH              ] wf=3 task=361 planned=vm21 no-idle-reserved -> on-demand vm=156
[t=    258.3819][DISPATCH              ] wf=3 task=361 vm=156
[t=    259.7449][TASK-COMPLETE         ] task=361 wf=3 vm=156(on-demand) actualCPU=1.3630s cost=$0.001234
[t=    260.6449][TASK-COMPLETE         ] task=303 wf=3 vm=162(on-demand) actualCPU=58.1788s cost=$0.052652
[t=    260.6449][DISPATCH              ] wf=3 task=304 planned=vm36 no-idle-reserved -> on-demand vm=156
[t=    260.6449][DISPATCH              ] wf=3 task=304 vm=156
[t=    261.3549][TASK-COMPLETE         ] task=304 wf=3 vm=156(on-demand) actualCPU=0.7100s cost=$0.000643
[t=    261.5039][TASK-COMPLETE         ] task=301 wf=3 vm=4(reserved) actualCPU=59.0378s
[t=    261.5039][DISPATCH              ] wf=3 task=302 planned=vm16 BUSY -> advanced to vm=4
[t=    261.5039][DISPATCH              ] wf=3 task=302 vm=4
[t=    262.7209][TASK-COMPLETE         ] task=302 wf=3 vm=4(reserved) actualCPU=1.2170s
[t=    262.8059][TASK-COMPLETE         ] task=1574 wf=15 vm=187(on-demand) actualCPU=8.5530s cost=$0.007740
[t=    262.9159][TASK-COMPLETE         ] task=1569 wf=15 vm=163(on-demand) actualCPU=8.6630s cost=$0.007840
[t=    263.2559][TASK-COMPLETE         ] task=1567 wf=15 vm=160(on-demand) actualCPU=9.0030s cost=$0.008148
[t=    263.7709][TASK-COMPLETE         ] task=1477 wf=14 vm=261(on-demand) actualCPU=50.2486s cost=$0.045475
[t=    263.7949][TASK-COMPLETE         ] task=1581 wf=15 vm=196(on-demand) actualCPU=9.5420s cost=$0.008636
[t=    264.0549][TASK-COMPLETE         ] task=1578 wf=15 vm=192(on-demand) actualCPU=9.8020s cost=$0.008871
[t=    264.1649][TASK-COMPLETE         ] task=1577 wf=15 vm=190(on-demand) actualCPU=9.9120s cost=$0.008970
[t=    264.2189][TASK-COMPLETE         ] task=1568 wf=15 vm=161(on-demand) actualCPU=9.9660s cost=$0.009019
[t=    264.2541][TASK-COMPLETE         ] task=368 wf=3 vm=6(reserved) actualCPU=195.2390s
[t=    264.2541][DISPATCH              ] wf=3 task=369 planned=vm10 BUSY -> advanced to vm=6
[t=    264.2541][DISPATCH              ] wf=3 task=371 planned=vm37 BUSY -> advanced to vm=4
[t=    264.2541][DISPATCH              ] wf=3 task=373 planned=vm38 no-idle-reserved -> on-demand vm=156
[t=    264.2541][DISPATCH              ] wf=3 task=375 planned=vm26 no-idle-reserved -> on-demand vm=160
[t=    264.2541][DISPATCH              ] wf=3 task=377 planned=vm38 no-idle-reserved -> on-demand vm=161
[t=    264.2541][DISPATCH              ] wf=3 task=379 planned=vm41 no-idle-reserved -> on-demand vm=162
[t=    264.2541][DISPATCH              ] wf=3 task=381 planned=vm10 no-idle-reserved -> on-demand vm=163
[t=    264.2541][DISPATCH              ] wf=3 task=369 vm=6
[t=    264.2541][DISPATCH              ] wf=3 task=371 vm=4
[t=    264.2541][DISPATCH              ] wf=3 task=373 vm=156
[t=    264.2541][DISPATCH              ] wf=3 task=375 vm=160
[t=    264.2541][DISPATCH              ] wf=3 task=377 vm=161
[t=    264.2541][DISPATCH              ] wf=3 task=379 vm=162
[t=    264.2541][DISPATCH              ] wf=3 task=381 vm=163
[t=    264.4931][TASK-COMPLETE         ] task=1573 wf=15 vm=186(on-demand) actualCPU=10.2402s cost=$0.009267
[t=    264.5249][TASK-COMPLETE         ] task=1571 wf=15 vm=184(on-demand) actualCPU=10.2720s cost=$0.009296
[t=    264.5869][TASK-COMPLETE         ] task=1570 wf=15 vm=183(on-demand) actualCPU=10.3340s cost=$0.009352
[t=    265.2761][TASK-COMPLETE         ] task=1572 wf=15 vm=185(on-demand) actualCPU=11.0232s cost=$0.009976
[t=    265.6531][TASK-COMPLETE         ] task=1580 wf=15 vm=195(on-demand) actualCPU=11.4002s cost=$0.010317
[t=    265.6689][TASK-COMPLETE         ] task=1566 wf=15 vm=2(reserved) actualCPU=11.4160s
[t=    265.7159][TASK-COMPLETE         ] task=1575 wf=15 vm=188(on-demand) actualCPU=11.4630s cost=$0.010374
[t=    265.7479][TASK-COMPLETE         ] task=1579 wf=15 vm=193(on-demand) actualCPU=11.4950s cost=$0.010403
[t=    267.6041][TASK-COMPLETE         ] task=1576 wf=15 vm=189(on-demand) actualCPU=13.3512s cost=$0.012083
[t=    267.6041][DISPATCH              ] wf=15 task=1582 planned=vm29 BUSY -> advanced to vm=2
[t=    267.6041][DISPATCH              ] wf=15 task=1582 vm=2
[t=    271.3091][TASK-COMPLETE         ] task=1222 wf=12 vm=124(on-demand) actualCPU=74.5068s cost=$0.067429
[t=    271.3091][DISPATCH              ] wf=12 task=1223 planned=vm35 no-idle-reserved -> on-demand vm=124
[t=    271.3091][DISPATCH              ] wf=12 task=1225 planned=vm30 no-idle-reserved -> on-demand vm=165
[t=    271.3091][DISPATCH              ] wf=12 task=1227 planned=vm32 no-idle-reserved -> on-demand vm=183
[t=    271.3091][DISPATCH              ] wf=12 task=1229 planned=vm17 no-idle-reserved -> on-demand vm=184
[t=    271.3091][DISPATCH              ] wf=12 task=1231 planned=vm49 no-idle-reserved -> on-demand vm=185
[t=    271.3091][DISPATCH              ] wf=12 task=1223 vm=124
[t=    271.3091][DISPATCH              ] wf=12 task=1225 vm=165
[t=    271.3091][DISPATCH              ] wf=12 task=1227 vm=183
[t=    271.3091][DISPATCH              ] wf=12 task=1229 vm=184
[t=    271.3091][DISPATCH              ] wf=12 task=1231 vm=185
[t=    271.3835][TASK-COMPLETE         ] task=243 wf=2 vm=24(reserved) actualCPU=25.6030s
[t=    271.3835][DISPATCH              ] wf=2 task=244 planned=vm26 BUSY -> advanced to vm=24
[t=    271.3835][DISPATCH              ] wf=2 task=244 vm=24
[t=    271.9065][TASK-COMPLETE         ] task=392 wf=3 vm=255(on-demand) actualCPU=41.3564s cost=$0.037428
[t=    271.9065][DISPATCH              ] wf=3 task=393 planned=vm39 no-idle-reserved -> on-demand vm=186
[t=    271.9065][DISPATCH              ] wf=3 task=393 vm=186
[t=    271.9765][TASK-COMPLETE         ] task=245 wf=2 vm=20(reserved) actualCPU=26.1960s
[t=    271.9765][DISPATCH              ] wf=2 task=246 planned=vm43 BUSY -> advanced to vm=20
[t=    271.9765][DISPATCH              ] wf=2 task=246 vm=20
[t=    272.0165][TASK-COMPLETE         ] task=244 wf=2 vm=24(reserved) actualCPU=0.6330s
[t=    272.2885][TASK-COMPLETE         ] task=1411 wf=14 vm=211(on-demand) actualCPU=58.7662s cost=$0.053183
[t=    272.6335][TASK-COMPLETE         ] task=268 wf=2 vm=37(reserved) actualCPU=223.8325s
[t=    272.6335][DISPATCH              ] wf=2 task=269 planned=vm26 BUSY -> advanced to vm=24
[t=    272.6335][DISPATCH              ] wf=2 task=271 planned=vm49 BUSY -> advanced to vm=37
[t=    272.6335][DISPATCH              ] wf=2 task=273 planned=vm37 no-idle-reserved -> on-demand vm=187
[t=    272.6335][DISPATCH              ] wf=2 task=275 planned=vm16 no-idle-reserved -> on-demand vm=188
[t=    272.6335][DISPATCH              ] wf=2 task=277 planned=vm5 no-idle-reserved -> on-demand vm=189
[t=    272.6335][DISPATCH              ] wf=2 task=279 planned=vm34 no-idle-reserved -> on-demand vm=190
[t=    272.6335][DISPATCH              ] wf=2 task=281 planned=vm18 no-idle-reserved -> on-demand vm=192
[t=    272.6335][DISPATCH              ] wf=2 task=269 vm=24
[t=    272.6335][DISPATCH              ] wf=2 task=271 vm=37
[t=    272.6335][DISPATCH              ] wf=2 task=273 vm=187
[t=    272.6335][DISPATCH              ] wf=2 task=275 vm=188
[t=    272.6335][DISPATCH              ] wf=2 task=277 vm=189
[t=    272.6335][DISPATCH              ] wf=2 task=279 vm=190
[t=    272.6335][DISPATCH              ] wf=2 task=281 vm=192
[t=    272.6625][TASK-COMPLETE         ] task=393 wf=3 vm=186(on-demand) actualCPU=0.7560s cost=$0.000684
[t=    272.7255][TASK-COMPLETE         ] task=1029 wf=10 vm=152(on-demand) actualCPU=25.2120s cost=$0.022817
[t=    272.7255][DISPATCH              ] wf=10 task=1030 planned=vm20 no-idle-reserved -> on-demand vm=152
[t=    272.7255][DISPATCH              ] wf=10 task=1030 vm=152
[t=    272.8585][TASK-COMPLETE         ] task=246 wf=2 vm=20(reserved) actualCPU=0.8820s
[t=    273.8435][TASK-COMPLETE         ] task=1030 wf=10 vm=152(on-demand) actualCPU=1.1180s cost=$0.001012
[t=    274.6645][TASK-COMPLETE         ] task=1582 wf=15 vm=2(reserved) actualCPU=7.0604s
[t=    274.6645][DISPATCH              ] wf=15 task=1583 planned=vm15 BUSY -> advanced to vm=2
[t=    274.6645][DISPATCH              ] wf=15 task=1583 vm=2
[t=    276.7245][TASK-COMPLETE         ] task=256 wf=2 vm=3(reserved) actualCPU=23.6476s
[t=    276.7245][DISPATCH              ] wf=2 task=257 planned=vm0 BUSY -> advanced to vm=3
[t=    276.7245][DISPATCH              ] wf=2 task=257 vm=3
[t=    277.7355][TASK-COMPLETE         ] task=257 wf=2 vm=3(reserved) actualCPU=1.0110s
[t=    279.8615][TASK-COMPLETE         ] task=266 wf=2 vm=159(on-demand) actualCPU=26.7846s cost=$0.024240
[t=    279.8615][DISPATCH              ] wf=2 task=267 -> vm=3 (planned reserved, was idle)
[t=    279.8615][DISPATCH              ] wf=2 task=267 vm=3
[t=    280.9055][TASK-COMPLETE         ] task=267 wf=2 vm=3(reserved) actualCPU=1.0440s
[t=    281.8179][NEGOTIATE             ] wf=16 tasks=100 arrivalTime=281.8179 deadline=423.2579 cp=72.9290 BETA*cp=80.2219 slack=141.4400 -> ACCEPTED
[t=    281.8179][DISPATCH              ] wf=16 task=1586 planned=vm37 BUSY -> advanced to vm=3
[t=    281.8179][DISPATCH              ] wf=16 task=1587 planned=vm5 BUSY -> advanced to vm=20
[t=    281.8179][DISPATCH              ] wf=16 task=1588 planned=vm47 no-idle-reserved -> on-demand vm=152
[t=    281.8179][DISPATCH              ] wf=16 task=1589 planned=vm39 no-idle-reserved -> on-demand vm=159
[t=    281.8179][DISPATCH              ] wf=16 task=1590 planned=vm36 no-idle-reserved -> on-demand vm=186
[t=    281.8179][DISPATCH              ] wf=16 task=1591 planned=vm2 no-idle-reserved -> on-demand vm=193
[t=    281.8179][DISPATCH              ] wf=16 task=1592 planned=vm13 no-idle-reserved -> on-demand vm=195
[t=    281.8179][DISPATCH              ] wf=16 task=1593 planned=vm45 no-idle-reserved -> on-demand vm=196
[t=    281.8179][DISPATCH              ] wf=16 task=1594 planned=vm0 no-idle-reserved -> on-demand vm=204
[t=    281.8179][DISPATCH              ] wf=16 task=1595 planned=vm4 no-idle-reserved -> on-demand vm=205
[t=    281.8179][DISPATCH              ] wf=16 task=1596 planned=vm38 no-idle-reserved -> on-demand vm=206
[t=    281.8179][DISPATCH              ] wf=16 task=1597 planned=vm49 no-idle-reserved -> on-demand vm=207
[t=    281.8179][DISPATCH              ] wf=16 task=1598 planned=vm1 no-idle-reserved -> on-demand vm=208
[t=    281.8179][DISPATCH              ] wf=16 task=1599 planned=vm44 no-idle-reserved -> on-demand vm=210
[t=    281.8179][DISPATCH              ] wf=16 task=1600 planned=vm18 no-idle-reserved -> on-demand vm=211
[t=    281.8179][DISPATCH              ] wf=16 task=1601 planned=vm19 no-idle-reserved -> on-demand vm=213
[t=    281.8179][DISPATCH              ] wf=16 task=1586 vm=3
[t=    281.8179][DISPATCH              ] wf=16 task=1587 vm=20
[t=    281.8179][DISPATCH              ] wf=16 task=1588 vm=152
[t=    281.8179][DISPATCH              ] wf=16 task=1589 vm=159
[t=    281.8179][DISPATCH              ] wf=16 task=1590 vm=186
[t=    281.8179][DISPATCH              ] wf=16 task=1591 vm=193
[t=    281.8179][DISPATCH              ] wf=16 task=1592 vm=195
[t=    281.8179][DISPATCH              ] wf=16 task=1593 vm=196
[t=    281.8179][DISPATCH              ] wf=16 task=1594 vm=204
[t=    281.8179][DISPATCH              ] wf=16 task=1595 vm=205
[t=    281.8179][DISPATCH              ] wf=16 task=1596 vm=206
[t=    281.8179][DISPATCH              ] wf=16 task=1597 vm=207
[t=    281.8179][DISPATCH              ] wf=16 task=1598 vm=208
[t=    281.8179][DISPATCH              ] wf=16 task=1599 vm=210
[t=    281.8179][DISPATCH              ] wf=16 task=1600 vm=211
[t=    281.8179][DISPATCH              ] wf=16 task=1601 vm=213
[t=    282.9349][TASK-COMPLETE         ] task=253 wf=2 vm=82(on-demand) actualCPU=37.1544s cost=$0.033625
[t=    282.9349][DISPATCH              ] wf=2 task=254 planned=vm8 no-idle-reserved -> on-demand vm=82
[t=    282.9349][DISPATCH              ] wf=2 task=254 vm=82
[t=    283.0999][TASK-COMPLETE         ] task=1023 wf=10 vm=126(on-demand) actualCPU=35.5864s cost=$0.032206
[t=    283.0999][DISPATCH              ] wf=10 task=1024 planned=vm26 no-idle-reserved -> on-demand vm=126
[t=    283.0999][DISPATCH              ] wf=10 task=1024 vm=126
[t=    283.4729][TASK-COMPLETE         ] task=1031 wf=10 vm=157(on-demand) actualCPU=35.9594s cost=$0.032543
[t=    283.4729][DISPATCH              ] wf=10 task=1032 planned=vm4 no-idle-reserved -> on-demand vm=157
[t=    283.4729][DISPATCH              ] wf=10 task=1032 vm=157
[t=    283.5723][TASK-COMPLETE         ] task=1442 wf=14 vm=234(on-demand) actualCPU=70.0500s cost=$0.063395
[t=    283.9913][TASK-COMPLETE         ] task=384 wf=3 vm=5(reserved) actualCPU=53.4412s
[t=    283.9913][DISPATCH              ] wf=3 task=385 planned=vm24 BUSY -> advanced to vm=5
[t=    283.9913][DISPATCH              ] wf=3 task=385 vm=5
[t=    284.0639][TASK-COMPLETE         ] task=254 wf=2 vm=82(on-demand) actualCPU=1.1290s cost=$0.001022
[t=    284.1705][TASK-COMPLETE         ] task=1583 wf=15 vm=2(reserved) actualCPU=9.5060s
[t=    284.1705][DISPATCH              ] wf=15 task=1584 planned=vm3 BUSY -> advanced to vm=2
[t=    284.1705][DISPATCH              ] wf=15 task=1584 vm=2
[t=    284.2219][TASK-COMPLETE         ] task=1024 wf=10 vm=126(on-demand) actualCPU=1.1220s cost=$0.001015
[t=    284.5463][TASK-COMPLETE         ] task=1032 wf=10 vm=157(on-demand) actualCPU=1.0734s cost=$0.000971
[t=    285.3833][TASK-COMPLETE         ] task=385 wf=3 vm=5(reserved) actualCPU=1.3920s
[t=    285.5983][TASK-COMPLETE         ] task=251 wf=2 vm=34(reserved) actualCPU=39.8178s
[t=    285.5983][DISPATCH              ] wf=2 task=252 planned=vm25 BUSY -> advanced to vm=5
[t=    285.5983][DISPATCH              ] wf=2 task=252 vm=5
[t=    286.5093][TASK-COMPLETE         ] task=1011 wf=10 vm=123(on-demand) actualCPU=117.6636s cost=$0.106486
[t=    286.5093][DISPATCH              ] wf=10 task=1012 planned=vm15 BUSY -> advanced to vm=34
[t=    286.5093][DISPATCH              ] wf=10 task=1014 planned=vm18 no-idle-reserved -> on-demand vm=82
[t=    286.5093][DISPATCH              ] wf=10 task=1016 planned=vm30 no-idle-reserved -> on-demand vm=123
[t=    286.5093][DISPATCH              ] wf=10 task=1018 planned=vm20 no-idle-reserved -> on-demand vm=126
[t=    286.5093][DISPATCH              ] wf=10 task=1020 planned=vm41 no-idle-reserved -> on-demand vm=157
[t=    286.5093][DISPATCH              ] wf=10 task=1012 vm=34
[t=    286.5093][DISPATCH              ] wf=10 task=1014 vm=82
[t=    286.5093][DISPATCH              ] wf=10 task=1016 vm=123
[t=    286.5093][DISPATCH              ] wf=10 task=1018 vm=126
[t=    286.5093][DISPATCH              ] wf=10 task=1020 vm=157
[t=    286.8643][TASK-COMPLETE         ] task=252 wf=2 vm=5(reserved) actualCPU=1.2660s
[t=    286.9425][TASK-COMPLETE         ] task=1025 wf=10 vm=139(on-demand) actualCPU=39.4290s cost=$0.035683
[t=    286.9425][DISPATCH              ] wf=10 task=1026 planned=vm10 BUSY -> advanced to vm=5
[t=    286.9425][DISPATCH              ] wf=10 task=1026 vm=5
[t=    287.2223][TASK-COMPLETE         ] task=396 wf=3 vm=257(on-demand) actualCPU=56.6722s cost=$0.051288
[t=    287.2223][DISPATCH              ] wf=3 task=397 planned=vm48 no-idle-reserved -> on-demand vm=139
[t=    287.2223][DISPATCH              ] wf=3 task=397 vm=139
[t=    287.6643][TASK-COMPLETE         ] task=1000 wf=10 vm=109(on-demand) actualCPU=118.8186s cost=$0.107531
[t=    287.6643][DISPATCH              ] wf=10 task=1001 planned=vm49 no-idle-reserved -> on-demand vm=109
[t=    287.6643][DISPATCH              ] wf=10 task=1003 planned=vm16 no-idle-reserved -> on-demand vm=214
[t=    287.6643][DISPATCH              ] wf=10 task=1005 planned=vm9 no-idle-reserved -> on-demand vm=215
[t=    287.6643][DISPATCH              ] wf=10 task=1007 planned=vm22 no-idle-reserved -> on-demand vm=216
[t=    287.6643][DISPATCH              ] wf=10 task=1009 planned=vm6 no-idle-reserved -> on-demand vm=217
[t=    287.6643][DISPATCH              ] wf=10 task=1001 vm=109
[t=    287.6643][DISPATCH              ] wf=10 task=1003 vm=214
[t=    287.6643][DISPATCH              ] wf=10 task=1005 vm=215
[t=    287.6643][DISPATCH              ] wf=10 task=1007 vm=216
[t=    287.6643][DISPATCH              ] wf=10 task=1009 vm=217
[t=    288.0293][TASK-COMPLETE         ] task=1026 wf=10 vm=5(reserved) actualCPU=1.0868s
[t=    288.0711][TASK-COMPLETE         ] task=390 wf=3 vm=254(on-demand) actualCPU=57.5210s cost=$0.052057
[t=    288.0711][DISPATCH              ] wf=3 task=391 planned=vm29 BUSY -> advanced to vm=5
[t=    288.0711][DISPATCH              ] wf=3 task=391 vm=5
[t=    288.1575][TASK-COMPLETE         ] task=1027 wf=10 vm=148(on-demand) actualCPU=40.6440s cost=$0.036783
[t=    288.1575][DISPATCH              ] wf=10 task=1028 planned=vm49 no-idle-reserved -> on-demand vm=148
[t=    288.1575][DISPATCH              ] wf=10 task=1028 vm=148
[t=    288.1713][TASK-COMPLETE         ] task=397 wf=3 vm=139(on-demand) actualCPU=0.9490s cost=$0.000859
[t=    288.7103][TASK-COMPLETE         ] task=391 wf=3 vm=5(reserved) actualCPU=0.6392s
[t=    288.8045][TASK-COMPLETE         ] task=1028 wf=10 vm=148(on-demand) actualCPU=0.6470s cost=$0.000586
[t=    289.7663][TASK-COMPLETE         ] task=247 wf=2 vm=21(reserved) actualCPU=43.9858s
[t=    289.7663][DISPATCH              ] wf=2 task=248 planned=vm39 BUSY -> advanced to vm=5
[t=    289.7663][DISPATCH              ] wf=2 task=248 vm=5
[t=    290.5723][TASK-COMPLETE         ] task=248 wf=2 vm=5(reserved) actualCPU=0.8060s
[t=    291.0863][TASK-COMPLETE         ] task=369 wf=3 vm=6(reserved) actualCPU=26.8322s
[t=    291.0863][DISPATCH              ] wf=3 task=370 planned=vm23 BUSY -> advanced to vm=5
[t=    291.0863][DISPATCH              ] wf=3 task=370 vm=5
[t=    292.2013][TASK-COMPLETE         ] task=258 wf=2 vm=25(reserved) actualCPU=39.1244s
[t=    292.2013][DISPATCH              ] wf=2 task=259 planned=vm33 BUSY -> advanced to vm=6
[t=    292.2013][DISPATCH              ] wf=2 task=259 vm=6
[t=    292.4443][TASK-COMPLETE         ] task=394 wf=3 vm=256(on-demand) actualCPU=61.8942s cost=$0.056014
[t=    292.4443][DISPATCH              ] wf=3 task=395 planned=vm49 BUSY -> advanced to vm=21
[t=    292.4443][DISPATCH              ] wf=3 task=395 vm=21
[t=    292.4693][TASK-COMPLETE         ] task=370 wf=3 vm=5(reserved) actualCPU=1.3830s
[t=    292.5071][TASK-COMPLETE         ] task=386 wf=3 vm=0(reserved) actualCPU=61.9570s
[t=    292.5071][DISPATCH              ] wf=3 task=387 planned=vm9 BUSY -> advanced to vm=5
[t=    292.5071][DISPATCH              ] wf=3 task=387 vm=5
[t=    292.5543][TASK-COMPLETE         ] task=1584 wf=15 vm=2(reserved) actualCPU=8.3838s
[t=    292.5543][DISPATCH              ] wf=15 task=1585 planned=vm29 BUSY -> advanced to vm=0
[t=    292.5543][DISPATCH              ] wf=15 task=1585 vm=0
[t=    292.6783][TASK-COMPLETE         ] task=342 wf=3 vm=10(reserved) actualCPU=223.6632s
[t=    292.6783][DISPATCH              ] wf=3 task=343 planned=vm33 BUSY -> advanced to vm=2
[t=    292.6783][DISPATCH              ] wf=3 task=345 planned=vm2 BUSY -> advanced to vm=10
[t=    292.6783][DISPATCH              ] wf=3 task=347 planned=vm40 BUSY -> advanced to vm=25
[t=    292.6783][DISPATCH              ] wf=3 task=349 planned=vm49 no-idle-reserved -> on-demand vm=139
[t=    292.6783][DISPATCH              ] wf=3 task=351 planned=vm43 no-idle-reserved -> on-demand vm=148
[t=    292.6783][DISPATCH              ] wf=3 task=353 planned=vm37 no-idle-reserved -> on-demand vm=218
[t=    292.6783][DISPATCH              ] wf=3 task=343 vm=2
[t=    292.6783][DISPATCH              ] wf=3 task=345 vm=10
[t=    292.6783][DISPATCH              ] wf=3 task=347 vm=25
[t=    292.6783][DISPATCH              ] wf=3 task=349 vm=139
[t=    292.6783][DISPATCH              ] wf=3 task=351 vm=148
[t=    292.6783][DISPATCH              ] wf=3 task=353 vm=218
[t=    293.1131][TASK-COMPLETE         ] task=1594 wf=16 vm=204(on-demand) actualCPU=11.2952s cost=$0.010222
[t=    293.1131][DISPATCH              ] wf=16 task=1637 planned=vm43 no-idle-reserved -> on-demand vm=204
[t=    293.1131][DISPATCH              ] wf=16 task=1637 vm=204
[t=    293.4001][TASK-COMPLETE         ] task=1585 wf=15 vm=0(reserved) actualCPU=0.8458s
[t=    293.4001][WF-COMPLETE           ] wf=15 completionTime=293.4001 deadline=355.2914 -> MET
[t=    293.5101][TASK-COMPLETE         ] task=395 wf=3 vm=21(reserved) actualCPU=1.0658s
[t=    293.5611][TASK-COMPLETE         ] task=387 wf=3 vm=5(reserved) actualCPU=1.0540s
[t=    293.6751][TASK-COMPLETE         ] task=259 wf=2 vm=6(reserved) actualCPU=1.4738s
[t=    293.8481][TASK-COMPLETE         ] task=1595 wf=16 vm=205(on-demand) actualCPU=12.0302s cost=$0.010887
[t=    293.8481][DISPATCH              ] wf=16 task=1640 planned=vm32 BUSY -> advanced to vm=5
[t=    293.8481][DISPATCH              ] wf=16 task=1640 vm=5
[t=    294.0901][TASK-COMPLETE         ] task=1591 wf=16 vm=193(on-demand) actualCPU=12.2722s cost=$0.011106
[t=    294.1229][TASK-COMPLETE         ] task=1586 wf=16 vm=3(reserved) actualCPU=12.3050s
[t=    294.1229][DISPATCH              ] wf=16 task=1603 planned=vm29 BUSY -> advanced to vm=0
[t=    294.1229][DISPATCH              ] wf=16 task=1603 vm=0
[t=    294.1579][TASK-COMPLETE         ] task=1600 wf=16 vm=211(on-demand) actualCPU=12.3400s cost=$0.011168
[t=    294.3361][TASK-COMPLETE         ] task=1597 wf=16 vm=207(on-demand) actualCPU=12.5182s cost=$0.011329
[t=    294.3361][DISPATCH              ] wf=16 task=1604 planned=vm4 BUSY -> advanced to vm=6
[t=    294.3361][DISPATCH              ] wf=16 task=1639 planned=vm39 BUSY -> advanced to vm=3
[t=    294.3361][DISPATCH              ] wf=16 task=1648 planned=vm38 BUSY -> advanced to vm=21
[t=    294.3361][DISPATCH              ] wf=16 task=1649 planned=vm47 no-idle-reserved -> on-demand vm=193
[t=    294.3361][DISPATCH              ] wf=16 task=1650 planned=vm45 no-idle-reserved -> on-demand vm=205
[t=    294.3361][DISPATCH              ] wf=16 task=1604 vm=6
[t=    294.3361][DISPATCH              ] wf=16 task=1639 vm=3
[t=    294.3361][DISPATCH              ] wf=16 task=1648 vm=21
[t=    294.3361][DISPATCH              ] wf=16 task=1649 vm=193
[t=    294.3361][DISPATCH              ] wf=16 task=1650 vm=205
[t=    294.3909][TASK-COMPLETE         ] task=1596 wf=16 vm=206(on-demand) actualCPU=12.5730s cost=$0.011379
[t=    294.3909][DISPATCH              ] wf=16 task=1638 planned=vm28 no-idle-reserved -> on-demand vm=206
[t=    294.3909][DISPATCH              ] wf=16 task=1643 planned=vm2 no-idle-reserved -> on-demand vm=207
[t=    294.3909][DISPATCH              ] wf=16 task=1645 planned=vm11 no-idle-reserved -> on-demand vm=211
[t=    294.3909][DISPATCH              ] wf=16 task=1647 planned=vm36 no-idle-reserved -> on-demand vm=219
[t=    294.3909][DISPATCH              ] wf=16 task=1638 vm=206
[t=    294.3909][DISPATCH              ] wf=16 task=1643 vm=207
[t=    294.3909][DISPATCH              ] wf=16 task=1645 vm=211
[t=    294.3909][DISPATCH              ] wf=16 task=1647 vm=219
[t=    294.6641][TASK-COMPLETE         ] task=1589 wf=16 vm=159(on-demand) actualCPU=12.8462s cost=$0.011626
[t=    294.6641][DISPATCH              ] wf=16 task=1642 planned=vm40 no-idle-reserved -> on-demand vm=159
[t=    294.6641][DISPATCH              ] wf=16 task=1642 vm=159
[t=    294.6779][TASK-COMPLETE         ] task=1593 wf=16 vm=196(on-demand) actualCPU=12.8600s cost=$0.011638
[t=    294.6779][DISPATCH              ] wf=16 task=1617 planned=vm48 no-idle-reserved -> on-demand vm=196
[t=    294.6779][DISPATCH              ] wf=16 task=1631 planned=vm36 no-idle-reserved -> on-demand vm=220
[t=    294.6779][DISPATCH              ] wf=16 task=1633 planned=vm38 no-idle-reserved -> on-demand vm=221
[t=    294.6779][DISPATCH              ] wf=16 task=1634 planned=vm42 no-idle-reserved -> on-demand vm=222
[t=    294.6779][DISPATCH              ] wf=16 task=1636 planned=vm1 no-idle-reserved -> on-demand vm=223
[t=    294.6779][DISPATCH              ] wf=16 task=1644 planned=vm32 no-idle-reserved -> on-demand vm=224
[t=    294.6779][DISPATCH              ] wf=16 task=1617 vm=196
[t=    294.6779][DISPATCH              ] wf=16 task=1631 vm=220
[t=    294.6779][DISPATCH              ] wf=16 task=1633 vm=221
[t=    294.6779][DISPATCH              ] wf=16 task=1634 vm=222
[t=    294.6779][DISPATCH              ] wf=16 task=1636 vm=223
[t=    294.6779][DISPATCH              ] wf=16 task=1644 vm=224
[t=    294.9971][TASK-COMPLETE         ] task=1599 wf=16 vm=210(on-demand) actualCPU=13.1792s cost=$0.011927
[t=    294.9971][DISPATCH              ] wf=16 task=1605 planned=vm26 no-idle-reserved -> on-demand vm=210
[t=    294.9971][DISPATCH              ] wf=16 task=1619 planned=vm0 no-idle-reserved -> on-demand vm=225
[t=    294.9971][DISPATCH              ] wf=16 task=1646 planned=vm42 no-idle-reserved -> on-demand vm=226
[t=    294.9971][DISPATCH              ] wf=16 task=1655 planned=vm26 no-idle-reserved -> on-demand vm=227
[t=    294.9971][DISPATCH              ] wf=16 task=1656 planned=vm47 no-idle-reserved -> on-demand vm=228
[t=    294.9971][DISPATCH              ] wf=16 task=1658 planned=vm2 no-idle-reserved -> on-demand vm=229
[t=    294.9971][DISPATCH              ] wf=16 task=1605 vm=210
[t=    294.9971][DISPATCH              ] wf=16 task=1619 vm=225
[t=    294.9971][DISPATCH              ] wf=16 task=1646 vm=226
[t=    294.9971][DISPATCH              ] wf=16 task=1655 vm=227
[t=    294.9971][DISPATCH              ] wf=16 task=1656 vm=228
[t=    294.9971][DISPATCH              ] wf=16 task=1658 vm=229
[t=    295.0139][TASK-COMPLETE         ] task=1592 wf=16 vm=195(on-demand) actualCPU=13.1960s cost=$0.011942
[t=    295.0139][DISPATCH              ] wf=16 task=1627 planned=vm3 no-idle-reserved -> on-demand vm=195
[t=    295.0139][DISPATCH              ] wf=16 task=1628 planned=vm10 no-idle-reserved -> on-demand vm=230
[t=    295.0139][DISPATCH              ] wf=16 task=1629 planned=vm1 no-idle-reserved -> on-demand vm=231
[t=    295.0139][DISPATCH              ] wf=16 task=1627 vm=195
[t=    295.0139][DISPATCH              ] wf=16 task=1628 vm=230
[t=    295.0139][DISPATCH              ] wf=16 task=1629 vm=231
[t=    295.3649][TASK-COMPLETE         ] task=373 wf=3 vm=156(on-demand) actualCPU=31.1108s cost=$0.028155
[t=    295.3649][DISPATCH              ] wf=3 task=374 planned=vm43 no-idle-reserved -> on-demand vm=156
[t=    295.3649][DISPATCH              ] wf=3 task=374 vm=156
[t=    295.4429][TASK-COMPLETE         ] task=1587 wf=16 vm=20(reserved) actualCPU=13.6250s
[t=    295.4429][DISPATCH              ] wf=16 task=1602 planned=vm10 BUSY -> advanced to vm=20
[t=    295.4429][DISPATCH              ] wf=16 task=1606 planned=vm3 no-idle-reserved -> on-demand vm=233
[t=    295.4429][DISPATCH              ] wf=16 task=1607 planned=vm16 no-idle-reserved -> on-demand vm=234
[t=    295.4429][DISPATCH              ] wf=16 task=1608 planned=vm41 no-idle-reserved -> on-demand vm=236
[t=    295.4429][DISPATCH              ] wf=16 task=1609 planned=vm24 no-idle-reserved -> on-demand vm=237
[t=    295.4429][DISPATCH              ] wf=16 task=1610 planned=vm9 no-idle-reserved -> on-demand vm=238
[t=    295.4429][DISPATCH              ] wf=16 task=1611 planned=vm48 no-idle-reserved -> on-demand vm=239
[t=    295.4429][DISPATCH              ] wf=16 task=1613 planned=vm6 no-idle-reserved -> on-demand vm=240
[t=    295.4429][DISPATCH              ] wf=16 task=1624 planned=vm29 no-idle-reserved -> on-demand vm=241
[t=    295.4429][DISPATCH              ] wf=16 task=1625 planned=vm37 no-idle-reserved -> on-demand vm=242
[t=    295.4429][DISPATCH              ] wf=16 task=1641 planned=vm24 no-idle-reserved -> on-demand vm=243
[t=    295.4429][DISPATCH              ] wf=16 task=1654 planned=vm43 no-idle-reserved -> on-demand vm=244
[t=    295.4429][DISPATCH              ] wf=16 task=1602 vm=20
[t=    295.4429][DISPATCH              ] wf=16 task=1606 vm=233
[t=    295.4429][DISPATCH              ] wf=16 task=1607 vm=234
[t=    295.4429][DISPATCH              ] wf=16 task=1608 vm=236
[t=    295.4429][DISPATCH              ] wf=16 task=1609 vm=237
[t=    295.4429][DISPATCH              ] wf=16 task=1610 vm=238
[t=    295.4429][DISPATCH              ] wf=16 task=1611 vm=239
[t=    295.4429][DISPATCH              ] wf=16 task=1613 vm=240
[t=    295.4429][DISPATCH              ] wf=16 task=1624 vm=241
[t=    295.4429][DISPATCH              ] wf=16 task=1625 vm=242
[t=    295.4429][DISPATCH              ] wf=16 task=1641 vm=243
[t=    295.4429][DISPATCH              ] wf=16 task=1654 vm=244
[t=    295.5079][TASK-COMPLETE         ] task=1601 wf=16 vm=213(on-demand) actualCPU=13.6900s cost=$0.012389
[t=    295.5079][DISPATCH              ] wf=16 task=1614 planned=vm39 no-idle-reserved -> on-demand vm=213
[t=    295.5079][DISPATCH              ] wf=16 task=1620 planned=vm5 no-idle-reserved -> on-demand vm=245
[t=    295.5079][DISPATCH              ] wf=16 task=1660 planned=vm44 no-idle-reserved -> on-demand vm=246
[t=    295.5079][DISPATCH              ] wf=16 task=1661 planned=vm28 no-idle-reserved -> on-demand vm=247
[t=    295.5079][DISPATCH              ] wf=16 task=1662 planned=vm9 no-idle-reserved -> on-demand vm=248
[t=    295.5079][DISPATCH              ] wf=16 task=1663 planned=vm3 no-idle-reserved -> on-demand vm=249
[t=    295.5079][DISPATCH              ] wf=16 task=1614 vm=213
[t=    295.5079][DISPATCH              ] wf=16 task=1620 vm=245
[t=    295.5079][DISPATCH              ] wf=16 task=1660 vm=246
[t=    295.5079][DISPATCH              ] wf=16 task=1661 vm=247
[t=    295.5079][DISPATCH              ] wf=16 task=1662 vm=248
[t=    295.5079][DISPATCH              ] wf=16 task=1663 vm=249
[t=    295.5849][TASK-COMPLETE         ] task=296 wf=2 vm=203(on-demand) actualCPU=40.5060s cost=$0.036658
[t=    295.5849][DISPATCH              ] wf=2 task=297 planned=vm42 no-idle-reserved -> on-demand vm=203
[t=    295.5849][DISPATCH              ] wf=2 task=297 vm=203
[t=    295.9459][TASK-COMPLETE         ] task=1588 wf=16 vm=152(on-demand) actualCPU=14.1280s cost=$0.012786
[t=    295.9459][DISPATCH              ] wf=16 task=1615 planned=vm11 no-idle-reserved -> on-demand vm=152
[t=    295.9459][DISPATCH              ] wf=16 task=1616 planned=vm40 no-idle-reserved -> on-demand vm=250
[t=    295.9459][DISPATCH              ] wf=16 task=1632 planned=vm13 no-idle-reserved -> on-demand vm=251
[t=    295.9459][DISPATCH              ] wf=16 task=1659 planned=vm43 no-idle-reserved -> on-demand vm=252
[t=    295.9459][DISPATCH              ] wf=16 task=1615 vm=152
[t=    295.9459][DISPATCH              ] wf=16 task=1616 vm=250
[t=    295.9459][DISPATCH              ] wf=16 task=1632 vm=251
[t=    295.9459][DISPATCH              ] wf=16 task=1659 vm=252
[t=    296.2439][TASK-COMPLETE         ] task=374 wf=3 vm=156(on-demand) actualCPU=0.8790s cost=$0.000795
[t=    296.3081][TASK-COMPLETE         ] task=388 wf=3 vm=253(on-demand) actualCPU=65.7580s cost=$0.059511
[t=    296.3081][DISPATCH              ] wf=3 task=389 planned=vm14 no-idle-reserved -> on-demand vm=156
[t=    296.3081][DISPATCH              ] wf=3 task=389 vm=156
[t=    296.4531][TASK-COMPLETE         ] task=297 wf=2 vm=203(on-demand) actualCPU=0.8682s cost=$0.000786
[t=    296.8561][TASK-COMPLETE         ] task=1598 wf=16 vm=208(on-demand) actualCPU=15.0382s cost=$0.013610
[t=    296.8561][DISPATCH              ] wf=16 task=1612 planned=vm15 no-idle-reserved -> on-demand vm=203
[t=    296.8561][DISPATCH              ] wf=16 task=1618 planned=vm42 no-idle-reserved -> on-demand vm=208
[t=    296.8561][DISPATCH              ] wf=16 task=1630 planned=vm45 no-idle-reserved -> on-demand vm=253
[t=    296.8561][DISPATCH              ] wf=16 task=1652 planned=vm5 no-idle-reserved -> on-demand vm=254
[t=    296.8561][DISPATCH              ] wf=16 task=1653 planned=vm6 no-idle-reserved -> on-demand vm=255
[t=    296.8561][DISPATCH              ] wf=16 task=1657 planned=vm41 no-idle-reserved -> on-demand vm=256
[t=    296.8561][DISPATCH              ] wf=16 task=1612 vm=203
[t=    296.8561][DISPATCH              ] wf=16 task=1618 vm=208
[t=    296.8561][DISPATCH              ] wf=16 task=1630 vm=253
[t=    296.8561][DISPATCH              ] wf=16 task=1652 vm=254
[t=    296.8561][DISPATCH              ] wf=16 task=1653 vm=255
[t=    296.8561][DISPATCH              ] wf=16 task=1657 vm=256
[t=    297.0501][TASK-COMPLETE         ] task=1229 wf=12 vm=184(on-demand) actualCPU=25.7410s cost=$0.023296
[t=    297.0501][DISPATCH              ] wf=12 task=1230 planned=vm17 no-idle-reserved -> on-demand vm=184
[t=    297.0501][DISPATCH              ] wf=12 task=1230 vm=184
[t=    297.4491][TASK-COMPLETE         ] task=1590 wf=16 vm=186(on-demand) actualCPU=15.6312s cost=$0.014146
[t=    297.4491][DISPATCH              ] wf=16 task=1621 planned=vm37 no-idle-reserved -> on-demand vm=186
[t=    297.4491][DISPATCH              ] wf=16 task=1622 planned=vm26 no-idle-reserved -> on-demand vm=257
[t=    297.4491][DISPATCH              ] wf=16 task=1623 planned=vm49 no-idle-reserved -> on-demand vm=258
[t=    297.4491][DISPATCH              ] wf=16 task=1626 planned=vm44 no-idle-reserved -> on-demand vm=260
[t=    297.4491][DISPATCH              ] wf=16 task=1635 planned=vm4 no-idle-reserved -> on-demand vm=261
[t=    297.4491][DISPATCH              ] wf=16 task=1651 planned=vm0 no-idle-reserved -> on-demand vm=263
[t=    297.4491][DISPATCH              ] wf=16 task=1621 vm=186
[t=    297.4491][DISPATCH              ] wf=16 task=1622 vm=257
[t=    297.4491][DISPATCH              ] wf=16 task=1623 vm=258
[t=    297.4491][DISPATCH              ] wf=16 task=1626 vm=260
[t=    297.4491][DISPATCH              ] wf=16 task=1635 vm=261
[t=    297.4491][DISPATCH              ] wf=16 task=1651 vm=263
[t=    297.5591][TASK-COMPLETE         ] task=389 wf=3 vm=156(on-demand) actualCPU=1.2510s cost=$0.001132
[t=    298.2061][TASK-COMPLETE         ] task=1230 wf=12 vm=184(on-demand) actualCPU=1.1560s cost=$0.001046
[t=    300.0018][NEGOTIATE             ] wf=17 tasks=100 arrivalTime=300.0018 deadline=441.4418 cp=77.1860 BETA*cp=84.9046 slack=141.4400 -> ACCEPTED
[t=    300.0018][DISPATCH              ] wf=17 task=1686 planned=vm30 no-idle-reserved -> on-demand vm=156
[t=    300.0018][DISPATCH              ] wf=17 task=1687 planned=ON-DEMAND -> vm=184 (on-demand)
[t=    300.0018][DISPATCH              ] wf=17 task=1688 planned=vm40 no-idle-reserved -> on-demand vm=264
[t=    300.0018][DISPATCH              ] wf=17 task=1689 planned=vm24 no-idle-reserved -> on-demand vm=265
[t=    300.0018][DISPATCH              ] wf=17 task=1690 planned=vm41 no-idle-reserved -> on-demand vm=266
[t=    300.0018][DISPATCH              ] wf=17 task=1691 planned=vm27 no-idle-reserved -> on-demand vm=267
[t=    300.0018][DISPATCH              ] wf=17 task=1692 planned=vm48 no-idle-reserved -> on-demand vm=268
[t=    300.0018][DISPATCH              ] wf=17 task=1693 planned=vm0 no-idle-reserved -> on-demand vm=269
[t=    300.0018][DISPATCH              ] wf=17 task=1694 planned=vm36 no-idle-reserved -> on-demand vm=270
[t=    300.0018][DISPATCH              ] wf=17 task=1695 planned=vm47 no-idle-reserved -> on-demand vm=271
[t=    300.0018][DISPATCH              ] wf=17 task=1696 planned=vm43 no-idle-reserved -> on-demand vm=272
[t=    300.0018][DISPATCH              ] wf=17 task=1697 planned=vm2 no-idle-reserved -> on-demand vm=273
[t=    300.0018][DISPATCH              ] wf=17 task=1698 planned=vm26 no-idle-reserved -> on-demand vm=274
[t=    300.0018][DISPATCH              ] wf=17 task=1699 planned=vm34 no-idle-reserved -> on-demand vm=275
[t=    300.0018][DISPATCH              ] wf=17 task=1700 planned=vm42 no-idle-reserved -> on-demand vm=276
[t=    300.0018][DISPATCH              ] wf=17 task=1701 planned=ON-DEMAND -> vm=277 (on-demand)
[t=    300.0018][DISPATCH              ] wf=17 task=1686 vm=156
[t=    300.0018][DISPATCH              ] wf=17 task=1687 vm=184
[t=    300.0018][DISPATCH              ] wf=17 task=1688 vm=264
[t=    300.0018][DISPATCH              ] wf=17 task=1689 vm=265
[t=    300.0018][DISPATCH              ] wf=17 task=1690 vm=266
[t=    300.0018][DISPATCH              ] wf=17 task=1691 vm=267
[t=    300.0018][DISPATCH              ] wf=17 task=1692 vm=268
[t=    300.0018][DISPATCH              ] wf=17 task=1693 vm=269
[t=    300.0018][DISPATCH              ] wf=17 task=1694 vm=270
[t=    300.0018][DISPATCH              ] wf=17 task=1695 vm=271
[t=    300.0018][DISPATCH              ] wf=17 task=1696 vm=272
[t=    300.0018][DISPATCH              ] wf=17 task=1697 vm=273
[t=    300.0018][DISPATCH              ] wf=17 task=1698 vm=274
[t=    300.0018][DISPATCH              ] wf=17 task=1699 vm=275
[t=    300.0018][DISPATCH              ] wf=17 task=1700 vm=276
[t=    300.0018][DISPATCH              ] wf=17 task=1701 vm=277
[t=    300.4008][TASK-COMPLETE         ] task=379 wf=3 vm=162(on-demand) actualCPU=36.1467s cost=$0.032713
[t=    300.4008][DISPATCH              ] wf=3 task=380 planned=vm13 no-idle-reserved -> on-demand vm=162
[t=    300.4008][DISPATCH              ] wf=3 task=380 vm=162
[t=    300.9188][TASK-COMPLETE         ] task=269 wf=2 vm=24(reserved) actualCPU=28.2853s
[t=    300.9188][DISPATCH              ] wf=2 task=270 planned=vm18 BUSY -> advanced to vm=24
[t=    300.9188][DISPATCH              ] wf=2 task=270 vm=24
[t=    301.3298][TASK-COMPLETE         ] task=1211 wf=12 vm=118(on-demand) actualCPU=104.5275s cost=$0.094597
[t=    301.3298][DISPATCH              ] wf=12 task=1212 planned=vm12 no-idle-reserved -> on-demand vm=118
[t=    301.3298][DISPATCH              ] wf=12 task=1214 planned=vm23 no-idle-reserved -> on-demand vm=278
[t=    301.3298][DISPATCH              ] wf=12 task=1216 planned=vm9 no-idle-reserved -> on-demand vm=279
[t=    301.3298][DISPATCH              ] wf=12 task=1218 planned=vm41 no-idle-reserved -> on-demand vm=280
[t=    301.3298][DISPATCH              ] wf=12 task=1220 planned=vm37 no-idle-reserved -> on-demand vm=281
[t=    301.3298][DISPATCH              ] wf=12 task=1212 vm=118
[t=    301.3298][DISPATCH              ] wf=12 task=1214 vm=278
[t=    301.4298][DISPATCH              ] wf=12 task=1216 planned=vm9 no-idle-reserved -> on-demand vm=279
[t=    301.4298][DISPATCH              ] wf=12 task=1218 planned=vm41 no-idle-reserved -> on-demand vm=280
[t=    301.4298][DISPATCH              ] wf=12 task=1220 planned=vm37 no-idle-reserved -> on-demand vm=281
[t=    301.4298][DISPATCH              ] wf=12 task=1216 vm=279
[t=    301.4298][DISPATCH              ] wf=12 task=1218 vm=280
[t=    301.4298][DISPATCH              ] wf=12 task=1220 vm=281
[t=    301.5028][TASK-COMPLETE         ] task=380 wf=3 vm=162(on-demand) actualCPU=1.1020s cost=$0.000997
[t=    302.1338][TASK-COMPLETE         ] task=270 wf=2 vm=24(reserved) actualCPU=1.2150s
[t=    302.3548][TASK-COMPLETE         ] task=260 wf=2 vm=79(on-demand) actualCPU=49.2779s cost=$0.044596
[t=    302.3548][DISPATCH              ] wf=2 task=261 planned=vm12 BUSY -> advanced to vm=24
[t=    302.3548][DISPATCH              ] wf=2 task=261 vm=24
[t=    303.5038][TASK-COMPLETE         ] task=1659 wf=16 vm=252(on-demand) actualCPU=7.5579s cost=$0.006840
[t=    303.5188][TASK-COMPLETE         ] task=261 wf=2 vm=24(reserved) actualCPU=1.1640s
[t=    303.9598][TASK-COMPLETE         ] task=1639 wf=16 vm=3(reserved) actualCPU=9.6237s
[t=    304.0908][TASK-COMPLETE         ] task=1640 wf=16 vm=5(reserved) actualCPU=10.2427s
[t=    304.1419][TASK-COMPLETE         ] task=1633 wf=16 vm=221(on-demand) actualCPU=9.4640s cost=$0.008565
[t=    304.1811][TASK-COMPLETE         ] task=1605 wf=16 vm=210(on-demand) actualCPU=9.1840s cost=$0.008312
[t=    304.1961][TASK-COMPLETE         ] task=1646 wf=16 vm=226(on-demand) actualCPU=9.1990s cost=$0.008325
[t=    304.2311][TASK-COMPLETE         ] task=1658 wf=16 vm=229(on-demand) actualCPU=9.2340s cost=$0.008357
[t=    304.5261][TASK-COMPLETE         ] task=1647 wf=16 vm=219(on-demand) actualCPU=10.1352s cost=$0.009172
[t=    304.5537][TASK-COMPLETE         ] task=991 wf=10 vm=94(on-demand) actualCPU=135.7080s cost=$0.122816
[t=    304.5537][DISPATCH              ] wf=10 task=992 -> vm=3 (planned reserved, was idle)
[t=    304.5537][DISPATCH              ] wf=10 task=994 planned=vm11 BUSY -> advanced to vm=5
[t=    304.5537][DISPATCH              ] wf=10 task=996 planned=vm2 BUSY -> advanced to vm=24
[t=    304.5537][DISPATCH              ] wf=10 task=998 planned=vm44 no-idle-reserved -> on-demand vm=79
[t=    304.5537][DISPATCH              ] wf=10 task=992 vm=3
[t=    304.5537][DISPATCH              ] wf=10 task=994 vm=5
[t=    304.5537][DISPATCH              ] wf=10 task=996 vm=24
[t=    304.5537][DISPATCH              ] wf=10 task=998 vm=79
[t=    304.6797][TASK-COMPLETE         ] task=1656 wf=16 vm=228(on-demand) actualCPU=9.6826s cost=$0.008763
[t=    304.7259][TASK-COMPLETE         ] task=1663 wf=16 vm=249(on-demand) actualCPU=9.2180s cost=$0.008342
[t=    304.9921][TASK-COMPLETE         ] task=1629 wf=16 vm=231(on-demand) actualCPU=9.9782s cost=$0.009030
[t=    305.0941][TASK-COMPLETE         ] task=1642 wf=16 vm=159(on-demand) actualCPU=10.4300s cost=$0.009439
[t=    305.2019][TASK-COMPLETE         ] task=1643 wf=16 vm=207(on-demand) actualCPU=10.8110s cost=$0.009784
[t=    305.2129][TASK-COMPLETE         ] task=1620 wf=16 vm=245(on-demand) actualCPU=9.7050s cost=$0.008783
[t=    305.2621][TASK-COMPLETE         ] task=1604 wf=16 vm=6(reserved) actualCPU=10.9260s
[t=    305.2991][TASK-COMPLETE         ] task=1637 wf=16 vm=204(on-demand) actualCPU=12.1860s cost=$0.011028
[t=    305.3919][TASK-COMPLETE         ] task=1624 wf=16 vm=241(on-demand) actualCPU=9.9490s cost=$0.009004
[t=    305.4091][TASK-COMPLETE         ] task=1634 wf=16 vm=222(on-demand) actualCPU=10.7312s cost=$0.009712
[t=    305.5019][TASK-COMPLETE         ] task=292 wf=2 vm=201(on-demand) actualCPU=50.4230s cost=$0.045633
[t=    305.5019][DISPATCH              ] wf=2 task=293 planned=vm38 BUSY -> advanced to vm=6
[t=    305.5019][DISPATCH              ] wf=2 task=293 vm=6
[t=    305.5161][TASK-COMPLETE         ] task=1648 wf=16 vm=21(reserved) actualCPU=11.1800s
[t=    305.5891][TASK-COMPLETE         ] task=1650 wf=16 vm=205(on-demand) actualCPU=11.2530s cost=$0.010184
[t=    305.6261][TASK-COMPLETE         ] task=1603 wf=16 vm=0(reserved) actualCPU=11.5032s
[t=    305.6419][TASK-COMPLETE         ] task=1608 wf=16 vm=236(on-demand) actualCPU=10.1990s cost=$0.009230
[t=    305.6991][TASK-COMPLETE         ] task=1661 wf=16 vm=247(on-demand) actualCPU=10.1912s cost=$0.009223
[t=    305.7171][TASK-COMPLETE         ] task=1655 wf=16 vm=227(on-demand) actualCPU=10.7200s cost=$0.009702
[t=    305.7981][TASK-COMPLETE         ] task=1649 wf=16 vm=193(on-demand) actualCPU=11.4620s cost=$0.010373
[t=    305.8729][TASK-COMPLETE         ] task=1619 wf=16 vm=225(on-demand) actualCPU=10.8758s cost=$0.009843
[t=    305.8909][TASK-COMPLETE         ] task=1611 wf=16 vm=239(on-demand) actualCPU=10.4480s cost=$0.009455
[t=    305.9081][TASK-COMPLETE         ] task=1654 wf=16 vm=244(on-demand) actualCPU=10.4652s cost=$0.009471
[t=    305.9359][TASK-COMPLETE         ] task=1610 wf=16 vm=238(on-demand) actualCPU=10.4930s cost=$0.009496
[t=    306.0181][TASK-COMPLETE         ] task=1602 wf=16 vm=20(reserved) actualCPU=10.5752s
[t=    306.0181][TASK-COMPLETE         ] task=1638 wf=16 vm=206(on-demand) actualCPU=11.6272s cost=$0.010523
[t=    306.1045][TASK-COMPLETE         ] task=279 wf=2 vm=190(on-demand) actualCPU=33.4710s cost=$0.030291
[t=    306.1045][DISPATCH              ] wf=2 task=280 planned=vm30 BUSY -> advanced to vm=0
[t=    306.1045][DISPATCH              ] wf=2 task=280 vm=0
[t=    306.1869][TASK-COMPLETE         ] task=1636 wf=16 vm=223(on-demand) actualCPU=11.5090s cost=$0.010416
[t=    306.2029][TASK-COMPLETE         ] task=1641 wf=16 vm=243(on-demand) actualCPU=10.7600s cost=$0.009738
[t=    306.2491][TASK-COMPLETE         ] task=1606 wf=16 vm=233(on-demand) actualCPU=10.8062s cost=$0.009780
[t=    306.2789][TASK-COMPLETE         ] task=1631 wf=16 vm=220(on-demand) actualCPU=11.6010s cost=$0.010499
[t=    306.2899][TASK-COMPLETE         ] task=293 wf=2 vm=6(reserved) actualCPU=0.7880s
[t=    306.2899][TASK-COMPLETE         ] task=1625 wf=16 vm=242(on-demand) actualCPU=10.8470s cost=$0.009817
[t=    306.3759][TASK-COMPLETE         ] task=1231 wf=12 vm=185(on-demand) actualCPU=35.0668s cost=$0.031735
[t=    306.3759][DISPATCH              ] wf=12 task=1232 planned=vm28 BUSY -> advanced to vm=6
[t=    306.3759][DISPATCH              ] wf=12 task=1232 vm=6
[t=    306.3999][TASK-COMPLETE         ] task=1644 wf=16 vm=224(on-demand) actualCPU=11.7220s cost=$0.010608
[t=    306.4449][TASK-COMPLETE         ] task=1615 wf=16 vm=152(on-demand) actualCPU=10.4990s cost=$0.009502
[t=    306.5329][TASK-COMPLETE         ] task=1630 wf=16 vm=253(on-demand) actualCPU=9.6768s cost=$0.008758
[t=    306.6459][TASK-COMPLETE         ] task=1645 wf=16 vm=211(on-demand) actualCPU=12.2550s cost=$0.011091
[t=    306.7529][TASK-COMPLETE         ] task=1617 wf=16 vm=196(on-demand) actualCPU=12.0750s cost=$0.010928
[t=    306.7529][TASK-COMPLETE         ] task=1660 wf=16 vm=246(on-demand) actualCPU=11.2450s cost=$0.010177
[t=    306.7749][TASK-COMPLETE         ] task=1614 wf=16 vm=213(on-demand) actualCPU=11.2670s cost=$0.010197
[t=    306.7881][TASK-COMPLETE         ] task=1621 wf=16 vm=186(on-demand) actualCPU=9.3390s cost=$0.008452
[t=    306.8159][TASK-COMPLETE         ] task=264 wf=2 vm=158(on-demand) actualCPU=53.7390s cost=$0.048634
[t=    306.8159][DISPATCH              ] wf=2 task=265 planned=vm44 BUSY -> advanced to vm=20
[t=    306.8159][DISPATCH              ] wf=2 task=265 vm=20
[t=    306.8745][TASK-COMPLETE         ] task=273 wf=2 vm=187(on-demand) actualCPU=34.2410s cost=$0.030988
[t=    306.8745][TASK-COMPLETE         ] task=1651 wf=16 vm=263(on-demand) actualCPU=9.4254s cost=$0.008530
[t=    306.8745][DISPATCH              ] wf=2 task=274 planned=vm45 BUSY -> advanced to vm=21
[t=    306.8745][DISPATCH              ] wf=2 task=274 vm=21
[t=    306.8849][TASK-COMPLETE         ] task=1635 wf=16 vm=261(on-demand) actualCPU=9.4358s cost=$0.008539
[t=    306.9259][TASK-COMPLETE         ] task=249 wf=2 vm=23(reserved) actualCPU=61.1454s
[t=    306.9259][DISPATCH              ] wf=2 task=250 planned=vm6 BUSY -> advanced to vm=23
[t=    306.9259][DISPATCH              ] wf=2 task=250 vm=23
[t=    307.0499][TASK-COMPLETE         ] task=1626 wf=16 vm=260(on-demand) actualCPU=9.6008s cost=$0.008689
[t=    307.1679][TASK-COMPLETE         ] task=1653 wf=16 vm=255(on-demand) actualCPU=10.3118s cost=$0.009332
[t=    307.1829][TASK-COMPLETE         ] task=1613 wf=16 vm=240(on-demand) actualCPU=11.7400s cost=$0.010625
[t=    307.2281][TASK-COMPLETE         ] task=1607 wf=16 vm=234(on-demand) actualCPU=11.7852s cost=$0.010666
[t=    307.3029][TASK-COMPLETE         ] task=1628 wf=16 vm=230(on-demand) actualCPU=12.2890s cost=$0.011122
[t=    307.3689][TASK-COMPLETE         ] task=1632 wf=16 vm=251(on-demand) actualCPU=11.4230s cost=$0.010338
[t=    307.4029][TASK-COMPLETE         ] task=280 wf=2 vm=0(reserved) actualCPU=1.2984s
[t=    307.5129][TASK-COMPLETE         ] task=1225 wf=12 vm=165(on-demand) actualCPU=36.2038s cost=$0.032764
[t=    307.5129][DISPATCH              ] wf=12 task=1226 planned=vm17 BUSY -> advanced to vm=0
[t=    307.5129][DISPATCH              ] wf=12 task=1226 vm=0
[t=    307.5449][TASK-COMPLETE         ] task=1232 wf=12 vm=6(reserved) actualCPU=1.1690s
[t=    307.7361][TASK-COMPLETE         ] task=265 wf=2 vm=20(reserved) actualCPU=0.9202s
[t=    307.7965][TASK-COMPLETE         ] task=274 wf=2 vm=21(reserved) actualCPU=0.9220s
[t=    307.7965][TASK-COMPLETE         ] task=1662 wf=16 vm=248(on-demand) actualCPU=12.2886s cost=$0.011121
[t=    307.8219][TASK-COMPLETE         ] task=1627 wf=16 vm=195(on-demand) actualCPU=12.8080s cost=$0.011591
[t=    307.8461][TASK-COMPLETE         ] task=1616 wf=16 vm=250(on-demand) actualCPU=11.9002s cost=$0.010770
[t=    307.8645][TASK-COMPLETE         ] task=1609 wf=16 vm=237(on-demand) actualCPU=12.4216s cost=$0.011242
[t=    308.0025][TASK-COMPLETE         ] task=250 wf=2 vm=23(reserved) actualCPU=1.0766s
[t=    308.3555][TASK-COMPLETE         ] task=1652 wf=16 vm=254(on-demand) actualCPU=11.4994s cost=$0.010407
[t=    308.4795][TASK-COMPLETE         ] task=1623 wf=16 vm=258(on-demand) actualCPU=11.0304s cost=$0.009983
[t=    308.5091][TASK-COMPLETE         ] task=1657 wf=16 vm=256(on-demand) actualCPU=11.6530s cost=$0.010546
[t=    308.5731][TASK-COMPLETE         ] task=1612 wf=16 vm=203(on-demand) actualCPU=11.7170s cost=$0.010604
[t=    308.7611][TASK-COMPLETE         ] task=1226 wf=12 vm=0(reserved) actualCPU=1.2482s
[t=    309.1831][TASK-COMPLETE         ] task=1618 wf=16 vm=208(on-demand) actualCPU=12.3270s cost=$0.011156
[t=    309.7451][TASK-COMPLETE         ] task=1622 wf=16 vm=257(on-demand) actualCPU=12.2960s cost=$0.011128
[t=    309.7451][DISPATCH              ] wf=16 task=1664 planned=vm37 BUSY -> advanced to vm=0
[t=    309.7451][DISPATCH              ] wf=16 task=1664 vm=0
[t=    311.6291][TASK-COMPLETE         ] task=375 wf=3 vm=160(on-demand) actualCPU=47.3750s cost=$0.042874
[t=    311.6291][DISPATCH              ] wf=3 task=376 planned=vm15 BUSY -> advanced to vm=6
[t=    311.6291][DISPATCH              ] wf=3 task=376 vm=6
[t=    312.2681][TASK-COMPLETE         ] task=1696 wf=17 vm=272(on-demand) actualCPU=12.2663s cost=$0.011101
[t=    312.2681][DISPATCH              ] wf=17 task=1745 planned=vm4 BUSY -> advanced to vm=20
[t=    312.2681][DISPATCH              ] wf=17 task=1745 vm=20
[t=    312.3278][TASK-COMPLETE         ] task=1699 wf=17 vm=275(on-demand) actualCPU=12.3260s cost=$0.011155
[t=    312.3278][DISPATCH              ] wf=17 task=1746 planned=vm25 BUSY -> advanced to vm=21
[t=    312.3278][DISPATCH              ] wf=17 task=1758 planned=vm24 BUSY -> advanced to vm=23
[t=    312.3278][DISPATCH              ] wf=17 task=1746 vm=21
[t=    312.3278][DISPATCH              ] wf=17 task=1758 vm=23
[t=    312.4238][TASK-COMPLETE         ] task=1690 wf=17 vm=266(on-demand) actualCPU=12.4220s cost=$0.011242
[t=    312.4238][DISPATCH              ] wf=17 task=1723 planned=vm19 no-idle-reserved -> on-demand vm=94
[t=    312.4238][DISPATCH              ] wf=17 task=1723 vm=94
[t=    312.5308][TASK-COMPLETE         ] task=1688 wf=17 vm=264(on-demand) actualCPU=12.5290s cost=$0.011339
[t=    312.5308][DISPATCH              ] wf=17 task=1721 planned=vm1 no-idle-reserved -> on-demand vm=152
[t=    312.5308][DISPATCH              ] wf=17 task=1721 vm=152
[t=    312.6768][TASK-COMPLETE         ] task=1694 wf=17 vm=270(on-demand) actualCPU=12.6750s cost=$0.011471
[t=    312.6768][DISPATCH              ] wf=17 task=1735 planned=vm48 no-idle-reserved -> on-demand vm=158
[t=    312.6768][DISPATCH              ] wf=17 task=1737 planned=vm27 no-idle-reserved -> on-demand vm=159
[t=    312.6768][DISPATCH              ] wf=17 task=1738 planned=vm29 no-idle-reserved -> on-demand vm=160
[t=    312.6768][DISPATCH              ] wf=17 task=1735 vm=158
[t=    312.6768][DISPATCH              ] wf=17 task=1737 vm=159
[t=    312.6768][DISPATCH              ] wf=17 task=1738 vm=160
[t=    312.8318][TASK-COMPLETE         ] task=376 wf=3 vm=6(reserved) actualCPU=1.2027s
[t=    312.8538][TASK-COMPLETE         ] task=1692 wf=17 vm=268(on-demand) actualCPU=12.8520s cost=$0.011631
[t=    312.8538][DISPATCH              ] wf=17 task=1716 planned=vm26 BUSY -> advanced to vm=6
[t=    312.8538][DISPATCH              ] wf=17 task=1726 planned=vm36 no-idle-reserved -> on-demand vm=162
[t=    312.8538][DISPATCH              ] wf=17 task=1727 planned=vm48 no-idle-reserved -> on-demand vm=165
[t=    312.8538][DISPATCH              ] wf=17 task=1729 planned=vm11 no-idle-reserved -> on-demand vm=185
[t=    312.8538][DISPATCH              ] wf=17 task=1716 vm=6
[t=    312.8538][DISPATCH              ] wf=17 task=1726 vm=162
[t=    312.8538][DISPATCH              ] wf=17 task=1727 vm=165
[t=    312.8538][DISPATCH              ] wf=17 task=1729 vm=185
[t=    312.8788][TASK-COMPLETE         ] task=1695 wf=17 vm=271(on-demand) actualCPU=12.8770s cost=$0.011654
[t=    312.8788][DISPATCH              ] wf=17 task=1728 planned=vm43 no-idle-reserved -> on-demand vm=186
[t=    312.8788][DISPATCH              ] wf=17 task=1740 planned=vm42 no-idle-reserved -> on-demand vm=187
[t=    312.8788][DISPATCH              ] wf=17 task=1728 vm=186
[t=    312.8788][DISPATCH              ] wf=17 task=1740 vm=187
[t=    312.9353][TASK-COMPLETE         ] task=1001 wf=10 vm=109(on-demand) actualCPU=25.2710s cost=$0.022870
[t=    312.9353][DISPATCH              ] wf=10 task=1002 planned=vm7 no-idle-reserved -> on-demand vm=109
[t=    312.9353][DISPATCH              ] wf=10 task=1002 vm=109
[t=    312.9828][TASK-COMPLETE         ] task=1691 wf=17 vm=267(on-demand) actualCPU=12.9810s cost=$0.011748
[t=    312.9828][DISPATCH              ] wf=17 task=1743 planned=vm32 no-idle-reserved -> on-demand vm=190
[t=    312.9828][DISPATCH              ] wf=17 task=1755 planned=vm44 no-idle-reserved -> on-demand vm=193
[t=    312.9828][DISPATCH              ] wf=17 task=1743 vm=190
[t=    312.9828][DISPATCH              ] wf=17 task=1755 vm=193
[t=    313.2153][TASK-COMPLETE         ] task=262 wf=2 vm=115(on-demand) actualCPU=60.1384s cost=$0.054425
[t=    313.2153][DISPATCH              ] wf=2 task=263 planned=vm36 no-idle-reserved -> on-demand vm=115
[t=    313.2153][DISPATCH              ] wf=2 task=263 vm=115
[t=    313.5003][TASK-COMPLETE         ] task=288 wf=2 vm=198(on-demand) actualCPU=58.4214s cost=$0.052871
[t=    313.5003][DISPATCH              ] wf=2 task=289 planned=vm27 no-idle-reserved -> on-demand vm=195
[t=    313.5003][DISPATCH              ] wf=2 task=289 vm=195
[t=    313.5508][TASK-COMPLETE         ] task=1693 wf=17 vm=269(on-demand) actualCPU=13.5490s cost=$0.012262
[t=    313.5508][DISPATCH              ] wf=17 task=1732 planned=vm47 no-idle-reserved -> on-demand vm=196
[t=    313.5508][DISPATCH              ] wf=17 task=1736 planned=vm39 no-idle-reserved -> on-demand vm=198
[t=    313.5508][DISPATCH              ] wf=17 task=1744 planned=vm30 no-idle-reserved -> on-demand vm=201
[t=    313.5508][DISPATCH              ] wf=17 task=1756 planned=vm19 no-idle-reserved -> on-demand vm=203
[t=    313.5508][DISPATCH              ] wf=17 task=1732 vm=196
[t=    313.5508][DISPATCH              ] wf=17 task=1736 vm=198
[t=    313.5508][DISPATCH              ] wf=17 task=1744 vm=201
[t=    313.5508][DISPATCH              ] wf=17 task=1756 vm=203
[t=    313.5843][TASK-COMPLETE         ] task=1002 wf=10 vm=109(on-demand) actualCPU=0.6490s cost=$0.000587
[t=    313.8613][TASK-COMPLETE         ] task=1697 wf=17 vm=273(on-demand) actualCPU=13.8595s cost=$0.012543
[t=    313.8613][DISPATCH              ] wf=17 task=1734 planned=vm40 no-idle-reserved -> on-demand vm=109
[t=    313.8613][DISPATCH              ] wf=17 task=1739 planned=vm42 no-idle-reserved -> on-demand vm=204
[t=    313.8613][DISPATCH              ] wf=17 task=1749 planned=vm28 no-idle-reserved -> on-demand vm=205
[t=    313.8613][DISPATCH              ] wf=17 task=1734 vm=109
[t=    313.8613][DISPATCH              ] wf=17 task=1739 vm=204
[t=    313.8613][DISPATCH              ] wf=17 task=1749 vm=205
[t=    313.8953][TASK-COMPLETE         ] task=1223 wf=12 vm=124(on-demand) actualCPU=42.5862s cost=$0.038541
[t=    313.8953][TASK-COMPLETE         ] task=1005 wf=10 vm=215(on-demand) actualCPU=26.2310s cost=$0.023739
[t=    313.8953][DISPATCH              ] wf=10 task=1006 planned=vm0 no-idle-reserved -> on-demand vm=124
[t=    313.8953][DISPATCH              ] wf=12 task=1224 planned=vm19 no-idle-reserved -> on-demand vm=206
[t=    313.8953][DISPATCH              ] wf=10 task=1006 vm=124
[t=    313.8953][DISPATCH              ] wf=12 task=1224 vm=206
[t=    313.9713][TASK-COMPLETE         ] task=1227 wf=12 vm=183(on-demand) actualCPU=42.6622s cost=$0.038609
[t=    313.9713][DISPATCH              ] wf=12 task=1228 planned=vm17 no-idle-reserved -> on-demand vm=183
[t=    313.9713][DISPATCH              ] wf=12 task=1228 vm=183
[t=    314.1053][TASK-COMPLETE         ] task=1700 wf=17 vm=276(on-demand) actualCPU=14.1035s cost=$0.012764
[t=    314.1053][DISPATCH              ] wf=17 task=1747 planned=vm45 no-idle-reserved -> on-demand vm=207
[t=    314.1053][DISPATCH              ] wf=17 task=1750 planned=vm39 no-idle-reserved -> on-demand vm=208
[t=    314.1053][DISPATCH              ] wf=17 task=1747 vm=207
[t=    314.1053][DISPATCH              ] wf=17 task=1750 vm=208
[t=    314.4303][TASK-COMPLETE         ] task=1689 wf=17 vm=265(on-demand) actualCPU=14.4285s cost=$0.013058
[t=    314.4303][DISPATCH              ] wf=17 task=1715 planned=vm30 no-idle-reserved -> on-demand vm=210
[t=    314.4303][DISPATCH              ] wf=17 task=1717 planned=vm32 no-idle-reserved -> on-demand vm=211
[t=    314.4303][DISPATCH              ] wf=17 task=1719 planned=vm0 no-idle-reserved -> on-demand vm=213
[t=    314.4303][DISPATCH              ] wf=17 task=1733 planned=vm13 no-idle-reserved -> on-demand vm=215
[t=    314.4303][DISPATCH              ] wf=17 task=1742 planned=vm15 no-idle-reserved -> on-demand vm=219
[t=    314.4303][DISPATCH              ] wf=17 task=1715 vm=210
[t=    314.4303][DISPATCH              ] wf=17 task=1717 vm=211
[t=    314.4303][DISPATCH              ] wf=17 task=1719 vm=213
[t=    314.4303][DISPATCH              ] wf=17 task=1733 vm=215
[t=    314.4303][DISPATCH              ] wf=17 task=1742 vm=219
[t=    314.5793][TASK-COMPLETE         ] task=1664 wf=16 vm=0(reserved) actualCPU=4.8342s
[t=    314.5793][DISPATCH              ] wf=16 task=1665 planned=vm3 BUSY -> advanced to vm=0
[t=    314.5793][DISPATCH              ] wf=16 task=1665 vm=0
[t=    314.6135][TASK-COMPLETE         ] task=271 wf=2 vm=37(reserved) actualCPU=41.9800s
[t=    314.6135][TASK-COMPLETE         ] task=1228 wf=12 vm=183(on-demand) actualCPU=0.6422s cost=$0.000581
[t=    314.6135][DISPATCH              ] wf=2 task=272 planned=vm11 BUSY -> advanced to vm=37
[t=    314.6135][DISPATCH              ] wf=2 task=272 vm=37
[t=    314.6893][TASK-COMPLETE         ] task=1224 wf=12 vm=206(on-demand) actualCPU=0.7940s cost=$0.000719
[t=    314.7088][TASK-COMPLETE         ] task=1687 wf=17 vm=184(on-demand) actualCPU=14.7070s cost=$0.013310
[t=    314.7088][DISPATCH              ] wf=17 task=1707 planned=vm18 no-idle-reserved -> on-demand vm=183
[t=    314.7088][DISPATCH              ] wf=17 task=1708 planned=vm16 no-idle-reserved -> on-demand vm=184
[t=    314.7088][DISPATCH              ] wf=17 task=1709 planned=vm9 no-idle-reserved -> on-demand vm=206
[t=    314.7088][DISPATCH              ] wf=17 task=1710 planned=vm6 no-idle-reserved -> on-demand vm=220
[t=    314.7088][DISPATCH              ] wf=17 task=1711 planned=vm49 no-idle-reserved -> on-demand vm=221
[t=    314.7088][DISPATCH              ] wf=17 task=1713 planned=vm2 no-idle-reserved -> on-demand vm=222
[t=    314.7088][DISPATCH              ] wf=17 task=1724 planned=vm6 no-idle-reserved -> on-demand vm=223
[t=    314.7088][DISPATCH              ] wf=17 task=1725 planned=vm28 no-idle-reserved -> on-demand vm=224
[t=    314.7088][DISPATCH              ] wf=17 task=1741 planned=vm45 no-idle-reserved -> on-demand vm=225
[t=    314.7088][DISPATCH              ] wf=17 task=1754 planned=vm23 no-idle-reserved -> on-demand vm=226
[t=    314.7088][DISPATCH              ] wf=17 task=1707 vm=183
[t=    314.7088][DISPATCH              ] wf=17 task=1708 vm=184
[t=    314.7088][DISPATCH              ] wf=17 task=1709 vm=206
[t=    314.7088][DISPATCH              ] wf=17 task=1710 vm=220
[t=    314.7088][DISPATCH              ] wf=17 task=1711 vm=221
[t=    314.7088][DISPATCH              ] wf=17 task=1713 vm=222
[t=    314.7088][DISPATCH              ] wf=17 task=1724 vm=223
[t=    314.7088][DISPATCH              ] wf=17 task=1725 vm=224
[t=    314.7088][DISPATCH              ] wf=17 task=1741 vm=225
[t=    314.7088][DISPATCH              ] wf=17 task=1754 vm=226
[t=    314.7523][TASK-COMPLETE         ] task=263 wf=2 vm=115(on-demand) actualCPU=1.5370s cost=$0.001391
[t=    314.7523][TASK-COMPLETE         ] task=1686 wf=17 vm=156(on-demand) actualCPU=14.7505s cost=$0.013349
[t=    314.7523][DISPATCH              ] wf=17 task=1702 planned=vm23 no-idle-reserved -> on-demand vm=115
[t=    314.7523][DISPATCH              ] wf=17 task=1703 planned=vm10 no-idle-reserved -> on-demand vm=156
[t=    314.7523][DISPATCH              ] wf=17 task=1704 planned=vm26 no-idle-reserved -> on-demand vm=227
[t=    314.7523][DISPATCH              ] wf=17 task=1705 planned=vm23 no-idle-reserved -> on-demand vm=228
[t=    314.7523][DISPATCH              ] wf=17 task=1706 planned=vm5 no-idle-reserved -> on-demand vm=229
[t=    314.7523][DISPATCH              ] wf=17 task=1731 planned=vm44 no-idle-reserved -> on-demand vm=230
[t=    314.7523][DISPATCH              ] wf=17 task=1748 planned=vm43 no-idle-reserved -> on-demand vm=231
[t=    314.7523][DISPATCH              ] wf=17 task=1702 vm=115
[t=    314.7523][DISPATCH              ] wf=17 task=1703 vm=156
[t=    314.7523][DISPATCH              ] wf=17 task=1704 vm=227
[t=    314.7523][DISPATCH              ] wf=17 task=1705 vm=228
[t=    314.7523][DISPATCH              ] wf=17 task=1706 vm=229
[t=    314.7523][DISPATCH              ] wf=17 task=1731 vm=230
[t=    314.7523][DISPATCH              ] wf=17 task=1748 vm=231
[t=    314.7653][TASK-COMPLETE         ] task=1003 wf=10 vm=214(on-demand) actualCPU=27.1010s cost=$0.024526
[t=    314.7653][DISPATCH              ] wf=10 task=1004 planned=vm34 no-idle-reserved -> on-demand vm=214
[t=    314.7653][DISPATCH              ] wf=10 task=1004 vm=214
[t=    314.7778][TASK-COMPLETE         ] task=289 wf=2 vm=195(on-demand) actualCPU=1.2775s cost=$0.001156
[t=    314.7778][TASK-COMPLETE         ] task=1698 wf=17 vm=274(on-demand) actualCPU=14.7760s cost=$0.013372
[t=    314.7778][DISPATCH              ] wf=17 task=1712 planned=vm25 no-idle-reserved -> on-demand vm=195
[t=    314.7778][DISPATCH              ] wf=17 task=1718 planned=vm13 no-idle-reserved -> on-demand vm=233
[t=    314.7778][DISPATCH              ] wf=17 task=1722 planned=vm38 no-idle-reserved -> on-demand vm=234
[t=    314.7778][DISPATCH              ] wf=17 task=1730 planned=vm40 no-idle-reserved -> on-demand vm=236
[t=    314.7778][DISPATCH              ] wf=17 task=1751 planned=vm0 no-idle-reserved -> on-demand vm=237
[t=    314.7778][DISPATCH              ] wf=17 task=1752 planned=vm41 no-idle-reserved -> on-demand vm=238
[t=    314.7778][DISPATCH              ] wf=17 task=1757 planned=vm37 no-idle-reserved -> on-demand vm=239
[t=    314.7778][DISPATCH              ] wf=17 task=1712 vm=195
[t=    314.7778][DISPATCH              ] wf=17 task=1718 vm=233
[t=    314.7778][DISPATCH              ] wf=17 task=1722 vm=234
[t=    314.7778][DISPATCH              ] wf=17 task=1730 vm=236
[t=    314.7778][DISPATCH              ] wf=17 task=1751 vm=237
[t=    314.7778][DISPATCH              ] wf=17 task=1752 vm=238
[t=    314.7778][DISPATCH              ] wf=17 task=1757 vm=239
[t=    314.7993][TASK-COMPLETE         ] task=371 wf=3 vm=4(reserved) actualCPU=50.5452s
[t=    314.7993][DISPATCH              ] wf=3 task=372 planned=vm8 BUSY -> advanced to vm=4
[t=    314.7993][DISPATCH              ] wf=3 task=372 vm=4
[t=    315.2405][TASK-COMPLETE         ] task=1006 wf=10 vm=124(on-demand) actualCPU=1.3452s cost=$0.001217
[t=    315.7575][TASK-COMPLETE         ] task=272 wf=2 vm=37(reserved) actualCPU=1.1440s
[t=    315.8483][TASK-COMPLETE         ] task=372 wf=3 vm=4(reserved) actualCPU=1.0490s
[t=    315.9288][TASK-COMPLETE         ] task=1701 wf=17 vm=277(on-demand) actualCPU=15.9270s cost=$0.014414
[t=    315.9288][DISPATCH              ] wf=17 task=1714 planned=vm38 BUSY -> advanced to vm=4
[t=    315.9288][DISPATCH              ] wf=17 task=1720 planned=vm16 BUSY -> advanced to vm=37
[t=    315.9288][DISPATCH              ] wf=17 task=1753 planned=vm3 no-idle-reserved -> on-demand vm=124
[t=    315.9288][DISPATCH              ] wf=17 task=1759 planned=vm11 no-idle-reserved -> on-demand vm=240
[t=    315.9288][DISPATCH              ] wf=17 task=1760 planned=vm5 no-idle-reserved -> on-demand vm=241
[t=    315.9288][DISPATCH              ] wf=17 task=1761 planned=vm6 no-idle-reserved -> on-demand vm=242
[t=    315.9288][DISPATCH              ] wf=17 task=1762 planned=vm2 no-idle-reserved -> on-demand vm=243
[t=    315.9288][DISPATCH              ] wf=17 task=1763 planned=vm24 no-idle-reserved -> on-demand vm=244
[t=    315.9288][DISPATCH              ] wf=17 task=1714 vm=4
[t=    315.9288][DISPATCH              ] wf=17 task=1720 vm=37
[t=    315.9288][DISPATCH              ] wf=17 task=1753 vm=124
[t=    315.9288][DISPATCH              ] wf=17 task=1759 vm=240
[t=    315.9288][DISPATCH              ] wf=17 task=1760 vm=241
[t=    315.9288][DISPATCH              ] wf=17 task=1761 vm=242
[t=    315.9288][DISPATCH              ] wf=17 task=1762 vm=243
[t=    315.9288][DISPATCH              ] wf=17 task=1763 vm=244
[t=    316.1865][TASK-COMPLETE         ] task=1004 wf=10 vm=214(on-demand) actualCPU=1.4212s cost=$0.001286
[t=    316.1993][TASK-COMPLETE         ] task=1016 wf=10 vm=123(on-demand) actualCPU=29.6900s cost=$0.026869
[t=    316.1993][DISPATCH              ] wf=10 task=1017 planned=vm44 no-idle-reserved -> on-demand vm=123
[t=    316.1993][DISPATCH              ] wf=10 task=1017 vm=123
[t=    316.6125][TASK-COMPLETE         ] task=343 wf=3 vm=2(reserved) actualCPU=23.9342s
[t=    316.6125][DISPATCH              ] wf=3 task=344 planned=vm38 BUSY -> advanced to vm=2
[t=    316.6125][DISPATCH              ] wf=3 task=344 vm=2
[t=    317.0195][TASK-COMPLETE         ] task=294 wf=2 vm=202(on-demand) actualCPU=61.9406s cost=$0.056056
[t=    317.0195][DISPATCH              ] wf=2 task=295 planned=vm48 no-idle-reserved -> on-demand vm=202
[t=    317.0195][DISPATCH              ] wf=2 task=295 vm=202
[t=    317.3495][TASK-COMPLETE         ] task=344 wf=3 vm=2(reserved) actualCPU=0.7370s
[t=    317.3609][TASK-COMPLETE         ] task=290 wf=2 vm=200(on-demand) actualCPU=62.2820s cost=$0.056365
[t=    317.3609][DISPATCH              ] wf=2 task=291 planned=vm20 BUSY -> advanced to vm=2
[t=    317.3609][DISPATCH              ] wf=2 task=291 vm=2
[t=    317.3973][TASK-COMPLETE         ] task=1017 wf=10 vm=123(on-demand) actualCPU=1.1980s cost=$0.001084
[t=    317.7313][TASK-COMPLETE         ] task=377 wf=3 vm=161(on-demand) actualCPU=53.4772s cost=$0.048397
[t=    317.7313][DISPATCH              ] wf=3 task=378 planned=vm45 no-idle-reserved -> on-demand vm=123
[t=    317.7313][DISPATCH              ] wf=3 task=378 vm=123
[t=    317.9093][TASK-COMPLETE         ] task=291 wf=2 vm=2(reserved) actualCPU=0.5484s
[t=    317.9895][TASK-COMPLETE         ] task=295 wf=2 vm=202(on-demand) actualCPU=0.9700s cost=$0.000878
[t=    318.3483][TASK-COMPLETE         ] task=524 wf=5 vm=18(reserved) actualCPU=212.0211s
[t=    318.4983][TASK-COMPLETE         ] task=345 wf=3 vm=10(reserved) actualCPU=25.8200s
[t=    318.4983][DISPATCH              ] wf=3 task=346 planned=vm47 BUSY -> advanced to vm=2
[t=    318.4983][DISPATCH              ] wf=3 task=346 vm=2
[t=    318.6183][TASK-COMPLETE         ] task=378 wf=3 vm=123(on-demand) actualCPU=0.8870s cost=$0.000803
[t=    319.1303][TASK-COMPLETE         ] task=1665 wf=16 vm=0(reserved) actualCPU=4.5510s
[t=    319.1303][DISPATCH              ] wf=16 task=1666 planned=vm37 BUSY -> advanced to vm=0
[t=    319.1303][DISPATCH              ] wf=16 task=1667 planned=vm29 BUSY -> advanced to vm=10
[t=    319.1303][DISPATCH              ] wf=16 task=1668 planned=vm36 BUSY -> advanced to vm=18
[t=    319.1303][DISPATCH              ] wf=16 task=1669 planned=vm36 no-idle-reserved -> on-demand vm=123
[t=    319.1303][DISPATCH              ] wf=16 task=1670 planned=vm3 no-idle-reserved -> on-demand vm=161
[t=    319.1303][DISPATCH              ] wf=16 task=1671 planned=vm39 no-idle-reserved -> on-demand vm=200
[t=    319.1303][DISPATCH              ] wf=16 task=1672 planned=vm41 no-idle-reserved -> on-demand vm=202
[t=    319.1303][DISPATCH              ] wf=16 task=1673 planned=vm28 no-idle-reserved -> on-demand vm=214
[t=    319.1303][DISPATCH              ] wf=16 task=1674 planned=vm28 no-idle-reserved -> on-demand vm=245
[t=    319.1303][DISPATCH              ] wf=16 task=1675 planned=vm38 no-idle-reserved -> on-demand vm=246
[t=    319.1303][DISPATCH              ] wf=16 task=1676 planned=vm40 no-idle-reserved -> on-demand vm=247
[t=    319.1303][DISPATCH              ] wf=16 task=1677 planned=vm0 no-idle-reserved -> on-demand vm=248
[t=    319.1303][DISPATCH              ] wf=16 task=1678 planned=vm26 no-idle-reserved -> on-demand vm=249
[t=    319.1303][DISPATCH              ] wf=16 task=1679 planned=vm4 no-idle-reserved -> on-demand vm=250
[t=    319.1303][DISPATCH              ] wf=16 task=1680 planned=vm29 no-idle-reserved -> on-demand vm=251
[t=    319.1303][DISPATCH              ] wf=16 task=1681 planned=vm4 no-idle-reserved -> on-demand vm=252
[t=    319.1303][DISPATCH              ] wf=16 task=1666 vm=0
[t=    319.1303][DISPATCH              ] wf=16 task=1667 vm=10
[t=    319.1303][DISPATCH              ] wf=16 task=1668 vm=18
[t=    319.1303][DISPATCH              ] wf=16 task=1669 vm=123
[t=    319.1303][DISPATCH              ] wf=16 task=1670 vm=161
[t=    319.1303][DISPATCH              ] wf=16 task=1671 vm=200
[t=    319.1303][DISPATCH              ] wf=16 task=1672 vm=202
[t=    319.1303][DISPATCH              ] wf=16 task=1673 vm=214
[t=    319.1303][DISPATCH              ] wf=16 task=1674 vm=245
[t=    319.1303][DISPATCH              ] wf=16 task=1675 vm=246
[t=    319.1303][DISPATCH              ] wf=16 task=1676 vm=247
[t=    319.1303][DISPATCH              ] wf=16 task=1677 vm=248
[t=    319.1303][DISPATCH              ] wf=16 task=1678 vm=249
[t=    319.1303][DISPATCH              ] wf=16 task=1679 vm=250
[t=    319.1303][DISPATCH              ] wf=16 task=1680 vm=251
[t=    319.1303][DISPATCH              ] wf=16 task=1681 vm=252
[t=    319.4143][TASK-COMPLETE         ] task=346 wf=3 vm=2(reserved) actualCPU=0.9160s
[t=    320.1893][TASK-COMPLETE         ] task=277 wf=2 vm=189(on-demand) actualCPU=47.5558s cost=$0.043038
[t=    320.1893][DISPATCH              ] wf=2 task=278 -> vm=2 (planned reserved, was idle)
[t=    320.1893][DISPATCH              ] wf=2 task=278 vm=2
[t=    320.7193][TASK-COMPLETE         ] task=1009 wf=10 vm=217(on-demand) actualCPU=33.0550s cost=$0.029915
[t=    320.7193][DISPATCH              ] wf=10 task=1010 planned=vm15 no-idle-reserved -> on-demand vm=189
[t=    320.7193][DISPATCH              ] wf=10 task=1010 vm=189
[t=    320.8293][TASK-COMPLETE         ] task=284 wf=2 vm=38(reserved) actualCPU=65.7504s
[t=    320.8293][DISPATCH              ] wf=2 task=285 planned=vm49 BUSY -> advanced to vm=38
[t=    320.8293][DISPATCH              ] wf=2 task=285 vm=38
[t=    321.2113][TASK-COMPLETE         ] task=278 wf=2 vm=2(reserved) actualCPU=1.0220s
[t=    321.2873][TASK-COMPLETE         ] task=1007 wf=10 vm=216(on-demand) actualCPU=33.6230s cost=$0.030429
[t=    321.2873][DISPATCH              ] wf=10 task=1008 planned=vm19 BUSY -> advanced to vm=2
[t=    321.2873][DISPATCH              ] wf=10 task=1008 vm=2
[t=    321.2978][TASK-COMPLETE         ] task=1743 wf=17 vm=190(on-demand) actualCPU=8.3150s cost=$0.007525
[t=    321.6183][TASK-COMPLETE         ] task=1746 wf=17 vm=21(reserved) actualCPU=9.2905s
[t=    321.8333][TASK-COMPLETE         ] task=1010 wf=10 vm=189(on-demand) actualCPU=1.1140s cost=$0.001008
[t=    321.8728][TASK-COMPLETE         ] task=285 wf=2 vm=38(reserved) actualCPU=1.0435s
[t=    321.8728][TASK-COMPLETE         ] task=1735 wf=17 vm=158(on-demand) actualCPU=9.1960s cost=$0.008322
[t=    322.1123][TASK-COMPLETE         ] task=1728 wf=17 vm=186(on-demand) actualCPU=9.2335s cost=$0.008356
[t=    322.2323][TASK-COMPLETE         ] task=1745 wf=17 vm=20(reserved) actualCPU=9.9642s
[t=    322.4163][TASK-COMPLETE         ] task=1729 wf=17 vm=185(on-demand) actualCPU=9.5625s cost=$0.008654
[t=    322.5563][TASK-COMPLETE         ] task=1740 wf=17 vm=187(on-demand) actualCPU=9.6775s cost=$0.008758
[t=    322.9233][TASK-COMPLETE         ] task=1008 wf=10 vm=2(reserved) actualCPU=1.6360s
[t=    322.9373][TASK-COMPLETE         ] task=1200 wf=12 vm=116(on-demand) actualCPU=126.1350s cost=$0.114152
[t=    322.9373][DISPATCH              ] wf=12 task=1201 planned=vm29 BUSY -> advanced to vm=2
[t=    322.9373][DISPATCH              ] wf=12 task=1203 planned=vm5 BUSY -> advanced to vm=20
[t=    322.9373][DISPATCH              ] wf=12 task=1205 planned=vm33 BUSY -> advanced to vm=21
[t=    322.9373][DISPATCH              ] wf=12 task=1207 planned=vm25 BUSY -> advanced to vm=38
[t=    322.9373][DISPATCH              ] wf=12 task=1209 planned=vm36 no-idle-reserved -> on-demand vm=116
[t=    322.9373][DISPATCH              ] wf=12 task=1201 vm=2
[t=    322.9373][DISPATCH              ] wf=12 task=1203 vm=20
[t=    322.9373][DISPATCH              ] wf=12 task=1205 vm=21
[t=    322.9373][DISPATCH              ] wf=12 task=1207 vm=38
[t=    322.9373][DISPATCH              ] wf=12 task=1209 vm=116
[t=    322.9932][TASK-COMPLETE         ] task=523 wf=5 vm=27(reserved) actualCPU=217.0780s
[t=    323.1302][TASK-COMPLETE         ] task=1738 wf=17 vm=160(on-demand) actualCPU=10.4534s cost=$0.009460
[t=    323.1558][TASK-COMPLETE         ] task=1723 wf=17 vm=94(on-demand) actualCPU=10.7320s cost=$0.009712
[t=    323.1918][TASK-COMPLETE         ] task=1755 wf=17 vm=193(on-demand) actualCPU=10.2090s cost=$0.009239
[t=    323.3728][TASK-COMPLETE         ] task=353 wf=3 vm=218(on-demand) actualCPU=30.6945s cost=$0.027779
[t=    323.3728][DISPATCH              ] wf=3 task=354 planned=vm1 BUSY -> advanced to vm=27
[t=    323.3728][DISPATCH              ] wf=3 task=354 vm=27
[t=    323.3858][TASK-COMPLETE         ] task=1724 wf=17 vm=223(on-demand) actualCPU=8.6770s cost=$0.007853
[t=    323.4388][TASK-COMPLETE         ] task=1744 wf=17 vm=201(on-demand) actualCPU=9.8880s cost=$0.008949
[t=    323.5228][TASK-COMPLETE         ] task=1737 wf=17 vm=159(on-demand) actualCPU=10.8460s cost=$0.009816
[t=    323.7018][TASK-COMPLETE         ] task=1721 wf=17 vm=152(on-demand) actualCPU=11.1710s cost=$0.010110
[t=    323.7339][TASK-COMPLETE         ] task=286 wf=2 vm=197(on-demand) actualCPU=68.6550s cost=$0.062133
[t=    323.7339][DISPATCH              ] wf=2 task=287 planned=vm5 no-idle-reserved -> on-demand vm=94
[t=    323.7339][DISPATCH              ] wf=2 task=287 vm=94
[t=    323.8258][TASK-COMPLETE         ] task=1702 wf=17 vm=115(on-demand) actualCPU=9.0735s cost=$0.008212
[t=    323.8838][TASK-COMPLETE         ] task=1727 wf=17 vm=165(on-demand) actualCPU=11.0300s cost=$0.009982
[t=    323.9728][TASK-COMPLETE         ] task=1730 wf=17 vm=236(on-demand) actualCPU=9.1950s cost=$0.008321
[t=    324.0118][TASK-COMPLETE         ] task=1758 wf=17 vm=23(reserved) actualCPU=11.6840s
[t=    324.1008][TASK-COMPLETE         ] task=1726 wf=17 vm=162(on-demand) actualCPU=11.2470s cost=$0.010179
[t=    324.1008][TASK-COMPLETE         ] task=1719 wf=17 vm=213(on-demand) actualCPU=9.6705s cost=$0.008752
[t=    324.2498][TASK-COMPLETE         ] task=1709 wf=17 vm=206(on-demand) actualCPU=9.5410s cost=$0.008635
[t=    324.2953][TASK-COMPLETE         ] task=1750 wf=17 vm=208(on-demand) actualCPU=10.1900s cost=$0.009222
[t=    324.3458][TASK-COMPLETE         ] task=1732 wf=17 vm=196(on-demand) actualCPU=10.7950s cost=$0.009769
[t=    324.3708][TASK-COMPLETE         ] task=354 wf=3 vm=27(reserved) actualCPU=0.9980s
[t=    324.3863][TASK-COMPLETE         ] task=1703 wf=17 vm=156(on-demand) actualCPU=9.6340s cost=$0.008719
[t=    324.4273][TASK-COMPLETE         ] task=1704 wf=17 vm=227(on-demand) actualCPU=9.6750s cost=$0.008756
[t=    324.4533][TASK-COMPLETE         ] task=1716 wf=17 vm=6(reserved) actualCPU=11.5995s
[t=    324.4533][TASK-COMPLETE         ] task=1717 wf=17 vm=211(on-demand) actualCPU=10.0230s cost=$0.009071
[t=    324.4533][TASK-COMPLETE         ] task=1757 wf=17 vm=239(on-demand) actualCPU=9.6755s cost=$0.008756
[t=    324.6113][TASK-COMPLETE         ] task=1707 wf=17 vm=183(on-demand) actualCPU=9.9025s cost=$0.008962
[t=    324.7573][TASK-COMPLETE         ] task=1711 wf=17 vm=221(on-demand) actualCPU=10.0485s cost=$0.009094
[t=    324.7943][TASK-COMPLETE         ] task=1734 wf=17 vm=109(on-demand) actualCPU=10.9330s cost=$0.009894
[t=    324.8673][TASK-COMPLETE         ] task=287 wf=2 vm=94(on-demand) actualCPU=1.1334s cost=$0.001026
[t=    324.8898][TASK-COMPLETE         ] task=1722 wf=17 vm=234(on-demand) actualCPU=10.1120s cost=$0.009151
[t=    324.9998][TASK-COMPLETE         ] task=1741 wf=17 vm=225(on-demand) actualCPU=10.2910s cost=$0.009313
[t=    325.0708][TASK-COMPLETE         ] task=1720 wf=17 vm=37(reserved) actualCPU=9.1420s
[t=    325.2068][TASK-COMPLETE         ] task=1705 wf=17 vm=228(on-demand) actualCPU=10.4545s cost=$0.009461
[t=    325.2808][TASK-COMPLETE         ] task=1708 wf=17 vm=184(on-demand) actualCPU=10.5720s cost=$0.009568
[t=    325.3168][TASK-COMPLETE         ] task=1718 wf=17 vm=233(on-demand) actualCPU=10.5390s cost=$0.009538
[t=    325.3908][TASK-COMPLETE         ] task=1736 wf=17 vm=198(on-demand) actualCPU=11.8400s cost=$0.010715
[t=    325.5008][TASK-COMPLETE         ] task=1725 wf=17 vm=224(on-demand) actualCPU=10.7920s cost=$0.009767
[t=    325.5368][TASK-COMPLETE         ] task=1739 wf=17 vm=204(on-demand) actualCPU=11.6755s cost=$0.010566
[t=    325.5368][TASK-COMPLETE         ] task=1742 wf=17 vm=219(on-demand) actualCPU=11.1065s cost=$0.010051
[t=    325.6903][TASK-COMPLETE         ] task=1752 wf=17 vm=238(on-demand) actualCPU=10.9125s cost=$0.009876
[t=    325.7038][TASK-COMPLETE         ] task=1762 wf=17 vm=243(on-demand) actualCPU=9.7750s cost=$0.008846
[t=    325.7308][TASK-COMPLETE         ] task=1763 wf=17 vm=244(on-demand) actualCPU=9.8020s cost=$0.008871
[t=    325.8638][TASK-COMPLETE         ] task=1748 wf=17 vm=231(on-demand) actualCPU=11.1115s cost=$0.010056
[t=    325.9008][TASK-COMPLETE         ] task=1753 wf=17 vm=124(on-demand) actualCPU=9.9720s cost=$0.009025
[t=    325.9918][TASK-COMPLETE         ] task=1712 wf=17 vm=195(on-demand) actualCPU=11.2140s cost=$0.010149
[t=    325.9918][TASK-COMPLETE         ] task=1756 wf=17 vm=203(on-demand) actualCPU=12.4410s cost=$0.011259
[t=    326.0668][TASK-COMPLETE         ] task=1760 wf=17 vm=241(on-demand) actualCPU=10.1380s cost=$0.009175
[t=    326.0668][TASK-COMPLETE         ] task=1761 wf=17 vm=242(on-demand) actualCPU=10.1380s cost=$0.009175
[t=    326.1313][TASK-COMPLETE         ] task=1715 wf=17 vm=210(on-demand) actualCPU=11.7010s cost=$0.010589
[t=    326.2088][TASK-COMPLETE         ] task=1751 wf=17 vm=237(on-demand) actualCPU=11.4310s cost=$0.010345
[t=    326.3678][TASK-COMPLETE         ] task=1747 wf=17 vm=207(on-demand) actualCPU=12.2625s cost=$0.011098
[t=    326.3968][TASK-COMPLETE         ] task=1713 wf=17 vm=222(on-demand) actualCPU=11.6880s cost=$0.010578
[t=    326.4328][TASK-COMPLETE         ] task=1710 wf=17 vm=220(on-demand) actualCPU=11.7240s cost=$0.010610
[t=    326.4763][TASK-COMPLETE         ] task=1706 wf=17 vm=229(on-demand) actualCPU=11.7240s cost=$0.010610
[t=    326.4908][TASK-COMPLETE         ] task=1749 wf=17 vm=205(on-demand) actualCPU=12.6295s cost=$0.011430
[t=    326.7618][TASK-COMPLETE         ] task=1733 wf=17 vm=215(on-demand) actualCPU=12.3315s cost=$0.011160
[t=    326.7913][TASK-COMPLETE         ] task=1731 wf=17 vm=230(on-demand) actualCPU=12.0390s cost=$0.010895
[t=    326.9873][TASK-COMPLETE         ] task=1754 wf=17 vm=226(on-demand) actualCPU=12.2785s cost=$0.011112
[t=    327.2773][TASK-COMPLETE         ] task=1759 wf=17 vm=240(on-demand) actualCPU=11.3485s cost=$0.010270
[t=    327.5573][TASK-COMPLETE         ] task=1020 wf=10 vm=157(on-demand) actualCPU=41.0480s cost=$0.037148
[t=    327.5573][DISPATCH              ] wf=10 task=1021 planned=vm17 BUSY -> advanced to vm=6
[t=    327.5573][DISPATCH              ] wf=10 task=1021 vm=6
[t=    327.6338][TASK-COMPLETE         ] task=1714 wf=17 vm=4(reserved) actualCPU=11.7050s
[t=    327.6338][DISPATCH              ] wf=17 task=1764 planned=vm39 BUSY -> advanced to vm=4
[t=    327.6338][DISPATCH              ] wf=17 task=1764 vm=4
[t=    327.8388][TASK-COMPLETE         ] task=275 wf=2 vm=188(on-demand) actualCPU=55.2053s cost=$0.049961
[t=    327.8388][DISPATCH              ] wf=2 task=276 planned=vm15 BUSY -> advanced to vm=23
[t=    327.8388][DISPATCH              ] wf=2 task=276 vm=23
[t=    328.2028][TASK-COMPLETE         ] task=1681 wf=16 vm=252(on-demand) actualCPU=9.0725s cost=$0.008211
[t=    328.5248][TASK-COMPLETE         ] task=1074 wf=10 vm=130(on-demand) actualCPU=159.6791s cost=$0.144510
[t=    328.5248][DISPATCH              ] wf=10 task=1075 planned=vm26 BUSY -> advanced to vm=27
[t=    328.5248][DISPATCH              ] wf=10 task=1077 planned=vm0 BUSY -> advanced to vm=37
[t=    328.5248][DISPATCH              ] wf=10 task=1079 planned=vm38 no-idle-reserved -> on-demand vm=94
[t=    328.5248][DISPATCH              ] wf=10 task=1081 planned=vm13 no-idle-reserved -> on-demand vm=109
[t=    328.5248][DISPATCH              ] wf=10 task=1083 planned=vm31 no-idle-reserved -> on-demand vm=115
[t=    328.5248][DISPATCH              ] wf=10 task=1085 planned=vm47 no-idle-reserved -> on-demand vm=124
[t=    328.5248][DISPATCH              ] wf=10 task=1087 planned=vm45 no-idle-reserved -> on-demand vm=130
[t=    328.5248][DISPATCH              ] wf=10 task=1075 vm=27
[t=    328.5248][DISPATCH              ] wf=10 task=1077 vm=37
[t=    328.5248][DISPATCH              ] wf=10 task=1079 vm=94
[t=    328.5248][DISPATCH              ] wf=10 task=1081 vm=109
[t=    328.5248][DISPATCH              ] wf=10 task=1083 vm=115
[t=    328.5248][DISPATCH              ] wf=10 task=1085 vm=124
[t=    328.5248][DISPATCH              ] wf=10 task=1087 vm=130
[t=    328.7818][TASK-COMPLETE         ] task=347 wf=3 vm=25(reserved) actualCPU=36.1035s
[t=    328.7818][DISPATCH              ] wf=3 task=348 planned=vm6 BUSY -> advanced to vm=25
[t=    328.7818][DISPATCH              ] wf=3 task=348 vm=25
[t=    329.0138][TASK-COMPLETE         ] task=276 wf=2 vm=23(reserved) actualCPU=1.1750s
[t=    329.0455][TASK-COMPLETE         ] task=281 wf=2 vm=192(on-demand) actualCPU=56.4120s cost=$0.051053
[t=    329.0455][DISPATCH              ] wf=2 task=199 planned=vm34 BUSY -> advanced to vm=23
[t=    329.0455][DISPATCH              ] wf=2 task=282 planned=vm40 no-idle-reserved -> on-demand vm=152
[t=    329.0455][DISPATCH              ] wf=2 task=199 vm=23
[t=    329.0455][DISPATCH              ] wf=2 task=282 vm=152
[t=    329.1093][TASK-COMPLETE         ] task=1021 wf=10 vm=6(reserved) actualCPU=1.5520s
[t=    329.3823][TASK-COMPLETE         ] task=348 wf=3 vm=25(reserved) actualCPU=0.6005s
[t=    329.5383][TASK-COMPLETE         ] task=1680 wf=16 vm=251(on-demand) actualCPU=10.4080s cost=$0.009419
[t=    329.5743][TASK-COMPLETE         ] task=1668 wf=16 vm=18(reserved) actualCPU=10.4440s
[t=    329.5743][TASK-COMPLETE         ] task=1673 wf=16 vm=214(on-demand) actualCPU=10.4440s cost=$0.009452
[t=    329.6483][TASK-COMPLETE         ] task=1670 wf=16 vm=161(on-demand) actualCPU=10.5180s cost=$0.009519
[t=    329.7023][TASK-COMPLETE         ] task=1666 wf=16 vm=0(reserved) actualCPU=10.5720s
[t=    329.7223][TASK-COMPLETE         ] task=351 wf=3 vm=148(on-demand) actualCPU=37.0440s cost=$0.033525
[t=    329.7223][DISPATCH              ] wf=3 task=352 planned=vm12 BUSY -> advanced to vm=0
[t=    329.7223][DISPATCH              ] wf=3 task=352 vm=0
[t=    329.7413][TASK-COMPLETE         ] task=1677 wf=16 vm=248(on-demand) actualCPU=10.6110s cost=$0.009603
[t=    329.7583][TASK-COMPLETE         ] task=199 wf=2 vm=23(reserved) actualCPU=0.7128s
[t=    329.7853][TASK-COMPLETE         ] task=1679 wf=16 vm=250(on-demand) actualCPU=10.6550s cost=$0.009643
[t=    329.8615][TASK-COMPLETE         ] task=282 wf=2 vm=152(on-demand) actualCPU=0.8160s cost=$0.000738
[t=    329.8615][DISPATCH              ] wf=2 task=198 planned=vm32 BUSY -> advanced to vm=6
[t=    329.8615][DISPATCH              ] wf=2 task=198 vm=6
[t=    330.1095][TASK-COMPLETE         ] task=1678 wf=16 vm=249(on-demand) actualCPU=10.9792s cost=$0.009936
[t=    330.2195][TASK-COMPLETE         ] task=1675 wf=16 vm=246(on-demand) actualCPU=11.0892s cost=$0.010036
[t=    330.3295][TASK-COMPLETE         ] task=198 wf=2 vm=6(reserved) actualCPU=0.4680s
[t=    330.3295][WF-COMPLETE           ] wf=2 completionTime=330.3295 deadline=575.1210 -> MET
[t=    330.3683][TASK-COMPLETE         ] task=1671 wf=16 vm=200(on-demand) actualCPU=11.2380s cost=$0.010170
[t=    330.5483][TASK-COMPLETE         ] task=1667 wf=16 vm=10(reserved) actualCPU=11.4180s
[t=    330.7723][TASK-COMPLETE         ] task=1669 wf=16 vm=123(on-demand) actualCPU=11.6420s cost=$0.010536
[t=    330.8093][TASK-COMPLETE         ] task=352 wf=3 vm=0(reserved) actualCPU=1.0870s
[t=    331.3353][TASK-COMPLETE         ] task=1674 wf=16 vm=245(on-demand) actualCPU=12.2050s cost=$0.011046
[t=    331.3683][TASK-COMPLETE         ] task=1672 wf=16 vm=202(on-demand) actualCPU=12.2380s cost=$0.011075
[t=    331.5183][TASK-COMPLETE         ] task=1676 wf=16 vm=247(on-demand) actualCPU=12.3880s cost=$0.011211
[t=    331.5183][DISPATCH              ] wf=16 task=1682 -> vm=0 (planned reserved, was idle)
[t=    331.5183][DISPATCH              ] wf=16 task=1682 vm=0
[t=    332.2903][TASK-COMPLETE         ] task=1764 wf=17 vm=4(reserved) actualCPU=4.6565s
[t=    332.2903][DISPATCH              ] wf=17 task=1765 planned=vm1 BUSY -> advanced to vm=25
[t=    332.2903][DISPATCH              ] wf=17 task=1765 vm=25
[t=    332.7623][TASK-COMPLETE         ] task=381 wf=3 vm=163(on-demand) actualCPU=68.5082s cost=$0.062000
[t=    332.7623][DISPATCH              ] wf=3 task=382 planned=vm46 BUSY -> advanced to vm=4
[t=    332.7623][DISPATCH              ] wf=3 task=382 vm=4
[t=    333.6753][TASK-COMPLETE         ] task=382 wf=3 vm=4(reserved) actualCPU=0.9130s
[t=    333.7113][TASK-COMPLETE         ] task=1012 wf=10 vm=34(reserved) actualCPU=47.2020s
[t=    333.7113][DISPATCH              ] wf=10 task=1013 planned=vm28 BUSY -> advanced to vm=4
[t=    333.7113][DISPATCH              ] wf=10 task=1013 vm=4
[t=    334.7563][TASK-COMPLETE         ] task=1014 wf=10 vm=82(on-demand) actualCPU=48.2470s cost=$0.043664
[t=    334.7563][DISPATCH              ] wf=10 task=1015 planned=vm38 BUSY -> advanced to vm=6
[t=    334.7563][DISPATCH              ] wf=10 task=1015 vm=6
[t=    335.5683][TASK-COMPLETE         ] task=1013 wf=10 vm=4(reserved) actualCPU=1.8570s
[t=    335.8953][TASK-COMPLETE         ] task=1046 wf=10 vm=128(on-demand) actualCPU=167.0496s cost=$0.151180
[t=    335.8953][DISPATCH              ] wf=10 task=1047 planned=vm46 BUSY -> advanced to vm=4
[t=    335.8953][DISPATCH              ] wf=10 task=1049 planned=vm42 BUSY -> advanced to vm=10
[t=    335.8953][DISPATCH              ] wf=10 task=1051 planned=vm14 BUSY -> advanced to vm=18
[t=    335.8953][DISPATCH              ] wf=10 task=1053 planned=vm8 BUSY -> advanced to vm=23
[t=    335.8953][DISPATCH              ] wf=10 task=1055 planned=vm10 BUSY -> advanced to vm=34
[t=    335.8953][DISPATCH              ] wf=10 task=1057 planned=vm33 no-idle-reserved -> on-demand vm=82
[t=    335.8953][DISPATCH              ] wf=10 task=1047 vm=4
[t=    335.8953][DISPATCH              ] wf=10 task=1049 vm=10
[t=    335.8953][DISPATCH              ] wf=10 task=1051 vm=18
[t=    335.8953][DISPATCH              ] wf=10 task=1053 vm=23
[t=    335.8953][DISPATCH              ] wf=10 task=1055 vm=34
[t=    335.8953][DISPATCH              ] wf=10 task=1057 vm=82
[t=    336.2723][TASK-COMPLETE         ] task=1015 wf=10 vm=6(reserved) actualCPU=1.5160s
[t=    336.3173][TASK-COMPLETE         ] task=1018 wf=10 vm=126(on-demand) actualCPU=49.8080s cost=$0.045076
[t=    336.3173][DISPATCH              ] wf=10 task=1019 planned=vm23 BUSY -> advanced to vm=6
[t=    336.3173][DISPATCH              ] wf=10 task=1019 vm=6
[t=    336.6333][TASK-COMPLETE         ] task=1216 wf=12 vm=279(on-demand) actualCPU=35.2035s cost=$0.031859
[t=    336.6333][DISPATCH              ] wf=12 task=1217 planned=vm19 no-idle-reserved -> on-demand vm=123
[t=    336.6333][DISPATCH              ] wf=12 task=1217 vm=123
[t=    337.1423][TASK-COMPLETE         ] task=1019 wf=10 vm=6(reserved) actualCPU=0.8250s
[t=    337.9133][TASK-COMPLETE         ] task=1217 wf=12 vm=123(on-demand) actualCPU=1.2800s cost=$0.001158
[t=    338.1833][TASK-COMPLETE         ] task=1765 wf=17 vm=25(reserved) actualCPU=5.8930s
[t=    338.1833][DISPATCH              ] wf=17 task=1766 planned=vm37 BUSY -> advanced to vm=6
[t=    338.1833][DISPATCH              ] wf=17 task=1767 planned=vm0 BUSY -> advanced to vm=25
[t=    338.1833][DISPATCH              ] wf=17 task=1768 planned=vm28 no-idle-reserved -> on-demand vm=123
[t=    338.1833][DISPATCH              ] wf=17 task=1769 planned=vm41 no-idle-reserved -> on-demand vm=126
[t=    338.1833][DISPATCH              ] wf=17 task=1770 planned=vm29 no-idle-reserved -> on-demand vm=128
[t=    338.1833][DISPATCH              ] wf=17 task=1771 planned=vm5 no-idle-reserved -> on-demand vm=148
[t=    338.1833][DISPATCH              ] wf=17 task=1772 planned=vm15 no-idle-reserved -> on-demand vm=152
[t=    338.1833][DISPATCH              ] wf=17 task=1773 planned=vm36 no-idle-reserved -> on-demand vm=156
[t=    338.1833][DISPATCH              ] wf=17 task=1774 planned=vm39 no-idle-reserved -> on-demand vm=157
[t=    338.1833][DISPATCH              ] wf=17 task=1775 planned=vm29 no-idle-reserved -> on-demand vm=158
[t=    338.1833][DISPATCH              ] wf=17 task=1776 planned=vm4 no-idle-reserved -> on-demand vm=159
[t=    338.1833][DISPATCH              ] wf=17 task=1777 planned=vm1 no-idle-reserved -> on-demand vm=160
[t=    338.1833][DISPATCH              ] wf=17 task=1778 planned=vm1 no-idle-reserved -> on-demand vm=161
[t=    338.1833][DISPATCH              ] wf=17 task=1779 planned=vm1 no-idle-reserved -> on-demand vm=162
[t=    338.1833][DISPATCH              ] wf=17 task=1780 planned=vm3 no-idle-reserved -> on-demand vm=163
[t=    338.1833][DISPATCH              ] wf=17 task=1781 planned=vm39 no-idle-reserved -> on-demand vm=165
[t=    338.1833][DISPATCH              ] wf=17 task=1766 vm=6
[t=    338.1833][DISPATCH              ] wf=17 task=1767 vm=25
[t=    338.1833][DISPATCH              ] wf=17 task=1768 vm=123
[t=    338.1833][DISPATCH              ] wf=17 task=1769 vm=126
[t=    338.1833][DISPATCH              ] wf=17 task=1770 vm=128
[t=    338.1833][DISPATCH              ] wf=17 task=1771 vm=148
[t=    338.1833][DISPATCH              ] wf=17 task=1772 vm=152
[t=    338.1833][DISPATCH              ] wf=17 task=1773 vm=156
[t=    338.1833][DISPATCH              ] wf=17 task=1774 vm=157
[t=    338.1833][DISPATCH              ] wf=17 task=1775 vm=158
[t=    338.1833][DISPATCH              ] wf=17 task=1776 vm=159
[t=    338.1833][DISPATCH              ] wf=17 task=1777 vm=160
[t=    338.1833][DISPATCH              ] wf=17 task=1778 vm=161
[t=    338.1833][DISPATCH              ] wf=17 task=1779 vm=162
[t=    338.1833][DISPATCH              ] wf=17 task=1780 vm=163
[t=    338.1833][DISPATCH              ] wf=17 task=1781 vm=165
[t=    338.5023][TASK-COMPLETE         ] task=1682 wf=16 vm=0(reserved) actualCPU=6.9840s
[t=    338.5023][DISPATCH              ] wf=16 task=1683 planned=vm26 BUSY -> advanced to vm=0
[t=    338.5023][DISPATCH              ] wf=16 task=1683 vm=0
[t=    338.6973][TASK-COMPLETE         ] task=1220 wf=12 vm=281(on-demand) actualCPU=37.2675s cost=$0.033727
[t=    338.6973][DISPATCH              ] wf=12 task=1221 planned=vm17 no-idle-reserved -> on-demand vm=183
[t=    338.6973][DISPATCH              ] wf=12 task=1221 vm=183
[t=    340.4453][TASK-COMPLETE         ] task=1221 wf=12 vm=183(on-demand) actualCPU=1.7480s cost=$0.001582
[t=    343.0023][TASK-COMPLETE         ] task=1214 wf=12 vm=278(on-demand) actualCPU=41.6725s cost=$0.037714
[t=    343.0023][DISPATCH              ] wf=12 task=1215 planned=vm19 no-idle-reserved -> on-demand vm=183
[t=    343.0023][DISPATCH              ] wf=12 task=1215 vm=183
[t=    344.2153][TASK-COMPLETE         ] task=1215 wf=12 vm=183(on-demand) actualCPU=1.2130s cost=$0.001098
[t=    345.8735][NEGOTIATE             ] wf=18 tasks=100 arrivalTime=345.8735 deadline=487.3135 cp=77.3740 BETA*cp=85.1114 slack=141.4400 -> ACCEPTED
[t=    345.8735][DISPATCH              ] wf=18 task=1786 planned=ON-DEMAND -> vm=183 (on-demand)
[t=    345.8735][DISPATCH              ] wf=18 task=1787 planned=ON-DEMAND -> vm=184 (on-demand)
[t=    345.8735][DISPATCH              ] wf=18 task=1788 planned=ON-DEMAND -> vm=185 (on-demand)
[t=    345.8735][DISPATCH              ] wf=18 task=1789 planned=ON-DEMAND -> vm=186 (on-demand)
[t=    345.8735][DISPATCH              ] wf=18 task=1790 planned=ON-DEMAND -> vm=187 (on-demand)
[t=    345.8735][DISPATCH              ] wf=18 task=1791 planned=ON-DEMAND -> vm=188 (on-demand)
[t=    345.8735][DISPATCH              ] wf=18 task=1792 planned=ON-DEMAND -> vm=189 (on-demand)
[t=    345.8735][DISPATCH              ] wf=18 task=1793 planned=ON-DEMAND -> vm=190 (on-demand)
[t=    345.8735][DISPATCH              ] wf=18 task=1794 planned=ON-DEMAND -> vm=192 (on-demand)
[t=    345.8735][DISPATCH              ] wf=18 task=1795 planned=ON-DEMAND -> vm=193 (on-demand)
[t=    345.8735][DISPATCH              ] wf=18 task=1796 planned=ON-DEMAND -> vm=195 (on-demand)
[t=    345.8735][DISPATCH              ] wf=18 task=1797 planned=ON-DEMAND -> vm=196 (on-demand)
[t=    345.8735][DISPATCH              ] wf=18 task=1798 planned=ON-DEMAND -> vm=197 (on-demand)
[t=    345.8735][DISPATCH              ] wf=18 task=1799 planned=ON-DEMAND -> vm=198 (on-demand)
[t=    345.8735][DISPATCH              ] wf=18 task=1800 planned=ON-DEMAND -> vm=200 (on-demand)
[t=    345.8735][DISPATCH              ] wf=18 task=1801 planned=ON-DEMAND -> vm=201 (on-demand)
[t=    345.8735][DISPATCH              ] wf=18 task=1786 vm=183
[t=    345.8735][DISPATCH              ] wf=18 task=1787 vm=184
[t=    345.8735][DISPATCH              ] wf=18 task=1788 vm=185
[t=    345.8735][DISPATCH              ] wf=18 task=1789 vm=186
[t=    345.8735][DISPATCH              ] wf=18 task=1790 vm=187
[t=    345.8735][DISPATCH              ] wf=18 task=1791 vm=188
[t=    345.8735][DISPATCH              ] wf=18 task=1792 vm=189
[t=    345.8735][DISPATCH              ] wf=18 task=1793 vm=190
[t=    345.8735][DISPATCH              ] wf=18 task=1794 vm=192
[t=    345.8735][DISPATCH              ] wf=18 task=1795 vm=193
[t=    345.8735][DISPATCH              ] wf=18 task=1796 vm=195
[t=    345.8735][DISPATCH              ] wf=18 task=1797 vm=196
[t=    345.8735][DISPATCH              ] wf=18 task=1798 vm=197
[t=    345.8735][DISPATCH              ] wf=18 task=1799 vm=198
[t=    345.8735][DISPATCH              ] wf=18 task=1800 vm=200
[t=    345.8735][DISPATCH              ] wf=18 task=1801 vm=201
[t=    346.6305][TASK-COMPLETE         ] task=1775 wf=17 vm=158(on-demand) actualCPU=8.4472s cost=$0.007645
[t=    347.0045][TASK-COMPLETE         ] task=1777 wf=17 vm=160(on-demand) actualCPU=8.8212s cost=$0.007983
[t=    347.2795][TASK-COMPLETE         ] task=1212 wf=12 vm=118(on-demand) actualCPU=45.9497s cost=$0.041584
[t=    347.2795][DISPATCH              ] wf=12 task=1213 planned=vm28 no-idle-reserved -> on-demand vm=118
[t=    347.2795][DISPATCH              ] wf=12 task=1213 vm=118
[t=    347.8965][TASK-COMPLETE         ] task=1218 wf=12 vm=280(on-demand) actualCPU=46.4667s cost=$0.042052
[t=    347.8965][DISPATCH              ] wf=12 task=1219 planned=vm17 no-idle-reserved -> on-demand vm=158
[t=    347.8965][DISPATCH              ] wf=12 task=1219 vm=158
[t=    347.9213][TASK-COMPLETE         ] task=1780 wf=17 vm=163(on-demand) actualCPU=9.7380s cost=$0.008813
[t=    347.9423][TASK-COMPLETE         ] task=1774 wf=17 vm=157(on-demand) actualCPU=9.7590s cost=$0.008832
[t=    348.4305][TASK-COMPLETE         ] task=1767 wf=17 vm=25(reserved) actualCPU=10.2472s
[t=    348.5405][TASK-COMPLETE         ] task=1203 wf=12 vm=20(reserved) actualCPU=25.6032s
[t=    348.5405][DISPATCH              ] wf=12 task=1204 planned=vm19 BUSY -> advanced to vm=20
[t=    348.5405][DISPATCH              ] wf=12 task=1204 vm=20
[t=    348.5663][TASK-COMPLETE         ] task=1683 wf=16 vm=0(reserved) actualCPU=10.0640s
[t=    348.5663][DISPATCH              ] wf=16 task=1684 planned=vm3 BUSY -> advanced to vm=0
[t=    348.5663][DISPATCH              ] wf=16 task=1684 vm=0
[t=    348.6773][TASK-COMPLETE         ] task=1219 wf=12 vm=158(on-demand) actualCPU=0.7808s cost=$0.000707
[t=    348.7093][TASK-COMPLETE         ] task=1213 wf=12 vm=118(on-demand) actualCPU=1.4298s cost=$0.001294
[t=    348.7093][TASK-COMPLETE         ] task=1776 wf=17 vm=159(on-demand) actualCPU=10.5260s cost=$0.009526
[t=    348.9695][TASK-COMPLETE         ] task=1773 wf=17 vm=156(on-demand) actualCPU=10.7862s cost=$0.009762
[t=    349.1405][TASK-COMPLETE         ] task=1779 wf=17 vm=162(on-demand) actualCPU=10.9572s cost=$0.009916
[t=    349.2433][TASK-COMPLETE         ] task=1781 wf=17 vm=165(on-demand) actualCPU=11.0600s cost=$0.010009
[t=    349.2553][TASK-COMPLETE         ] task=1778 wf=17 vm=161(on-demand) actualCPU=11.0720s cost=$0.010020
[t=    349.4613][TASK-COMPLETE         ] task=1766 wf=17 vm=6(reserved) actualCPU=11.2780s
[t=    349.5603][TASK-COMPLETE         ] task=1771 wf=17 vm=148(on-demand) actualCPU=11.3770s cost=$0.010296
[t=    349.6703][TASK-COMPLETE         ] task=1191 wf=12 vm=69(on-demand) actualCPU=152.8680s cost=$0.138346
[t=    349.6703][DISPATCH              ] wf=12 task=1192 planned=vm9 BUSY -> advanced to vm=6
[t=    349.6703][DISPATCH              ] wf=12 task=1194 planned=vm18 BUSY -> advanced to vm=25
[t=    349.6703][DISPATCH              ] wf=12 task=1196 planned=vm22 no-idle-reserved -> on-demand vm=69
[t=    349.6703][DISPATCH              ] wf=12 task=1198 planned=vm11 no-idle-reserved -> on-demand vm=118
[t=    349.6703][DISPATCH              ] wf=12 task=1192 vm=6
[t=    349.6703][DISPATCH              ] wf=12 task=1194 vm=25
[t=    349.6703][DISPATCH              ] wf=12 task=1196 vm=69
[t=    349.6703][DISPATCH              ] wf=12 task=1198 vm=118
[t=    349.9853][TASK-COMPLETE         ] task=1770 wf=17 vm=128(on-demand) actualCPU=11.8020s cost=$0.010681
[t=    350.0923][TASK-COMPLETE         ] task=1768 wf=17 vm=123(on-demand) actualCPU=11.9090s cost=$0.010778
[t=    350.1035][TASK-COMPLETE         ] task=1204 wf=12 vm=20(reserved) actualCPU=1.5630s
[t=    350.3205][TASK-COMPLETE         ] task=1769 wf=17 vm=126(on-demand) actualCPU=12.1372s cost=$0.010984
[t=    351.2865][TASK-COMPLETE         ] task=1772 wf=17 vm=152(on-demand) actualCPU=13.1032s cost=$0.011858
[t=    351.2865][DISPATCH              ] wf=17 task=1782 planned=vm3 BUSY -> advanced to vm=20
[t=    351.2865][DISPATCH              ] wf=17 task=1782 vm=20
[t=    351.7705][TASK-COMPLETE         ] task=992 wf=10 vm=3(reserved) actualCPU=47.2168s
[t=    351.7705][DISPATCH              ] wf=10 task=993 planned=vm36 BUSY -> advanced to vm=3
[t=    351.7705][DISPATCH              ] wf=10 task=993 vm=3
[t=    352.0005][TASK-COMPLETE         ] task=1274 wf=12 vm=155(on-demand) actualCPU=155.1982s cost=$0.140454
[t=    352.0005][DISPATCH              ] wf=12 task=1275 planned=vm19 no-idle-reserved -> on-demand vm=123
[t=    352.0005][DISPATCH              ] wf=12 task=1277 planned=vm30 no-idle-reserved -> on-demand vm=126
[t=    352.0005][DISPATCH              ] wf=12 task=1279 planned=vm25 no-idle-reserved -> on-demand vm=128
[t=    352.0005][DISPATCH              ] wf=12 task=1281 planned=vm5 no-idle-reserved -> on-demand vm=148
[t=    352.0005][DISPATCH              ] wf=12 task=1283 planned=vm24 no-idle-reserved -> on-demand vm=152
[t=    352.0005][DISPATCH              ] wf=12 task=1285 planned=vm15 no-idle-reserved -> on-demand vm=155
[t=    352.0005][DISPATCH              ] wf=12 task=1287 planned=vm6 no-idle-reserved -> on-demand vm=156
[t=    352.0005][DISPATCH              ] wf=12 task=1275 vm=123
[t=    352.0005][DISPATCH              ] wf=12 task=1277 vm=126
[t=    352.0005][DISPATCH              ] wf=12 task=1279 vm=128
[t=    352.0005][DISPATCH              ] wf=12 task=1281 vm=148
[t=    352.0005][DISPATCH              ] wf=12 task=1283 vm=152
[t=    352.0005][DISPATCH              ] wf=12 task=1285 vm=155
[t=    352.0005][DISPATCH              ] wf=12 task=1287 vm=156
[t=    352.7025][TASK-COMPLETE         ] task=993 wf=10 vm=3(reserved) actualCPU=0.9320s
[t=    352.7643][TASK-COMPLETE         ] task=1201 wf=12 vm=2(reserved) actualCPU=29.8270s
[t=    352.7643][DISPATCH              ] wf=12 task=1202 planned=vm17 BUSY -> advanced to vm=2
[t=    352.7643][DISPATCH              ] wf=12 task=1202 vm=2
[t=    353.2355][TASK-COMPLETE         ] task=1205 wf=12 vm=21(reserved) actualCPU=30.2982s
[t=    353.2355][DISPATCH              ] wf=12 task=1206 planned=vm12 BUSY -> advanced to vm=3
[t=    353.2355][DISPATCH              ] wf=12 task=1206 vm=3
[t=    353.4705][TASK-COMPLETE         ] task=1202 wf=12 vm=2(reserved) actualCPU=0.7062s
[t=    353.7885][TASK-COMPLETE         ] task=1684 wf=16 vm=0(reserved) actualCPU=5.2222s
[t=    353.7885][DISPATCH              ] wf=16 task=1685 planned=vm29 BUSY -> advanced to vm=0
[t=    353.7885][DISPATCH              ] wf=16 task=1685 vm=0
[t=    354.7445][TASK-COMPLETE         ] task=1685 wf=16 vm=0(reserved) actualCPU=0.9560s
[t=    354.7445][WF-COMPLETE           ] wf=16 completionTime=354.7445 deadline=423.2579 -> MET
[t=    354.9665][TASK-COMPLETE         ] task=1206 wf=12 vm=3(reserved) actualCPU=1.7310s
[t=    355.5635][TASK-COMPLETE         ] task=526 wf=5 vm=36(reserved) actualCPU=245.8593s
[t=    355.8495][TASK-COMPLETE         ] task=998 wf=10 vm=79(on-demand) actualCPU=51.2958s cost=$0.046423
[t=    355.8495][DISPATCH              ] wf=10 task=999 planned=vm30 BUSY -> advanced to vm=0
[t=    355.8495][DISPATCH              ] wf=10 task=999 vm=0
[t=    356.5205][TASK-COMPLETE         ] task=999 wf=10 vm=0(reserved) actualCPU=0.6710s
[t=    356.5865][TASK-COMPLETE         ] task=1791 wf=18 vm=188(on-demand) actualCPU=10.7130s cost=$0.009695
[t=    357.1915][TASK-COMPLETE         ] task=1047 wf=10 vm=4(reserved) actualCPU=21.2962s
[t=    357.1915][DISPATCH              ] wf=10 task=1048 planned=vm43 BUSY -> advanced to vm=0
[t=    357.1915][DISPATCH              ] wf=10 task=1048 vm=0
[t=    357.2307][TASK-COMPLETE         ] task=996 wf=10 vm=24(reserved) actualCPU=52.6770s
[t=    357.2307][DISPATCH              ] wf=10 task=997 planned=vm40 BUSY -> advanced to vm=2
[t=    357.2307][DISPATCH              ] wf=10 task=997 vm=2
[t=    357.3777][TASK-COMPLETE         ] task=1790 wf=18 vm=187(on-demand) actualCPU=11.5042s cost=$0.010411
[t=    357.9545][TASK-COMPLETE         ] task=997 wf=10 vm=2(reserved) actualCPU=0.7238s
[t=    358.0015][TASK-COMPLETE         ] task=1788 wf=18 vm=185(on-demand) actualCPU=12.1280s cost=$0.010976
[t=    358.0015][DISPATCH              ] wf=18 task=1821 planned=ON-DEMAND -> vm=79 (on-demand)
[t=    358.0015][DISPATCH              ] wf=18 task=1821 vm=79
[t=    358.1335][TASK-COMPLETE         ] task=1801 wf=18 vm=201(on-demand) actualCPU=12.2600s cost=$0.011095
[t=    358.1335][DISPATCH              ] wf=18 task=1859 planned=ON-DEMAND -> vm=157 (on-demand)
[t=    358.1335][DISPATCH              ] wf=18 task=1859 vm=157
[t=    358.2425][TASK-COMPLETE         ] task=1048 wf=10 vm=0(reserved) actualCPU=1.0510s
[t=    358.7405][TASK-COMPLETE         ] task=1797 wf=18 vm=196(on-demand) actualCPU=12.8670s cost=$0.011645
[t=    358.7405][DISPATCH              ] wf=18 task=1862 planned=ON-DEMAND -> vm=158 (on-demand)
[t=    358.7405][DISPATCH              ] wf=18 task=1862 vm=158
[t=    358.7925][TASK-COMPLETE         ] task=1800 wf=18 vm=200(on-demand) actualCPU=12.9190s cost=$0.011692
[t=    358.7925][DISPATCH              ] wf=18 task=1850 planned=ON-DEMAND -> vm=159 (on-demand)
[t=    358.7925][DISPATCH              ] wf=18 task=1863 planned=ON-DEMAND -> vm=160 (on-demand)
[t=    358.7925][DISPATCH              ] wf=18 task=1850 vm=159
[t=    358.7925][DISPATCH              ] wf=18 task=1863 vm=160
[t=    358.8615][TASK-COMPLETE         ] task=1786 wf=18 vm=183(on-demand) actualCPU=12.9880s cost=$0.011754
[t=    358.8615][DISPATCH              ] wf=18 task=1804 planned=ON-DEMAND -> vm=161 (on-demand)
[t=    358.8615][DISPATCH              ] wf=18 task=1848 planned=vm11 BUSY -> advanced to vm=0
[t=    358.8615][DISPATCH              ] wf=18 task=1804 vm=161
[t=    358.8615][DISPATCH              ] wf=18 task=1848 vm=0
[t=    358.9925][TASK-COMPLETE         ] task=1799 wf=18 vm=198(on-demand) actualCPU=13.1190s cost=$0.011873
[t=    358.9925][DISPATCH              ] wf=18 task=1805 planned=vm29 BUSY -> advanced to vm=2
[t=    358.9925][DISPATCH              ] wf=18 task=1823 planned=ON-DEMAND -> vm=162 (on-demand)
[t=    358.9925][DISPATCH              ] wf=18 task=1855 planned=ON-DEMAND -> vm=163 (on-demand)
[t=    358.9925][DISPATCH              ] wf=18 task=1858 planned=ON-DEMAND -> vm=165 (on-demand)
[t=    358.9925][DISPATCH              ] wf=18 task=1805 vm=2
[t=    358.9925][DISPATCH              ] wf=18 task=1823 vm=162
[t=    358.9925][DISPATCH              ] wf=18 task=1855 vm=163
[t=    358.9925][DISPATCH              ] wf=18 task=1858 vm=165
[t=    359.0345][TASK-COMPLETE         ] task=1787 wf=18 vm=184(on-demand) actualCPU=13.1610s cost=$0.011911
[t=    359.0345][TASK-COMPLETE         ] task=1795 wf=18 vm=193(on-demand) actualCPU=13.1610s cost=$0.011911
[t=    359.0345][DISPATCH              ] wf=18 task=1802 planned=vm7 BUSY -> advanced to vm=3
[t=    359.0345][DISPATCH              ] wf=18 task=1803 planned=vm37 BUSY -> advanced to vm=4
[t=    359.0345][DISPATCH              ] wf=18 task=1806 planned=vm29 BUSY -> advanced to vm=21
[t=    359.0345][DISPATCH              ] wf=18 task=1811 -> vm=36 (planned reserved, was idle)
[t=    359.0345][DISPATCH              ] wf=18 task=1813 planned=ON-DEMAND -> vm=183 (on-demand)
[t=    359.0345][DISPATCH              ] wf=18 task=1814 planned=ON-DEMAND -> vm=184 (on-demand)
[t=    359.0345][DISPATCH              ] wf=18 task=1824 planned=ON-DEMAND -> vm=185 (on-demand)
[t=    359.0345][DISPATCH              ] wf=18 task=1840 planned=vm25 BUSY -> advanced to vm=24
[t=    359.0345][DISPATCH              ] wf=18 task=1854 planned=ON-DEMAND -> vm=187 (on-demand)
[t=    359.0345][DISPATCH              ] wf=18 task=1802 vm=3
[t=    359.0345][DISPATCH              ] wf=18 task=1803 vm=4
[t=    359.0345][DISPATCH              ] wf=18 task=1806 vm=21
[t=    359.0345][DISPATCH              ] wf=18 task=1811 vm=36
[t=    359.0345][DISPATCH              ] wf=18 task=1813 vm=183
[t=    359.0345][DISPATCH              ] wf=18 task=1814 vm=184
[t=    359.0345][DISPATCH              ] wf=18 task=1824 vm=185
[t=    359.0345][DISPATCH              ] wf=18 task=1840 vm=24
[t=    359.0345][DISPATCH              ] wf=18 task=1854 vm=187
[t=    360.2955][TASK-COMPLETE         ] task=1782 wf=17 vm=20(reserved) actualCPU=9.0090s
[t=    360.2955][DISPATCH              ] wf=17 task=1783 planned=vm1 BUSY -> advanced to vm=20
[t=    360.2955][DISPATCH              ] wf=17 task=1783 vm=20
[t=    360.4365][TASK-COMPLETE         ] task=1057 wf=10 vm=82(on-demand) actualCPU=24.5412s cost=$0.022210
[t=    360.4365][DISPATCH              ] wf=10 task=1058 planned=vm48 no-idle-reserved -> on-demand vm=82
[t=    360.4365][DISPATCH              ] wf=10 task=1058 vm=82
[t=    360.5755][TASK-COMPLETE         ] task=1794 wf=18 vm=192(on-demand) actualCPU=14.7020s cost=$0.013305
[t=    360.5755][DISPATCH              ] wf=18 task=1810 planned=vm37 no-idle-reserved -> on-demand vm=188
[t=    360.5755][DISPATCH              ] wf=18 task=1835 planned=vm37 no-idle-reserved -> on-demand vm=192
[t=    360.5755][DISPATCH              ] wf=18 task=1837 planned=vm33 no-idle-reserved -> on-demand vm=193
[t=    360.5755][DISPATCH              ] wf=18 task=1839 planned=vm29 no-idle-reserved -> on-demand vm=196
[t=    360.5755][DISPATCH              ] wf=18 task=1849 planned=ON-DEMAND -> vm=198 (on-demand)
[t=    360.5755][DISPATCH              ] wf=18 task=1861 planned=vm25 no-idle-reserved -> on-demand vm=200
[t=    360.5755][DISPATCH              ] wf=18 task=1810 vm=188
[t=    360.5755][DISPATCH              ] wf=18 task=1835 vm=192
[t=    360.5755][DISPATCH              ] wf=18 task=1837 vm=193
[t=    360.5755][DISPATCH              ] wf=18 task=1839 vm=196
[t=    360.5755][DISPATCH              ] wf=18 task=1849 vm=198
[t=    360.5755][DISPATCH              ] wf=18 task=1861 vm=200
[t=    360.6215][TASK-COMPLETE         ] task=1792 wf=18 vm=189(on-demand) actualCPU=14.7480s cost=$0.013347
[t=    360.6215][DISPATCH              ] wf=18 task=1808 planned=vm37 no-idle-reserved -> on-demand vm=189
[t=    360.6215][DISPATCH              ] wf=18 task=1816 planned=ON-DEMAND -> vm=201 (on-demand)
[t=    360.6215][DISPATCH              ] wf=18 task=1825 planned=ON-DEMAND -> vm=202 (on-demand)
[t=    360.6215][DISPATCH              ] wf=18 task=1826 planned=vm36 no-idle-reserved -> on-demand vm=203
[t=    360.6215][DISPATCH              ] wf=18 task=1827 planned=ON-DEMAND -> vm=204 (on-demand)
[t=    360.6215][DISPATCH              ] wf=18 task=1828 planned=vm12 no-idle-reserved -> on-demand vm=205
[t=    360.6215][DISPATCH              ] wf=18 task=1808 vm=189
[t=    360.6215][DISPATCH              ] wf=18 task=1816 vm=201
[t=    360.6215][DISPATCH              ] wf=18 task=1825 vm=202
[t=    360.6215][DISPATCH              ] wf=18 task=1826 vm=203
[t=    360.6215][DISPATCH              ] wf=18 task=1827 vm=204
[t=    360.6215][DISPATCH              ] wf=18 task=1828 vm=205
[t=    360.9745][TASK-COMPLETE         ] task=1793 wf=18 vm=190(on-demand) actualCPU=15.1010s cost=$0.013666
[t=    360.9745][DISPATCH              ] wf=18 task=1809 planned=vm4 no-idle-reserved -> on-demand vm=190
[t=    360.9745][DISPATCH              ] wf=18 task=1831 planned=ON-DEMAND -> vm=206 (on-demand)
[t=    360.9745][DISPATCH              ] wf=18 task=1832 planned=ON-DEMAND -> vm=207 (on-demand)
[t=    360.9745][DISPATCH              ] wf=18 task=1834 planned=vm1 no-idle-reserved -> on-demand vm=208
[t=    360.9745][DISPATCH              ] wf=18 task=1836 planned=ON-DEMAND -> vm=210 (on-demand)
[t=    360.9745][DISPATCH              ] wf=18 task=1856 planned=vm39 no-idle-reserved -> on-demand vm=211
[t=    360.9745][DISPATCH              ] wf=18 task=1809 vm=190
[t=    360.9745][DISPATCH              ] wf=18 task=1831 vm=206
[t=    360.9745][DISPATCH              ] wf=18 task=1832 vm=207
[t=    360.9745][DISPATCH              ] wf=18 task=1834 vm=208
[t=    360.9745][DISPATCH              ] wf=18 task=1836 vm=210
[t=    360.9745][DISPATCH              ] wf=18 task=1856 vm=211
[t=    361.3025][TASK-COMPLETE         ] task=349 wf=3 vm=139(on-demand) actualCPU=68.6242s cost=$0.062105
[t=    361.3025][DISPATCH              ] wf=3 task=299 planned=vm3 no-idle-reserved -> on-demand vm=139
[t=    361.3025][DISPATCH              ] wf=3 task=350 planned=vm0 no-idle-reserved -> on-demand vm=213
[t=    361.3025][DISPATCH              ] wf=3 task=299 vm=139
[t=    361.3025][DISPATCH              ] wf=3 task=350 vm=213
[t=    361.6045][TASK-COMPLETE         ] task=1798 wf=18 vm=197(on-demand) actualCPU=15.7310s cost=$0.014237
[t=    361.6045][DISPATCH              ] wf=18 task=1812 planned=ON-DEMAND -> vm=197 (on-demand)
[t=    361.6045][DISPATCH              ] wf=18 task=1822 planned=ON-DEMAND -> vm=214 (on-demand)
[t=    361.6045][DISPATCH              ] wf=18 task=1830 planned=vm10 no-idle-reserved -> on-demand vm=215
[t=    361.6045][DISPATCH              ] wf=18 task=1851 planned=vm0 no-idle-reserved -> on-demand vm=216
[t=    361.6045][DISPATCH              ] wf=18 task=1852 planned=vm39 no-idle-reserved -> on-demand vm=217
[t=    361.6045][DISPATCH              ] wf=18 task=1853 planned=vm0 no-idle-reserved -> on-demand vm=218
[t=    361.6045][DISPATCH              ] wf=18 task=1857 planned=vm38 no-idle-reserved -> on-demand vm=219
[t=    361.6045][DISPATCH              ] wf=18 task=1812 vm=197
[t=    361.6045][DISPATCH              ] wf=18 task=1822 vm=214
[t=    361.6045][DISPATCH              ] wf=18 task=1830 vm=215
[t=    361.6045][DISPATCH              ] wf=18 task=1851 vm=216
[t=    361.6045][DISPATCH              ] wf=18 task=1852 vm=217
[t=    361.6045][DISPATCH              ] wf=18 task=1853 vm=218
[t=    361.6045][DISPATCH              ] wf=18 task=1857 vm=219
[t=    361.6625][TASK-COMPLETE         ] task=1058 wf=10 vm=82(on-demand) actualCPU=1.2260s cost=$0.001110
[t=    362.0925][TASK-COMPLETE         ] task=299 wf=3 vm=139(on-demand) actualCPU=0.7900s cost=$0.000715
[t=    362.2995][TASK-COMPLETE         ] task=350 wf=3 vm=213(on-demand) actualCPU=0.9970s cost=$0.000902
[t=    362.2995][DISPATCH              ] wf=3 task=298 planned=vm2 no-idle-reserved -> on-demand vm=82
[t=    362.2995][DISPATCH              ] wf=3 task=298 vm=82
[t=    362.5815][TASK-COMPLETE         ] task=1789 wf=18 vm=186(on-demand) actualCPU=16.7080s cost=$0.015121
[t=    362.5815][DISPATCH              ] wf=18 task=1807 planned=vm36 no-idle-reserved -> on-demand vm=139
[t=    362.5815][DISPATCH              ] wf=18 task=1815 planned=vm4 no-idle-reserved -> on-demand vm=186
[t=    362.5815][DISPATCH              ] wf=18 task=1817 planned=ON-DEMAND -> vm=213 (on-demand)
[t=    362.5815][DISPATCH              ] wf=18 task=1818 planned=vm37 no-idle-reserved -> on-demand vm=220
[t=    362.5815][DISPATCH              ] wf=18 task=1819 planned=ON-DEMAND -> vm=221 (on-demand)
[t=    362.5815][DISPATCH              ] wf=18 task=1820 planned=ON-DEMAND -> vm=222 (on-demand)
[t=    362.5815][DISPATCH              ] wf=18 task=1833 planned=ON-DEMAND -> vm=223 (on-demand)
[t=    362.5815][DISPATCH              ] wf=18 task=1860 planned=ON-DEMAND -> vm=224 (on-demand)
[t=    362.5815][DISPATCH              ] wf=18 task=1807 vm=139
[t=    362.5815][DISPATCH              ] wf=18 task=1815 vm=186
[t=    362.5815][DISPATCH              ] wf=18 task=1817 vm=213
[t=    362.5815][DISPATCH              ] wf=18 task=1818 vm=220
[t=    362.5815][DISPATCH              ] wf=18 task=1819 vm=221
[t=    362.5815][DISPATCH              ] wf=18 task=1820 vm=222
[t=    362.5815][DISPATCH              ] wf=18 task=1833 vm=223
[t=    362.5815][DISPATCH              ] wf=18 task=1860 vm=224
[t=    362.6915][TASK-COMPLETE         ] task=298 wf=3 vm=82(on-demand) actualCPU=0.3920s cost=$0.000355
[t=    362.6915][WF-COMPLETE           ] wf=3 completionTime=362.6915 deadline=595.3351 -> MET
[t=    363.4985][TASK-COMPLETE         ] task=1796 wf=18 vm=195(on-demand) actualCPU=17.6250s cost=$0.015951
[t=    363.4985][DISPATCH              ] wf=18 task=1829 planned=ON-DEMAND -> vm=82 (on-demand)
[t=    363.4985][DISPATCH              ] wf=18 task=1838 planned=ON-DEMAND -> vm=195 (on-demand)
[t=    363.4985][DISPATCH              ] wf=18 task=1841 planned=ON-DEMAND -> vm=225 (on-demand)
[t=    363.4985][DISPATCH              ] wf=18 task=1842 planned=vm33 no-idle-reserved -> on-demand vm=226
[t=    363.4985][DISPATCH              ] wf=18 task=1843 planned=ON-DEMAND -> vm=227 (on-demand)
[t=    363.4985][DISPATCH              ] wf=18 task=1844 planned=vm3 no-idle-reserved -> on-demand vm=228
[t=    363.4985][DISPATCH              ] wf=18 task=1845 planned=vm0 no-idle-reserved -> on-demand vm=229
[t=    363.4985][DISPATCH              ] wf=18 task=1846 planned=vm37 no-idle-reserved -> on-demand vm=230
[t=    363.4985][DISPATCH              ] wf=18 task=1847 planned=ON-DEMAND -> vm=231 (on-demand)
[t=    363.4985][DISPATCH              ] wf=18 task=1829 vm=82
[t=    363.4985][DISPATCH              ] wf=18 task=1838 vm=195
[t=    363.4985][DISPATCH              ] wf=18 task=1841 vm=225
[t=    363.4985][DISPATCH              ] wf=18 task=1842 vm=226
[t=    363.4985][DISPATCH              ] wf=18 task=1843 vm=227
[t=    363.4985][DISPATCH              ] wf=18 task=1844 vm=228
[t=    363.4985][DISPATCH              ] wf=18 task=1845 vm=229
[t=    363.4985][DISPATCH              ] wf=18 task=1846 vm=230
[t=    363.4985][DISPATCH              ] wf=18 task=1847 vm=231
[t=    363.5487][TASK-COMPLETE         ] task=994 wf=10 vm=5(reserved) actualCPU=58.9950s
[t=    363.5487][DISPATCH              ] wf=10 task=995 planned=vm33 BUSY -> advanced to vm=5
[t=    363.5487][DISPATCH              ] wf=10 task=995 vm=5
[t=    364.1525][TASK-COMPLETE         ] task=995 wf=10 vm=5(reserved) actualCPU=0.6038s
[t=    364.7135][TASK-COMPLETE         ] task=1207 wf=12 vm=38(reserved) actualCPU=41.7762s
[t=    364.7135][DISPATCH              ] wf=12 task=1208 planned=vm19 BUSY -> advanced to vm=5
[t=    364.7135][DISPATCH              ] wf=12 task=1208 vm=5
[t=    366.0545][TASK-COMPLETE         ] task=1208 wf=12 vm=5(reserved) actualCPU=1.3410s
[t=    367.2245][TASK-COMPLETE         ] task=1209 wf=12 vm=116(on-demand) actualCPU=44.2872s cost=$0.040080
[t=    367.2245][DISPATCH              ] wf=12 task=1210 planned=vm19 BUSY -> advanced to vm=5
[t=    367.2245][DISPATCH              ] wf=12 task=1210 vm=5
[t=    367.7465][TASK-COMPLETE         ] task=1802 wf=18 vm=3(reserved) actualCPU=8.7120s
[t=    368.2475][TASK-COMPLETE         ] task=1848 wf=18 vm=0(reserved) actualCPU=9.3860s
[t=    368.2625][TASK-COMPLETE         ] task=1805 wf=18 vm=2(reserved) actualCPU=9.2700s
[t=    368.4725][TASK-COMPLETE         ] task=1210 wf=12 vm=5(reserved) actualCPU=1.2480s
[t=    368.6505][TASK-COMPLETE         ] task=1783 wf=17 vm=20(reserved) actualCPU=8.3550s
[t=    368.6505][DISPATCH              ] wf=17 task=1784 planned=vm29 BUSY -> advanced to vm=0
[t=    368.6505][DISPATCH              ] wf=17 task=1784 vm=0
[t=    368.7545][TASK-COMPLETE         ] task=1859 wf=18 vm=157(on-demand) actualCPU=10.6210s cost=$0.009612
[t=    368.8675][TASK-COMPLETE         ] task=1840 wf=18 vm=24(reserved) actualCPU=9.8330s
[t=    368.9285][TASK-COMPLETE         ] task=1821 wf=18 vm=79(on-demand) actualCPU=10.9270s cost=$0.009889
[t=    369.2045][TASK-COMPLETE         ] task=1803 wf=18 vm=4(reserved) actualCPU=10.1700s
[t=    369.2605][TASK-COMPLETE         ] task=1811 wf=18 vm=36(reserved) actualCPU=10.2260s
[t=    369.5045][TASK-COMPLETE         ] task=1806 wf=18 vm=21(reserved) actualCPU=10.4700s
[t=    369.5965][TASK-COMPLETE         ] task=1828 wf=18 vm=205(on-demand) actualCPU=8.9750s cost=$0.008122
[t=    369.6345][TASK-COMPLETE         ] task=1861 wf=18 vm=200(on-demand) actualCPU=9.0590s cost=$0.008198
[t=    369.7795][TASK-COMPLETE         ] task=1814 wf=18 vm=184(on-demand) actualCPU=10.7450s cost=$0.009724
[t=    370.0565][TASK-COMPLETE         ] task=1862 wf=18 vm=158(on-demand) actualCPU=11.3160s cost=$0.010241
[t=    370.1845][TASK-COMPLETE         ] task=1855 wf=18 vm=163(on-demand) actualCPU=11.1920s cost=$0.010129
[t=    370.2285][TASK-COMPLETE         ] task=1850 wf=18 vm=159(on-demand) actualCPU=11.4360s cost=$0.010350
[t=    370.3065][TASK-COMPLETE         ] task=1826 wf=18 vm=203(on-demand) actualCPU=9.6850s cost=$0.008765
[t=    370.3525][TASK-COMPLETE         ] task=1854 wf=18 vm=187(on-demand) actualCPU=11.3180s cost=$0.010243
[t=    370.3695][TASK-COMPLETE         ] task=1837 wf=18 vm=193(on-demand) actualCPU=9.7940s cost=$0.008864
[t=    370.5455][TASK-COMPLETE         ] task=1858 wf=18 vm=165(on-demand) actualCPU=11.5530s cost=$0.010455
[t=    370.6685][TASK-COMPLETE         ] task=1834 wf=18 vm=208(on-demand) actualCPU=9.6940s cost=$0.008773
[t=    370.6965][TASK-COMPLETE         ] task=1809 wf=18 vm=190(on-demand) actualCPU=9.7220s cost=$0.008798
[t=    370.6965][TASK-COMPLETE         ] task=1835 wf=18 vm=192(on-demand) actualCPU=10.1210s cost=$0.009160
[t=    370.7235][TASK-COMPLETE         ] task=1804 wf=18 vm=161(on-demand) actualCPU=11.8620s cost=$0.010735
[t=    370.8665][TASK-COMPLETE         ] task=1823 wf=18 vm=162(on-demand) actualCPU=11.8740s cost=$0.010746
[t=    370.9155][TASK-COMPLETE         ] task=1810 wf=18 vm=188(on-demand) actualCPU=10.3400s cost=$0.009358
[t=    370.9155][TASK-COMPLETE         ] task=1839 wf=18 vm=196(on-demand) actualCPU=10.3400s cost=$0.009358
[t=    370.9765][TASK-COMPLETE         ] task=1808 wf=18 vm=189(on-demand) actualCPU=10.3550s cost=$0.009371
[t=    370.9895][TASK-COMPLETE         ] task=1856 wf=18 vm=211(on-demand) actualCPU=10.0150s cost=$0.009064
[t=    371.0445][TASK-COMPLETE         ] task=1824 wf=18 vm=185(on-demand) actualCPU=12.0100s cost=$0.010869
[t=    371.1945][TASK-COMPLETE         ] task=1852 wf=18 vm=217(on-demand) actualCPU=9.5900s cost=$0.008679
[t=    371.2645][TASK-COMPLETE         ] task=1827 wf=18 vm=204(on-demand) actualCPU=10.6430s cost=$0.009632
[t=    371.3745][TASK-COMPLETE         ] task=1849 wf=18 vm=198(on-demand) actualCPU=10.7990s cost=$0.009773
[t=    371.4845][TASK-COMPLETE         ] task=1813 wf=18 vm=183(on-demand) actualCPU=12.4500s cost=$0.011267
[t=    371.5225][TASK-COMPLETE         ] task=1832 wf=18 vm=207(on-demand) actualCPU=10.5480s cost=$0.009546
[t=    371.5225][TASK-COMPLETE         ] task=1836 wf=18 vm=210(on-demand) actualCPU=10.5480s cost=$0.009546
[t=    371.5755][TASK-COMPLETE         ] task=1863 wf=18 vm=160(on-demand) actualCPU=12.7830s cost=$0.011569
[t=    371.6855][TASK-COMPLETE         ] task=1853 wf=18 vm=218(on-demand) actualCPU=10.0810s cost=$0.009123
[t=    371.7825][TASK-COMPLETE         ] task=1851 wf=18 vm=216(on-demand) actualCPU=10.1780s cost=$0.009211
[t=    372.0045][TASK-COMPLETE         ] task=1830 wf=18 vm=215(on-demand) actualCPU=10.4000s cost=$0.009412
[t=    372.0305][TASK-COMPLETE         ] task=1831 wf=18 vm=206(on-demand) actualCPU=11.0560s cost=$0.010006
[t=    372.0705][TASK-COMPLETE         ] task=1857 wf=18 vm=219(on-demand) actualCPU=10.4660s cost=$0.009472
[t=    372.1575][TASK-COMPLETE         ] task=1825 wf=18 vm=202(on-demand) actualCPU=11.5360s cost=$0.010440
[t=    372.2435][TASK-COMPLETE         ] task=1842 wf=18 vm=226(on-demand) actualCPU=8.7450s cost=$0.007914
[t=    372.4095][TASK-COMPLETE         ] task=1816 wf=18 vm=201(on-demand) actualCPU=11.7880s cost=$0.010668
[t=    372.5095][TASK-COMPLETE         ] task=1818 wf=18 vm=220(on-demand) actualCPU=9.9280s cost=$0.008985
[t=    372.6885][TASK-COMPLETE         ] task=1807 wf=18 vm=139(on-demand) actualCPU=10.1070s cost=$0.009147
[t=    372.8595][TASK-COMPLETE         ] task=1846 wf=18 vm=230(on-demand) actualCPU=9.3610s cost=$0.008472
[t=    372.9925][TASK-COMPLETE         ] task=1815 wf=18 vm=186(on-demand) actualCPU=10.4110s cost=$0.009422
[t=    373.0275][TASK-COMPLETE         ] task=1844 wf=18 vm=228(on-demand) actualCPU=9.5290s cost=$0.008624
[t=    373.1008][TASK-COMPLETE         ] task=720 wf=7 vm=51(on-demand) actualCPU=213.2330s cost=$0.192976
[t=    373.1375][TASK-COMPLETE         ] task=1845 wf=18 vm=229(on-demand) actualCPU=9.6390s cost=$0.008723
[t=    373.1815][TASK-COMPLETE         ] task=1833 wf=18 vm=223(on-demand) actualCPU=10.6000s cost=$0.009593
[t=    373.2637][TASK-COMPLETE         ] task=1059 wf=10 vm=129(on-demand) actualCPU=204.4180s cost=$0.184998
[t=    373.2637][TASK-COMPLETE         ] task=1817 wf=18 vm=213(on-demand) actualCPU=10.6822s cost=$0.009667
[t=    373.2637][DISPATCH              ] wf=10 task=1060 planned=vm40 BUSY -> advanced to vm=2
[t=    373.2637][DISPATCH              ] wf=10 task=1062 -> vm=4 (planned reserved, was idle)
[t=    373.2637][DISPATCH              ] wf=10 task=1064 planned=vm43 BUSY -> advanced to vm=3
[t=    373.2637][DISPATCH              ] wf=10 task=1066 planned=vm48 BUSY -> advanced to vm=5
[t=    373.2637][DISPATCH              ] wf=10 task=1068 planned=vm27 BUSY -> advanced to vm=20
[t=    373.2637][DISPATCH              ] wf=10 task=1070 planned=vm35 BUSY -> advanced to vm=21
[t=    373.2637][DISPATCH              ] wf=10 task=1072 -> vm=24 (planned reserved, was idle)
[t=    373.2637][DISPATCH              ] wf=10 task=1060 vm=2
[t=    373.2637][DISPATCH              ] wf=10 task=1062 vm=4
[t=    373.2637][DISPATCH              ] wf=10 task=1064 vm=3
[t=    373.2637][DISPATCH              ] wf=10 task=1066 vm=5
[t=    373.2637][DISPATCH              ] wf=10 task=1068 vm=20
[t=    373.2637][DISPATCH              ] wf=10 task=1070 vm=21
[t=    373.2637][DISPATCH              ] wf=10 task=1072 vm=24
[t=    373.3195][TASK-COMPLETE         ] task=1819 wf=18 vm=221(on-demand) actualCPU=10.7380s cost=$0.009718
[t=    373.5427][TASK-COMPLETE         ] task=1812 wf=18 vm=197(on-demand) actualCPU=11.9382s cost=$0.010804
[t=    373.7067][TASK-COMPLETE         ] task=1860 wf=18 vm=224(on-demand) actualCPU=11.1252s cost=$0.010068
[t=    374.0417][TASK-COMPLETE         ] task=1822 wf=18 vm=214(on-demand) actualCPU=12.4372s cost=$0.011256
[t=    374.3497][TASK-COMPLETE         ] task=1841 wf=18 vm=225(on-demand) actualCPU=10.8512s cost=$0.009820
[t=    374.6327][TASK-COMPLETE         ] task=1829 wf=18 vm=82(on-demand) actualCPU=11.1342s cost=$0.010076
[t=    374.7375][TASK-COMPLETE         ] task=1820 wf=18 vm=222(on-demand) actualCPU=12.1560s cost=$0.011001
[t=    374.8475][TASK-COMPLETE         ] task=1847 wf=18 vm=231(on-demand) actualCPU=11.3490s cost=$0.010271
[t=    374.8925][TASK-COMPLETE         ] task=1838 wf=18 vm=195(on-demand) actualCPU=11.3940s cost=$0.010312
[t=    375.2475][TASK-COMPLETE         ] task=1843 wf=18 vm=227(on-demand) actualCPU=11.7490s cost=$0.010633
[t=    375.2475][DISPATCH              ] wf=18 task=1864 planned=vm33 BUSY -> advanced to vm=36
[t=    375.2475][DISPATCH              ] wf=18 task=1864 vm=36
[t=    376.4265][TASK-COMPLETE         ] task=1784 wf=17 vm=0(reserved) actualCPU=7.7760s
[t=    376.4265][DISPATCH              ] wf=17 task=1785 planned=vm12 BUSY -> advanced to vm=0
[t=    376.4265][DISPATCH              ] wf=17 task=1785 vm=0
[t=    376.4443][TASK-COMPLETE         ] task=1259 wf=12 vm=154(on-demand) actualCPU=179.6420s cost=$0.162576
[t=    376.4443][DISPATCH              ] wf=12 task=1260 planned=vm7 BUSY -> advanced to vm=38
[t=    376.4443][DISPATCH              ] wf=12 task=1262 planned=vm42 no-idle-reserved -> on-demand vm=51
[t=    376.4443][DISPATCH              ] wf=12 task=1264 planned=vm39 no-idle-reserved -> on-demand vm=79
[t=    376.4443][DISPATCH              ] wf=12 task=1266 planned=vm24 no-idle-reserved -> on-demand vm=82
[t=    376.4443][DISPATCH              ] wf=12 task=1268 planned=vm11 no-idle-reserved -> on-demand vm=116
[t=    376.4443][DISPATCH              ] wf=12 task=1270 planned=vm6 no-idle-reserved -> on-demand vm=129
[t=    376.4443][DISPATCH              ] wf=12 task=1272 planned=vm23 no-idle-reserved -> on-demand vm=139
[t=    376.4443][DISPATCH              ] wf=12 task=1260 vm=38
[t=    376.4443][DISPATCH              ] wf=12 task=1262 vm=51
[t=    376.4443][DISPATCH              ] wf=12 task=1264 vm=79
[t=    376.4443][DISPATCH              ] wf=12 task=1266 vm=82
[t=    376.4443][DISPATCH              ] wf=12 task=1268 vm=116
[t=    376.4443][DISPATCH              ] wf=12 task=1270 vm=129
[t=    376.4443][DISPATCH              ] wf=12 task=1272 vm=139
[t=    377.1863][TASK-COMPLETE         ] task=1785 wf=17 vm=0(reserved) actualCPU=0.7598s
[t=    377.1863][WF-COMPLETE           ] wf=17 completionTime=377.1863 deadline=441.4418 -> MET
[t=    377.3073][TASK-COMPLETE         ] task=1049 wf=10 vm=10(reserved) actualCPU=41.4120s
[t=    377.3073][DISPATCH              ] wf=10 task=1050 planned=vm24 BUSY -> advanced to vm=0
[t=    377.3073][DISPATCH              ] wf=10 task=1050 vm=0
[t=    377.8943][TASK-COMPLETE         ] task=1075 wf=10 vm=27(reserved) actualCPU=49.3695s
[t=    377.8943][DISPATCH              ] wf=10 task=1076 planned=vm14 BUSY -> advanced to vm=10
[t=    377.8943][DISPATCH              ] wf=10 task=1076 vm=10
[t=    378.6653][TASK-COMPLETE         ] task=1050 wf=10 vm=0(reserved) actualCPU=1.3580s
[t=    378.7348][TASK-COMPLETE         ] task=1083 wf=10 vm=115(on-demand) actualCPU=50.2100s cost=$0.045440
[t=    378.7348][DISPATCH              ] wf=10 task=1084 planned=vm9 BUSY -> advanced to vm=0
[t=    378.7348][DISPATCH              ] wf=10 task=1084 vm=0
[t=    379.1958][TASK-COMPLETE         ] task=1076 wf=10 vm=10(reserved) actualCPU=1.3015s
[t=    379.3918][TASK-COMPLETE         ] task=1084 wf=10 vm=0(reserved) actualCPU=0.6570s
[t=    379.4848][TASK-COMPLETE         ] task=1085 wf=10 vm=124(on-demand) actualCPU=50.9600s cost=$0.046119
[t=    379.4848][DISPATCH              ] wf=10 task=1086 planned=vm1 BUSY -> advanced to vm=0
[t=    379.4848][DISPATCH              ] wf=10 task=1086 vm=0
[t=    380.4398][TASK-COMPLETE         ] task=1864 wf=18 vm=36(reserved) actualCPU=5.1923s
[t=    380.4398][DISPATCH              ] wf=18 task=1865 planned=vm25 BUSY -> advanced to vm=36
[t=    380.4398][DISPATCH              ] wf=18 task=1865 vm=36
[t=    380.5448][TASK-COMPLETE         ] task=1086 wf=10 vm=0(reserved) actualCPU=1.0600s
[t=    382.2088][TASK-COMPLETE         ] task=820 wf=8 vm=91(on-demand) actualCPU=216.2444s cost=$0.195701
[t=    382.3578][TASK-COMPLETE         ] task=1246 wf=12 vm=153(on-demand) actualCPU=185.5555s cost=$0.167928
[t=    382.3578][DISPATCH              ] wf=12 task=1247 planned=vm12 BUSY -> advanced to vm=0
[t=    382.3578][DISPATCH              ] wf=12 task=1249 planned=vm19 BUSY -> advanced to vm=10
[t=    382.3578][DISPATCH              ] wf=12 task=1251 planned=vm17 BUSY -> advanced to vm=27
[t=    382.3578][DISPATCH              ] wf=12 task=1253 planned=vm16 no-idle-reserved -> on-demand vm=91
[t=    382.3578][DISPATCH              ] wf=12 task=1255 planned=vm2 no-idle-reserved -> on-demand vm=115
[t=    382.3578][DISPATCH              ] wf=12 task=1257 planned=vm28 no-idle-reserved -> on-demand vm=124
[t=    382.3578][DISPATCH              ] wf=12 task=1247 vm=0
[t=    382.3578][DISPATCH              ] wf=12 task=1249 vm=10
[t=    382.3578][DISPATCH              ] wf=12 task=1251 vm=27
[t=    382.3578][DISPATCH              ] wf=12 task=1253 vm=91
[t=    382.3578][DISPATCH              ] wf=12 task=1255 vm=115
[t=    382.3578][DISPATCH              ] wf=12 task=1257 vm=124
[t=    383.2738][TASK-COMPLETE         ] task=1055 wf=10 vm=34(reserved) actualCPU=47.3785s
[t=    383.2738][DISPATCH              ] wf=10 task=1056 planned=vm3 BUSY -> advanced to vm=34
[t=    383.2738][DISPATCH              ] wf=10 task=1056 vm=34
[t=    384.1168][TASK-COMPLETE         ] task=1087 wf=10 vm=130(on-demand) actualCPU=55.5920s cost=$0.050311
[t=    384.1168][DISPATCH              ] wf=10 task=1088 planned=vm41 no-idle-reserved -> on-demand vm=130
[t=    384.1168][DISPATCH              ] wf=10 task=1088 vm=130
[t=    384.3418][TASK-COMPLETE         ] task=1056 wf=10 vm=34(reserved) actualCPU=1.0680s
[t=    384.6608][TASK-COMPLETE         ] task=1077 wf=10 vm=37(reserved) actualCPU=56.1360s
[t=    384.6608][DISPATCH              ] wf=10 task=1078 planned=vm2 BUSY -> advanced to vm=34
[t=    384.6608][DISPATCH              ] wf=10 task=1078 vm=34
[t=    385.1248][TASK-COMPLETE         ] task=1088 wf=10 vm=130(on-demand) actualCPU=1.0080s cost=$0.000912
[t=    385.9048][TASK-COMPLETE         ] task=1078 wf=10 vm=34(reserved) actualCPU=1.2440s
[t=    386.2328][TASK-COMPLETE         ] task=1865 wf=18 vm=36(reserved) actualCPU=5.7930s
[t=    386.2328][DISPATCH              ] wf=18 task=1866 planned=vm42 BUSY -> advanced to vm=34
[t=    386.2328][DISPATCH              ] wf=18 task=1867 planned=vm21 BUSY -> advanced to vm=36
[t=    386.2328][DISPATCH              ] wf=18 task=1868 planned=vm12 BUSY -> advanced to vm=37
[t=    386.2328][DISPATCH              ] wf=18 task=1869 planned=vm0 no-idle-reserved -> on-demand vm=130
[t=    386.2328][DISPATCH              ] wf=18 task=1870 planned=vm21 no-idle-reserved -> on-demand vm=153
[t=    386.2328][DISPATCH              ] wf=18 task=1871 planned=vm11 no-idle-reserved -> on-demand vm=154
[t=    386.2328][DISPATCH              ] wf=18 task=1872 planned=vm49 no-idle-reserved -> on-demand vm=157
[t=    386.2328][DISPATCH              ] wf=18 task=1873 planned=vm12 no-idle-reserved -> on-demand vm=158
[t=    386.2328][DISPATCH              ] wf=18 task=1874 planned=vm7 no-idle-reserved -> on-demand vm=159
[t=    386.2328][DISPATCH              ] wf=18 task=1875 planned=vm36 no-idle-reserved -> on-demand vm=160
[t=    386.2328][DISPATCH              ] wf=18 task=1876 planned=vm3 no-idle-reserved -> on-demand vm=161
[t=    386.2328][DISPATCH              ] wf=18 task=1877 planned=vm44 no-idle-reserved -> on-demand vm=162
[t=    386.2328][DISPATCH              ] wf=18 task=1878 planned=vm47 no-idle-reserved -> on-demand vm=163
[t=    386.2328][DISPATCH              ] wf=18 task=1879 planned=vm25 no-idle-reserved -> on-demand vm=165
[t=    386.2328][DISPATCH              ] wf=18 task=1880 planned=vm33 no-idle-reserved -> on-demand vm=183
[t=    386.2328][DISPATCH              ] wf=18 task=1881 planned=vm7 no-idle-reserved -> on-demand vm=184
[t=    386.2328][DISPATCH              ] wf=18 task=1866 vm=34
[t=    386.2328][DISPATCH              ] wf=18 task=1867 vm=36
[t=    386.2328][DISPATCH              ] wf=18 task=1868 vm=37
[t=    386.2328][DISPATCH              ] wf=18 task=1869 vm=130
[t=    386.2328][DISPATCH              ] wf=18 task=1870 vm=153
[t=    386.2328][DISPATCH              ] wf=18 task=1871 vm=154
[t=    386.2328][DISPATCH              ] wf=18 task=1872 vm=157
[t=    386.2328][DISPATCH              ] wf=18 task=1873 vm=158
[t=    386.2328][DISPATCH              ] wf=18 task=1874 vm=159
[t=    386.2328][DISPATCH              ] wf=18 task=1875 vm=160
[t=    386.2328][DISPATCH              ] wf=18 task=1876 vm=161
[t=    386.2328][DISPATCH              ] wf=18 task=1877 vm=162
[t=    386.2328][DISPATCH              ] wf=18 task=1878 vm=163
[t=    386.2328][DISPATCH              ] wf=18 task=1879 vm=165
[t=    386.2328][DISPATCH              ] wf=18 task=1880 vm=183
[t=    386.2328][DISPATCH              ] wf=18 task=1881 vm=184
[t=    388.4658][TASK-COMPLETE         ] task=1053 wf=10 vm=23(reserved) actualCPU=52.5705s
[t=    388.4658][DISPATCH              ] wf=10 task=1054 planned=vm11 BUSY -> advanced to vm=23
[t=    388.4658][DISPATCH              ] wf=10 task=1054 vm=23
[t=    389.8168][TASK-COMPLETE         ] task=1054 wf=10 vm=23(reserved) actualCPU=1.3510s
[t=    390.0228][TASK-COMPLETE         ] task=1051 wf=10 vm=18(reserved) actualCPU=54.1275s
[t=    390.0228][DISPATCH              ] wf=10 task=1052 planned=vm45 BUSY -> advanced to vm=18
[t=    390.0228][DISPATCH              ] wf=10 task=1052 vm=18
[t=    391.3598][TASK-COMPLETE         ] task=1052 wf=10 vm=18(reserved) actualCPU=1.3370s
[t=    391.5908][TASK-COMPLETE         ] task=1196 wf=12 vm=69(on-demand) actualCPU=41.9205s cost=$0.037938
[t=    391.5908][DISPATCH              ] wf=12 task=1197 planned=vm19 BUSY -> advanced to vm=18
[t=    391.5908][DISPATCH              ] wf=12 task=1197 vm=18
[t=    391.7988][TASK-COMPLETE         ] task=1033 wf=10 vm=127(on-demand) actualCPU=222.9531s cost=$0.201773
[t=    391.7988][DISPATCH              ] wf=10 task=1034 planned=vm5 BUSY -> advanced to vm=23
[t=    391.7988][DISPATCH              ] wf=10 task=1036 planned=vm29 no-idle-reserved -> on-demand vm=69
[t=    391.7988][DISPATCH              ] wf=10 task=1038 planned=vm37 no-idle-reserved -> on-demand vm=127
[t=    391.7988][DISPATCH              ] wf=10 task=1040 planned=vm34 no-idle-reserved -> on-demand vm=185
[t=    391.7988][DISPATCH              ] wf=10 task=1042 planned=vm1 no-idle-reserved -> on-demand vm=186
[t=    391.7988][DISPATCH              ] wf=10 task=1044 planned=vm32 no-idle-reserved -> on-demand vm=187
[t=    391.7988][DISPATCH              ] wf=10 task=1034 vm=23
[t=    391.7988][DISPATCH              ] wf=10 task=1036 vm=69
[t=    391.7988][DISPATCH              ] wf=10 task=1038 vm=127
[t=    391.7988][DISPATCH              ] wf=10 task=1040 vm=185
[t=    391.7988][DISPATCH              ] wf=10 task=1042 vm=186
[t=    391.7988][DISPATCH              ] wf=10 task=1044 vm=187
[t=    392.2538][TASK-COMPLETE         ] task=1197 wf=12 vm=18(reserved) actualCPU=0.6630s
[t=    392.3018][TASK-COMPLETE         ] task=1081 wf=10 vm=109(on-demand) actualCPU=63.7770s cost=$0.057718
[t=    392.3018][DISPATCH              ] wf=10 task=1082 planned=vm29 BUSY -> advanced to vm=18
[t=    392.3018][DISPATCH              ] wf=10 task=1082 vm=18
[t=    392.8958][TASK-COMPLETE         ] task=1082 wf=10 vm=18(reserved) actualCPU=0.5940s
[t=    395.5928][TASK-COMPLETE         ] task=1870 wf=18 vm=153(on-demand) actualCPU=9.3600s cost=$0.008471
[t=    395.7028][TASK-COMPLETE         ] task=1874 wf=18 vm=159(on-demand) actualCPU=9.4700s cost=$0.008570
[t=    395.9898][TASK-COMPLETE         ] task=1868 wf=18 vm=37(reserved) actualCPU=9.7570s
[t=    396.1628][TASK-COMPLETE         ] task=1879 wf=18 vm=165(on-demand) actualCPU=9.9300s cost=$0.008987
[t=    396.5338][TASK-COMPLETE         ] task=1872 wf=18 vm=157(on-demand) actualCPU=10.3010s cost=$0.009322
[t=    396.6328][TASK-COMPLETE         ] task=1871 wf=18 vm=154(on-demand) actualCPU=10.4000s cost=$0.009412
[t=    396.7428][TASK-COMPLETE         ] task=1876 wf=18 vm=161(on-demand) actualCPU=10.5100s cost=$0.009512
[t=    396.8818][TASK-COMPLETE         ] task=1878 wf=18 vm=163(on-demand) actualCPU=10.6490s cost=$0.009637
[t=    396.9758][TASK-COMPLETE         ] task=1866 wf=18 vm=34(reserved) actualCPU=10.7430s
[t=    397.0048][TASK-COMPLETE         ] task=1877 wf=18 vm=162(on-demand) actualCPU=10.7720s cost=$0.009749
[t=    397.0288][TASK-COMPLETE         ] task=1869 wf=18 vm=130(on-demand) actualCPU=10.7960s cost=$0.009770
[t=    397.0858][TASK-COMPLETE         ] task=723 wf=7 vm=54(on-demand) actualCPU=240.1016s cost=$0.217292
[t=    397.1388][TASK-COMPLETE         ] task=1880 wf=18 vm=183(on-demand) actualCPU=10.9060s cost=$0.009870
[t=    397.2578][TASK-COMPLETE         ] task=1875 wf=18 vm=160(on-demand) actualCPU=11.0250s cost=$0.009978
[t=    397.5398][TASK-COMPLETE         ] task=1867 wf=18 vm=36(reserved) actualCPU=11.3070s
[t=    398.2568][TASK-COMPLETE         ] task=1881 wf=18 vm=184(on-demand) actualCPU=12.0240s cost=$0.010882
[t=    398.4788][TASK-COMPLETE         ] task=1873 wf=18 vm=158(on-demand) actualCPU=12.2460s cost=$0.011083
[t=    398.4788][DISPATCH              ] wf=18 task=1882 planned=vm12 BUSY -> advanced to vm=18
[t=    398.4788][DISPATCH              ] wf=18 task=1882 vm=18
[t=    400.7118][TASK-COMPLETE         ] task=528 wf=5 vm=15(reserved) actualCPU=294.6686s
[t=    402.1238][TASK-COMPLETE         ] task=1079 wf=10 vm=94(on-demand) actualCPU=73.5990s cost=$0.066607
[t=    402.1238][DISPATCH              ] wf=10 task=1080 planned=vm42 BUSY -> advanced to vm=15
[t=    402.1238][DISPATCH              ] wf=10 task=1080 vm=15
[t=    403.1598][TASK-COMPLETE         ] task=1080 wf=10 vm=15(reserved) actualCPU=1.0360s
[t=    404.0988][TASK-COMPLETE         ] task=1060 wf=10 vm=2(reserved) actualCPU=30.8351s
[t=    404.0988][DISPATCH              ] wf=10 task=1061 planned=vm47 BUSY -> advanced to vm=2
[t=    404.0988][DISPATCH              ] wf=10 task=1061 vm=2
[t=    405.0758][TASK-COMPLETE         ] task=823 wf=8 vm=100(on-demand) actualCPU=239.4684s cost=$0.216719
[t=    405.3038][TASK-COMPLETE         ] task=1061 wf=10 vm=2(reserved) actualCPU=1.2050s
[t=    405.3998][TASK-COMPLETE         ] task=1257 wf=12 vm=124(on-demand) actualCPU=23.0420s cost=$0.020853
[t=    405.3998][DISPATCH              ] wf=12 task=1258 planned=vm28 BUSY -> advanced to vm=36
[t=    405.3998][DISPATCH              ] wf=12 task=1258 vm=36
[t=    405.5998][TASK-COMPLETE         ] task=1283 wf=12 vm=152(on-demand) actualCPU=53.5993s cost=$0.048507
[t=    405.5998][DISPATCH              ] wf=12 task=1284 planned=vm19 BUSY -> advanced to vm=2
[t=    405.5998][DISPATCH              ] wf=12 task=1284 vm=2
[t=    406.0418][TASK-COMPLETE         ] task=1882 wf=18 vm=18(reserved) actualCPU=7.5630s
[t=    406.0418][DISPATCH              ] wf=18 task=1883 planned=vm33 BUSY -> advanced to vm=15
[t=    406.0418][DISPATCH              ] wf=18 task=1883 vm=15
[t=    406.3008][TASK-COMPLETE         ] task=1284 wf=12 vm=2(reserved) actualCPU=0.7010s
[t=    406.3355][TASK-COMPLETE         ] task=1281 wf=12 vm=148(on-demand) actualCPU=54.3350s cost=$0.049173
[t=    406.3355][DISPATCH              ] wf=12 task=1282 planned=vm28 BUSY -> advanced to vm=2
[t=    406.3355][DISPATCH              ] wf=12 task=1282 vm=2
[t=    406.4088][TASK-COMPLETE         ] task=1258 wf=12 vm=36(reserved) actualCPU=1.0090s
[t=    406.4455][TASK-COMPLETE         ] task=1192 wf=12 vm=6(reserved) actualCPU=56.7752s
[t=    406.4455][DISPATCH              ] wf=12 task=1193 planned=vm28 BUSY -> advanced to vm=36
[t=    406.4455][DISPATCH              ] wf=12 task=1193 vm=36
[t=    406.8725][TASK-COMPLETE         ] task=1247 wf=12 vm=0(reserved) actualCPU=24.5147s
[t=    406.8725][DISPATCH              ] wf=12 task=1248 planned=vm17 BUSY -> advanced to vm=0
[t=    406.8725][DISPATCH              ] wf=12 task=1248 vm=0
[t=    406.9975][TASK-COMPLETE         ] task=1282 wf=12 vm=2(reserved) actualCPU=0.6620s
[t=    407.0193][TASK-COMPLETE         ] task=1198 wf=12 vm=118(on-demand) actualCPU=57.3490s cost=$0.051901
[t=    407.0193][DISPATCH              ] wf=12 task=1199 planned=vm19 BUSY -> advanced to vm=2
[t=    407.0193][DISPATCH              ] wf=12 task=1199 vm=2
[t=    407.2845][TASK-COMPLETE         ] task=1260 wf=12 vm=38(reserved) actualCPU=30.8402s
[t=    407.2845][DISPATCH              ] wf=12 task=1261 planned=vm28 BUSY -> advanced to vm=6
[t=    407.2845][DISPATCH              ] wf=12 task=1261 vm=6
[t=    407.5455][TASK-COMPLETE         ] task=1233 wf=12 vm=142(on-demand) actualCPU=210.7432s cost=$0.190723
[t=    407.5455][DISPATCH              ] wf=12 task=1234 planned=vm19 BUSY -> advanced to vm=18
[t=    407.5455][DISPATCH              ] wf=12 task=1236 planned=vm46 BUSY -> advanced to vm=34
[t=    407.5455][DISPATCH              ] wf=12 task=1238 planned=vm16 BUSY -> advanced to vm=37
[t=    407.5455][DISPATCH              ] wf=12 task=1240 planned=vm13 BUSY -> advanced to vm=38
[t=    407.5455][DISPATCH              ] wf=12 task=1242 planned=vm28 no-idle-reserved -> on-demand vm=54
[t=    407.5455][DISPATCH              ] wf=12 task=1244 planned=vm40 no-idle-reserved -> on-demand vm=94
[t=    407.5455][DISPATCH              ] wf=12 task=1234 vm=18
[t=    407.5455][DISPATCH              ] wf=12 task=1236 vm=34
[t=    407.5455][DISPATCH              ] wf=12 task=1238 vm=37
[t=    407.5455][DISPATCH              ] wf=12 task=1240 vm=38
[t=    407.5455][DISPATCH              ] wf=12 task=1242 vm=54
[t=    407.5455][DISPATCH              ] wf=12 task=1244 vm=94
[t=    407.6765][TASK-COMPLETE         ] task=1193 wf=12 vm=36(reserved) actualCPU=1.2310s
[t=    407.7505][TASK-COMPLETE         ] task=1248 wf=12 vm=0(reserved) actualCPU=0.8780s
[t=    407.8605][TASK-COMPLETE         ] task=1199 wf=12 vm=2(reserved) actualCPU=0.8412s
[t=    408.0185][TASK-COMPLETE         ] task=1287 wf=12 vm=156(on-demand) actualCPU=56.0180s cost=$0.050696
[t=    408.0185][DISPATCH              ] wf=12 task=1288 planned=vm28 BUSY -> advanced to vm=0
[t=    408.0185][DISPATCH              ] wf=12 task=1288 vm=0
[t=    408.8115][TASK-COMPLETE         ] task=1261 wf=12 vm=6(reserved) actualCPU=1.5270s
[t=    409.0615][TASK-COMPLETE         ] task=821 wf=8 vm=92(on-demand) actualCPU=243.8837s cost=$0.220715
[t=    409.1715][TASK-COMPLETE         ] task=519 wf=5 vm=1(reserved) actualCPU=302.7953s
[t=    409.2955][TASK-COMPLETE         ] task=1288 wf=12 vm=0(reserved) actualCPU=1.2770s
[t=    410.5005][TASK-COMPLETE         ] task=1070 wf=10 vm=21(reserved) actualCPU=37.2368s
[t=    410.5005][DISPATCH              ] wf=10 task=1071 planned=vm8 BUSY -> advanced to vm=1
[t=    410.5005][DISPATCH              ] wf=10 task=1071 vm=1
[t=    410.5325][TASK-COMPLETE         ] task=1285 wf=12 vm=155(on-demand) actualCPU=58.5320s cost=$0.052971
[t=    410.5325][DISPATCH              ] wf=12 task=1286 planned=vm28 BUSY -> advanced to vm=0
[t=    410.5325][DISPATCH              ] wf=12 task=1286 vm=0
[t=    411.3235][TASK-COMPLETE         ] task=1286 wf=12 vm=0(reserved) actualCPU=0.7910s
[t=    411.8015][TASK-COMPLETE         ] task=1071 wf=10 vm=1(reserved) actualCPU=1.3010s
[t=    413.1415][TASK-COMPLETE         ] task=1034 wf=10 vm=23(reserved) actualCPU=21.3427s
[t=    413.1415][DISPATCH              ] wf=10 task=1035 planned=vm16 BUSY -> advanced to vm=1
[t=    413.1415][DISPATCH              ] wf=10 task=1035 vm=1
[t=    413.8075][TASK-COMPLETE         ] task=1035 wf=10 vm=1(reserved) actualCPU=0.6660s
[t=    414.1935][TASK-COMPLETE         ] task=1194 wf=12 vm=25(reserved) actualCPU=64.5232s
[t=    414.1935][DISPATCH              ] wf=12 task=1195 planned=vm28 BUSY -> advanced to vm=1
[t=    414.1935][DISPATCH              ] wf=12 task=1195 vm=1
[t=    414.7145][TASK-COMPLETE         ] task=1195 wf=12 vm=1(reserved) actualCPU=0.5210s
[t=    415.1145][TASK-COMPLETE         ] task=535 wf=5 vm=29(reserved) actualCPU=308.7873s
[t=    415.8915][TASK-COMPLETE         ] task=1275 wf=12 vm=123(on-demand) actualCPU=63.8910s cost=$0.057821
[t=    415.8915][DISPATCH              ] wf=12 task=1276 planned=vm12 BUSY -> advanced to vm=1
[t=    415.8915][DISPATCH              ] wf=12 task=1276 vm=1
[t=    416.1775][TASK-COMPLETE         ] task=1036 wf=10 vm=69(on-demand) actualCPU=24.3787s cost=$0.022063
[t=    416.1775][DISPATCH              ] wf=10 task=1037 planned=vm32 BUSY -> advanced to vm=25
[t=    416.1775][DISPATCH              ] wf=10 task=1037 vm=25
[t=    416.2618][TASK-COMPLETE         ] task=1883 wf=18 vm=15(reserved) actualCPU=10.2200s
[t=    416.2618][DISPATCH              ] wf=18 task=1884 planned=vm7 BUSY -> advanced to vm=29
[t=    416.2618][DISPATCH              ] wf=18 task=1884 vm=29
[t=    416.5715][TASK-COMPLETE         ] task=1270 wf=12 vm=129(on-demand) actualCPU=40.1272s cost=$0.036315
[t=    416.5715][DISPATCH              ] wf=12 task=1271 planned=vm28 BUSY -> advanced to vm=0
[t=    416.5715][DISPATCH              ] wf=12 task=1271 vm=0
[t=    417.0525][TASK-COMPLETE         ] task=1064 wf=10 vm=3(reserved) actualCPU=43.7888s
[t=    417.0525][DISPATCH              ] wf=10 task=1065 planned=vm22 BUSY -> advanced to vm=3
[t=    417.0525][DISPATCH              ] wf=10 task=1065 vm=3
[t=    417.1625][TASK-COMPLETE         ] task=1037 wf=10 vm=25(reserved) actualCPU=0.9850s
[t=    417.2705][TASK-COMPLETE         ] task=1276 wf=12 vm=1(reserved) actualCPU=1.3790s
[t=    417.8145][TASK-COMPLETE         ] task=1271 wf=12 vm=0(reserved) actualCPU=1.2430s
[t=    417.8415][TASK-COMPLETE         ] task=1065 wf=10 vm=3(reserved) actualCPU=0.7890s
[t=    420.2315][TASK-COMPLETE         ] task=1117 wf=11 vm=17(reserved) actualCPU=222.0166s
[t=    420.3335][TASK-COMPLETE         ] task=1279 wf=12 vm=128(on-demand) actualCPU=68.3330s cost=$0.061841
[t=    420.3335][DISPATCH              ] wf=12 task=1280 -> vm=17 (planned reserved, was idle)
[t=    420.3335][DISPATCH              ] wf=12 task=1280 vm=17
[t=    420.6475][TASK-COMPLETE         ] task=1062 wf=10 vm=4(reserved) actualCPU=47.3838s
[t=    420.6475][DISPATCH              ] wf=10 task=1063 planned=vm35 BUSY -> advanced to vm=0
[t=    420.6475][DISPATCH              ] wf=10 task=1063 vm=0
[t=    421.5655][TASK-COMPLETE         ] task=1063 wf=10 vm=0(reserved) actualCPU=0.9180s
[t=    421.6565][TASK-COMPLETE         ] task=1280 wf=12 vm=17(reserved) actualCPU=1.3230s
[t=    422.3185][TASK-COMPLETE         ] task=1264 wf=12 vm=79(on-demand) actualCPU=45.8742s cost=$0.041516
[t=    422.3185][DISPATCH              ] wf=12 task=1265 planned=vm28 BUSY -> advanced to vm=0
[t=    422.3185][DISPATCH              ] wf=12 task=1265 vm=0
[t=    422.4228][TASK-COMPLETE         ] task=1884 wf=18 vm=29(reserved) actualCPU=6.1610s
[t=    422.4228][DISPATCH              ] wf=18 task=1885 -> vm=21 (planned reserved, was idle)
[t=    422.4228][DISPATCH              ] wf=18 task=1885 vm=21
[t=    422.9598][TASK-COMPLETE         ] task=1038 wf=10 vm=127(on-demand) actualCPU=31.1610s cost=$0.028201
[t=    422.9598][DISPATCH              ] wf=10 task=1039 planned=vm37 BUSY -> advanced to vm=29
[t=    422.9598][DISPATCH              ] wf=10 task=1039 vm=29
[t=    423.0075][TASK-COMPLETE         ] task=1265 wf=12 vm=0(reserved) actualCPU=0.6890s
[t=    423.1908][TASK-COMPLETE         ] task=1277 wf=12 vm=126(on-demand) actualCPU=71.1903s cost=$0.064427
[t=    423.1908][DISPATCH              ] wf=12 task=1278 planned=vm19 BUSY -> advanced to vm=0
[t=    423.1908][DISPATCH              ] wf=12 task=1278 vm=0
[t=    423.2034][TASK-COMPLETE         ] task=721 wf=7 vm=52(on-demand) actualCPU=261.3700s cost=$0.236540
[t=    423.2468][TASK-COMPLETE         ] task=1885 wf=18 vm=21(reserved) actualCPU=0.8240s
[t=    423.2468][WF-COMPLETE           ] wf=18 completionTime=423.2468 deadline=487.3135 -> MET
[t=    423.6774][TASK-COMPLETE         ] task=1039 wf=10 vm=29(reserved) actualCPU=0.7176s
[t=    423.9574][TASK-COMPLETE         ] task=1262 wf=12 vm=51(on-demand) actualCPU=47.5131s cost=$0.042999
[t=    423.9574][DISPATCH              ] wf=12 task=1263 planned=vm19 BUSY -> advanced to vm=29
[t=    423.9574][DISPATCH              ] wf=12 task=1263 vm=29
[t=    424.1794][TASK-COMPLETE         ] task=1066 wf=10 vm=5(reserved) actualCPU=50.9157s
[t=    424.1794][DISPATCH              ] wf=10 task=1067 planned=vm31 BUSY -> advanced to vm=1
[t=    424.1794][DISPATCH              ] wf=10 task=1067 vm=1
[t=    424.4244][TASK-COMPLETE         ] task=1278 wf=12 vm=0(reserved) actualCPU=1.2336s
[t=    425.0214][TASK-COMPLETE         ] task=1263 wf=12 vm=29(reserved) actualCPU=1.0640s
[t=    425.3164][TASK-COMPLETE         ] task=1320 wf=13 vm=46(reserved) actualCPU=201.9813s
[t=    425.3444][TASK-COMPLETE         ] task=1067 wf=10 vm=1(reserved) actualCPU=1.1650s
[t=    426.1224][TASK-COMPLETE         ] task=529 wf=5 vm=30(reserved) actualCPU=322.2722s
[t=    426.6334][TASK-COMPLETE         ] task=1249 wf=12 vm=10(reserved) actualCPU=44.2756s
[t=    426.6334][DISPATCH              ] wf=12 task=1250 -> vm=17 (planned reserved, was idle)
[t=    426.6334][DISPATCH              ] wf=12 task=1250 vm=17
[t=    427.6234][TASK-COMPLETE         ] task=1268 wf=12 vm=116(on-demand) actualCPU=51.1791s cost=$0.046317
[t=    427.6234][DISPATCH              ] wf=12 task=1269 planned=vm17 BUSY -> advanced to vm=21
[t=    427.6234][DISPATCH              ] wf=12 task=1269 vm=21
[t=    427.8704][TASK-COMPLETE         ] task=1068 wf=10 vm=20(reserved) actualCPU=54.6067s
[t=    427.8704][DISPATCH              ] wf=10 task=1069 planned=vm18 BUSY -> advanced to vm=29
[t=    427.8704][DISPATCH              ] wf=10 task=1069 vm=29
[t=    428.1484][TASK-COMPLETE         ] task=1250 wf=12 vm=17(reserved) actualCPU=1.5150s
[t=    428.6384][TASK-COMPLETE         ] task=1044 wf=10 vm=187(on-demand) actualCPU=36.8396s cost=$0.033340
[t=    428.6384][DISPATCH              ] wf=10 task=1045 planned=vm27 BUSY -> advanced to vm=0
[t=    428.6384][DISPATCH              ] wf=10 task=1045 vm=0
[t=    428.8524][TASK-COMPLETE         ] task=1269 wf=12 vm=21(reserved) actualCPU=1.2290s
[t=    428.9864][TASK-COMPLETE         ] task=1069 wf=10 vm=29(reserved) actualCPU=1.1160s
[t=    429.9584][TASK-COMPLETE         ] task=1045 wf=10 vm=0(reserved) actualCPU=1.3200s
[t=    430.8144][TASK-COMPLETE         ] task=1251 wf=12 vm=27(reserved) actualCPU=48.4566s
[t=    430.8144][DISPATCH              ] wf=12 task=1252 -> vm=17 (planned reserved, was idle)
[t=    430.8144][DISPATCH              ] wf=12 task=1252 vm=17
[t=    431.0064][TASK-COMPLETE         ] task=1234 wf=12 vm=18(reserved) actualCPU=23.4609s
[t=    431.0064][DISPATCH              ] wf=12 task=1235 planned=vm17 BUSY -> advanced to vm=0
[t=    431.0064][DISPATCH              ] wf=12 task=1235 vm=0
[t=    431.6784][TASK-COMPLETE         ] task=1235 wf=12 vm=0(reserved) actualCPU=0.6720s
[t=    432.0504][TASK-COMPLETE         ] task=1252 wf=12 vm=17(reserved) actualCPU=1.2360s
[t=    433.3714][TASK-COMPLETE         ] task=1266 wf=12 vm=82(on-demand) actualCPU=56.9271s cost=$0.051519
[t=    433.3714][DISPATCH              ] wf=12 task=1267 -> vm=17 (planned reserved, was idle)
[t=    433.3714][DISPATCH              ] wf=12 task=1267 vm=17
[t=    434.7594][TASK-COMPLETE         ] task=1267 wf=12 vm=17(reserved) actualCPU=1.3880s
[t=    435.6104][TASK-COMPLETE         ] task=1042 wf=10 vm=186(on-demand) actualCPU=43.8116s cost=$0.039649
[t=    435.6104][DISPATCH              ] wf=10 task=1043 planned=vm13 BUSY -> advanced to vm=0
[t=    435.6104][DISPATCH              ] wf=10 task=1043 vm=0
[t=    436.2284][TASK-COMPLETE         ] task=1255 wf=12 vm=115(on-demand) actualCPU=53.8706s cost=$0.048753
[t=    436.2284][DISPATCH              ] wf=12 task=1256 planned=vm19 BUSY -> advanced to vm=3
[t=    436.2284][DISPATCH              ] wf=12 task=1256 vm=3
[t=    436.2735][TASK-COMPLETE         ] task=1236 wf=12 vm=34(reserved) actualCPU=28.7280s
[t=    436.2735][DISPATCH              ] wf=12 task=1237 -> vm=17 (planned reserved, was idle)
[t=    436.2735][DISPATCH              ] wf=12 task=1237 vm=17
[t=    436.7714][TASK-COMPLETE         ] task=530 wf=5 vm=8(reserved) actualCPU=334.3313s
[t=    436.9664][TASK-COMPLETE         ] task=1043 wf=10 vm=0(reserved) actualCPU=1.3560s
[t=    437.2204][TASK-COMPLETE         ] task=1256 wf=12 vm=3(reserved) actualCPU=0.9920s
[t=    437.2795][TASK-COMPLETE         ] task=1237 wf=12 vm=17(reserved) actualCPU=1.0060s
[t=    438.6274][TASK-COMPLETE         ] task=1317 wf=13 vm=173(on-demand) actualCPU=213.4749s cost=$0.193195
[t=    438.7754][TASK-COMPLETE         ] task=1072 wf=10 vm=24(reserved) actualCPU=65.5117s
[t=    438.7754][DISPATCH              ] wf=10 task=1073 -> vm=6 (planned reserved, was idle)
[t=    438.7754][DISPATCH              ] wf=10 task=1073 vm=6
[t=    439.5504][TASK-COMPLETE         ] task=1073 wf=10 vm=6(reserved) actualCPU=0.7750s
[t=    442.2504][TASK-COMPLETE         ] task=1253 wf=12 vm=91(on-demand) actualCPU=59.8926s cost=$0.054203
[t=    442.2504][DISPATCH              ] wf=12 task=1254 planned=vm12 BUSY -> advanced to vm=21
[t=    442.2504][DISPATCH              ] wf=12 task=1254 vm=21
[t=    442.5074][TASK-COMPLETE         ] task=1272 wf=12 vm=139(on-demand) actualCPU=66.0631s cost=$0.059787
[t=    442.5074][DISPATCH              ] wf=12 task=1273 planned=vm28 BUSY -> advanced to vm=0
[t=    442.5074][DISPATCH              ] wf=12 task=1273 vm=0
[t=    443.3174][TASK-COMPLETE         ] task=1238 wf=12 vm=37(reserved) actualCPU=35.7719s
[t=    443.3174][DISPATCH              ] wf=12 task=1239 planned=vm28 BUSY -> advanced to vm=1
[t=    443.3174][DISPATCH              ] wf=12 task=1239 vm=1
[t=    443.4134][TASK-COMPLETE         ] task=1273 wf=12 vm=0(reserved) actualCPU=0.9060s
[t=    443.5304][TASK-COMPLETE         ] task=1254 wf=12 vm=21(reserved) actualCPU=1.2800s
[t=    443.6325][TASK-COMPLETE         ] task=1244 wf=12 vm=94(on-demand) actualCPU=36.0870s cost=$0.032659
[t=    443.6325][DISPATCH              ] wf=12 task=1245 planned=vm19 BUSY -> advanced to vm=0
[t=    443.6325][DISPATCH              ] wf=12 task=1245 vm=0
[t=    444.0545][TASK-COMPLETE         ] task=1239 wf=12 vm=1(reserved) actualCPU=0.7371s
[t=    445.0685][TASK-COMPLETE         ] task=1245 wf=12 vm=0(reserved) actualCPU=1.4360s
[t=    449.6215][TASK-COMPLETE         ] task=1318 wf=13 vm=174(on-demand) actualCPU=226.0070s cost=$0.204536
[t=    450.7185][TASK-COMPLETE         ] task=1242 wf=12 vm=54(on-demand) actualCPU=43.1730s cost=$0.039072
[t=    450.7185][DISPATCH              ] wf=12 task=1243 planned=vm28 BUSY -> advanced to vm=0
[t=    450.7185][DISPATCH              ] wf=12 task=1243 vm=0
[t=    451.2555][TASK-COMPLETE         ] task=825 wf=8 vm=102(on-demand) actualCPU=286.4211s cost=$0.259211
[t=    452.0495][TASK-COMPLETE         ] task=725 wf=7 vm=56(on-demand) actualCPU=290.9511s cost=$0.263311
[t=    452.1595][TASK-COMPLETE         ] task=1243 wf=12 vm=0(reserved) actualCPU=1.4410s
[t=    452.3295][TASK-COMPLETE         ] task=826 wf=8 vm=103(on-demand) actualCPU=289.5107s cost=$0.262007
[t=    455.2075][TASK-COMPLETE         ] task=1118 wf=11 vm=132(on-demand) actualCPU=254.6256s cost=$0.230436
[t=    455.3235][TASK-COMPLETE         ] task=716 wf=7 vm=43(reserved) actualCPU=296.2918s
[t=    457.8015][TASK-COMPLETE         ] task=1040 wf=10 vm=185(on-demand) actualCPU=66.0027s cost=$0.059732
[t=    457.8015][DISPATCH              ] wf=10 task=990 -> vm=25 (planned reserved, was idle)
[t=    457.8015][DISPATCH              ] wf=10 task=1041 planned=vm39 BUSY -> advanced to vm=0
[t=    457.8015][DISPATCH              ] wf=10 task=990 vm=25
[t=    457.8015][DISPATCH              ] wf=10 task=1041 vm=0
[t=    458.6595][TASK-COMPLETE         ] task=990 wf=10 vm=25(reserved) actualCPU=0.8580s
[t=    458.7865][TASK-COMPLETE         ] task=1041 wf=10 vm=0(reserved) actualCPU=0.9850s
[t=    458.7865][DISPATCH              ] wf=10 task=989 -> vm=46 (planned reserved, was idle)
[t=    458.7865][DISPATCH              ] wf=10 task=989 vm=46
[t=    459.0675][TASK-COMPLETE         ] task=989 wf=10 vm=46(reserved) actualCPU=0.2810s
[t=    459.0675][WF-COMPLETE           ] wf=10 completionTime=459.0675 deadline=695.1657 -> MET
[t=    464.9485][TASK-COMPLETE         ] task=1240 wf=12 vm=38(reserved) actualCPU=57.4030s
[t=    464.9485][DISPATCH              ] wf=12 task=1190 planned=vm19 BUSY -> advanced to vm=0
[t=    464.9485][DISPATCH              ] wf=12 task=1241 planned=vm12 BUSY -> advanced to vm=3
[t=    464.9485][DISPATCH              ] wf=12 task=1190 vm=0
[t=    464.9485][DISPATCH              ] wf=12 task=1241 vm=3
[t=    465.5885][TASK-COMPLETE         ] task=1322 wf=13 vm=176(on-demand) actualCPU=242.1040s cost=$0.219104
[t=    465.6155][TASK-COMPLETE         ] task=1190 wf=12 vm=0(reserved) actualCPU=0.6670s
[t=    466.4025][TASK-COMPLETE         ] task=533 wf=5 vm=41(reserved) actualCPU=356.9333s
[t=    466.4315][TASK-COMPLETE         ] task=1241 wf=12 vm=3(reserved) actualCPU=1.4830s
[t=    466.4315][DISPATCH              ] wf=12 task=1189 -> vm=17 (planned reserved, was idle)
[t=    466.4315][DISPATCH              ] wf=12 task=1189 vm=17
[t=    466.8565][TASK-COMPLETE         ] task=1189 wf=12 vm=17(reserved) actualCPU=0.4250s
[t=    466.8565][WF-COMPLETE           ] wf=12 completionTime=466.8565 deadline=723.1223 -> MET
[t=    467.7005][TASK-COMPLETE         ] task=1120 wf=11 vm=134(on-demand) actualCPU=264.7796s cost=$0.239626
[t=    473.2795][TASK-COMPLETE         ] task=726 wf=7 vm=57(on-demand) actualCPU=315.9103s cost=$0.285899
[t=    475.2235][TASK-COMPLETE         ] task=816 wf=8 vm=87(on-demand) actualCPU=311.1117s cost=$0.281556
[t=    479.6975][TASK-COMPLETE         ] task=522 wf=5 vm=33(reserved) actualCPU=372.0853s
[t=    489.8475][TASK-COMPLETE         ] task=827 wf=8 vm=104(on-demand) actualCPU=328.8977s cost=$0.297652
[t=    496.2275][TASK-COMPLETE         ] task=539 wf=5 vm=11(reserved) actualCPU=392.7123s
[t=    498.7165][TASK-COMPLETE         ] task=1124 wf=11 vm=138(on-demand) actualCPU=296.4094s cost=$0.268251
[t=    500.0000][NEGOTIATE             ] wf=19 tasks=100 arrivalTime=500.0000 deadline=1026.3200 cp=285.8740 BETA*cp=314.4614 slack=526.3200 -> ACCEPTED
[t=    500.0000][DISPATCH              ] wf=19 task=1888 planned=vm35 BUSY -> advanced to vm=8
[t=    500.0000][DISPATCH              ] wf=19 task=1897 -> vm=25 (planned reserved, was idle)
[t=    500.0000][DISPATCH              ] wf=19 task=1908 planned=vm42 BUSY -> advanced to vm=46
[t=    500.0000][DISPATCH              ] wf=19 task=1919 planned=vm47 BUSY -> advanced to vm=15
[t=    500.0000][DISPATCH              ] wf=19 task=1930 planned=ON-DEMAND -> vm=51 (on-demand)
[t=    500.0000][DISPATCH              ] wf=19 task=1943 -> vm=10 (planned reserved, was idle)
[t=    500.0000][DISPATCH              ] wf=19 task=1956 -> vm=24 (planned reserved, was idle)
[t=    500.0000][DISPATCH              ] wf=19 task=1971 -> vm=38 (planned reserved, was idle)
[t=    500.0000][DISPATCH              ] wf=19 task=1888 vm=8
[t=    500.0000][DISPATCH              ] wf=19 task=1897 vm=25
[t=    500.0000][DISPATCH              ] wf=19 task=1908 vm=46
[t=    500.0000][DISPATCH              ] wf=19 task=1919 vm=15
[t=    500.0000][DISPATCH              ] wf=19 task=1930 vm=51
[t=    500.0000][DISPATCH              ] wf=19 task=1943 vm=10
[t=    500.0000][DISPATCH              ] wf=19 task=1956 vm=24
[t=    500.0000][DISPATCH              ] wf=19 task=1971 vm=38
[t=    501.0195][TASK-COMPLETE         ] task=730 wf=7 vm=121(on-demand) actualCPU=338.6445s cost=$0.306473
[t=    506.2365][TASK-COMPLETE         ] task=527 wf=5 vm=39(reserved) actualCPU=399.6723s
[t=    509.0995][TASK-COMPLETE         ] task=1316 wf=13 vm=95(on-demand) actualCPU=287.4924s cost=$0.260181
[t=    509.3285][TASK-COMPLETE         ] task=819 wf=8 vm=90(on-demand) actualCPU=346.3721s cost=$0.313467
[t=    509.3638][TASK-COMPLETE         ] task=724 wf=7 vm=55(on-demand) actualCPU=349.3030s cost=$0.316119
[t=    515.2818][TASK-COMPLETE         ] task=727 wf=7 vm=58(on-demand) actualCPU=356.0711s cost=$0.322244
[t=    519.4278][TASK-COMPLETE         ] task=732 wf=7 vm=63(on-demand) actualCPU=360.1631s cost=$0.325948
[t=    520.1968][TASK-COMPLETE         ] task=832 wf=8 vm=80(on-demand) actualCPU=353.2974s cost=$0.319734
[t=    527.7748][TASK-COMPLETE         ] task=830 wf=8 vm=107(on-demand) actualCPU=364.0054s cost=$0.329425
[t=    535.2378][TASK-COMPLETE         ] task=1323 wf=13 vm=171(on-demand) actualCPU=312.3247s cost=$0.282654
[t=    541.9108][TASK-COMPLETE         ] task=521 wf=5 vm=28(reserved) actualCPU=438.5047s
[t=    542.3188][TASK-COMPLETE         ] task=1129 wf=11 vm=147(on-demand) actualCPU=339.5299s cost=$0.307275
[t=    547.3748][TASK-COMPLETE         ] task=719 wf=7 vm=50(on-demand) actualCPU=387.4360s cost=$0.350630
[t=    547.7808][TASK-COMPLETE         ] task=736 wf=7 vm=77(on-demand) actualCPU=388.4191s cost=$0.351519
[t=    553.1958][TASK-COMPLETE         ] task=1123 wf=11 vm=137(on-demand) actualCPU=353.3459s cost=$0.319778
[t=    555.3938][TASK-COMPLETE         ] task=1127 wf=11 vm=145(on-demand) actualCPU=353.3986s cost=$0.319826
[t=    558.5308][TASK-COMPLETE         ] task=1113 wf=11 vm=81(on-demand) actualCPU=358.3279s cost=$0.324287
[t=    561.9348][TASK-COMPLETE         ] task=833 wf=8 vm=110(on-demand) actualCPU=399.5944s cost=$0.361633
[t=    566.6658][TASK-COMPLETE         ] task=1122 wf=11 vm=120(on-demand) actualCPU=365.6329s cost=$0.330898
[t=    572.7358][TASK-COMPLETE         ] task=1333 wf=13 vm=172(on-demand) actualCPU=349.3613s cost=$0.316172
[t=    578.6038][TASK-COMPLETE         ] task=1313 wf=13 vm=169(on-demand) actualCPU=355.2143s cost=$0.321469
[t=    580.7838][TASK-COMPLETE         ] task=536 wf=5 vm=7(reserved) actualCPU=471.1036s
[t=    582.9558][TASK-COMPLETE         ] task=824 wf=8 vm=101(on-demand) actualCPU=420.3634s cost=$0.380429
[t=    584.2288][TASK-COMPLETE         ] task=1324 wf=13 vm=66(on-demand) actualCPU=363.2327s cost=$0.328726
[t=    584.6148][TASK-COMPLETE         ] task=1329 wf=13 vm=180(on-demand) actualCPU=359.6737s cost=$0.325505
[t=    585.8938][TASK-COMPLETE         ] task=1327 wf=13 vm=166(on-demand) actualCPU=363.3137s cost=$0.328799
[t=    587.1488][TASK-COMPLETE         ] task=1116 wf=11 vm=85(on-demand) actualCPU=387.8389s cost=$0.350994
[t=    590.3448][TASK-COMPLETE         ] task=836 wf=8 vm=113(on-demand) actualCPU=425.1114s cost=$0.384726
[t=    594.7538][TASK-COMPLETE         ] task=818 wf=8 vm=89(on-demand) actualCPU=431.9074s cost=$0.390876
[t=    595.2688][TASK-COMPLETE         ] task=1919 wf=19 vm=15(reserved) actualCPU=95.2688s
[t=    595.2688][DISPATCH              ] wf=19 task=1920 -> vm=18 (planned reserved, was idle)
[t=    595.2688][DISPATCH              ] wf=19 task=1922 planned=vm38 BUSY -> advanced to vm=2
[t=    595.2688][DISPATCH              ] wf=19 task=1924 -> vm=3 (planned reserved, was idle)
[t=    595.2688][DISPATCH              ] wf=19 task=1926 planned=vm19 BUSY -> advanced to vm=5
[t=    595.2688][DISPATCH              ] wf=19 task=1928 -> vm=15 (planned reserved, was idle)
[t=    595.2688][DISPATCH              ] wf=19 task=1920 vm=18
[t=    595.2688][DISPATCH              ] wf=19 task=1922 vm=2
[t=    595.2688][DISPATCH              ] wf=19 task=1924 vm=3
[t=    595.2688][DISPATCH              ] wf=19 task=1926 vm=5
[t=    595.2688][DISPATCH              ] wf=19 task=1928 vm=15
[t=    600.1008][TASK-COMPLETE         ] task=1321 wf=13 vm=177(on-demand) actualCPU=376.0553s cost=$0.340330
[t=    606.6958][TASK-COMPLETE         ] task=822 wf=8 vm=98(on-demand) actualCPU=445.0914s cost=$0.402808
[t=    612.5678][TASK-COMPLETE         ] task=1908 wf=19 vm=46(reserved) actualCPU=112.5678s
[t=    612.5678][DISPATCH              ] wf=19 task=1909 planned=vm45 BUSY -> advanced to vm=1
[t=    612.5678][DISPATCH              ] wf=19 task=1911 -> vm=41 (planned reserved, was idle)
[t=    612.5678][DISPATCH              ] wf=19 task=1913 planned=vm41 BUSY -> advanced to vm=4
[t=    612.5678][DISPATCH              ] wf=19 task=1915 planned=vm15 BUSY -> advanced to vm=6
[t=    612.5678][DISPATCH              ] wf=19 task=1917 planned=vm45 BUSY -> advanced to vm=7
[t=    612.5678][DISPATCH              ] wf=19 task=1909 vm=1
[t=    612.5678][DISPATCH              ] wf=19 task=1911 vm=41
[t=    612.5678][DISPATCH              ] wf=19 task=1913 vm=4
[t=    612.5678][DISPATCH              ] wf=19 task=1915 vm=6
[t=    612.5678][DISPATCH              ] wf=19 task=1917 vm=7
[t=    615.8678][TASK-COMPLETE         ] task=540 wf=5 vm=12(reserved) actualCPU=510.1126s
[t=    617.3568][TASK-COMPLETE         ] task=1133 wf=11 vm=151(on-demand) actualCPU=419.2485s cost=$0.379420
[t=    618.8788][TASK-COMPLETE         ] task=733 wf=7 vm=72(on-demand) actualCPU=459.2561s cost=$0.415627
[t=    621.0058][TASK-COMPLETE         ] task=1926 wf=19 vm=5(reserved) actualCPU=25.7370s
[t=    621.0058][DISPATCH              ] wf=19 task=1927 planned=vm44 BUSY -> advanced to vm=0
[t=    621.0058][DISPATCH              ] wf=19 task=1927 vm=0
[t=    622.0188][TASK-COMPLETE         ] task=1927 wf=19 vm=0(reserved) actualCPU=1.0130s
[t=    625.9488][TASK-COMPLETE         ] task=1315 wf=13 vm=143(on-demand) actualCPU=403.5367s cost=$0.365201
[t=    626.7868][TASK-COMPLETE         ] task=1897 wf=19 vm=25(reserved) actualCPU=126.7868s
[t=    626.7868][DISPATCH              ] wf=19 task=1898 planned=vm44 BUSY -> advanced to vm=5
[t=    626.7868][DISPATCH              ] wf=19 task=1900 planned=vm44 BUSY -> advanced to vm=17
[t=    626.7868][DISPATCH              ] wf=19 task=1902 -> vm=20 (planned reserved, was idle)
[t=    626.7868][DISPATCH              ] wf=19 task=1904 planned=vm44 BUSY -> advanced to vm=23
[t=    626.7868][DISPATCH              ] wf=19 task=1906 planned=vm2 BUSY -> advanced to vm=25
[t=    626.7868][DISPATCH              ] wf=19 task=1898 vm=5
[t=    626.7868][DISPATCH              ] wf=19 task=1900 vm=17
[t=    626.7868][DISPATCH              ] wf=19 task=1902 vm=20
[t=    626.7868][DISPATCH              ] wf=19 task=1904 vm=23
[t=    626.7868][DISPATCH              ] wf=19 task=1906 vm=25
[t=    627.4348][TASK-COMPLETE         ] task=1928 wf=19 vm=15(reserved) actualCPU=32.1660s
[t=    627.4348][DISPATCH              ] wf=19 task=1929 planned=vm44 BUSY -> advanced to vm=0
[t=    627.4348][DISPATCH              ] wf=19 task=1929 vm=0
[t=    628.8288][TASK-COMPLETE         ] task=1929 wf=19 vm=0(reserved) actualCPU=1.3940s
[t=    629.9628][TASK-COMPLETE         ] task=1920 wf=19 vm=18(reserved) actualCPU=34.6940s
[t=    629.9628][DISPATCH              ] wf=19 task=1921 planned=vm19 BUSY -> advanced to vm=0
[t=    629.9628][DISPATCH              ] wf=19 task=1921 vm=0
[t=    631.0598][TASK-COMPLETE         ] task=1921 wf=19 vm=0(reserved) actualCPU=1.0970s
[t=    631.6448][TASK-COMPLETE         ] task=1130 wf=11 vm=136(on-demand) actualCPU=429.9626s cost=$0.389116
[t=    632.0688][TASK-COMPLETE         ] task=1922 wf=19 vm=2(reserved) actualCPU=36.8000s
[t=    632.0688][DISPATCH              ] wf=19 task=1923 planned=vm19 BUSY -> advanced to vm=0
[t=    632.0688][DISPATCH              ] wf=19 task=1923 vm=0
[t=    632.8958][TASK-COMPLETE         ] task=518 wf=5 vm=40(reserved) actualCPU=526.3456s
[t=    633.1918][TASK-COMPLETE         ] task=1923 wf=19 vm=0(reserved) actualCPU=1.1230s
[t=    634.7008][TASK-COMPLETE         ] task=815 wf=8 vm=86(on-demand) actualCPU=471.0164s cost=$0.426270
[t=    636.1838][TASK-COMPLETE         ] task=837 wf=8 vm=114(on-demand) actualCPU=475.2144s cost=$0.430069
[t=    637.1948][TASK-COMPLETE         ] task=1924 wf=19 vm=3(reserved) actualCPU=41.9260s
[t=    637.1948][DISPATCH              ] wf=19 task=1925 planned=vm19 BUSY -> advanced to vm=2
[t=    637.1948][DISPATCH              ] wf=19 task=1925 vm=2
[t=    637.7518][TASK-COMPLETE         ] task=1925 wf=19 vm=2(reserved) actualCPU=0.5570s
[t=    638.6438][TASK-COMPLETE         ] task=1330 wf=13 vm=61(on-demand) actualCPU=418.3407s cost=$0.378598
[t=    640.5998][TASK-COMPLETE         ] task=1971 wf=19 vm=38(reserved) actualCPU=140.5998s
[t=    640.5998][DISPATCH              ] wf=19 task=1972 planned=vm44 BUSY -> advanced to vm=2
[t=    640.5998][DISPATCH              ] wf=19 task=1974 -> vm=18 (planned reserved, was idle)
[t=    640.5998][DISPATCH              ] wf=19 task=1976 planned=vm5 BUSY -> advanced to vm=3
[t=    640.5998][DISPATCH              ] wf=19 task=1978 planned=vm24 BUSY -> advanced to vm=15
[t=    640.5998][DISPATCH              ] wf=19 task=1980 planned=vm18 BUSY -> advanced to vm=27
[t=    640.5998][DISPATCH              ] wf=19 task=1982 planned=vm41 BUSY -> advanced to vm=28
[t=    640.5998][DISPATCH              ] wf=19 task=1984 planned=vm19 BUSY -> advanced to vm=29
[t=    640.5998][DISPATCH              ] wf=19 task=1972 vm=2
[t=    640.5998][DISPATCH              ] wf=19 task=1974 vm=18
[t=    640.5998][DISPATCH              ] wf=19 task=1976 vm=3
[t=    640.5998][DISPATCH              ] wf=19 task=1978 vm=15
[t=    640.5998][DISPATCH              ] wf=19 task=1980 vm=27
[t=    640.5998][DISPATCH              ] wf=19 task=1982 vm=28
[t=    640.5998][DISPATCH              ] wf=19 task=1984 vm=29
[t=    641.4298][TASK-COMPLETE         ] task=1913 wf=19 vm=4(reserved) actualCPU=28.8620s
[t=    641.4298][DISPATCH              ] wf=19 task=1914 planned=vm19 BUSY -> advanced to vm=4
[t=    641.4298][DISPATCH              ] wf=19 task=1914 vm=4
[t=    642.4438][TASK-COMPLETE         ] task=1914 wf=19 vm=4(reserved) actualCPU=1.0140s
[t=    644.6728][TASK-COMPLETE         ] task=532 wf=5 vm=32(reserved) actualCPU=539.1776s
[t=    645.3378][TASK-COMPLETE         ] task=1917 wf=19 vm=7(reserved) actualCPU=32.7700s
[t=    645.3378][DISPATCH              ] wf=19 task=1918 planned=vm44 BUSY -> advanced to vm=4
[t=    645.3378][DISPATCH              ] wf=19 task=1918 vm=4
[t=    646.7738][TASK-COMPLETE         ] task=1918 wf=19 vm=4(reserved) actualCPU=1.4360s
[t=    647.2788][TASK-COMPLETE         ] task=835 wf=8 vm=112(on-demand) actualCPU=483.4114s cost=$0.437487
[t=    648.4818][TASK-COMPLETE         ] task=537 wf=5 vm=9(reserved) actualCPU=541.4896s
[t=    649.0498][TASK-COMPLETE         ] task=1112 wf=11 vm=67(on-demand) actualCPU=448.1659s cost=$0.405590
[t=    650.8308][TASK-COMPLETE         ] task=1911 wf=19 vm=41(reserved) actualCPU=38.2630s
[t=    650.8308][DISPATCH              ] wf=19 task=1912 planned=vm44 BUSY -> advanced to vm=4
[t=    650.8308][DISPATCH              ] wf=19 task=1912 vm=4
[t=    651.8318][TASK-COMPLETE         ] task=715 wf=7 vm=42(reserved) actualCPU=490.1174s
[t=    651.9258][TASK-COMPLETE         ] task=1900 wf=19 vm=17(reserved) actualCPU=25.1390s
[t=    651.9258][DISPATCH              ] wf=19 task=1901 planned=vm19 BUSY -> advanced to vm=7
[t=    651.9258][DISPATCH              ] wf=19 task=1901 vm=7
[t=    652.0278][TASK-COMPLETE         ] task=1912 wf=19 vm=4(reserved) actualCPU=1.1970s
[t=    653.4718][TASK-COMPLETE         ] task=1901 wf=19 vm=7(reserved) actualCPU=1.5460s
[t=    653.6008][TASK-COMPLETE         ] task=1888 wf=19 vm=8(reserved) actualCPU=153.6008s
[t=    653.6008][DISPATCH              ] wf=19 task=1889 -> vm=7 (planned reserved, was idle)
[t=    653.6008][DISPATCH              ] wf=19 task=1891 planned=vm45 BUSY -> advanced to vm=9
[t=    653.6008][DISPATCH              ] wf=19 task=1893 planned=vm29 BUSY -> advanced to vm=4
[t=    653.6008][DISPATCH              ] wf=19 task=1895 planned=vm2 BUSY -> advanced to vm=37
[t=    653.6008][DISPATCH              ] wf=19 task=1889 vm=7
[t=    653.6008][DISPATCH              ] wf=19 task=1891 vm=9
[t=    653.6008][DISPATCH              ] wf=19 task=1893 vm=4
[t=    653.6008][DISPATCH              ] wf=19 task=1895 vm=37
[t=    654.3228][TASK-COMPLETE         ] task=1943 wf=19 vm=10(reserved) actualCPU=154.3228s
[t=    654.3228][DISPATCH              ] wf=19 task=1944 planned=vm45 BUSY -> advanced to vm=8
[t=    654.3228][DISPATCH              ] wf=19 task=1946 planned=vm15 BUSY -> advanced to vm=10
[t=    654.3228][DISPATCH              ] wf=19 task=1948 planned=vm3 BUSY -> advanced to vm=38
[t=    654.3228][DISPATCH              ] wf=19 task=1950 planned=vm20 BUSY -> advanced to vm=33
[t=    654.3228][DISPATCH              ] wf=19 task=1952 planned=vm25 BUSY -> advanced to vm=41
[t=    654.3228][DISPATCH              ] wf=19 task=1954 planned=vm44 BUSY -> advanced to vm=34
[t=    654.3228][DISPATCH              ] wf=19 task=1944 vm=8
[t=    654.3228][DISPATCH              ] wf=19 task=1946 vm=10
[t=    654.3228][DISPATCH              ] wf=19 task=1948 vm=38
[t=    654.3228][DISPATCH              ] wf=19 task=1950 vm=33
[t=    654.3228][DISPATCH              ] wf=19 task=1952 vm=41
[t=    654.3228][DISPATCH              ] wf=19 task=1954 vm=34
[t=    654.7168][TASK-COMPLETE         ] task=829 wf=8 vm=106(on-demand) actualCPU=491.1150s cost=$0.444459
[t=    655.2028][TASK-COMPLETE         ] task=1902 wf=19 vm=20(reserved) actualCPU=28.4160s
[t=    655.2028][DISPATCH              ] wf=19 task=1903 planned=vm44 BUSY -> advanced to vm=17
[t=    655.2028][DISPATCH              ] wf=19 task=1903 vm=17
[t=    656.0108][TASK-COMPLETE         ] task=1909 wf=19 vm=1(reserved) actualCPU=43.4430s
[t=    656.0108][DISPATCH              ] wf=19 task=1910 planned=vm44 BUSY -> advanced to vm=1
[t=    656.0108][DISPATCH              ] wf=19 task=1910 vm=1
[t=    656.3698][TASK-COMPLETE         ] task=1898 wf=19 vm=5(reserved) actualCPU=29.5830s
[t=    656.3698][DISPATCH              ] wf=19 task=1899 planned=vm19 BUSY -> advanced to vm=5
[t=    656.3698][DISPATCH              ] wf=19 task=1899 vm=5
[t=    656.5258][TASK-COMPLETE         ] task=1903 wf=19 vm=17(reserved) actualCPU=1.3230s
[t=    656.6108][TASK-COMPLETE         ] task=737 wf=7 vm=78(on-demand) actualCPU=495.9680s cost=$0.448851
[t=    656.9438][TASK-COMPLETE         ] task=1899 wf=19 vm=5(reserved) actualCPU=0.5740s
[t=    657.5468][TASK-COMPLETE         ] task=1910 wf=19 vm=1(reserved) actualCPU=1.5360s
[t=    661.4138][TASK-COMPLETE         ] task=1115 wf=11 vm=84(on-demand) actualCPU=462.2569s cost=$0.418342
[t=    666.1228][TASK-COMPLETE         ] task=1121 wf=11 vm=131(on-demand) actualCPU=467.5459s cost=$0.423129
[t=    666.7638][TASK-COMPLETE         ] task=1904 wf=19 vm=23(reserved) actualCPU=39.9770s
[t=    666.7638][DISPATCH              ] wf=19 task=1905 planned=vm19 BUSY -> advanced to vm=1
[t=    666.7638][DISPATCH              ] wf=19 task=1905 vm=1
[t=    667.1218][TASK-COMPLETE         ] task=1906 wf=19 vm=25(reserved) actualCPU=40.3350s
[t=    667.1218][DISPATCH              ] wf=19 task=1907 planned=vm19 BUSY -> advanced to vm=5
[t=    667.1218][DISPATCH              ] wf=19 task=1907 vm=5
[t=    668.1748][TASK-COMPLETE         ] task=1905 wf=19 vm=1(reserved) actualCPU=1.4110s
[t=    668.2278][TASK-COMPLETE         ] task=1907 wf=19 vm=5(reserved) actualCPU=1.1060s
[t=    668.7688][TASK-COMPLETE         ] task=1915 wf=19 vm=6(reserved) actualCPU=56.2010s
[t=    668.7688][DISPATCH              ] wf=19 task=1916 planned=vm19 BUSY -> advanced to vm=1
[t=    668.7688][DISPATCH              ] wf=19 task=1916 vm=1
[t=    669.5598][TASK-COMPLETE         ] task=1916 wf=19 vm=1(reserved) actualCPU=0.7910s
[t=    669.9728][TASK-COMPLETE         ] task=735 wf=7 vm=76(on-demand) actualCPU=508.5584s cost=$0.460245
[t=    675.3508][TASK-COMPLETE         ] task=1954 wf=19 vm=34(reserved) actualCPU=21.0280s
[t=    675.3508][DISPATCH              ] wf=19 task=1955 planned=vm19 BUSY -> advanced to vm=1
[t=    675.3508][DISPATCH              ] wf=19 task=1955 vm=1
[t=    676.4768][TASK-COMPLETE         ] task=1955 wf=19 vm=1(reserved) actualCPU=1.1260s
[t=    677.8708][TASK-COMPLETE         ] task=525 wf=5 vm=31(reserved) actualCPU=569.6066s
[t=    678.3548][TASK-COMPLETE         ] task=718 wf=7 vm=45(reserved) actualCPU=515.9070s
[t=    680.8178][TASK-COMPLETE         ] task=1944 wf=19 vm=8(reserved) actualCPU=26.4950s
[t=    680.8178][DISPATCH              ] wf=19 task=1945 planned=vm44 BUSY -> advanced to vm=1
[t=    680.8178][DISPATCH              ] wf=19 task=1945 vm=1
[t=    681.6748][TASK-COMPLETE         ] task=1945 wf=19 vm=1(reserved) actualCPU=0.8570s
[t=    684.0178][TASK-COMPLETE         ] task=1984 wf=19 vm=29(reserved) actualCPU=43.4180s
[t=    684.0178][DISPATCH              ] wf=19 task=1985 planned=vm19 BUSY -> advanced to vm=1
[t=    684.0178][DISPATCH              ] wf=19 task=1985 vm=1
[t=    684.2768][TASK-COMPLETE         ] task=1312 wf=13 vm=168(on-demand) actualCPU=460.2063s cost=$0.416487
[t=    685.0738][TASK-COMPLETE         ] task=1319 wf=13 vm=175(on-demand) actualCPU=458.7083s cost=$0.415131
[t=    685.1628][TASK-COMPLETE         ] task=1980 wf=19 vm=27(reserved) actualCPU=44.5630s
[t=    685.1628][DISPATCH              ] wf=19 task=1981 planned=vm19 BUSY -> advanced to vm=5
[t=    685.1628][DISPATCH              ] wf=19 task=1981 vm=5
[t=    685.2528][TASK-COMPLETE         ] task=1985 wf=19 vm=1(reserved) actualCPU=1.2350s
[t=    685.7978][TASK-COMPLETE         ] task=1981 wf=19 vm=5(reserved) actualCPU=0.6350s
[t=    688.1898][TASK-COMPLETE         ] task=817 wf=8 vm=88(on-demand) actualCPU=523.4280s cost=$0.473702
[t=    688.1898][DISPATCH              ] wf=8 task=838 planned=vm38 BUSY -> advanced to vm=1
[t=    688.1898][DISPATCH              ] wf=8 task=838 vm=1
[t=    690.2698][TASK-COMPLETE         ] task=1956 wf=19 vm=24(reserved) actualCPU=190.2698s
[t=    690.2698][DISPATCH              ] wf=19 task=1957 planned=vm3 BUSY -> advanced to vm=20
[t=    690.2698][DISPATCH              ] wf=19 task=1959 planned=vm38 BUSY -> advanced to vm=25
[t=    690.2698][DISPATCH              ] wf=19 task=1961 planned=vm20 BUSY -> advanced to vm=24
[t=    690.2698][DISPATCH              ] wf=19 task=1963 planned=vm19 BUSY -> advanced to vm=42
[t=    690.2698][DISPATCH              ] wf=19 task=1965 planned=vm10 BUSY -> advanced to vm=0
[t=    690.2698][DISPATCH              ] wf=19 task=1967 planned=vm18 BUSY -> advanced to vm=29
[t=    690.2698][DISPATCH              ] wf=19 task=1969 planned=vm9 BUSY -> advanced to vm=5
[t=    690.2698][DISPATCH              ] wf=19 task=1957 vm=20
[t=    690.2698][DISPATCH              ] wf=19 task=1959 vm=25
[t=    690.2698][DISPATCH              ] wf=19 task=1961 vm=24
[t=    690.2698][DISPATCH              ] wf=19 task=1963 vm=42
[t=    690.2698][DISPATCH              ] wf=19 task=1965 vm=0
[t=    690.2698][DISPATCH              ] wf=19 task=1967 vm=29
[t=    690.2698][DISPATCH              ] wf=19 task=1969 vm=5
[t=    692.8918][TASK-COMPLETE         ] task=1982 wf=19 vm=28(reserved) actualCPU=52.2920s
[t=    692.8918][DISPATCH              ] wf=19 task=1983 planned=vm19 BUSY -> advanced to vm=23
[t=    692.8918][DISPATCH              ] wf=19 task=1983 vm=23
[t=    693.6138][TASK-COMPLETE         ] task=1972 wf=19 vm=2(reserved) actualCPU=53.0140s
[t=    693.6138][DISPATCH              ] wf=19 task=1973 planned=vm44 BUSY -> advanced to vm=2
[t=    693.6138][DISPATCH              ] wf=19 task=1973 vm=2
[t=    693.7258][TASK-COMPLETE         ] task=1983 wf=19 vm=23(reserved) actualCPU=0.8340s
[t=    693.8608][TASK-COMPLETE         ] task=1978 wf=19 vm=15(reserved) actualCPU=53.2610s
[t=    693.8608][DISPATCH              ] wf=19 task=1979 planned=vm19 BUSY -> advanced to vm=15
[t=    693.8608][DISPATCH              ] wf=19 task=1979 vm=15
[t=    694.0608][TASK-COMPLETE         ] task=838 wf=8 vm=1(reserved) actualCPU=5.8710s
[t=    694.0608][DISPATCH              ] wf=8 task=841 -> vm=34 (planned reserved, was idle)
[t=    694.0608][DISPATCH              ] wf=8 task=842 -> vm=32 (planned reserved, was idle)
[t=    694.0608][DISPATCH              ] wf=8 task=843 planned=vm19 BUSY -> advanced to vm=1
[t=    694.0608][DISPATCH              ] wf=8 task=844 planned=vm38 BUSY -> advanced to vm=23
[t=    694.0608][DISPATCH              ] wf=8 task=845 planned=vm5 BUSY -> advanced to vm=27
[t=    694.0608][DISPATCH              ] wf=8 task=846 -> vm=28 (planned reserved, was idle)
[t=    694.0608][DISPATCH              ] wf=8 task=847 -> vm=45 (planned reserved, was idle)
[t=    694.0608][DISPATCH              ] wf=8 task=848 planned=vm28 BUSY -> advanced to vm=6
[t=    694.0608][DISPATCH              ] wf=8 task=849 -> vm=11 (planned reserved, was idle)
[t=    694.0608][DISPATCH              ] wf=8 task=850 planned=vm0 BUSY -> advanced to vm=8
[t=    694.0608][DISPATCH              ] wf=8 task=851 planned=vm19 BUSY -> advanced to vm=12
[t=    694.0608][DISPATCH              ] wf=8 task=841 vm=34
[t=    694.0608][DISPATCH              ] wf=8 task=842 vm=32
[t=    694.0608][DISPATCH              ] wf=8 task=843 vm=1
[t=    694.0608][DISPATCH              ] wf=8 task=844 vm=23
[t=    694.0608][DISPATCH              ] wf=8 task=845 vm=27
[t=    694.0608][DISPATCH              ] wf=8 task=846 vm=28
[t=    694.0608][DISPATCH              ] wf=8 task=847 vm=45
[t=    694.0608][DISPATCH              ] wf=8 task=848 vm=6
[t=    694.0608][DISPATCH              ] wf=8 task=849 vm=11
[t=    694.0608][DISPATCH              ] wf=8 task=850 vm=8
[t=    694.0608][DISPATCH              ] wf=8 task=851 vm=12
[t=    694.5878][TASK-COMPLETE         ] task=1979 wf=19 vm=15(reserved) actualCPU=0.7270s
[t=    694.7378][TASK-COMPLETE         ] task=1973 wf=19 vm=2(reserved) actualCPU=1.1240s
[t=    695.8028][TASK-COMPLETE         ] task=1946 wf=19 vm=10(reserved) actualCPU=41.4800s
[t=    695.8028][DISPATCH              ] wf=19 task=1947 planned=vm19 BUSY -> advanced to vm=2
[t=    695.8028][DISPATCH              ] wf=19 task=1947 vm=2
[t=    696.6628][TASK-COMPLETE         ] task=1119 wf=11 vm=133(on-demand) actualCPU=493.4007s cost=$0.446528
[t=    697.2908][TASK-COMPLETE         ] task=1947 wf=19 vm=2(reserved) actualCPU=1.4880s
[t=    698.2938][TASK-COMPLETE         ] task=844 wf=8 vm=23(reserved) actualCPU=4.2330s
[t=    698.2938][DISPATCH              ] wf=8 task=868 planned=vm20 BUSY -> advanced to vm=2
[t=    698.2938][DISPATCH              ] wf=8 task=868 vm=2
[t=    698.4688][TASK-COMPLETE         ] task=850 wf=8 vm=8(reserved) actualCPU=4.4080s
[t=    698.4688][DISPATCH              ] wf=8 task=874 -> vm=30 (planned reserved, was idle)
[t=    698.4688][DISPATCH              ] wf=8 task=874 vm=30
[t=    698.5008][TASK-COMPLETE         ] task=845 wf=8 vm=27(reserved) actualCPU=4.4400s
[t=    698.5008][DISPATCH              ] wf=8 task=869 planned=vm12 BUSY -> advanced to vm=8
[t=    698.5008][DISPATCH              ] wf=8 task=869 vm=8
[t=    698.7828][TASK-COMPLETE         ] task=846 wf=8 vm=28(reserved) actualCPU=4.7220s
[t=    698.7828][DISPATCH              ] wf=8 task=870 -> vm=17 (planned reserved, was idle)
[t=    698.7828][DISPATCH              ] wf=8 task=870 vm=17
[t=    698.9838][TASK-COMPLETE         ] task=849 wf=8 vm=11(reserved) actualCPU=4.9230s
[t=    698.9838][DISPATCH              ] wf=8 task=873 planned=vm41 BUSY -> advanced to vm=10
[t=    698.9838][DISPATCH              ] wf=8 task=873 vm=10
[t=    699.3498][TASK-COMPLETE         ] task=851 wf=8 vm=12(reserved) actualCPU=5.2890s
[t=    699.3498][DISPATCH              ] wf=8 task=875 planned=vm1 BUSY -> advanced to vm=11
[t=    699.3498][DISPATCH              ] wf=8 task=875 vm=11
[t=    699.4318][TASK-COMPLETE         ] task=841 wf=8 vm=34(reserved) actualCPU=5.3710s
[t=    699.4318][DISPATCH              ] wf=8 task=865 planned=vm10 BUSY -> advanced to vm=12
[t=    699.4318][DISPATCH              ] wf=8 task=865 vm=12
[t=    699.5918][TASK-COMPLETE         ] task=843 wf=8 vm=1(reserved) actualCPU=5.5310s
[t=    699.5918][DISPATCH              ] wf=8 task=867 planned=vm38 BUSY -> advanced to vm=1
[t=    699.5918][DISPATCH              ] wf=8 task=867 vm=1
[t=    699.8628][TASK-COMPLETE         ] task=842 wf=8 vm=32(reserved) actualCPU=5.8020s
[t=    699.8628][DISPATCH              ] wf=8 task=866 planned=vm24 BUSY -> advanced to vm=15
[t=    699.8628][DISPATCH              ] wf=8 task=866 vm=15
[t=    699.8898][TASK-COMPLETE         ] task=847 wf=8 vm=45(reserved) actualCPU=5.8290s
[t=    699.8898][DISPATCH              ] wf=8 task=871 planned=vm8 BUSY -> advanced to vm=21
[t=    699.8898][DISPATCH              ] wf=8 task=871 vm=21
[t=    699.9338][TASK-COMPLETE         ] task=848 wf=8 vm=6(reserved) actualCPU=5.8730s
[t=    699.9338][DISPATCH              ] wf=8 task=872 planned=vm5 BUSY -> advanced to vm=6
[t=    699.9338][DISPATCH              ] wf=8 task=872 vm=6
[t=    702.4978][TASK-COMPLETE         ] task=1952 wf=19 vm=41(reserved) actualCPU=48.1750s
[t=    702.4978][DISPATCH              ] wf=19 task=1953 planned=vm44 BUSY -> advanced to vm=23
[t=    702.4978][DISPATCH              ] wf=19 task=1953 vm=23
[t=    703.4308][TASK-COMPLETE         ] task=1953 wf=19 vm=23(reserved) actualCPU=0.9330s
[t=    705.2788][TASK-COMPLETE         ] task=1950 wf=19 vm=33(reserved) actualCPU=50.9560s
[t=    705.2788][DISPATCH              ] wf=19 task=1951 planned=vm19 BUSY -> advanced to vm=23
[t=    705.2788][DISPATCH              ] wf=19 task=1951 vm=23
[t=    705.4388][TASK-COMPLETE         ] task=1132 wf=11 vm=150(on-demand) actualCPU=501.5907s cost=$0.453940
[t=    706.0618][TASK-COMPLETE         ] task=1889 wf=19 vm=7(reserved) actualCPU=52.4610s
[t=    706.0618][DISPATCH              ] wf=19 task=1890 planned=vm44 BUSY -> advanced to vm=7
[t=    706.0618][DISPATCH              ] wf=19 task=1890 vm=7
[t=    706.1018][TASK-COMPLETE         ] task=1893 wf=19 vm=4(reserved) actualCPU=52.5010s
[t=    706.1018][DISPATCH              ] wf=19 task=1894 planned=vm19 BUSY -> advanced to vm=4
[t=    706.1018][DISPATCH              ] wf=19 task=1894 vm=4
[t=    706.3098][TASK-COMPLETE         ] task=538 wf=5 vm=19(reserved) actualCPU=602.6846s
[t=    706.3098][DISPATCH              ] wf=5 task=543 planned=vm13 BUSY -> advanced to vm=19
[t=    706.3098][DISPATCH              ] wf=5 task=543 vm=19
[t=    706.5558][TASK-COMPLETE         ] task=1951 wf=19 vm=23(reserved) actualCPU=1.2770s
[t=    706.8708][TASK-COMPLETE         ] task=1894 wf=19 vm=4(reserved) actualCPU=0.7690s
[t=    707.1628][TASK-COMPLETE         ] task=1890 wf=19 vm=7(reserved) actualCPU=1.1010s
[t=    708.1158][TASK-COMPLETE         ] task=1974 wf=19 vm=18(reserved) actualCPU=67.5160s
[t=    708.1158][DISPATCH              ] wf=19 task=1975 planned=vm19 BUSY -> advanced to vm=4
[t=    708.1158][DISPATCH              ] wf=19 task=1975 vm=4
[t=    708.6468][TASK-COMPLETE         ] task=1895 wf=19 vm=37(reserved) actualCPU=55.0460s
[t=    708.6468][DISPATCH              ] wf=19 task=1896 planned=vm19 BUSY -> advanced to vm=7
[t=    708.6468][DISPATCH              ] wf=19 task=1896 vm=7
[t=    708.9358][TASK-COMPLETE         ] task=1948 wf=19 vm=38(reserved) actualCPU=54.6130s
[t=    708.9358][DISPATCH              ] wf=19 task=1949 planned=vm44 BUSY -> advanced to vm=18
[t=    708.9358][DISPATCH              ] wf=19 task=1949 vm=18
[t=    709.3218][TASK-COMPLETE         ] task=1896 wf=19 vm=7(reserved) actualCPU=0.6750s
[t=    709.4318][TASK-COMPLETE         ] task=1975 wf=19 vm=4(reserved) actualCPU=1.3160s
[t=    710.3568][TASK-COMPLETE         ] task=1949 wf=19 vm=18(reserved) actualCPU=1.4210s
[t=    710.7948][TASK-COMPLETE         ] task=543 wf=5 vm=19(reserved) actualCPU=4.4850s
[t=    710.7948][DISPATCH              ] wf=5 task=564 planned=vm8 BUSY -> advanced to vm=7
[t=    710.7948][DISPATCH              ] wf=5 task=565 planned=vm44 BUSY -> advanced to vm=18
[t=    710.7948][DISPATCH              ] wf=5 task=566 -> vm=34 (planned reserved, was idle)
[t=    710.7948][DISPATCH              ] wf=5 task=567 planned=vm2 BUSY -> advanced to vm=37
[t=    710.7948][DISPATCH              ] wf=5 task=564 vm=7
[t=    710.7948][DISPATCH              ] wf=5 task=565 vm=18
[t=    710.7948][DISPATCH              ] wf=5 task=566 vm=34
[t=    710.7948][DISPATCH              ] wf=5 task=567 vm=37
[t=    711.7278][TASK-COMPLETE         ] task=722 wf=7 vm=53(on-demand) actualCPU=549.0700s cost=$0.496908
[t=    711.7888][TASK-COMPLETE         ] task=1976 wf=19 vm=3(reserved) actualCPU=71.1890s
[t=    711.7888][DISPATCH              ] wf=19 task=1977 planned=vm44 BUSY -> advanced to vm=3
[t=    711.7888][DISPATCH              ] wf=19 task=1977 vm=3
[t=    713.0258][TASK-COMPLETE         ] task=1977 wf=19 vm=3(reserved) actualCPU=1.2370s
[t=    714.2908][TASK-COMPLETE         ] task=1891 wf=19 vm=9(reserved) actualCPU=60.6900s
[t=    714.2908][DISPATCH              ] wf=19 task=1892 -> vm=19 (planned reserved, was idle)
[t=    714.2908][DISPATCH              ] wf=19 task=1892 vm=19
[t=    714.8258][TASK-COMPLETE         ] task=1892 wf=19 vm=19(reserved) actualCPU=0.5350s
[t=    716.2728][TASK-COMPLETE         ] task=566 wf=5 vm=34(reserved) actualCPU=5.4780s
[t=    716.2728][DISPATCH              ] wf=5 task=590 -> vm=33 (planned reserved, was idle)
[t=    716.2728][DISPATCH              ] wf=5 task=590 vm=33
[t=    716.3858][TASK-COMPLETE         ] task=567 wf=5 vm=37(reserved) actualCPU=5.5910s
[t=    716.3858][DISPATCH              ] wf=5 task=591 planned=vm48 BUSY -> advanced to vm=3
[t=    716.3858][DISPATCH              ] wf=5 task=591 vm=3
[t=    716.5038][TASK-COMPLETE         ] task=565 wf=5 vm=18(reserved) actualCPU=5.7090s
[t=    716.5038][DISPATCH              ] wf=5 task=589 -> vm=43 (planned reserved, was idle)
[t=    716.5038][DISPATCH              ] wf=5 task=589 vm=43
[t=    716.7828][TASK-COMPLETE         ] task=564 wf=5 vm=7(reserved) actualCPU=5.9880s
[t=    716.7828][DISPATCH              ] wf=5 task=588 -> vm=9 (planned reserved, was idle)
[t=    716.7828][DISPATCH              ] wf=5 task=588 vm=9
[t=    717.7338][TASK-COMPLETE         ] task=1131 wf=11 vm=149(on-demand) actualCPU=515.2847s cost=$0.466333
[t=    718.0508][TASK-COMPLETE         ] task=1967 wf=19 vm=29(reserved) actualCPU=27.7810s
[t=    718.0508][DISPATCH              ] wf=19 task=1968 -> vm=19 (planned reserved, was idle)
[t=    718.0508][DISPATCH              ] wf=19 task=1968 vm=19
[t=    718.5448][TASK-COMPLETE         ] task=1930 wf=19 vm=51(on-demand) actualCPU=218.5448s cost=$0.197783
[t=    718.5448][DISPATCH              ] wf=19 task=1931 planned=vm19 BUSY -> advanced to vm=7
[t=    718.5448][DISPATCH              ] wf=19 task=1933 planned=vm20 BUSY -> advanced to vm=18
[t=    718.5448][DISPATCH              ] wf=19 task=1935 planned=vm25 BUSY -> advanced to vm=29
[t=    718.5448][DISPATCH              ] wf=19 task=1937 planned=vm33 BUSY -> advanced to vm=41
[t=    718.5448][DISPATCH              ] wf=19 task=1939 planned=vm5 BUSY -> advanced to vm=45
[t=    718.5448][DISPATCH              ] wf=19 task=1941 planned=vm19 BUSY -> advanced to vm=38
[t=    718.5448][DISPATCH              ] wf=19 task=1931 vm=7
[t=    718.5448][DISPATCH              ] wf=19 task=1933 vm=18
[t=    718.5448][DISPATCH              ] wf=19 task=1935 vm=29
[t=    718.5448][DISPATCH              ] wf=19 task=1937 vm=41
[t=    718.5448][DISPATCH              ] wf=19 task=1939 vm=45
[t=    718.5448][DISPATCH              ] wf=19 task=1941 vm=38
[t=    719.3468][TASK-COMPLETE         ] task=1968 wf=19 vm=19(reserved) actualCPU=1.2960s
[t=    720.7758][TASK-COMPLETE         ] task=1957 wf=19 vm=20(reserved) actualCPU=30.5060s
[t=    720.7758][DISPATCH              ] wf=19 task=1958 -> vm=19 (planned reserved, was idle)
[t=    720.7758][DISPATCH              ] wf=19 task=1958 vm=19
[t=    722.1308][TASK-COMPLETE         ] task=1958 wf=19 vm=19(reserved) actualCPU=1.3550s
[t=    723.3378][TASK-COMPLETE         ] task=734 wf=7 vm=75(on-demand) actualCPU=561.7484s cost=$0.508382
[t=    723.3378][DISPATCH              ] wf=7 task=740 planned=vm41 BUSY -> advanced to vm=20
[t=    723.3378][DISPATCH              ] wf=7 task=740 vm=20
[t=    725.7258][TASK-COMPLETE         ] task=1125 wf=11 vm=135(on-demand) actualCPU=525.9318s cost=$0.475968
[t=    727.3948][TASK-COMPLETE         ] task=740 wf=7 vm=20(reserved) actualCPU=4.0570s
[t=    727.3948][DISPATCH              ] wf=7 task=761 -> vm=31 (planned reserved, was idle)
[t=    727.3948][DISPATCH              ] wf=7 task=762 planned=vm16 BUSY -> advanced to vm=20
[t=    727.3948][DISPATCH              ] wf=7 task=763 planned=vm35 BUSY -> advanced to vm=4
[t=    727.3948][DISPATCH              ] wf=7 task=764 planned=vm38 BUSY -> advanced to vm=19
[t=    727.3948][DISPATCH              ] wf=7 task=761 vm=31
[t=    727.3948][DISPATCH              ] wf=7 task=762 vm=20
[t=    727.3948][DISPATCH              ] wf=7 task=763 vm=4
[t=    727.3948][DISPATCH              ] wf=7 task=764 vm=19
[t=    728.7628][TASK-COMPLETE         ] task=1961 wf=19 vm=24(reserved) actualCPU=38.4930s
[t=    728.7628][DISPATCH              ] wf=19 task=1962 planned=vm19 BUSY -> advanced to vm=24
[t=    728.7628][DISPATCH              ] wf=19 task=1962 vm=24
[t=    729.5558][TASK-COMPLETE         ] task=1962 wf=19 vm=24(reserved) actualCPU=0.7930s
[t=    729.7148][TASK-COMPLETE         ] task=828 wf=8 vm=105(on-demand) actualCPU=568.0004s cost=$0.514040
[t=    731.4948][TASK-COMPLETE         ] task=717 wf=7 vm=44(reserved) actualCPU=568.9470s
[t=    731.4948][DISPATCH              ] wf=7 task=738 planned=vm19 BUSY -> advanced to vm=24
[t=    731.4948][DISPATCH              ] wf=7 task=738 vm=24
[t=    732.6008][TASK-COMPLETE         ] task=762 wf=7 vm=20(reserved) actualCPU=5.2060s
[t=    732.6008][DISPATCH              ] wf=7 task=786 planned=vm47 BUSY -> advanced to vm=20
[t=    732.6008][DISPATCH              ] wf=7 task=786 vm=20
[t=    732.9118][TASK-COMPLETE         ] task=764 wf=7 vm=19(reserved) actualCPU=5.5170s
[t=    732.9118][DISPATCH              ] wf=7 task=788 planned=vm7 BUSY -> advanced to vm=19
[t=    732.9118][DISPATCH              ] wf=7 task=788 vm=19
[t=    733.4738][TASK-COMPLETE         ] task=763 wf=7 vm=4(reserved) actualCPU=6.0790s
[t=    733.4738][DISPATCH              ] wf=7 task=787 planned=vm14 BUSY -> advanced to vm=4
[t=    733.4738][DISPATCH              ] wf=7 task=787 vm=4
[t=    733.6568][TASK-COMPLETE         ] task=761 wf=7 vm=31(reserved) actualCPU=6.2620s
[t=    733.6568][DISPATCH              ] wf=7 task=785 planned=vm2 BUSY -> advanced to vm=23
[t=    733.6568][DISPATCH              ] wf=7 task=785 vm=23
[t=    737.0438][TASK-COMPLETE         ] task=738 wf=7 vm=24(reserved) actualCPU=5.5490s
[t=    737.0438][DISPATCH              ] wf=7 task=741 planned=vm15 BUSY -> advanced to vm=24
[t=    737.0438][DISPATCH              ] wf=7 task=742 planned=vm43 BUSY -> advanced to vm=44
[t=    737.0438][DISPATCH              ] wf=7 task=743 planned=vm45 BUSY -> advanced to vm=27
[t=    737.0438][DISPATCH              ] wf=7 task=744 planned=vm30 BUSY -> advanced to vm=28
[t=    737.0438][DISPATCH              ] wf=7 task=745 planned=vm33 BUSY -> advanced to vm=31
[t=    737.0438][DISPATCH              ] wf=7 task=746 planned=vm11 BUSY -> advanced to vm=32
[t=    737.0438][DISPATCH              ] wf=7 task=747 -> vm=46 (planned reserved, was idle)
[t=    737.0438][DISPATCH              ] wf=7 task=748 planned=vm45 BUSY -> advanced to vm=34
[t=    737.0438][DISPATCH              ] wf=7 task=749 planned=vm19 BUSY -> advanced to vm=36
[t=    737.0438][DISPATCH              ] wf=7 task=750 planned=vm1 BUSY -> advanced to vm=37
[t=    737.0438][DISPATCH              ] wf=7 task=751 planned=vm9 BUSY -> advanced to vm=39
[t=    737.0438][DISPATCH              ] wf=7 task=741 vm=24
[t=    737.0438][DISPATCH              ] wf=7 task=742 vm=44
[t=    737.0438][DISPATCH              ] wf=7 task=743 vm=27
[t=    737.0438][DISPATCH              ] wf=7 task=744 vm=28
[t=    737.0438][DISPATCH              ] wf=7 task=745 vm=31
[t=    737.0438][DISPATCH              ] wf=7 task=746 vm=32
[t=    737.0438][DISPATCH              ] wf=7 task=747 vm=46
[t=    737.0438][DISPATCH              ] wf=7 task=748 vm=34
[t=    737.0438][DISPATCH              ] wf=7 task=749 vm=36
[t=    737.0438][DISPATCH              ] wf=7 task=750 vm=37
[t=    737.0438][DISPATCH              ] wf=7 task=751 vm=39
[t=    740.2398][TASK-COMPLETE         ] task=1959 wf=19 vm=25(reserved) actualCPU=49.9700s
[t=    740.2398][DISPATCH              ] wf=19 task=1960 planned=vm44 BUSY -> advanced to vm=25
[t=    740.2398][DISPATCH              ] wf=19 task=1960 vm=25
[t=    740.7568][TASK-COMPLETE         ] task=747 wf=7 vm=46(reserved) actualCPU=3.7130s
[t=    740.7568][DISPATCH              ] wf=7 task=771 planned=vm29 BUSY -> advanced to vm=40
[t=    740.7568][DISPATCH              ] wf=7 task=771 vm=40
[t=    740.9138][TASK-COMPLETE         ] task=750 wf=7 vm=37(reserved) actualCPU=3.8700s
[t=    740.9138][DISPATCH              ] wf=7 task=774 planned=vm42 BUSY -> advanced to vm=37
[t=    740.9138][DISPATCH              ] wf=7 task=774 vm=37
[t=    740.9498][TASK-COMPLETE         ] task=1965 wf=19 vm=0(reserved) actualCPU=50.6800s
[t=    740.9498][DISPATCH              ] wf=19 task=1966 planned=vm19 BUSY -> advanced to vm=0
[t=    740.9498][DISPATCH              ] wf=19 task=1966 vm=0
[t=    741.3258][TASK-COMPLETE         ] task=1960 wf=19 vm=25(reserved) actualCPU=1.0860s
[t=    741.4248][TASK-COMPLETE         ] task=1969 wf=19 vm=5(reserved) actualCPU=51.1550s
[t=    741.4248][DISPATCH              ] wf=19 task=1970 planned=vm19 BUSY -> advanced to vm=5
[t=    741.4248][DISPATCH              ] wf=19 task=1970 vm=5
[t=    741.6578][TASK-COMPLETE         ] task=745 wf=7 vm=31(reserved) actualCPU=4.6140s
[t=    741.6578][DISPATCH              ] wf=7 task=769 planned=vm44 BUSY -> advanced to vm=25
[t=    741.6578][DISPATCH              ] wf=7 task=769 vm=25
[t=    741.8238][TASK-COMPLETE         ] task=744 wf=7 vm=28(reserved) actualCPU=4.7800s
[t=    741.8238][DISPATCH              ] wf=7 task=768 planned=vm18 BUSY -> advanced to vm=28
[t=    741.8238][DISPATCH              ] wf=7 task=768 vm=28
[t=    741.9258][TASK-COMPLETE         ] task=1966 wf=19 vm=0(reserved) actualCPU=0.9760s
[t=    742.0298][TASK-COMPLETE         ] task=746 wf=7 vm=32(reserved) actualCPU=4.9860s
[t=    742.0298][DISPATCH              ] wf=7 task=770 planned=vm5 BUSY -> advanced to vm=0
[t=    742.0298][DISPATCH              ] wf=7 task=770 vm=0
[t=    742.1588][TASK-COMPLETE         ] task=1331 wf=13 vm=199(on-demand) actualCPU=514.7413s cost=$0.465841
[t=    742.2268][TASK-COMPLETE         ] task=1970 wf=19 vm=5(reserved) actualCPU=0.8020s
[t=    742.3368][TASK-COMPLETE         ] task=741 wf=7 vm=24(reserved) actualCPU=5.2930s
[t=    742.3368][TASK-COMPLETE         ] task=749 wf=7 vm=36(reserved) actualCPU=5.2930s
[t=    742.3368][DISPATCH              ] wf=7 task=765 planned=vm26 BUSY -> advanced to vm=5
[t=    742.3368][DISPATCH              ] wf=7 task=773 planned=vm15 BUSY -> advanced to vm=24
[t=    742.3368][DISPATCH              ] wf=7 task=765 vm=5
[t=    742.3368][DISPATCH              ] wf=7 task=773 vm=24
[t=    742.3628][TASK-COMPLETE         ] task=751 wf=7 vm=39(reserved) actualCPU=5.3190s
[t=    742.3628][DISPATCH              ] wf=7 task=775 planned=vm35 BUSY -> advanced to vm=31
[t=    742.3628][DISPATCH              ] wf=7 task=775 vm=31
[t=    742.5088][TASK-COMPLETE         ] task=1931 wf=19 vm=7(reserved) actualCPU=23.9640s
[t=    742.5088][DISPATCH              ] wf=19 task=1932 planned=vm19 BUSY -> advanced to vm=7
[t=    742.5088][DISPATCH              ] wf=19 task=1932 vm=7
[t=    742.5538][TASK-COMPLETE         ] task=748 wf=7 vm=34(reserved) actualCPU=5.5100s
[t=    742.5538][DISPATCH              ] wf=7 task=772 planned=vm17 BUSY -> advanced to vm=32
[t=    742.5538][DISPATCH              ] wf=7 task=772 vm=32
[t=    742.6448][TASK-COMPLETE         ] task=742 wf=7 vm=44(reserved) actualCPU=5.6010s
[t=    742.6448][DISPATCH              ] wf=7 task=766 planned=vm11 BUSY -> advanced to vm=34
[t=    742.6448][DISPATCH              ] wf=7 task=766 vm=34
[t=    743.2048][TASK-COMPLETE         ] task=1932 wf=19 vm=7(reserved) actualCPU=0.6960s
[t=    743.2298][TASK-COMPLETE         ] task=729 wf=7 vm=60(on-demand) actualCPU=582.4050s cost=$0.527077
[t=    743.2618][TASK-COMPLETE         ] task=743 wf=7 vm=27(reserved) actualCPU=6.2180s
[t=    743.2618][DISPATCH              ] wf=7 task=767 planned=vm33 BUSY -> advanced to vm=7
[t=    743.2618][DISPATCH              ] wf=7 task=767 vm=7
[t=    743.3148][TASK-COMPLETE         ] task=1933 wf=19 vm=18(reserved) actualCPU=24.7700s
[t=    743.3148][DISPATCH              ] wf=19 task=1934 planned=vm19 BUSY -> advanced to vm=18
[t=    743.3148][DISPATCH              ] wf=19 task=1934 vm=18
[t=    744.2098][TASK-COMPLETE         ] task=1934 wf=19 vm=18(reserved) actualCPU=0.8950s
[t=    749.7948][TASK-COMPLETE         ] task=1963 wf=19 vm=42(reserved) actualCPU=59.5250s
[t=    749.7948][DISPATCH              ] wf=19 task=1964 -> vm=44 (planned reserved, was idle)
[t=    749.7948][DISPATCH              ] wf=19 task=1964 vm=44
[t=    751.0748][TASK-COMPLETE         ] task=1964 wf=19 vm=44(reserved) actualCPU=1.2800s
[t=    751.3798][TASK-COMPLETE         ] task=1941 wf=19 vm=38(reserved) actualCPU=32.8350s
[t=    751.3798][DISPATCH              ] wf=19 task=1942 -> vm=44 (planned reserved, was idle)
[t=    751.3798][DISPATCH              ] wf=19 task=1942 vm=44
[t=    752.6088][TASK-COMPLETE         ] task=1942 wf=19 vm=44(reserved) actualCPU=1.2290s
[t=    755.5698][TASK-COMPLETE         ] task=1935 wf=19 vm=29(reserved) actualCPU=37.0250s
[t=    755.5698][DISPATCH              ] wf=19 task=1936 planned=vm19 BUSY -> advanced to vm=18
[t=    755.5698][DISPATCH              ] wf=19 task=1936 vm=18
[t=    756.2818][TASK-COMPLETE         ] task=1936 wf=19 vm=18(reserved) actualCPU=0.7120s
[t=    756.3248][TASK-COMPLETE         ] task=1325 wf=13 vm=178(on-demand) actualCPU=532.4227s cost=$0.481843
[t=    757.6758][TASK-COMPLETE         ] task=1114 wf=11 vm=83(on-demand) actualCPU=554.6689s cost=$0.501975
[t=    757.6758][DISPATCH              ] wf=11 task=1135 planned=vm45 BUSY -> advanced to vm=18
[t=    757.6758][DISPATCH              ] wf=11 task=1135 vm=18
[t=    760.3088][TASK-COMPLETE         ] task=520 wf=5 vm=47(reserved) actualCPU=649.8046s
[t=    760.3088][DISPATCH              ] wf=5 task=541 planned=vm8 BUSY -> advanced to vm=29
[t=    760.3088][DISPATCH              ] wf=5 task=541 vm=29
[t=    762.3928][TASK-COMPLETE         ] task=1939 wf=19 vm=45(reserved) actualCPU=43.8480s
[t=    762.3928][DISPATCH              ] wf=19 task=1940 planned=vm19 BUSY -> advanced to vm=38
[t=    762.3928][DISPATCH              ] wf=19 task=1940 vm=38
[t=    763.3608][TASK-COMPLETE         ] task=1135 wf=11 vm=18(reserved) actualCPU=5.6850s
[t=    763.3608][DISPATCH              ] wf=11 task=1138 -> vm=18 (planned reserved, was idle)
[t=    763.3608][DISPATCH              ] wf=11 task=1139 planned=vm16 BUSY -> advanced to vm=44
[t=    763.3608][DISPATCH              ] wf=11 task=1140 -> vm=45 (planned reserved, was idle)
[t=    763.3608][DISPATCH              ] wf=11 task=1141 planned=vm5 BUSY -> advanced to vm=47
[t=    763.3608][DISPATCH              ] wf=11 task=1142 planned=vm20 BUSY -> advanced to vm=27
[t=    763.3608][DISPATCH              ] wf=11 task=1143 planned=vm8 BUSY -> advanced to vm=36
[t=    763.3608][DISPATCH              ] wf=11 task=1144 planned=vm43 BUSY -> advanced to vm=39
[t=    763.3608][DISPATCH              ] wf=11 task=1145 planned=vm6 BUSY -> advanced to vm=42
[t=    763.3608][DISPATCH              ] wf=11 task=1146 planned=vm13 BUSY -> advanced to vm=46
[t=    763.3608][DISPATCH              ] wf=11 task=1147 planned=vm10 no-idle-reserved -> on-demand vm=50
[t=    763.3608][DISPATCH              ] wf=11 task=1148 planned=vm44 no-idle-reserved -> on-demand vm=51
[t=    763.3608][DISPATCH              ] wf=11 task=1138 vm=18
[t=    763.3608][DISPATCH              ] wf=11 task=1139 vm=44
[t=    763.3608][DISPATCH              ] wf=11 task=1140 vm=45
[t=    763.3608][DISPATCH              ] wf=11 task=1141 vm=47
[t=    763.3608][DISPATCH              ] wf=11 task=1142 vm=27
[t=    763.3608][DISPATCH              ] wf=11 task=1143 vm=36
[t=    763.3608][DISPATCH              ] wf=11 task=1144 vm=39
[t=    763.3608][DISPATCH              ] wf=11 task=1145 vm=42
[t=    763.3608][DISPATCH              ] wf=11 task=1146 vm=46
[t=    763.3608][DISPATCH              ] wf=11 task=1147 vm=50
[t=    763.3608][DISPATCH              ] wf=11 task=1148 vm=51
[t=    763.8168][TASK-COMPLETE         ] task=1940 wf=19 vm=38(reserved) actualCPU=1.4240s
[t=    765.5428][TASK-COMPLETE         ] task=541 wf=5 vm=29(reserved) actualCPU=5.2340s
[t=    765.5428][DISPATCH              ] wf=5 task=544 planned=vm26 BUSY -> advanced to vm=29
[t=    765.5428][DISPATCH              ] wf=5 task=545 planned=vm7 BUSY -> advanced to vm=38
[t=    765.5428][DISPATCH              ] wf=5 task=546 planned=vm0 no-idle-reserved -> on-demand vm=52
[t=    765.5428][DISPATCH              ] wf=5 task=547 planned=vm47 no-idle-reserved -> on-demand vm=53
[t=    765.5428][DISPATCH              ] wf=5 task=548 planned=vm40 no-idle-reserved -> on-demand vm=54
[t=    765.5428][DISPATCH              ] wf=5 task=549 planned=vm34 no-idle-reserved -> on-demand vm=55
[t=    765.5428][DISPATCH              ] wf=5 task=550 planned=vm28 no-idle-reserved -> on-demand vm=56
[t=    765.5428][DISPATCH              ] wf=5 task=551 planned=vm32 no-idle-reserved -> on-demand vm=57
[t=    765.5428][DISPATCH              ] wf=5 task=552 planned=vm10 no-idle-reserved -> on-demand vm=58
[t=    765.5428][DISPATCH              ] wf=5 task=553 planned=vm5 no-idle-reserved -> on-demand vm=60
[t=    765.5428][DISPATCH              ] wf=5 task=554 planned=vm11 no-idle-reserved -> on-demand vm=61
[t=    765.5428][DISPATCH              ] wf=5 task=544 vm=29
[t=    765.5428][DISPATCH              ] wf=5 task=545 vm=38
[t=    765.5428][DISPATCH              ] wf=5 task=546 vm=52
[t=    765.5428][DISPATCH              ] wf=5 task=547 vm=53
[t=    765.5428][DISPATCH              ] wf=5 task=548 vm=54
[t=    765.5428][DISPATCH              ] wf=5 task=549 vm=55
[t=    765.5428][DISPATCH              ] wf=5 task=550 vm=56
[t=    765.5428][DISPATCH              ] wf=5 task=551 vm=57
[t=    765.5428][DISPATCH              ] wf=5 task=552 vm=58
[t=    765.5428][DISPATCH              ] wf=5 task=553 vm=60
[t=    765.5428][DISPATCH              ] wf=5 task=554 vm=61
[t=    767.3668][TASK-COMPLETE         ] task=1147 wf=11 vm=50(on-demand) actualCPU=4.0060s cost=$0.003625
[t=    767.3668][DISPATCH              ] wf=11 task=1171 planned=vm28 no-idle-reserved -> on-demand vm=50
[t=    767.3668][DISPATCH              ] wf=11 task=1171 vm=50
[t=    767.7338][TASK-COMPLETE         ] task=1138 wf=11 vm=18(reserved) actualCPU=4.3730s
[t=    767.7338][DISPATCH              ] wf=11 task=1162 planned=vm46 BUSY -> advanced to vm=18
[t=    767.7338][DISPATCH              ] wf=11 task=1162 vm=18
[t=    767.9278][TASK-COMPLETE         ] task=1143 wf=11 vm=36(reserved) actualCPU=4.5670s
[t=    767.9278][DISPATCH              ] wf=11 task=1167 planned=ON-DEMAND -> vm=63 (on-demand)
[t=    767.9278][DISPATCH              ] wf=11 task=1167 vm=63
[t=    767.9958][TASK-COMPLETE         ] task=1140 wf=11 vm=45(reserved) actualCPU=4.6350s
[t=    767.9958][DISPATCH              ] wf=11 task=1164 planned=ON-DEMAND -> vm=66 (on-demand)
[t=    767.9958][DISPATCH              ] wf=11 task=1164 vm=66
[t=    768.2618][TASK-COMPLETE         ] task=1141 wf=11 vm=47(reserved) actualCPU=4.9010s
[t=    768.2618][DISPATCH              ] wf=11 task=1165 planned=ON-DEMAND -> vm=67 (on-demand)
[t=    768.2618][DISPATCH              ] wf=11 task=1165 vm=67
[t=    768.4738][TASK-COMPLETE         ] task=1148 wf=11 vm=51(on-demand) actualCPU=5.1130s cost=$0.004627
[t=    768.4738][DISPATCH              ] wf=11 task=1172 planned=ON-DEMAND -> vm=51 (on-demand)
[t=    768.4738][DISPATCH              ] wf=11 task=1172 vm=51
[t=    768.4988][TASK-COMPLETE         ] task=1145 wf=11 vm=42(reserved) actualCPU=5.1380s
[t=    768.4988][DISPATCH              ] wf=11 task=1169 planned=vm9 BUSY -> advanced to vm=47
[t=    768.4988][DISPATCH              ] wf=11 task=1169 vm=47
[t=    768.5238][TASK-COMPLETE         ] task=1142 wf=11 vm=27(reserved) actualCPU=5.1630s
[t=    768.5238][DISPATCH              ] wf=11 task=1166 planned=vm6 BUSY -> advanced to vm=27
[t=    768.5238][DISPATCH              ] wf=11 task=1166 vm=27
[t=    768.7008][TASK-COMPLETE         ] task=1146 wf=11 vm=46(reserved) actualCPU=5.3400s
[t=    768.7008][DISPATCH              ] wf=11 task=1170 planned=ON-DEMAND -> vm=69 (on-demand)
[t=    768.7008][DISPATCH              ] wf=11 task=1170 vm=69
[t=    768.9208][TASK-COMPLETE         ] task=1144 wf=11 vm=39(reserved) actualCPU=5.5600s
[t=    768.9208][DISPATCH              ] wf=11 task=1168 planned=vm13 BUSY -> advanced to vm=36
[t=    768.9208][DISPATCH              ] wf=11 task=1168 vm=36
[t=    769.1498][TASK-COMPLETE         ] task=553 wf=5 vm=60(on-demand) actualCPU=3.6070s cost=$0.003264
[t=    769.1498][DISPATCH              ] wf=5 task=577 planned=vm1 BUSY -> advanced to vm=39
[t=    769.1498][DISPATCH              ] wf=5 task=577 vm=39
[t=    769.6658][TASK-COMPLETE         ] task=1139 wf=11 vm=44(reserved) actualCPU=6.3050s
[t=    769.6658][DISPATCH              ] wf=11 task=1163 planned=ON-DEMAND -> vm=60 (on-demand)
[t=    769.6658][DISPATCH              ] wf=11 task=1163 vm=60
[t=    769.8258][TASK-COMPLETE         ] task=548 wf=5 vm=54(on-demand) actualCPU=4.2830s cost=$0.003876
[t=    769.8258][DISPATCH              ] wf=5 task=572 planned=vm36 BUSY -> advanced to vm=42
[t=    769.8258][DISPATCH              ] wf=5 task=572 vm=42
[t=    770.3718][TASK-COMPLETE         ] task=549 wf=5 vm=55(on-demand) actualCPU=4.8290s cost=$0.004370
[t=    770.3718][DISPATCH              ] wf=5 task=573 planned=vm32 BUSY -> advanced to vm=44
[t=    770.3718][DISPATCH              ] wf=5 task=573 vm=44
[t=    770.3818][TASK-COMPLETE         ] task=544 wf=5 vm=29(reserved) actualCPU=4.8390s
[t=    770.3818][DISPATCH              ] wf=5 task=568 planned=vm20 BUSY -> advanced to vm=29
[t=    770.3818][DISPATCH              ] wf=5 task=568 vm=29
[t=    770.5508][TASK-COMPLETE         ] task=547 wf=5 vm=53(on-demand) actualCPU=5.0080s cost=$0.004532
[t=    770.5508][DISPATCH              ] wf=5 task=571 -> vm=46 (planned reserved, was idle)
[t=    770.5508][DISPATCH              ] wf=5 task=571 vm=46
[t=    770.8358][TASK-COMPLETE         ] task=546 wf=5 vm=52(on-demand) actualCPU=5.2930s cost=$0.004790
[t=    770.8358][DISPATCH              ] wf=5 task=570 planned=vm38 BUSY -> advanced to vm=45
[t=    770.8358][DISPATCH              ] wf=5 task=570 vm=45
[t=    770.9468][TASK-COMPLETE         ] task=552 wf=5 vm=58(on-demand) actualCPU=5.4040s cost=$0.004891
[t=    770.9468][DISPATCH              ] wf=5 task=576 planned=vm6 no-idle-reserved -> on-demand vm=52
[t=    770.9468][DISPATCH              ] wf=5 task=576 vm=52
[t=    771.1308][TASK-COMPLETE         ] task=551 wf=5 vm=57(on-demand) actualCPU=5.5880s cost=$0.005057
[t=    771.1308][DISPATCH              ] wf=5 task=575 planned=vm30 no-idle-reserved -> on-demand vm=53
[t=    771.1308][DISPATCH              ] wf=5 task=575 vm=53
[t=    771.2718][TASK-COMPLETE         ] task=545 wf=5 vm=38(reserved) actualCPU=5.7290s
[t=    771.2718][DISPATCH              ] wf=5 task=569 planned=vm4 BUSY -> advanced to vm=38
[t=    771.2718][DISPATCH              ] wf=5 task=569 vm=38
[t=    771.3818][TASK-COMPLETE         ] task=554 wf=5 vm=61(on-demand) actualCPU=5.8390s cost=$0.005284
[t=    771.3818][DISPATCH              ] wf=5 task=578 planned=vm3 no-idle-reserved -> on-demand vm=54
[t=    771.3818][DISPATCH              ] wf=5 task=578 vm=54
[t=    771.8168][TASK-COMPLETE         ] task=550 wf=5 vm=56(on-demand) actualCPU=6.2740s cost=$0.005678
[t=    771.8168][DISPATCH              ] wf=5 task=574 planned=vm27 no-idle-reserved -> on-demand vm=55
[t=    771.8168][DISPATCH              ] wf=5 task=574 vm=55
[t=    773.7208][TASK-COMPLETE         ] task=1332 wf=13 vm=119(on-demand) actualCPU=551.6127s cost=$0.499209
[t=    780.3478][TASK-COMPLETE         ] task=531 wf=5 vm=48(reserved) actualCPU=670.7856s
[t=    784.3978][TASK-COMPLETE         ] task=1937 wf=19 vm=41(reserved) actualCPU=65.8530s
[t=    784.3978][DISPATCH              ] wf=19 task=1887 planned=vm19 BUSY -> advanced to vm=41
[t=    784.3978][DISPATCH              ] wf=19 task=1938 planned=vm44 BUSY -> advanced to vm=48
[t=    784.3978][DISPATCH              ] wf=19 task=1887 vm=41
[t=    784.3978][DISPATCH              ] wf=19 task=1938 vm=48
[t=    784.5728][TASK-COMPLETE         ] task=1134 wf=11 vm=117(on-demand) actualCPU=582.5059s cost=$0.527168
[t=    784.5728][DISPATCH              ] wf=11 task=1137 planned=vm33 no-idle-reserved -> on-demand vm=56
[t=    784.5728][DISPATCH              ] wf=11 task=1137 vm=56
[t=    785.0838][TASK-COMPLETE         ] task=1887 wf=19 vm=41(reserved) actualCPU=0.6860s
[t=    785.5188][TASK-COMPLETE         ] task=1938 wf=19 vm=48(reserved) actualCPU=1.1210s
[t=    785.5188][DISPATCH              ] wf=19 task=1886 planned=vm19 BUSY -> advanced to vm=41
[t=    785.5188][DISPATCH              ] wf=19 task=1886 vm=41
[t=    785.8738][TASK-COMPLETE         ] task=1886 wf=19 vm=41(reserved) actualCPU=0.3550s
[t=    785.8738][WF-COMPLETE           ] wf=19 completionTime=785.8738 deadline=1026.3200 -> MET
[t=    787.0958][TASK-COMPLETE         ] task=1126 wf=11 vm=140(on-demand) actualCPU=584.4737s cost=$0.528949
[t=    788.4558][TASK-COMPLETE         ] task=1137 wf=11 vm=56(on-demand) actualCPU=3.8830s cost=$0.003514
[t=    788.4558][DISPATCH              ] wf=11 task=1158 planned=vm2 BUSY -> advanced to vm=41
[t=    788.4558][DISPATCH              ] wf=11 task=1159 planned=vm27 BUSY -> advanced to vm=48
[t=    788.4558][DISPATCH              ] wf=11 task=1160 planned=vm42 no-idle-reserved -> on-demand vm=56
[t=    788.4558][DISPATCH              ] wf=11 task=1161 planned=vm34 no-idle-reserved -> on-demand vm=57
[t=    788.4558][DISPATCH              ] wf=11 task=1158 vm=41
[t=    788.4558][DISPATCH              ] wf=11 task=1159 vm=48
[t=    788.4558][DISPATCH              ] wf=11 task=1160 vm=56
[t=    788.4558][DISPATCH              ] wf=11 task=1161 vm=57
[t=    793.1338][TASK-COMPLETE         ] task=1158 wf=11 vm=41(reserved) actualCPU=4.6780s
[t=    793.1338][DISPATCH              ] wf=11 task=1182 planned=ON-DEMAND -> vm=58 (on-demand)
[t=    793.1338][DISPATCH              ] wf=11 task=1182 vm=58
[t=    793.2748][TASK-COMPLETE         ] task=1161 wf=11 vm=57(on-demand) actualCPU=4.8190s cost=$0.004361
[t=    793.2748][DISPATCH              ] wf=11 task=1185 planned=ON-DEMAND -> vm=57 (on-demand)
[t=    793.2748][DISPATCH              ] wf=11 task=1185 vm=57
[t=    793.3558][TASK-COMPLETE         ] task=1160 wf=11 vm=56(on-demand) actualCPU=4.9000s cost=$0.004434
[t=    793.3558][DISPATCH              ] wf=11 task=1184 planned=vm25 BUSY -> advanced to vm=41
[t=    793.3558][DISPATCH              ] wf=11 task=1184 vm=41
[t=    794.4298][TASK-COMPLETE         ] task=1159 wf=11 vm=48(reserved) actualCPU=5.9740s
[t=    794.4298][DISPATCH              ] wf=11 task=1183 planned=ON-DEMAND -> vm=56 (on-demand)
[t=    794.4298][DISPATCH              ] wf=11 task=1183 vm=56
[t=    796.8258][TASK-COMPLETE         ] task=1334 wf=13 vm=179(on-demand) actualCPU=572.8653s cost=$0.518443
[t=    796.8258][DISPATCH              ] wf=13 task=1337 planned=vm20 BUSY -> advanced to vm=48
[t=    796.8258][DISPATCH              ] wf=13 task=1337 vm=48
[t=    802.1868][TASK-COMPLETE         ] task=1337 wf=13 vm=48(reserved) actualCPU=5.3610s
[t=    802.1868][DISPATCH              ] wf=13 task=1358 planned=vm40 BUSY -> advanced to vm=48
[t=    802.1868][DISPATCH              ] wf=13 task=1359 planned=vm16 no-idle-reserved -> on-demand vm=61
[t=    802.1868][DISPATCH              ] wf=13 task=1360 planned=vm7 no-idle-reserved -> on-demand vm=72
[t=    802.1868][DISPATCH              ] wf=13 task=1361 planned=vm9 no-idle-reserved -> on-demand vm=75
[t=    802.1868][DISPATCH              ] wf=13 task=1358 vm=48
[t=    802.1868][DISPATCH              ] wf=13 task=1359 vm=61
[t=    802.1868][DISPATCH              ] wf=13 task=1360 vm=72
[t=    802.1868][DISPATCH              ] wf=13 task=1361 vm=75
[t=    802.6368][TASK-COMPLETE         ] task=1328 wf=13 vm=182(on-demand) actualCPU=577.4373s cost=$0.522581
[t=    805.4848][TASK-COMPLETE         ] task=534 wf=5 vm=49(reserved) actualCPU=701.9486s
[t=    805.4848][DISPATCH              ] wf=5 task=542 planned=vm11 BUSY -> advanced to vm=49
[t=    805.4848][DISPATCH              ] wf=5 task=542 vm=49
[t=    806.7848][TASK-COMPLETE         ] task=1360 wf=13 vm=72(on-demand) actualCPU=4.5980s cost=$0.004161
[t=    806.7848][DISPATCH              ] wf=13 task=1384 planned=vm23 no-idle-reserved -> on-demand vm=72
[t=    806.7848][DISPATCH              ] wf=13 task=1384 vm=72
[t=    807.0368][TASK-COMPLETE         ] task=1359 wf=13 vm=61(on-demand) actualCPU=4.8500s cost=$0.004389
[t=    807.0368][DISPATCH              ] wf=13 task=1383 planned=ON-DEMAND -> vm=61 (on-demand)
[t=    807.0368][DISPATCH              ] wf=13 task=1383 vm=61
[t=    807.0698][TASK-COMPLETE         ] task=1358 wf=13 vm=48(reserved) actualCPU=4.8830s
[t=    807.0698][DISPATCH              ] wf=13 task=1382 planned=ON-DEMAND -> vm=76 (on-demand)
[t=    807.0698][DISPATCH              ] wf=13 task=1382 vm=76
[t=    807.6028][TASK-COMPLETE         ] task=1361 wf=13 vm=75(on-demand) actualCPU=5.4160s cost=$0.004901
[t=    807.6028][DISPATCH              ] wf=13 task=1385 planned=ON-DEMAND -> vm=75 (on-demand)
[t=    807.6028][DISPATCH              ] wf=13 task=1385 vm=75
[t=    811.3368][TASK-COMPLETE         ] task=542 wf=5 vm=49(reserved) actualCPU=5.8520s
[t=    811.3368][DISPATCH              ] wf=5 task=555 planned=vm42 BUSY -> advanced to vm=48
[t=    811.3368][DISPATCH              ] wf=5 task=556 planned=vm28 BUSY -> advanced to vm=49
[t=    811.3368][DISPATCH              ] wf=5 task=557 planned=vm5 no-idle-reserved -> on-demand vm=77
[t=    811.3368][DISPATCH              ] wf=5 task=558 planned=vm18 no-idle-reserved -> on-demand vm=78
[t=    811.3368][DISPATCH              ] wf=5 task=559 planned=vm0 no-idle-reserved -> on-demand vm=79
[t=    811.3368][DISPATCH              ] wf=5 task=560 planned=vm15 no-idle-reserved -> on-demand vm=80
[t=    811.3368][DISPATCH              ] wf=5 task=561 planned=vm35 no-idle-reserved -> on-demand vm=81
[t=    811.3368][DISPATCH              ] wf=5 task=562 planned=vm45 no-idle-reserved -> on-demand vm=82
[t=    811.3368][DISPATCH              ] wf=5 task=563 planned=vm38 no-idle-reserved -> on-demand vm=83
[t=    811.3368][DISPATCH              ] wf=5 task=555 vm=48
[t=    811.3368][DISPATCH              ] wf=5 task=556 vm=49
[t=    811.3368][DISPATCH              ] wf=5 task=557 vm=77
[t=    811.3368][DISPATCH              ] wf=5 task=558 vm=78
[t=    811.3368][DISPATCH              ] wf=5 task=559 vm=79
[t=    811.3368][DISPATCH              ] wf=5 task=560 vm=80
[t=    811.3368][DISPATCH              ] wf=5 task=561 vm=81
[t=    811.3368][DISPATCH              ] wf=5 task=562 vm=82
[t=    811.3368][DISPATCH              ] wf=5 task=563 vm=83
[t=    815.0548][TASK-COMPLETE         ] task=557 wf=5 vm=77(on-demand) actualCPU=3.7180s cost=$0.003365
[t=    815.0548][DISPATCH              ] wf=5 task=581 planned=vm45 no-idle-reserved -> on-demand vm=77
[t=    815.0548][DISPATCH              ] wf=5 task=581 vm=77
[t=    815.4018][TASK-COMPLETE         ] task=555 wf=5 vm=48(reserved) actualCPU=4.0650s
[t=    815.4018][DISPATCH              ] wf=5 task=579 planned=vm41 BUSY -> advanced to vm=48
[t=    815.4018][DISPATCH              ] wf=5 task=579 vm=48
[t=    815.4498][TASK-COMPLETE         ] task=556 wf=5 vm=49(reserved) actualCPU=4.1130s
[t=    815.4498][DISPATCH              ] wf=5 task=580 planned=vm19 BUSY -> advanced to vm=49
[t=    815.4498][DISPATCH              ] wf=5 task=580 vm=49
[t=    815.8288][TASK-COMPLETE         ] task=561 wf=5 vm=81(on-demand) actualCPU=4.4920s cost=$0.004065
[t=    815.8288][DISPATCH              ] wf=5 task=585 planned=vm31 no-idle-reserved -> on-demand vm=81
[t=    815.8288][DISPATCH              ] wf=5 task=585 vm=81
[t=    816.0648][TASK-COMPLETE         ] task=559 wf=5 vm=79(on-demand) actualCPU=4.7280s cost=$0.004279
[t=    816.0648][DISPATCH              ] wf=5 task=583 planned=vm49 no-idle-reserved -> on-demand vm=79
[t=    816.0648][DISPATCH              ] wf=5 task=583 vm=79
[t=    816.1938][TASK-COMPLETE         ] task=562 wf=5 vm=82(on-demand) actualCPU=4.8570s cost=$0.004396
[t=    816.1938][DISPATCH              ] wf=5 task=586 planned=vm39 no-idle-reserved -> on-demand vm=82
[t=    816.1938][DISPATCH              ] wf=5 task=586 vm=82
[t=    816.3298][TASK-COMPLETE         ] task=728 wf=7 vm=59(on-demand) actualCPU=659.9626s cost=$0.597266
[t=    816.7498][TASK-COMPLETE         ] task=560 wf=5 vm=80(on-demand) actualCPU=5.4130s cost=$0.004899
[t=    816.7498][DISPATCH              ] wf=5 task=584 planned=vm12 no-idle-reserved -> on-demand vm=59
[t=    816.7498][DISPATCH              ] wf=5 task=584 vm=59
[t=    816.9798][TASK-COMPLETE         ] task=558 wf=5 vm=78(on-demand) actualCPU=5.6430s cost=$0.005107
[t=    816.9798][DISPATCH              ] wf=5 task=582 planned=vm16 no-idle-reserved -> on-demand vm=78
[t=    816.9798][DISPATCH              ] wf=5 task=582 vm=78
[t=    817.4468][TASK-COMPLETE         ] task=563 wf=5 vm=83(on-demand) actualCPU=6.1100s cost=$0.005530
[t=    817.4468][DISPATCH              ] wf=5 task=587 planned=vm37 no-idle-reserved -> on-demand vm=80
[t=    817.4468][DISPATCH              ] wf=5 task=587 vm=80
[t=    823.9448][TASK-COMPLETE         ] task=1326 wf=13 vm=181(on-demand) actualCPU=598.8443s cost=$0.541954
[t=    823.9448][DISPATCH              ] wf=13 task=1336 planned=vm36 no-idle-reserved -> on-demand vm=83
[t=    823.9448][DISPATCH              ] wf=13 task=1336 vm=83
[t=    830.2098][TASK-COMPLETE         ] task=1336 wf=13 vm=83(on-demand) actualCPU=6.2650s cost=$0.005670
[t=    830.2098][DISPATCH              ] wf=13 task=1349 planned=vm47 no-idle-reserved -> on-demand vm=83
[t=    830.2098][DISPATCH              ] wf=13 task=1350 planned=vm30 no-idle-reserved -> on-demand vm=84
[t=    830.2098][DISPATCH              ] wf=13 task=1351 planned=vm32 no-idle-reserved -> on-demand vm=85
[t=    830.2098][DISPATCH              ] wf=13 task=1352 planned=vm8 no-idle-reserved -> on-demand vm=86
[t=    830.2098][DISPATCH              ] wf=13 task=1353 planned=vm15 no-idle-reserved -> on-demand vm=87
[t=    830.2098][DISPATCH              ] wf=13 task=1354 planned=vm42 no-idle-reserved -> on-demand vm=88
[t=    830.2098][DISPATCH              ] wf=13 task=1355 planned=vm31 no-idle-reserved -> on-demand vm=89
[t=    830.2098][DISPATCH              ] wf=13 task=1356 planned=vm49 no-idle-reserved -> on-demand vm=90
[t=    830.2098][DISPATCH              ] wf=13 task=1357 planned=vm33 no-idle-reserved -> on-demand vm=91
[t=    830.2098][DISPATCH              ] wf=13 task=1349 vm=83
[t=    830.2098][DISPATCH              ] wf=13 task=1350 vm=84
[t=    830.2098][DISPATCH              ] wf=13 task=1351 vm=85
[t=    830.2098][DISPATCH              ] wf=13 task=1352 vm=86
[t=    830.2098][DISPATCH              ] wf=13 task=1353 vm=87
[t=    830.2098][DISPATCH              ] wf=13 task=1354 vm=88
[t=    830.2098][DISPATCH              ] wf=13 task=1355 vm=89
[t=    830.2098][DISPATCH              ] wf=13 task=1356 vm=90
[t=    830.2098][DISPATCH              ] wf=13 task=1357 vm=91
[t=    833.3158][TASK-COMPLETE         ] task=834 wf=8 vm=111(on-demand) actualCPU=670.4494s cost=$0.606757
[t=    833.3158][DISPATCH              ] wf=8 task=840 planned=vm0 no-idle-reserved -> on-demand vm=92
[t=    833.3158][DISPATCH              ] wf=8 task=840 vm=92
[t=    833.6738][TASK-COMPLETE         ] task=1350 wf=13 vm=84(on-demand) actualCPU=3.4640s cost=$0.003135
[t=    833.6738][DISPATCH              ] wf=13 task=1374 planned=ON-DEMAND -> vm=84 (on-demand)
[t=    833.6738][DISPATCH              ] wf=13 task=1374 vm=84
[t=    834.2958][TASK-COMPLETE         ] task=1351 wf=13 vm=85(on-demand) actualCPU=4.0860s cost=$0.003698
[t=    834.2958][DISPATCH              ] wf=13 task=1375 planned=ON-DEMAND -> vm=85 (on-demand)
[t=    834.2958][DISPATCH              ] wf=13 task=1375 vm=85
[t=    834.7128][TASK-COMPLETE         ] task=1356 wf=13 vm=90(on-demand) actualCPU=4.5030s cost=$0.004075
[t=    834.7128][DISPATCH              ] wf=13 task=1380 planned=ON-DEMAND -> vm=90 (on-demand)
[t=    834.7128][DISPATCH              ] wf=13 task=1380 vm=90
[t=    834.8928][TASK-COMPLETE         ] task=1353 wf=13 vm=87(on-demand) actualCPU=4.6830s cost=$0.004238
[t=    834.8928][DISPATCH              ] wf=13 task=1377 planned=ON-DEMAND -> vm=87 (on-demand)
[t=    834.8928][DISPATCH              ] wf=13 task=1377 vm=87
[t=    834.9268][TASK-COMPLETE         ] task=1352 wf=13 vm=86(on-demand) actualCPU=4.7170s cost=$0.004269
[t=    834.9268][DISPATCH              ] wf=13 task=1376 planned=ON-DEMAND -> vm=86 (on-demand)
[t=    834.9268][DISPATCH              ] wf=13 task=1376 vm=86
[t=    835.3068][TASK-COMPLETE         ] task=1357 wf=13 vm=91(on-demand) actualCPU=5.0970s cost=$0.004613
[t=    835.3068][DISPATCH              ] wf=13 task=1381 planned=ON-DEMAND -> vm=91 (on-demand)
[t=    835.3068][DISPATCH              ] wf=13 task=1381 vm=91
[t=    835.5968][TASK-COMPLETE         ] task=1355 wf=13 vm=89(on-demand) actualCPU=5.3870s cost=$0.004875
[t=    835.5968][DISPATCH              ] wf=13 task=1379 planned=ON-DEMAND -> vm=89 (on-demand)
[t=    835.5968][DISPATCH              ] wf=13 task=1379 vm=89
[t=    835.6798][TASK-COMPLETE         ] task=1354 wf=13 vm=88(on-demand) actualCPU=5.4700s cost=$0.004950
[t=    835.6798][DISPATCH              ] wf=13 task=1378 planned=ON-DEMAND -> vm=88 (on-demand)
[t=    835.6798][DISPATCH              ] wf=13 task=1378 vm=88
[t=    835.7758][TASK-COMPLETE         ] task=1349 wf=13 vm=83(on-demand) actualCPU=5.5660s cost=$0.005037
[t=    835.7758][DISPATCH              ] wf=13 task=1373 planned=ON-DEMAND -> vm=83 (on-demand)
[t=    835.7758][DISPATCH              ] wf=13 task=1373 vm=83
[t=    838.4388][TASK-COMPLETE         ] task=840 wf=8 vm=92(on-demand) actualCPU=5.1230s cost=$0.004636
[t=    838.4388][DISPATCH              ] wf=8 task=861 planned=vm5 no-idle-reserved -> on-demand vm=92
[t=    838.4388][DISPATCH              ] wf=8 task=862 planned=vm38 no-idle-reserved -> on-demand vm=94
[t=    838.4388][DISPATCH              ] wf=8 task=863 planned=vm34 no-idle-reserved -> on-demand vm=95
[t=    838.4388][DISPATCH              ] wf=8 task=864 planned=vm11 no-idle-reserved -> on-demand vm=98
[t=    838.4388][DISPATCH              ] wf=8 task=861 vm=92
[t=    838.4388][DISPATCH              ] wf=8 task=862 vm=94
[t=    838.4388][DISPATCH              ] wf=8 task=863 vm=95
[t=    838.4388][DISPATCH              ] wf=8 task=864 vm=98
[t=    842.7278][TASK-COMPLETE         ] task=864 wf=8 vm=98(on-demand) actualCPU=4.2890s cost=$0.003882
[t=    842.7278][DISPATCH              ] wf=8 task=888 planned=vm35 no-idle-reserved -> on-demand vm=98
[t=    842.7278][DISPATCH              ] wf=8 task=888 vm=98
[t=    843.0038][TASK-COMPLETE         ] task=862 wf=8 vm=94(on-demand) actualCPU=4.5650s cost=$0.004131
[t=    843.0038][DISPATCH              ] wf=8 task=886 planned=vm11 no-idle-reserved -> on-demand vm=94
[t=    843.0038][DISPATCH              ] wf=8 task=886 vm=94
[t=    843.7868][TASK-COMPLETE         ] task=863 wf=8 vm=95(on-demand) actualCPU=5.3480s cost=$0.004840
[t=    843.7868][DISPATCH              ] wf=8 task=887 planned=vm13 no-idle-reserved -> on-demand vm=95
[t=    843.7868][DISPATCH              ] wf=8 task=887 vm=95
[t=    843.8108][TASK-COMPLETE         ] task=861 wf=8 vm=92(on-demand) actualCPU=5.3720s cost=$0.004862
[t=    843.8108][DISPATCH              ] wf=8 task=885 planned=vm45 no-idle-reserved -> on-demand vm=92
[t=    843.8108][DISPATCH              ] wf=8 task=885 vm=92
[t=    893.0848][TASK-COMPLETE         ] task=1314 wf=13 vm=170(on-demand) actualCPU=664.1383s cost=$0.601045
[t=    893.0848][DISPATCH              ] wf=13 task=1335 planned=vm39 no-idle-reserved -> on-demand vm=100
[t=    893.0848][DISPATCH              ] wf=13 task=1335 vm=100
[t=    898.7898][TASK-COMPLETE         ] task=1335 wf=13 vm=100(on-demand) actualCPU=5.7050s cost=$0.005163
[t=    898.7898][DISPATCH              ] wf=13 task=1338 planned=vm2 no-idle-reserved -> on-demand vm=100
[t=    898.7898][DISPATCH              ] wf=13 task=1339 planned=vm38 no-idle-reserved -> on-demand vm=101
[t=    898.7898][DISPATCH              ] wf=13 task=1340 planned=vm27 no-idle-reserved -> on-demand vm=102
[t=    898.7898][DISPATCH              ] wf=13 task=1341 planned=vm35 no-idle-reserved -> on-demand vm=103
[t=    898.7898][DISPATCH              ] wf=13 task=1342 planned=vm26 no-idle-reserved -> on-demand vm=104
[t=    898.7898][DISPATCH              ] wf=13 task=1343 planned=vm1 no-idle-reserved -> on-demand vm=105
[t=    898.7898][DISPATCH              ] wf=13 task=1344 planned=vm46 no-idle-reserved -> on-demand vm=106
[t=    898.7898][DISPATCH              ] wf=13 task=1345 planned=vm10 no-idle-reserved -> on-demand vm=107
[t=    898.7898][DISPATCH              ] wf=13 task=1346 planned=vm0 no-idle-reserved -> on-demand vm=109
[t=    898.7898][DISPATCH              ] wf=13 task=1347 planned=vm41 no-idle-reserved -> on-demand vm=110
[t=    898.7898][DISPATCH              ] wf=13 task=1348 planned=vm18 no-idle-reserved -> on-demand vm=111
[t=    898.7898][DISPATCH              ] wf=13 task=1338 vm=100
[t=    898.7898][DISPATCH              ] wf=13 task=1339 vm=101
[t=    898.7898][DISPATCH              ] wf=13 task=1340 vm=102
[t=    898.7898][DISPATCH              ] wf=13 task=1341 vm=103
[t=    898.7898][DISPATCH              ] wf=13 task=1342 vm=104
[t=    898.7898][DISPATCH              ] wf=13 task=1343 vm=105
[t=    898.7898][DISPATCH              ] wf=13 task=1344 vm=106
[t=    898.7898][DISPATCH              ] wf=13 task=1345 vm=107
[t=    898.7898][DISPATCH              ] wf=13 task=1346 vm=109
[t=    898.7898][DISPATCH              ] wf=13 task=1347 vm=110
[t=    898.7898][DISPATCH              ] wf=13 task=1348 vm=111
[t=    902.9088][TASK-COMPLETE         ] task=1343 wf=13 vm=105(on-demand) actualCPU=4.1190s cost=$0.003728
[t=    902.9088][DISPATCH              ] wf=13 task=1367 planned=ON-DEMAND -> vm=105 (on-demand)
[t=    902.9088][DISPATCH              ] wf=13 task=1367 vm=105
[t=    903.3038][TASK-COMPLETE         ] task=1342 wf=13 vm=104(on-demand) actualCPU=4.5140s cost=$0.004085
[t=    903.3038][DISPATCH              ] wf=13 task=1366 planned=ON-DEMAND -> vm=104 (on-demand)
[t=    903.3038][DISPATCH              ] wf=13 task=1366 vm=104
[t=    903.5438][TASK-COMPLETE         ] task=1347 wf=13 vm=110(on-demand) actualCPU=4.7540s cost=$0.004302
[t=    903.5438][DISPATCH              ] wf=13 task=1371 planned=ON-DEMAND -> vm=110 (on-demand)
[t=    903.5438][DISPATCH              ] wf=13 task=1371 vm=110
[t=    903.6988][TASK-COMPLETE         ] task=1338 wf=13 vm=100(on-demand) actualCPU=4.9090s cost=$0.004443
[t=    903.6988][DISPATCH              ] wf=13 task=1362 planned=ON-DEMAND -> vm=100 (on-demand)
[t=    903.6988][DISPATCH              ] wf=13 task=1362 vm=100
[t=    903.8618][TASK-COMPLETE         ] task=1345 wf=13 vm=107(on-demand) actualCPU=5.0720s cost=$0.004590
[t=    903.8618][DISPATCH              ] wf=13 task=1369 planned=vm17 no-idle-reserved -> on-demand vm=107
[t=    903.8618][DISPATCH              ] wf=13 task=1369 vm=107
[t=    904.0608][TASK-COMPLETE         ] task=1340 wf=13 vm=102(on-demand) actualCPU=5.2710s cost=$0.004770
[t=    904.0608][DISPATCH              ] wf=13 task=1364 planned=ON-DEMAND -> vm=102 (on-demand)
[t=    904.0608][DISPATCH              ] wf=13 task=1364 vm=102
[t=    904.1568][TASK-COMPLETE         ] task=1344 wf=13 vm=106(on-demand) actualCPU=5.3670s cost=$0.004857
[t=    904.1568][DISPATCH              ] wf=13 task=1368 planned=vm35 no-idle-reserved -> on-demand vm=106
[t=    904.1568][DISPATCH              ] wf=13 task=1368 vm=106
[t=    904.3738][TASK-COMPLETE         ] task=1346 wf=13 vm=109(on-demand) actualCPU=5.5840s cost=$0.005054
[t=    904.3738][DISPATCH              ] wf=13 task=1370 planned=ON-DEMAND -> vm=109 (on-demand)
[t=    904.3738][DISPATCH              ] wf=13 task=1370 vm=109
[t=    904.4658][TASK-COMPLETE         ] task=1341 wf=13 vm=103(on-demand) actualCPU=5.6760s cost=$0.005137
[t=    904.4658][DISPATCH              ] wf=13 task=1365 planned=ON-DEMAND -> vm=103 (on-demand)
[t=    904.4658][DISPATCH              ] wf=13 task=1365 vm=103
[t=    904.8668][TASK-COMPLETE         ] task=1348 wf=13 vm=111(on-demand) actualCPU=6.0770s cost=$0.005500
[t=    904.8668][DISPATCH              ] wf=13 task=1372 planned=ON-DEMAND -> vm=111 (on-demand)
[t=    904.8668][DISPATCH              ] wf=13 task=1372 vm=111
[t=    905.1978][TASK-COMPLETE         ] task=1339 wf=13 vm=101(on-demand) actualCPU=6.4080s cost=$0.005799
[t=    905.1978][DISPATCH              ] wf=13 task=1363 planned=ON-DEMAND -> vm=101 (on-demand)
[t=    905.1978][DISPATCH              ] wf=13 task=1363 vm=101
[t=    909.0198][TASK-COMPLETE         ] task=1128 wf=11 vm=146(on-demand) actualCPU=706.2447s cost=$0.639151
[t=    909.0198][DISPATCH              ] wf=11 task=1136 planned=vm28 no-idle-reserved -> on-demand vm=112
[t=    909.0198][DISPATCH              ] wf=11 task=1136 vm=112
[t=    913.9908][TASK-COMPLETE         ] task=1136 wf=11 vm=112(on-demand) actualCPU=4.9710s cost=$0.004499
[t=    913.9908][DISPATCH              ] wf=11 task=1149 planned=vm0 no-idle-reserved -> on-demand vm=112
[t=    913.9908][DISPATCH              ] wf=11 task=1150 planned=vm11 no-idle-reserved -> on-demand vm=113
[t=    913.9908][DISPATCH              ] wf=11 task=1151 planned=vm0 no-idle-reserved -> on-demand vm=114
[t=    913.9908][DISPATCH              ] wf=11 task=1152 planned=vm48 no-idle-reserved -> on-demand vm=115
[t=    913.9908][DISPATCH              ] wf=11 task=1153 planned=vm36 no-idle-reserved -> on-demand vm=116
[t=    913.9908][DISPATCH              ] wf=11 task=1154 planned=vm47 no-idle-reserved -> on-demand vm=117
[t=    913.9908][DISPATCH              ] wf=11 task=1155 planned=vm32 no-idle-reserved -> on-demand vm=118
[t=    913.9908][DISPATCH              ] wf=11 task=1156 planned=vm4 no-idle-reserved -> on-demand vm=119
[t=    913.9908][DISPATCH              ] wf=11 task=1157 planned=vm26 no-idle-reserved -> on-demand vm=120
[t=    913.9908][DISPATCH              ] wf=11 task=1149 vm=112
[t=    913.9908][DISPATCH              ] wf=11 task=1150 vm=113
[t=    913.9908][DISPATCH              ] wf=11 task=1151 vm=114
[t=    913.9908][DISPATCH              ] wf=11 task=1152 vm=115
[t=    913.9908][DISPATCH              ] wf=11 task=1153 vm=116
[t=    913.9908][DISPATCH              ] wf=11 task=1154 vm=117
[t=    913.9908][DISPATCH              ] wf=11 task=1155 vm=118
[t=    913.9908][DISPATCH              ] wf=11 task=1156 vm=119
[t=    913.9908][DISPATCH              ] wf=11 task=1157 vm=120
[t=    917.9488][TASK-COMPLETE         ] task=1153 wf=11 vm=116(on-demand) actualCPU=3.9580s cost=$0.003582
[t=    917.9488][DISPATCH              ] wf=11 task=1177 planned=vm29 no-idle-reserved -> on-demand vm=116
[t=    917.9488][DISPATCH              ] wf=11 task=1177 vm=116
[t=    918.3918][TASK-COMPLETE         ] task=1155 wf=11 vm=118(on-demand) actualCPU=4.4010s cost=$0.003983
[t=    918.3918][DISPATCH              ] wf=11 task=1179 planned=ON-DEMAND -> vm=118 (on-demand)
[t=    918.3918][DISPATCH              ] wf=11 task=1179 vm=118
[t=    918.6118][TASK-COMPLETE         ] task=1150 wf=11 vm=113(on-demand) actualCPU=4.6210s cost=$0.004182
[t=    918.6118][DISPATCH              ] wf=11 task=1174 planned=ON-DEMAND -> vm=113 (on-demand)
[t=    918.6118][DISPATCH              ] wf=11 task=1174 vm=113
[t=    918.6658][TASK-COMPLETE         ] task=1151 wf=11 vm=114(on-demand) actualCPU=4.6750s cost=$0.004231
[t=    918.6658][DISPATCH              ] wf=11 task=1175 planned=ON-DEMAND -> vm=114 (on-demand)
[t=    918.6658][DISPATCH              ] wf=11 task=1175 vm=114
[t=    918.6808][TASK-COMPLETE         ] task=1149 wf=11 vm=112(on-demand) actualCPU=4.6900s cost=$0.004244
[t=    918.6808][DISPATCH              ] wf=11 task=1173 planned=ON-DEMAND -> vm=112 (on-demand)
[t=    918.6808][DISPATCH              ] wf=11 task=1173 vm=112
[t=    918.7758][TASK-COMPLETE         ] task=1154 wf=11 vm=117(on-demand) actualCPU=4.7850s cost=$0.004330
[t=    918.7758][DISPATCH              ] wf=11 task=1178 planned=ON-DEMAND -> vm=117 (on-demand)
[t=    918.7758][DISPATCH              ] wf=11 task=1178 vm=117
[t=    919.2258][TASK-COMPLETE         ] task=1152 wf=11 vm=115(on-demand) actualCPU=5.2350s cost=$0.004738
[t=    919.2258][DISPATCH              ] wf=11 task=1176 planned=ON-DEMAND -> vm=115 (on-demand)
[t=    919.2258][DISPATCH              ] wf=11 task=1176 vm=115
[t=    919.4668][TASK-COMPLETE         ] task=1156 wf=11 vm=119(on-demand) actualCPU=5.4760s cost=$0.004956
[t=    919.4668][DISPATCH              ] wf=11 task=1180 planned=vm1 no-idle-reserved -> on-demand vm=119
[t=    919.4668][DISPATCH              ] wf=11 task=1180 vm=119
[t=    919.8438][TASK-COMPLETE         ] task=1157 wf=11 vm=120(on-demand) actualCPU=5.8530s cost=$0.005297
[t=    919.8438][DISPATCH              ] wf=11 task=1181 planned=vm30 no-idle-reserved -> on-demand vm=120
[t=    919.8438][DISPATCH              ] wf=11 task=1181 vm=120
[t=    928.4628][TASK-COMPLETE         ] task=731 wf=7 vm=62(on-demand) actualCPU=768.6271s cost=$0.695608
[t=    928.4628][DISPATCH              ] wf=7 task=739 planned=vm32 no-idle-reserved -> on-demand vm=62
[t=    928.4628][DISPATCH              ] wf=7 task=739 vm=62
[t=    930.3938][TASK-COMPLETE         ] task=831 wf=8 vm=108(on-demand) actualCPU=767.4174s cost=$0.694513
[t=    930.3938][DISPATCH              ] wf=8 task=839 planned=vm5 no-idle-reserved -> on-demand vm=108
[t=    930.3938][DISPATCH              ] wf=8 task=839 vm=108
[t=    934.7658][TASK-COMPLETE         ] task=739 wf=7 vm=62(on-demand) actualCPU=6.3030s cost=$0.005704
[t=    934.7658][DISPATCH              ] wf=7 task=752 planned=vm37 no-idle-reserved -> on-demand vm=62
[t=    934.7658][DISPATCH              ] wf=7 task=753 planned=vm5 no-idle-reserved -> on-demand vm=121
[t=    934.7658][DISPATCH              ] wf=7 task=754 planned=vm28 no-idle-reserved -> on-demand vm=123
[t=    934.7658][DISPATCH              ] wf=7 task=755 planned=vm39 no-idle-reserved -> on-demand vm=124
[t=    934.7658][DISPATCH              ] wf=7 task=756 planned=vm37 no-idle-reserved -> on-demand vm=126
[t=    934.7658][DISPATCH              ] wf=7 task=757 planned=vm28 no-idle-reserved -> on-demand vm=127
[t=    934.7658][DISPATCH              ] wf=7 task=758 planned=vm13 no-idle-reserved -> on-demand vm=128
[t=    934.7658][DISPATCH              ] wf=7 task=759 planned=vm39 no-idle-reserved -> on-demand vm=129
[t=    934.7658][DISPATCH              ] wf=7 task=760 planned=vm3 no-idle-reserved -> on-demand vm=130
[t=    934.7658][DISPATCH              ] wf=7 task=752 vm=62
[t=    934.7658][DISPATCH              ] wf=7 task=753 vm=121
[t=    934.7658][DISPATCH              ] wf=7 task=754 vm=123
[t=    934.7658][DISPATCH              ] wf=7 task=755 vm=124
[t=    934.7658][DISPATCH              ] wf=7 task=756 vm=126
[t=    934.7658][DISPATCH              ] wf=7 task=757 vm=127
[t=    934.7658][DISPATCH              ] wf=7 task=758 vm=128
[t=    934.7658][DISPATCH              ] wf=7 task=759 vm=129
[t=    934.7658][DISPATCH              ] wf=7 task=760 vm=130
[t=    935.9188][TASK-COMPLETE         ] task=839 wf=8 vm=108(on-demand) actualCPU=5.5250s cost=$0.005000
[t=    935.9188][DISPATCH              ] wf=8 task=852 planned=vm8 no-idle-reserved -> on-demand vm=108
[t=    935.9188][DISPATCH              ] wf=8 task=853 planned=vm8 no-idle-reserved -> on-demand vm=131
[t=    935.9188][DISPATCH              ] wf=8 task=854 planned=vm45 no-idle-reserved -> on-demand vm=132
[t=    935.9188][DISPATCH              ] wf=8 task=855 planned=vm32 no-idle-reserved -> on-demand vm=133
[t=    935.9188][DISPATCH              ] wf=8 task=856 planned=vm38 no-idle-reserved -> on-demand vm=134
[t=    935.9188][DISPATCH              ] wf=8 task=857 planned=vm34 no-idle-reserved -> on-demand vm=135
[t=    935.9188][DISPATCH              ] wf=8 task=858 planned=vm45 no-idle-reserved -> on-demand vm=136
[t=    935.9188][DISPATCH              ] wf=8 task=859 planned=vm5 no-idle-reserved -> on-demand vm=137
[t=    935.9188][DISPATCH              ] wf=8 task=860 planned=vm0 no-idle-reserved -> on-demand vm=138
[t=    935.9188][DISPATCH              ] wf=8 task=852 vm=108
[t=    935.9188][DISPATCH              ] wf=8 task=853 vm=131
[t=    935.9188][DISPATCH              ] wf=8 task=854 vm=132
[t=    935.9188][DISPATCH              ] wf=8 task=855 vm=133
[t=    935.9188][DISPATCH              ] wf=8 task=856 vm=134
[t=    935.9188][DISPATCH              ] wf=8 task=857 vm=135
[t=    935.9188][DISPATCH              ] wf=8 task=858 vm=136
[t=    935.9188][DISPATCH              ] wf=8 task=859 vm=137
[t=    935.9188][DISPATCH              ] wf=8 task=860 vm=138
[t=    938.5278][TASK-COMPLETE         ] task=758 wf=7 vm=128(on-demand) actualCPU=3.7620s cost=$0.003405
[t=    938.5278][DISPATCH              ] wf=7 task=782 planned=vm29 no-idle-reserved -> on-demand vm=128
[t=    938.5278][DISPATCH              ] wf=7 task=782 vm=128
[t=    938.9548][TASK-COMPLETE         ] task=759 wf=7 vm=129(on-demand) actualCPU=4.1890s cost=$0.003791
[t=    938.9548][DISPATCH              ] wf=7 task=783 planned=vm24 no-idle-reserved -> on-demand vm=129
[t=    938.9548][DISPATCH              ] wf=7 task=783 vm=129
[t=    939.0638][TASK-COMPLETE         ] task=754 wf=7 vm=123(on-demand) actualCPU=4.2980s cost=$0.003890
[t=    939.0638][DISPATCH              ] wf=7 task=778 planned=vm37 no-idle-reserved -> on-demand vm=123
[t=    939.0638][DISPATCH              ] wf=7 task=778 vm=123
[t=    939.2648][TASK-COMPLETE         ] task=753 wf=7 vm=121(on-demand) actualCPU=4.4990s cost=$0.004072
[t=    939.2648][DISPATCH              ] wf=7 task=777 planned=vm22 no-idle-reserved -> on-demand vm=121
[t=    939.2648][DISPATCH              ] wf=7 task=777 vm=121
[t=    939.3128][TASK-COMPLETE         ] task=752 wf=7 vm=62(on-demand) actualCPU=4.5470s cost=$0.004115
[t=    939.3128][DISPATCH              ] wf=7 task=776 planned=vm0 no-idle-reserved -> on-demand vm=62
[t=    939.3128][DISPATCH              ] wf=7 task=776 vm=62
[t=    939.7028][TASK-COMPLETE         ] task=760 wf=7 vm=130(on-demand) actualCPU=4.9370s cost=$0.004468
[t=    939.7028][DISPATCH              ] wf=7 task=784 planned=vm40 no-idle-reserved -> on-demand vm=130
[t=    939.7028][DISPATCH              ] wf=7 task=784 vm=130
[t=    939.7798][TASK-COMPLETE         ] task=756 wf=7 vm=126(on-demand) actualCPU=5.0140s cost=$0.004538
[t=    939.7798][DISPATCH              ] wf=7 task=780 planned=vm22 no-idle-reserved -> on-demand vm=126
[t=    939.7798][DISPATCH              ] wf=7 task=780 vm=126
[t=    940.1108][TASK-COMPLETE         ] task=757 wf=7 vm=127(on-demand) actualCPU=5.3450s cost=$0.004837
[t=    940.1108][DISPATCH              ] wf=7 task=781 planned=vm10 no-idle-reserved -> on-demand vm=127
[t=    940.1108][DISPATCH              ] wf=7 task=781 vm=127
[t=    940.4248][TASK-COMPLETE         ] task=854 wf=8 vm=132(on-demand) actualCPU=4.5060s cost=$0.004078
[t=    940.4248][DISPATCH              ] wf=8 task=878 planned=vm33 no-idle-reserved -> on-demand vm=132
[t=    940.4248][DISPATCH              ] wf=8 task=878 vm=132
[t=    940.5408][TASK-COMPLETE         ] task=856 wf=8 vm=134(on-demand) actualCPU=4.6220s cost=$0.004183
[t=    940.5408][DISPATCH              ] wf=8 task=880 planned=vm28 no-idle-reserved -> on-demand vm=134
[t=    940.5408][DISPATCH              ] wf=8 task=880 vm=134
[t=    940.5638][TASK-COMPLETE         ] task=755 wf=7 vm=124(on-demand) actualCPU=5.7980s cost=$0.005247
[t=    940.5638][DISPATCH              ] wf=7 task=779 planned=vm8 no-idle-reserved -> on-demand vm=124
[t=    940.5638][DISPATCH              ] wf=7 task=779 vm=124
[t=    940.6918][TASK-COMPLETE         ] task=859 wf=8 vm=137(on-demand) actualCPU=4.7730s cost=$0.004320
[t=    940.6918][DISPATCH              ] wf=8 task=883 planned=vm19 no-idle-reserved -> on-demand vm=137
[t=    940.6918][DISPATCH              ] wf=8 task=883 vm=137
[t=    940.8078][TASK-COMPLETE         ] task=853 wf=8 vm=131(on-demand) actualCPU=4.8890s cost=$0.004425
[t=    940.8078][DISPATCH              ] wf=8 task=877 planned=vm15 no-idle-reserved -> on-demand vm=131
[t=    940.8078][DISPATCH              ] wf=8 task=877 vm=131
[t=    940.8538][TASK-COMPLETE         ] task=852 wf=8 vm=108(on-demand) actualCPU=4.9350s cost=$0.004466
[t=    940.8538][TASK-COMPLETE         ] task=858 wf=8 vm=136(on-demand) actualCPU=4.9350s cost=$0.004466
[t=    940.8538][DISPATCH              ] wf=8 task=876 planned=vm31 no-idle-reserved -> on-demand vm=108
[t=    940.8538][DISPATCH              ] wf=8 task=882 planned=vm22 no-idle-reserved -> on-demand vm=136
[t=    940.8538][DISPATCH              ] wf=8 task=876 vm=108
[t=    940.8538][DISPATCH              ] wf=8 task=882 vm=136
[t=    941.2858][TASK-COMPLETE         ] task=857 wf=8 vm=135(on-demand) actualCPU=5.3670s cost=$0.004857
[t=    941.2858][DISPATCH              ] wf=8 task=881 planned=vm14 no-idle-reserved -> on-demand vm=135
[t=    941.2858][DISPATCH              ] wf=8 task=881 vm=135
[t=    941.3958][TASK-COMPLETE         ] task=860 wf=8 vm=138(on-demand) actualCPU=5.4770s cost=$0.004957
[t=    941.3958][DISPATCH              ] wf=8 task=884 planned=vm16 no-idle-reserved -> on-demand vm=138
[t=    941.3958][DISPATCH              ] wf=8 task=884 vm=138
[t=    941.9558][TASK-COMPLETE         ] task=855 wf=8 vm=133(on-demand) actualCPU=6.0370s cost=$0.005463
[t=    941.9558][DISPATCH              ] wf=8 task=879 planned=vm13 no-idle-reserved -> on-demand vm=133
[t=    941.9558][DISPATCH              ] wf=8 task=879 vm=133
[t=    963.6288][TASK-COMPLETE         ] task=874 wf=8 vm=30(reserved) actualCPU=265.1600s
[t=    976.4208][TASK-COMPLETE         ] task=872 wf=8 vm=6(reserved) actualCPU=276.4870s
[t=    990.4328][TASK-COMPLETE         ] task=590 wf=5 vm=33(reserved) actualCPU=274.1600s
[t=   1003.7738][TASK-COMPLETE         ] task=787 wf=7 vm=4(reserved) actualCPU=270.3000s
[t=   1012.8168][TASK-COMPLETE         ] task=871 wf=8 vm=21(reserved) actualCPU=312.9270s
[t=   1023.2878][TASK-COMPLETE         ] task=574 wf=5 vm=55(on-demand) actualCPU=251.4710s cost=$0.227581
[t=   1030.7158][TASK-COMPLETE         ] task=575 wf=5 vm=53(on-demand) actualCPU=259.5850s cost=$0.234924
[t=   1052.0958][TASK-COMPLETE         ] task=869 wf=8 vm=8(reserved) actualCPU=353.5950s
[t=   1054.1828][TASK-COMPLETE         ] task=1184 wf=11 vm=41(reserved) actualCPU=260.8270s
[t=   1055.5008][TASK-COMPLETE         ] task=772 wf=7 vm=32(reserved) actualCPU=312.9470s
[t=   1058.4188][TASK-COMPLETE         ] task=1384 wf=13 vm=72(on-demand) actualCPU=251.6340s cost=$0.227729
[t=   1061.5098][TASK-COMPLETE         ] task=1169 wf=11 vm=47(reserved) actualCPU=293.0110s
[t=   1062.2438][TASK-COMPLETE         ] task=887 wf=8 vm=95(on-demand) actualCPU=218.4570s cost=$0.197704
[t=   1064.4798][TASK-COMPLETE         ] task=875 wf=8 vm=11(reserved) actualCPU=365.1300s
[t=   1076.8088][TASK-COMPLETE         ] task=771 wf=7 vm=40(reserved) actualCPU=336.0520s
[t=   1081.1468][TASK-COMPLETE         ] task=774 wf=7 vm=37(reserved) actualCPU=340.2330s
[t=   1107.2768][TASK-COMPLETE         ] task=1168 wf=11 vm=36(reserved) actualCPU=338.3560s
[t=   1112.7578][TASK-COMPLETE         ] task=587 wf=5 vm=80(on-demand) actualCPU=295.3110s cost=$0.267256
[t=   1128.3798][TASK-COMPLETE         ] task=1171 wf=11 vm=50(on-demand) actualCPU=361.0130s cost=$0.326717
[t=   1132.2648][TASK-COMPLETE         ] task=1162 wf=11 vm=18(reserved) actualCPU=364.5310s
[t=   1137.8148][TASK-COMPLETE         ] task=1166 wf=11 vm=27(reserved) actualCPU=369.2910s
[t=   1140.1478][TASK-COMPLETE         ] task=586 wf=5 vm=82(on-demand) actualCPU=323.9540s cost=$0.293178
[t=   1142.7668][TASK-COMPLETE         ] task=1368 wf=13 vm=106(on-demand) actualCPU=238.6100s cost=$0.215942
[t=   1147.7878][TASK-COMPLETE         ] task=583 wf=5 vm=79(on-demand) actualCPU=331.7230s cost=$0.300209
[t=   1149.1418][TASK-COMPLETE         ] task=577 wf=5 vm=39(reserved) actualCPU=379.9920s
[t=   1151.8978][TASK-COMPLETE         ] task=578 wf=5 vm=54(on-demand) actualCPU=380.5160s cost=$0.344367
[t=   1167.3598][TASK-COMPLETE         ] task=775 wf=7 vm=31(reserved) actualCPU=424.9970s
[t=   1168.3288][TASK-COMPLETE         ] task=1381 wf=13 vm=91(on-demand) actualCPU=333.0220s cost=$0.301385
[t=   1175.2108][TASK-COMPLETE         ] task=1380 wf=13 vm=90(on-demand) actualCPU=340.4980s cost=$0.308151
[t=   1176.9898][TASK-COMPLETE         ] task=870 wf=8 vm=17(reserved) actualCPU=478.2070s
[t=   1181.3188][TASK-COMPLETE         ] task=1369 wf=13 vm=107(on-demand) actualCPU=277.4570s cost=$0.251099
[t=   1184.9148][TASK-COMPLETE         ] task=886 wf=8 vm=94(on-demand) actualCPU=341.9110s cost=$0.309429
[t=   1187.9488][TASK-COMPLETE         ] task=765 wf=7 vm=5(reserved) actualCPU=445.6120s
[t=   1201.5288][TASK-COMPLETE         ] task=786 wf=7 vm=20(reserved) actualCPU=468.9280s
[t=   1201.7778][TASK-COMPLETE         ] task=1172 wf=11 vm=51(on-demand) actualCPU=433.3040s cost=$0.392140
[t=   1202.0858][TASK-COMPLETE         ] task=868 wf=8 vm=2(reserved) actualCPU=503.7920s
[t=   1202.2038][TASK-COMPLETE         ] task=880 wf=8 vm=134(on-demand) actualCPU=261.6630s cost=$0.236805
[t=   1204.2398][TASK-COMPLETE         ] task=568 wf=5 vm=29(reserved) actualCPU=433.8580s
[t=   1206.3398][TASK-COMPLETE         ] task=785 wf=7 vm=23(reserved) actualCPU=472.6830s
[t=   1208.2098][TASK-COMPLETE         ] task=883 wf=8 vm=137(on-demand) actualCPU=267.5180s cost=$0.242104
[t=   1209.0978][TASK-COMPLETE         ] task=584 wf=5 vm=59(on-demand) actualCPU=392.3480s cost=$0.355075
[t=   1211.5758][TASK-COMPLETE         ] task=773 wf=7 vm=24(reserved) actualCPU=469.2390s
[t=   1214.2958][TASK-COMPLETE         ] task=768 wf=7 vm=28(reserved) actualCPU=472.4720s
[t=   1217.4048][TASK-COMPLETE         ] task=1383 wf=13 vm=61(on-demand) actualCPU=410.3680s cost=$0.371383
[t=   1217.8168][TASK-COMPLETE         ] task=1177 wf=11 vm=116(on-demand) actualCPU=299.8680s cost=$0.271381
[t=   1218.6958][TASK-COMPLETE         ] task=873 wf=8 vm=10(reserved) actualCPU=519.7120s
[t=   1218.7458][TASK-COMPLETE         ] task=589 wf=5 vm=43(reserved) actualCPU=502.2420s
[t=   1220.3518][TASK-COMPLETE         ] task=769 wf=7 vm=25(reserved) actualCPU=478.6940s
[t=   1228.5968][TASK-COMPLETE         ] task=867 wf=8 vm=1(reserved) actualCPU=529.0050s
[t=   1230.6228][TASK-COMPLETE         ] task=788 wf=7 vm=19(reserved) actualCPU=497.7110s
[t=   1230.6228][DISPATCH              ] wf=7 task=791 planned=vm7 BUSY -> advanced to vm=1
[t=   1230.6228][DISPATCH              ] wf=7 task=791 vm=1
[t=   1232.3208][TASK-COMPLETE         ] task=1377 wf=13 vm=87(on-demand) actualCPU=397.4280s cost=$0.359672
[t=   1232.3328][TASK-COMPLETE         ] task=572 wf=5 vm=42(reserved) actualCPU=462.5070s
[t=   1234.3068][TASK-COMPLETE         ] task=780 wf=7 vm=126(on-demand) actualCPU=294.5270s cost=$0.266547
[t=   1235.3848][TASK-COMPLETE         ] task=791 wf=7 vm=1(reserved) actualCPU=4.7620s
[t=   1236.2498][TASK-COMPLETE         ] task=783 wf=7 vm=129(on-demand) actualCPU=297.2950s cost=$0.269052
[t=   1236.9528][TASK-COMPLETE         ] task=1371 wf=13 vm=110(on-demand) actualCPU=333.4090s cost=$0.301735
[t=   1237.8938][TASK-COMPLETE         ] task=582 wf=5 vm=78(on-demand) actualCPU=420.9140s cost=$0.380927
[t=   1238.6088][TASK-COMPLETE         ] task=591 wf=5 vm=3(reserved) actualCPU=522.2230s
[t=   1245.1368][TASK-COMPLETE         ] task=1182 wf=11 vm=58(on-demand) actualCPU=452.0030s cost=$0.409063
[t=   1246.2778][TASK-COMPLETE         ] task=865 wf=8 vm=12(reserved) actualCPU=546.8460s
[t=   1255.1708][TASK-COMPLETE         ] task=1183 wf=11 vm=56(on-demand) actualCPU=460.7410s cost=$0.416971
[t=   1255.9238][TASK-COMPLETE         ] task=585 wf=5 vm=81(on-demand) actualCPU=440.0950s cost=$0.398286
[t=   1256.5148][TASK-COMPLETE         ] task=588 wf=5 vm=9(reserved) actualCPU=539.7320s
[t=   1256.5148][DISPATCH              ] wf=5 task=594 -> vm=19 (planned reserved, was idle)
[t=   1256.5148][DISPATCH              ] wf=5 task=594 vm=19
[t=   1258.9038][TASK-COMPLETE         ] task=866 wf=8 vm=15(reserved) actualCPU=559.0410s
[t=   1258.9038][DISPATCH              ] wf=8 task=889 -> vm=32 (planned reserved, was idle)
[t=   1258.9038][DISPATCH              ] wf=8 task=889 vm=32
[t=   1261.9788][TASK-COMPLETE         ] task=594 wf=5 vm=19(reserved) actualCPU=5.4640s
[t=   1262.9688][TASK-COMPLETE         ] task=1167 wf=11 vm=63(on-demand) actualCPU=495.0410s cost=$0.448012
[t=   1263.9988][TASK-COMPLETE         ] task=889 wf=8 vm=32(reserved) actualCPU=5.0950s
[t=   1265.8698][TASK-COMPLETE         ] task=1180 wf=11 vm=119(on-demand) actualCPU=346.4030s cost=$0.313495
[t=   1272.3008][TASK-COMPLETE         ] task=1382 wf=13 vm=76(on-demand) actualCPU=465.2310s cost=$0.421034
[t=   1273.7868][TASK-COMPLETE         ] task=1165 wf=11 vm=67(on-demand) actualCPU=505.5250s cost=$0.457500
[t=   1278.6558][TASK-COMPLETE         ] task=884 wf=8 vm=138(on-demand) actualCPU=337.2600s cost=$0.305220
[t=   1282.3208][TASK-COMPLETE         ] task=484 wf=4 vm=96(on-demand) actualCPU=1204.9143s cost=$1.090447
[t=   1282.4688][TASK-COMPLETE         ] task=571 wf=5 vm=46(reserved) actualCPU=511.9180s
[t=   1289.9908][TASK-COMPLETE         ] task=579 wf=5 vm=48(reserved) actualCPU=474.5890s
[t=   1292.6758][TASK-COMPLETE         ] task=770 wf=7 vm=0(reserved) actualCPU=550.6460s
[t=   1293.4798][TASK-COMPLETE         ] task=1385 wf=13 vm=75(on-demand) actualCPU=485.8770s cost=$0.439719
[t=   1293.4798][DISPATCH              ] wf=13 task=1388 -> vm=3 (planned reserved, was idle)
[t=   1293.4798][DISPATCH              ] wf=13 task=1388 vm=3
[t=   1294.9558][TASK-COMPLETE         ] task=1181 wf=11 vm=120(on-demand) actualCPU=375.1120s cost=$0.339476
[t=   1296.2798][TASK-COMPLETE         ] task=1170 wf=11 vm=69(on-demand) actualCPU=527.5790s cost=$0.477459
[t=   1298.1968][TASK-COMPLETE         ] task=1388 wf=13 vm=3(reserved) actualCPU=4.7170s
[t=   1299.4418][TASK-COMPLETE         ] task=1367 wf=13 vm=105(on-demand) actualCPU=396.5330s cost=$0.358862
[t=   1299.7008][TASK-COMPLETE         ] task=888 wf=8 vm=98(on-demand) actualCPU=456.9730s cost=$0.413561
[t=   1304.0898][TASK-COMPLETE         ] task=569 wf=5 vm=38(reserved) actualCPU=532.8180s
[t=   1305.5238][TASK-COMPLETE         ] task=879 wf=8 vm=133(on-demand) actualCPU=363.5680s cost=$0.329029
[t=   1305.8658][TASK-COMPLETE         ] task=576 wf=5 vm=52(on-demand) actualCPU=534.9190s cost=$0.484102
[t=   1307.0388][TASK-COMPLETE         ] task=1378 wf=13 vm=88(on-demand) actualCPU=471.3590s cost=$0.426580
[t=   1313.0448][TASK-COMPLETE         ] task=784 wf=7 vm=130(on-demand) actualCPU=373.3420s cost=$0.337875
[t=   1317.4258][TASK-COMPLETE         ] task=1366 wf=13 vm=104(on-demand) actualCPU=414.1220s cost=$0.374780
[t=   1322.9638][TASK-COMPLETE         ] task=766 wf=7 vm=34(reserved) actualCPU=580.3190s
[t=   1330.5298][TASK-COMPLETE         ] task=1379 wf=13 vm=89(on-demand) actualCPU=494.9330s cost=$0.447914
[t=   1344.0578][TASK-COMPLETE         ] task=1179 wf=11 vm=118(on-demand) actualCPU=425.6660s cost=$0.385228
[t=   1344.9158][TASK-COMPLETE         ] task=767 wf=7 vm=7(reserved) actualCPU=601.6540s
[t=   1344.9158][DISPATCH              ] wf=7 task=789 -> vm=11 (planned reserved, was idle)
[t=   1344.9158][DISPATCH              ] wf=7 task=789 vm=11
[t=   1345.7858][TASK-COMPLETE         ] task=1373 wf=13 vm=83(on-demand) actualCPU=510.0100s cost=$0.461559
[t=   1350.1808][TASK-COMPLETE         ] task=789 wf=7 vm=11(reserved) actualCPU=5.2650s
[t=   1354.2548][TASK-COMPLETE         ] task=885 wf=8 vm=92(on-demand) actualCPU=510.4440s cost=$0.461952
[t=   1354.2548][DISPATCH              ] wf=8 task=891 -> vm=8 (planned reserved, was idle)
[t=   1354.2548][DISPATCH              ] wf=8 task=891 vm=8
[t=   1355.2648][TASK-COMPLETE         ] task=1163 wf=11 vm=60(on-demand) actualCPU=585.5990s cost=$0.529967
[t=   1357.6618][TASK-COMPLETE         ] task=1185 wf=11 vm=57(on-demand) actualCPU=564.3870s cost=$0.510770
[t=   1357.6618][DISPATCH              ] wf=11 task=1188 -> vm=12 (planned reserved, was idle)
[t=   1357.6618][DISPATCH              ] wf=11 task=1188 vm=12
[t=   1358.4068][TASK-COMPLETE         ] task=881 wf=8 vm=135(on-demand) actualCPU=417.1210s cost=$0.377495
[t=   1359.8038][TASK-COMPLETE         ] task=891 wf=8 vm=8(reserved) actualCPU=5.5490s
[t=   1363.4488][TASK-COMPLETE         ] task=876 wf=8 vm=108(on-demand) actualCPU=422.5950s cost=$0.382448
[t=   1363.9258][TASK-COMPLETE         ] task=1188 wf=11 vm=12(reserved) actualCPU=6.2640s
[t=   1364.1548][TASK-COMPLETE         ] task=1178 wf=11 vm=117(on-demand) actualCPU=445.3790s cost=$0.403068
[t=   1365.0518][TASK-COMPLETE         ] task=1376 wf=13 vm=86(on-demand) actualCPU=530.1250s cost=$0.479763
[t=   1369.6098][TASK-COMPLETE         ] task=1176 wf=11 vm=115(on-demand) actualCPU=450.3840s cost=$0.407598
[t=   1371.2988][TASK-COMPLETE         ] task=573 wf=5 vm=44(reserved) actualCPU=600.9270s
[t=   1387.0658][TASK-COMPLETE         ] task=1362 wf=13 vm=100(on-demand) actualCPU=483.3670s cost=$0.437447
[t=   1390.9838][TASK-COMPLETE         ] task=1372 wf=13 vm=111(on-demand) actualCPU=486.1170s cost=$0.439936
[t=   1393.5288][TASK-COMPLETE         ] task=580 wf=5 vm=49(reserved) actualCPU=578.0790s
[t=   1403.6978][TASK-COMPLETE         ] task=1365 wf=13 vm=103(on-demand) actualCPU=499.2320s cost=$0.451805
[t=   1404.5968][TASK-COMPLETE         ] task=1173 wf=11 vm=112(on-demand) actualCPU=485.9160s cost=$0.439754
[t=   1409.0478][TASK-COMPLETE         ] task=1374 wf=13 vm=84(on-demand) actualCPU=575.3740s cost=$0.520713
[t=   1409.6948][TASK-COMPLETE         ] task=781 wf=7 vm=127(on-demand) actualCPU=469.5840s cost=$0.424974
[t=   1417.4138][TASK-COMPLETE         ] task=1370 wf=13 vm=109(on-demand) actualCPU=513.0400s cost=$0.464301
[t=   1435.6338][TASK-COMPLETE         ] task=1375 wf=13 vm=85(on-demand) actualCPU=601.3380s cost=$0.544211
[t=   1435.6338][DISPATCH              ] wf=13 task=1387 -> vm=4 (planned reserved, was idle)
[t=   1435.6338][DISPATCH              ] wf=13 task=1387 vm=4
[t=   1440.9558][TASK-COMPLETE         ] task=1387 wf=13 vm=4(reserved) actualCPU=5.3220s
[t=   1443.3488][TASK-COMPLETE         ] task=882 wf=8 vm=136(on-demand) actualCPU=502.4950s cost=$0.454758
[t=   1450.6278][TASK-COMPLETE         ] task=570 wf=5 vm=45(reserved) actualCPU=679.7920s
[t=   1450.6278][DISPATCH              ] wf=5 task=592 planned=vm13 BUSY -> advanced to vm=0
[t=   1450.6278][DISPATCH              ] wf=5 task=592 vm=0
[t=   1451.4688][TASK-COMPLETE         ] task=187 wf=1 vm=70(on-demand) actualCPU=1412.3341s cost=$1.278162
[t=   1455.6538][TASK-COMPLETE         ] task=592 wf=5 vm=0(reserved) actualCPU=5.0260s
[t=   1457.7718][TASK-COMPLETE         ] task=1364 wf=13 vm=102(on-demand) actualCPU=553.7110s cost=$0.501108
[t=   1465.0938][TASK-COMPLETE         ] task=877 wf=8 vm=131(on-demand) actualCPU=524.2860s cost=$0.474479
[t=   1497.4858][TASK-COMPLETE         ] task=581 wf=5 vm=77(on-demand) actualCPU=682.4310s cost=$0.617600
[t=   1497.4858][DISPATCH              ] wf=5 task=593 -> vm=8 (planned reserved, was idle)
[t=   1497.4858][DISPATCH              ] wf=5 task=593 vm=8
[t=   1501.3408][TASK-COMPLETE         ] task=776 wf=7 vm=62(on-demand) actualCPU=562.0280s cost=$0.508635
[t=   1501.9748][TASK-COMPLETE         ] task=593 wf=5 vm=8(reserved) actualCPU=4.4890s
[t=   1501.9748][WF-COMPLETE           ] wf=5 completionTime=1501.9748 deadline=2753.9342 -> MET
[t=   1502.0268][TASK-COMPLETE         ] task=878 wf=8 vm=132(on-demand) actualCPU=561.6020s cost=$0.508250
[t=   1502.0268][DISPATCH              ] wf=8 task=890 -> vm=11 (planned reserved, was idle)
[t=   1502.0268][DISPATCH              ] wf=8 task=890 vm=11
[t=   1507.6038][TASK-COMPLETE         ] task=890 wf=8 vm=11(reserved) actualCPU=5.5770s
[t=   1507.6038][WF-COMPLETE           ] wf=8 completionTime=1507.6038 deadline=2810.9094 -> MET
[t=   1509.6878][TASK-COMPLETE         ] task=779 wf=7 vm=124(on-demand) actualCPU=569.1240s cost=$0.515057
[t=   1510.4588][TASK-COMPLETE         ] task=1164 wf=11 vm=66(on-demand) actualCPU=742.4630s cost=$0.671929
[t=   1510.4588][DISPATCH              ] wf=11 task=1186 -> vm=49 (planned reserved, was idle)
[t=   1510.4588][DISPATCH              ] wf=11 task=1186 vm=49
[t=   1516.1728][TASK-COMPLETE         ] task=1186 wf=11 vm=49(reserved) actualCPU=5.7140s
[t=   1525.9498][TASK-COMPLETE         ] task=777 wf=7 vm=121(on-demand) actualCPU=586.6850s cost=$0.530950
[t=   1539.8418][TASK-COMPLETE         ] task=1363 wf=13 vm=101(on-demand) actualCPU=634.6440s cost=$0.574353
[t=   1539.8418][DISPATCH              ] wf=13 task=1386 -> vm=37 (planned reserved, was idle)
[t=   1539.8418][DISPATCH              ] wf=13 task=1386 vm=37
[t=   1543.3718][TASK-COMPLETE         ] task=782 wf=7 vm=128(on-demand) actualCPU=604.8440s cost=$0.547384
[t=   1545.5188][TASK-COMPLETE         ] task=1386 wf=13 vm=37(reserved) actualCPU=5.6770s
[t=   1545.5188][WF-COMPLETE           ] wf=13 completionTime=1545.5188 deadline=2870.8455 -> MET
[t=   1551.9048][TASK-COMPLETE         ] task=152 wf=1 vm=26(reserved) actualCPU=1512.8701s
[t=   1559.1878][TASK-COMPLETE         ] task=778 wf=7 vm=123(on-demand) actualCPU=620.1240s cost=$0.561212
[t=   1559.1878][DISPATCH              ] wf=7 task=790 -> vm=29 (planned reserved, was idle)
[t=   1559.1878][DISPATCH              ] wf=7 task=790 vm=29
[t=   1561.4478][TASK-COMPLETE         ] task=978 wf=9 vm=191(on-demand) actualCPU=1404.1451s cost=$1.270751
[t=   1564.6268][TASK-COMPLETE         ] task=790 wf=7 vm=29(reserved) actualCPU=5.4390s
[t=   1564.6268][WF-COMPLETE           ] wf=7 completionTime=1564.6268 deadline=2807.6368 -> MET
[t=   1566.6578][TASK-COMPLETE         ] task=1174 wf=11 vm=113(on-demand) actualCPU=648.0460s cost=$0.586482
[t=   1566.9498][TASK-COMPLETE         ] task=449 wf=4 vm=65(on-demand) actualCPU=1489.6433s cost=$1.348127
[t=   1570.5078][TASK-COMPLETE         ] task=1440 wf=14 vm=232(on-demand) actualCPU=1356.9855s cost=$1.228072
[t=   1572.0078][TASK-COMPLETE         ] task=1175 wf=11 vm=114(on-demand) actualCPU=653.3420s cost=$0.591275
[t=   1572.0078][DISPATCH              ] wf=11 task=1187 -> vm=40 (planned reserved, was idle)
[t=   1572.0078][DISPATCH              ] wf=11 task=1187 vm=40
[t=   1578.2798][TASK-COMPLETE         ] task=1187 wf=11 vm=40(reserved) actualCPU=6.2720s
[t=   1578.2798][WF-COMPLETE           ] wf=11 completionTime=1578.2798 deadline=2848.4479 -> MET
[t=   1623.6938][TASK-COMPLETE         ] task=646 wf=6 vm=93(on-demand) actualCPU=1483.4048s cost=$1.342481
[t=   1694.9058][TASK-COMPLETE         ] task=1475 wf=14 vm=259(on-demand) actualCPU=1481.3835s cost=$1.340652
[t=   1727.5748][TASK-COMPLETE         ] task=943 wf=9 vm=164(on-demand) actualCPU=1570.2721s cost=$1.421096
[t=   1841.0248][TASK-COMPLETE         ] task=681 wf=6 vm=122(on-demand) actualCPU=1700.6358s cost=$1.539075
[t=   1859.3968][TASK-COMPLETE         ] task=915 wf=9 vm=144(on-demand) actualCPU=1702.0941s cost=$1.540395
[t=   1893.3758][TASK-COMPLETE         ] task=912 wf=9 vm=141(on-demand) actualCPU=1736.0731s cost=$1.571146
[t=   1893.3758][DISPATCH              ] wf=9 task=916 -> vm=19 (planned reserved, was idle)
[t=   1893.3758][DISPATCH              ] wf=9 task=916 vm=19
[t=   1903.0308][TASK-COMPLETE         ] task=421 wf=4 vm=14(reserved) actualCPU=1825.7243s
[t=   1947.4158][TASK-COMPLETE         ] task=124 wf=1 vm=13(reserved) actualCPU=1908.3811s
[t=   2006.4878][TASK-COMPLETE         ] task=190 wf=1 vm=73(on-demand) actualCPU=1967.3531s cost=$1.780455
[t=   2006.4878][DISPATCH              ] wf=1 task=191 -> vm=8 (planned reserved, was idle)
[t=   2006.4878][DISPATCH              ] wf=1 task=191 vm=8
[t=   2082.0398][TASK-COMPLETE         ] task=121 wf=1 vm=16(reserved) actualCPU=2043.0051s
[t=   2082.0398][DISPATCH              ] wf=1 task=125 -> vm=15 (planned reserved, was idle)
[t=   2082.0398][DISPATCH              ] wf=1 task=125 vm=15
[t=   2088.4118][TASK-COMPLETE         ] task=418 wf=4 vm=22(reserved) actualCPU=2011.1053s
[t=   2088.4118][DISPATCH              ] wf=4 task=422 -> vm=7 (planned reserved, was idle)
[t=   2088.4118][DISPATCH              ] wf=4 task=422 vm=7
[t=   2207.9018][TASK-COMPLETE         ] task=487 wf=4 vm=99(on-demand) actualCPU=2130.4953s cost=$1.928098
[t=   2207.9018][DISPATCH              ] wf=4 task=488 -> vm=12 (planned reserved, was idle)
[t=   2207.9018][DISPATCH              ] wf=4 task=488 vm=12
[t=   2209.2738][TASK-COMPLETE         ] task=1409 wf=14 vm=209(on-demand) actualCPU=1995.7515s cost=$1.806155
[t=   2310.0648][TASK-COMPLETE         ] task=916 wf=9 vm=19(reserved) actualCPU=416.6890s
[t=   2310.0648][DISPATCH              ] wf=9 task=917 -> vm=19 (planned reserved, was idle)
[t=   2310.0648][DISPATCH              ] wf=9 task=918 -> vm=28 (planned reserved, was idle)
[t=   2310.0648][DISPATCH              ] wf=9 task=919 -> vm=6 (planned reserved, was idle)
[t=   2310.0648][DISPATCH              ] wf=9 task=921 -> vm=48 (planned reserved, was idle)
[t=   2310.0648][DISPATCH              ] wf=9 task=917 vm=19
[t=   2310.0648][DISPATCH              ] wf=9 task=918 vm=28
[t=   2310.0648][DISPATCH              ] wf=9 task=919 vm=6
[t=   2310.0648][DISPATCH              ] wf=9 task=921 vm=48
[t=   2311.8358][TASK-COMPLETE         ] task=917 wf=9 vm=19(reserved) actualCPU=1.7710s
[t=   2311.8358][DISPATCH              ] wf=9 task=920 -> vm=13 (planned reserved, was idle)
[t=   2311.8358][DISPATCH              ] wf=9 task=920 vm=13
[t=   2314.9498][TASK-COMPLETE         ] task=918 wf=9 vm=28(reserved) actualCPU=4.8850s
[t=   2315.4138][TASK-COMPLETE         ] task=921 wf=9 vm=48(reserved) actualCPU=5.3490s
[t=   2341.5118][TASK-COMPLETE         ] task=920 wf=9 vm=13(reserved) actualCPU=29.6760s
[t=   2383.8158][TASK-COMPLETE         ] task=615 wf=6 vm=64(on-demand) actualCPU=2243.5268s cost=$2.030392
[t=   2407.3378][TASK-COMPLETE         ] task=618 wf=6 vm=71(on-demand) actualCPU=2267.0488s cost=$2.051679
[t=   2407.3378][DISPATCH              ] wf=6 task=619 -> vm=37 (planned reserved, was idle)
[t=   2407.3378][DISPATCH              ] wf=6 task=619 vm=37
[t=   2413.0228][TASK-COMPLETE         ] task=684 wf=6 vm=125(on-demand) actualCPU=2272.6338s cost=$2.056734
[t=   2413.0228][DISPATCH              ] wf=6 task=685 -> vm=16 (planned reserved, was idle)
[t=   2413.0228][DISPATCH              ] wf=6 task=685 vm=16
[t=   2468.3188][TASK-COMPLETE         ] task=422 wf=4 vm=7(reserved) actualCPU=379.9070s
[t=   2468.3188][DISPATCH              ] wf=4 task=423 -> vm=21 (planned reserved, was idle)
[t=   2468.3188][DISPATCH              ] wf=4 task=424 -> vm=27 (planned reserved, was idle)
[t=   2468.3188][DISPATCH              ] wf=4 task=425 -> vm=24 (planned reserved, was idle)
[t=   2468.3188][DISPATCH              ] wf=4 task=427 -> vm=30 (planned reserved, was idle)
[t=   2468.3188][DISPATCH              ] wf=4 task=423 vm=21
[t=   2468.3188][DISPATCH              ] wf=4 task=424 vm=27
[t=   2468.3188][DISPATCH              ] wf=4 task=425 vm=24
[t=   2468.3188][DISPATCH              ] wf=4 task=427 vm=30
[t=   2469.9088][TASK-COMPLETE         ] task=423 wf=4 vm=21(reserved) actualCPU=1.5900s
[t=   2469.9088][DISPATCH              ] wf=4 task=426 -> vm=14 (planned reserved, was idle)
[t=   2469.9088][DISPATCH              ] wf=4 task=426 vm=14
[t=   2473.7918][TASK-COMPLETE         ] task=424 wf=4 vm=27(reserved) actualCPU=5.4730s
[t=   2474.0958][TASK-COMPLETE         ] task=427 wf=4 vm=30(reserved) actualCPU=5.7770s
[t=   2487.1798][TASK-COMPLETE         ] task=191 wf=1 vm=8(reserved) actualCPU=480.6920s
[t=   2487.1798][DISPATCH              ] wf=1 task=192 planned=vm14 BUSY -> advanced to vm=0
[t=   2487.1798][DISPATCH              ] wf=1 task=193 -> vm=44 (planned reserved, was idle)
[t=   2487.1798][DISPATCH              ] wf=1 task=194 -> vm=11 (planned reserved, was idle)
[t=   2487.1798][DISPATCH              ] wf=1 task=196 -> vm=10 (planned reserved, was idle)
[t=   2487.1798][DISPATCH              ] wf=1 task=192 vm=0
[t=   2487.1798][DISPATCH              ] wf=1 task=193 vm=44
[t=   2487.1798][DISPATCH              ] wf=1 task=194 vm=11
[t=   2487.1798][DISPATCH              ] wf=1 task=196 vm=10
[t=   2488.5288][TASK-COMPLETE         ] task=192 wf=1 vm=0(reserved) actualCPU=1.3490s
[t=   2488.5288][DISPATCH              ] wf=1 task=195 -> vm=36 (planned reserved, was idle)
[t=   2488.5288][DISPATCH              ] wf=1 task=195 vm=36
[t=   2491.0438][TASK-COMPLETE         ] task=196 wf=1 vm=10(reserved) actualCPU=3.8640s
[t=   2491.3238][TASK-COMPLETE         ] task=193 wf=1 vm=44(reserved) actualCPU=4.1440s
[t=   2499.0548][TASK-COMPLETE         ] task=1412 wf=14 vm=212(on-demand) actualCPU=2285.5325s cost=$2.068407
[t=   2499.0548][DISPATCH              ] wf=14 task=1413 planned=vm37 BUSY -> advanced to vm=0
[t=   2499.0548][DISPATCH              ] wf=14 task=1413 vm=0
[t=   2508.5838][TASK-COMPLETE         ] task=426 wf=4 vm=14(reserved) actualCPU=38.6750s
[t=   2527.6588][TASK-COMPLETE         ] task=195 wf=1 vm=36(reserved) actualCPU=39.1300s
[t=   2534.0778][TASK-COMPLETE         ] task=125 wf=1 vm=15(reserved) actualCPU=452.0380s
[t=   2534.0778][DISPATCH              ] wf=1 task=126 -> vm=48 (planned reserved, was idle)
[t=   2534.0778][DISPATCH              ] wf=1 task=127 -> vm=47 (planned reserved, was idle)
[t=   2534.0778][DISPATCH              ] wf=1 task=128 -> vm=17 (planned reserved, was idle)
[t=   2534.0778][DISPATCH              ] wf=1 task=130 -> vm=4 (planned reserved, was idle)
[t=   2534.0778][DISPATCH              ] wf=1 task=126 vm=48
[t=   2534.0778][DISPATCH              ] wf=1 task=127 vm=47
[t=   2534.0778][DISPATCH              ] wf=1 task=128 vm=17
[t=   2534.0778][DISPATCH              ] wf=1 task=130 vm=4
[t=   2535.6208][TASK-COMPLETE         ] task=126 wf=1 vm=48(reserved) actualCPU=1.5430s
[t=   2535.6208][DISPATCH              ] wf=1 task=129 -> vm=5 (planned reserved, was idle)
[t=   2535.6208][DISPATCH              ] wf=1 task=129 vm=5
[t=   2540.0908][TASK-COMPLETE         ] task=127 wf=1 vm=47(reserved) actualCPU=6.0130s
[t=   2540.2588][TASK-COMPLETE         ] task=130 wf=1 vm=4(reserved) actualCPU=6.1810s
[t=   2562.8608][TASK-COMPLETE         ] task=129 wf=1 vm=5(reserved) actualCPU=27.2400s
[t=   2661.1158][TASK-COMPLETE         ] task=1478 wf=14 vm=262(on-demand) actualCPU=2447.5935s cost=$2.215072
[t=   2661.1158][DISPATCH              ] wf=14 task=1479 -> vm=5 (planned reserved, was idle)
[t=   2661.1158][DISPATCH              ] wf=14 task=1479 vm=5
[t=   2688.6388][TASK-COMPLETE         ] task=488 wf=4 vm=12(reserved) actualCPU=480.7370s
[t=   2688.6388][DISPATCH              ] wf=4 task=489 planned=vm6 BUSY -> advanced to vm=1
[t=   2688.6388][DISPATCH              ] wf=4 task=490 -> vm=23 (planned reserved, was idle)
[t=   2688.6388][DISPATCH              ] wf=4 task=491 -> vm=29 (planned reserved, was idle)
[t=   2688.6388][DISPATCH              ] wf=4 task=493 -> vm=25 (planned reserved, was idle)
[t=   2688.6388][DISPATCH              ] wf=4 task=489 vm=1
[t=   2688.6388][DISPATCH              ] wf=4 task=490 vm=23
[t=   2688.6388][DISPATCH              ] wf=4 task=491 vm=29
[t=   2688.6388][DISPATCH              ] wf=4 task=493 vm=25
[t=   2690.0928][TASK-COMPLETE         ] task=489 wf=4 vm=1(reserved) actualCPU=1.4540s
[t=   2690.0928][DISPATCH              ] wf=4 task=492 -> vm=46 (planned reserved, was idle)
[t=   2690.0928][DISPATCH              ] wf=4 task=492 vm=46
[t=   2692.3168][TASK-COMPLETE         ] task=493 wf=4 vm=25(reserved) actualCPU=3.6780s
[t=   2692.9118][TASK-COMPLETE         ] task=490 wf=4 vm=23(reserved) actualCPU=4.2730s
[t=   2724.9748][TASK-COMPLETE         ] task=492 wf=4 vm=46(reserved) actualCPU=34.8820s
[t=   2725.2648][TASK-COMPLETE         ] task=981 wf=9 vm=194(on-demand) actualCPU=2567.9621s cost=$2.324006
[t=   2725.2648][DISPATCH              ] wf=9 task=982 -> vm=7 (planned reserved, was idle)
[t=   2725.2648][DISPATCH              ] wf=9 task=982 vm=7
[t=   2889.8978][TASK-COMPLETE         ] task=1443 wf=14 vm=235(on-demand) actualCPU=2676.3755s cost=$2.422120
[t=   2889.8978][DISPATCH              ] wf=14 task=1444 -> vm=25 (planned reserved, was idle)
[t=   2889.8978][DISPATCH              ] wf=14 task=1444 vm=25
[t=   2936.0528][TASK-COMPLETE         ] task=619 wf=6 vm=37(reserved) actualCPU=528.7150s
[t=   2936.0528][DISPATCH              ] wf=6 task=620 planned=vm0 BUSY -> advanced to vm=1
[t=   2936.0528][DISPATCH              ] wf=6 task=621 planned=vm25 BUSY -> advanced to vm=2
[t=   2936.0528][DISPATCH              ] wf=6 task=622 -> vm=32 (planned reserved, was idle)
[t=   2936.0528][DISPATCH              ] wf=6 task=624 -> vm=41 (planned reserved, was idle)
[t=   2936.0528][DISPATCH              ] wf=6 task=620 vm=1
[t=   2936.0528][DISPATCH              ] wf=6 task=621 vm=2
[t=   2936.0528][DISPATCH              ] wf=6 task=622 vm=32
[t=   2936.0528][DISPATCH              ] wf=6 task=624 vm=41
[t=   2937.3458][TASK-COMPLETE         ] task=620 wf=6 vm=1(reserved) actualCPU=1.2930s
[t=   2937.3458][DISPATCH              ] wf=6 task=623 -> vm=43 (planned reserved, was idle)
[t=   2937.3458][DISPATCH              ] wf=6 task=623 vm=43
[t=   2941.9528][TASK-COMPLETE         ] task=624 wf=6 vm=41(reserved) actualCPU=5.9000s
[t=   2942.2338][TASK-COMPLETE         ] task=621 wf=6 vm=2(reserved) actualCPU=6.1810s
[t=   2967.5408][TASK-COMPLETE         ] task=155 wf=1 vm=35(reserved) actualCPU=2928.5061s
[t=   2967.5408][DISPATCH              ] wf=1 task=156 -> vm=3 (planned reserved, was idle)
[t=   2967.5408][DISPATCH              ] wf=1 task=156 vm=3
[t=   2967.5678][TASK-COMPLETE         ] task=623 wf=6 vm=43(reserved) actualCPU=30.2220s
[t=   2980.8548][TASK-COMPLETE         ] task=685 wf=6 vm=16(reserved) actualCPU=567.8320s
[t=   2980.8548][DISPATCH              ] wf=6 task=686 planned=vm17 BUSY -> advanced to vm=1
[t=   2980.8548][DISPATCH              ] wf=6 task=687 -> vm=8 (planned reserved, was idle)
[t=   2980.8548][DISPATCH              ] wf=6 task=688 -> vm=33 (planned reserved, was idle)
[t=   2980.8548][DISPATCH              ] wf=6 task=690 planned=vm5 BUSY -> advanced to vm=2
[t=   2980.8548][DISPATCH              ] wf=6 task=686 vm=1
[t=   2980.8548][DISPATCH              ] wf=6 task=687 vm=8
[t=   2980.8548][DISPATCH              ] wf=6 task=688 vm=33
[t=   2980.8548][DISPATCH              ] wf=6 task=690 vm=2
[t=   2981.9478][TASK-COMPLETE         ] task=1413 wf=14 vm=0(reserved) actualCPU=482.8930s
[t=   2981.9478][DISPATCH              ] wf=14 task=1414 planned=vm1 BUSY -> advanced to vm=0
[t=   2981.9478][DISPATCH              ] wf=14 task=1415 -> vm=13 (planned reserved, was idle)
[t=   2981.9478][DISPATCH              ] wf=14 task=1416 -> vm=47 (planned reserved, was idle)
[t=   2981.9478][DISPATCH              ] wf=14 task=1418 -> vm=43 (planned reserved, was idle)
[t=   2981.9478][DISPATCH              ] wf=14 task=1414 vm=0
[t=   2981.9478][DISPATCH              ] wf=14 task=1415 vm=13
[t=   2981.9478][DISPATCH              ] wf=14 task=1416 vm=47
[t=   2981.9478][DISPATCH              ] wf=14 task=1418 vm=43
[t=   2982.2628][TASK-COMPLETE         ] task=686 wf=6 vm=1(reserved) actualCPU=1.4080s
[t=   2982.2628][DISPATCH              ] wf=6 task=689 planned=vm13 BUSY -> advanced to vm=1
[t=   2982.2628][DISPATCH              ] wf=6 task=689 vm=1
[t=   2983.4438][TASK-COMPLETE         ] task=1414 wf=14 vm=0(reserved) actualCPU=1.4960s
[t=   2983.4438][DISPATCH              ] wf=14 task=1417 -> vm=26 (planned reserved, was idle)
[t=   2983.4438][DISPATCH              ] wf=14 task=1417 vm=26
[t=   2985.0118][TASK-COMPLETE         ] task=690 wf=6 vm=2(reserved) actualCPU=4.1570s
[t=   2985.2238][TASK-COMPLETE         ] task=687 wf=6 vm=8(reserved) actualCPU=4.3690s
[t=   2988.2118][TASK-COMPLETE         ] task=1418 wf=14 vm=43(reserved) actualCPU=6.2640s
[t=   2988.2768][TASK-COMPLETE         ] task=1415 wf=14 vm=13(reserved) actualCPU=6.3290s
[t=   3014.3598][TASK-COMPLETE         ] task=689 wf=6 vm=1(reserved) actualCPU=32.0970s
[t=   3017.6238][TASK-COMPLETE         ] task=1417 wf=14 vm=26(reserved) actualCPU=34.1800s
[t=   3028.1128][TASK-COMPLETE         ] task=946 wf=9 vm=167(on-demand) actualCPU=2870.8101s cost=$2.598083
[t=   3028.1128][DISPATCH              ] wf=9 task=947 -> vm=18 (planned reserved, was idle)
[t=   3028.1128][DISPATCH              ] wf=9 task=947 vm=18
[t=   3063.8958][TASK-COMPLETE         ] task=452 wf=4 vm=68(on-demand) actualCPU=2986.5893s cost=$2.702863
[t=   3063.8958][DISPATCH              ] wf=4 task=453 -> vm=8 (planned reserved, was idle)
[t=   3063.8958][DISPATCH              ] wf=4 task=453 vm=8
[t=   3165.1908][TASK-COMPLETE         ] task=1479 wf=14 vm=5(reserved) actualCPU=504.0750s
[t=   3165.1908][DISPATCH              ] wf=14 task=1480 -> vm=4 (planned reserved, was idle)
[t=   3165.1908][DISPATCH              ] wf=14 task=1481 -> vm=39 (planned reserved, was idle)
[t=   3165.1908][DISPATCH              ] wf=14 task=1482 -> vm=23 (planned reserved, was idle)
[t=   3165.1908][DISPATCH              ] wf=14 task=1484 -> vm=36 (planned reserved, was idle)
[t=   3165.1908][DISPATCH              ] wf=14 task=1480 vm=4
[t=   3165.1908][DISPATCH              ] wf=14 task=1481 vm=39
[t=   3165.1908][DISPATCH              ] wf=14 task=1482 vm=23
[t=   3165.1908][DISPATCH              ] wf=14 task=1484 vm=36
[t=   3167.0058][TASK-COMPLETE         ] task=1480 wf=14 vm=4(reserved) actualCPU=1.8150s
[t=   3167.0058][DISPATCH              ] wf=14 task=1483 -> vm=35 (planned reserved, was idle)
[t=   3167.0058][DISPATCH              ] wf=14 task=1483 vm=35
[t=   3168.6888][TASK-COMPLETE         ] task=1484 wf=14 vm=36(reserved) actualCPU=3.4980s
[t=   3169.0218][TASK-COMPLETE         ] task=1481 wf=14 vm=39(reserved) actualCPU=3.8310s
[t=   3174.7148][TASK-COMPLETE         ] task=649 wf=6 vm=97(on-demand) actualCPU=3034.4258s cost=$2.746155
[t=   3174.7148][DISPATCH              ] wf=6 task=650 -> vm=40 (planned reserved, was idle)
[t=   3174.7148][DISPATCH              ] wf=6 task=650 vm=40
[t=   3191.4048][TASK-COMPLETE         ] task=982 wf=9 vm=7(reserved) actualCPU=466.1400s
[t=   3191.4048][DISPATCH              ] wf=9 task=983 -> vm=31 (planned reserved, was idle)
[t=   3191.4048][DISPATCH              ] wf=9 task=984 -> vm=21 (planned reserved, was idle)
[t=   3191.4048][DISPATCH              ] wf=9 task=985 -> vm=20 (planned reserved, was idle)
[t=   3191.4048][DISPATCH              ] wf=9 task=987 planned=vm47 BUSY -> advanced to vm=0
[t=   3191.4048][DISPATCH              ] wf=9 task=983 vm=31
[t=   3191.4048][DISPATCH              ] wf=9 task=984 vm=21
[t=   3191.4048][DISPATCH              ] wf=9 task=985 vm=20
[t=   3191.4048][DISPATCH              ] wf=9 task=987 vm=0
[t=   3193.3848][TASK-COMPLETE         ] task=983 wf=9 vm=31(reserved) actualCPU=1.9800s
[t=   3193.3848][DISPATCH              ] wf=9 task=986 -> vm=9 (planned reserved, was idle)
[t=   3193.3848][DISPATCH              ] wf=9 task=986 vm=9
[t=   3195.1368][TASK-COMPLETE         ] task=987 wf=9 vm=0(reserved) actualCPU=3.7320s
[t=   3195.2488][TASK-COMPLETE         ] task=984 wf=9 vm=21(reserved) actualCPU=3.8440s
[t=   3198.6378][TASK-COMPLETE         ] task=1483 wf=14 vm=35(reserved) actualCPU=31.6320s
[t=   3230.7418][TASK-COMPLETE         ] task=986 wf=9 vm=9(reserved) actualCPU=37.3570s
[t=   3241.0508][TASK-COMPLETE         ] task=1444 wf=14 vm=25(reserved) actualCPU=351.1530s
[t=   3241.0508][DISPATCH              ] wf=14 task=1445 -> vm=28 (planned reserved, was idle)
[t=   3241.0508][DISPATCH              ] wf=14 task=1446 -> vm=14 (planned reserved, was idle)
[t=   3241.0508][DISPATCH              ] wf=14 task=1447 -> vm=0 (planned reserved, was idle)
[t=   3241.0508][DISPATCH              ] wf=14 task=1449 -> vm=22 (planned reserved, was idle)
[t=   3241.0508][DISPATCH              ] wf=14 task=1445 vm=28
[t=   3241.0508][DISPATCH              ] wf=14 task=1446 vm=14
[t=   3241.0508][DISPATCH              ] wf=14 task=1447 vm=0
[t=   3241.0508][DISPATCH              ] wf=14 task=1449 vm=22
[t=   3242.2858][TASK-COMPLETE         ] task=1445 wf=14 vm=28(reserved) actualCPU=1.2350s
[t=   3242.2858][DISPATCH              ] wf=14 task=1448 -> vm=42 (planned reserved, was idle)
[t=   3242.2858][DISPATCH              ] wf=14 task=1448 vm=42
[t=   3244.0118][TASK-COMPLETE         ] task=1449 wf=14 vm=22(reserved) actualCPU=2.9610s
[t=   3246.0078][TASK-COMPLETE         ] task=1446 wf=14 vm=14(reserved) actualCPU=4.9570s
[t=   3271.6038][TASK-COMPLETE         ] task=1448 wf=14 vm=42(reserved) actualCPU=29.3180s
[t=   3331.4648][TASK-COMPLETE         ] task=156 wf=1 vm=3(reserved) actualCPU=363.9240s
[t=   3331.4648][DISPATCH              ] wf=1 task=157 -> vm=31 (planned reserved, was idle)
[t=   3331.4648][DISPATCH              ] wf=1 task=158 -> vm=45 (planned reserved, was idle)
[t=   3331.4648][DISPATCH              ] wf=1 task=159 -> vm=21 (planned reserved, was idle)
[t=   3331.4648][DISPATCH              ] wf=1 task=161 -> vm=41 (planned reserved, was idle)
[t=   3331.4648][DISPATCH              ] wf=1 task=157 vm=31
[t=   3331.4648][DISPATCH              ] wf=1 task=158 vm=45
[t=   3331.4648][DISPATCH              ] wf=1 task=159 vm=21
[t=   3331.4648][DISPATCH              ] wf=1 task=161 vm=41
[t=   3332.5388][TASK-COMPLETE         ] task=157 wf=1 vm=31(reserved) actualCPU=1.0740s
[t=   3332.5388][DISPATCH              ] wf=1 task=160 -> vm=22 (planned reserved, was idle)
[t=   3332.5388][DISPATCH              ] wf=1 task=160 vm=22
[t=   3334.3858][TASK-COMPLETE         ] task=161 wf=1 vm=41(reserved) actualCPU=2.9210s
[t=   3336.7398][TASK-COMPLETE         ] task=158 wf=1 vm=45(reserved) actualCPU=5.2750s
[t=   3367.0778][TASK-COMPLETE         ] task=160 wf=1 vm=22(reserved) actualCPU=34.5390s
[t=   3390.6268][TASK-COMPLETE         ] task=453 wf=4 vm=8(reserved) actualCPU=326.7310s
[t=   3390.6268][DISPATCH              ] wf=4 task=454 planned=vm33 BUSY -> advanced to vm=1
[t=   3390.6268][DISPATCH              ] wf=4 task=455 -> vm=3 (planned reserved, was idle)
[t=   3390.6268][DISPATCH              ] wf=4 task=456 -> vm=46 (planned reserved, was idle)
[t=   3390.6268][DISPATCH              ] wf=4 task=458 -> vm=19 (planned reserved, was idle)
[t=   3390.6268][DISPATCH              ] wf=4 task=454 vm=1
[t=   3390.6268][DISPATCH              ] wf=4 task=455 vm=3
[t=   3390.6268][DISPATCH              ] wf=4 task=456 vm=46
[t=   3390.6268][DISPATCH              ] wf=4 task=458 vm=19
[t=   3391.8248][TASK-COMPLETE         ] task=454 wf=4 vm=1(reserved) actualCPU=1.1980s
[t=   3391.8248][DISPATCH              ] wf=4 task=457 planned=vm32 BUSY -> advanced to vm=1
[t=   3391.8248][DISPATCH              ] wf=4 task=457 vm=1
[t=   3393.3208][TASK-COMPLETE         ] task=458 wf=4 vm=19(reserved) actualCPU=2.6940s
[t=   3396.6468][TASK-COMPLETE         ] task=455 wf=4 vm=3(reserved) actualCPU=6.0200s
[t=   3397.7748][TASK-COMPLETE         ] task=947 wf=9 vm=18(reserved) actualCPU=369.6620s
[t=   3397.7748][DISPATCH              ] wf=9 task=948 planned=vm23 BUSY -> advanced to vm=2
[t=   3397.7748][DISPATCH              ] wf=9 task=949 -> vm=45 (planned reserved, was idle)
[t=   3397.7748][DISPATCH              ] wf=9 task=950 -> vm=34 (planned reserved, was idle)
[t=   3397.7748][DISPATCH              ] wf=9 task=952 -> vm=44 (planned reserved, was idle)
[t=   3397.7748][DISPATCH              ] wf=9 task=948 vm=2
[t=   3397.7748][DISPATCH              ] wf=9 task=949 vm=45
[t=   3397.7748][DISPATCH              ] wf=9 task=950 vm=34
[t=   3397.7748][DISPATCH              ] wf=9 task=952 vm=44
[t=   3399.0928][TASK-COMPLETE         ] task=948 wf=9 vm=2(reserved) actualCPU=1.3180s
[t=   3399.0928][DISPATCH              ] wf=9 task=951 -> vm=25 (planned reserved, was idle)
[t=   3399.0928][DISPATCH              ] wf=9 task=951 vm=25
[t=   3400.7698][TASK-COMPLETE         ] task=952 wf=9 vm=44(reserved) actualCPU=2.9950s
[t=   3403.0508][TASK-COMPLETE         ] task=949 wf=9 vm=45(reserved) actualCPU=5.2760s
[t=   3421.1288][TASK-COMPLETE         ] task=457 wf=4 vm=1(reserved) actualCPU=29.3040s
[t=   3436.1558][TASK-COMPLETE         ] task=951 wf=9 vm=25(reserved) actualCPU=37.0630s
[t=   3550.7578][TASK-COMPLETE         ] task=919 wf=9 vm=6(reserved) actualCPU=1240.6930s
[t=   3550.7578][DISPATCH              ] wf=9 task=922 planned=vm21 BUSY -> advanced to vm=1
[t=   3550.7578][DISPATCH              ] wf=9 task=922 vm=1
[t=   3552.1088][TASK-COMPLETE         ] task=922 wf=9 vm=1(reserved) actualCPU=1.3510s
[t=   3557.9058][TASK-COMPLETE         ] task=650 wf=6 vm=40(reserved) actualCPU=383.1910s
[t=   3557.9058][DISPATCH              ] wf=6 task=651 -> vm=4 (planned reserved, was idle)
[t=   3557.9058][DISPATCH              ] wf=6 task=652 -> vm=10 (planned reserved, was idle)
[t=   3557.9058][DISPATCH              ] wf=6 task=653 -> vm=30 (planned reserved, was idle)
[t=   3557.9058][DISPATCH              ] wf=6 task=655 -> vm=35 (planned reserved, was idle)
[t=   3557.9058][DISPATCH              ] wf=6 task=651 vm=4
[t=   3557.9058][DISPATCH              ] wf=6 task=652 vm=10
[t=   3557.9058][DISPATCH              ] wf=6 task=653 vm=30
[t=   3557.9058][DISPATCH              ] wf=6 task=655 vm=35
[t=   3559.2418][TASK-COMPLETE         ] task=651 wf=6 vm=4(reserved) actualCPU=1.3360s
[t=   3559.2418][DISPATCH              ] wf=6 task=654 planned=vm20 BUSY -> advanced to vm=1
[t=   3559.2418][DISPATCH              ] wf=6 task=654 vm=1
[t=   3560.8178][TASK-COMPLETE         ] task=655 wf=6 vm=35(reserved) actualCPU=2.9120s
[t=   3563.0988][TASK-COMPLETE         ] task=652 wf=6 vm=10(reserved) actualCPU=5.1930s
[t=   3596.8198][TASK-COMPLETE         ] task=654 wf=6 vm=1(reserved) actualCPU=37.5780s
[t=   3627.6078][TASK-COMPLETE         ] task=128 wf=1 vm=17(reserved) actualCPU=1093.5300s
[t=   3627.6078][DISPATCH              ] wf=1 task=131 -> vm=25 (planned reserved, was idle)
[t=   3627.6078][DISPATCH              ] wf=1 task=131 vm=25
[t=   3629.0298][TASK-COMPLETE         ] task=131 wf=1 vm=25(reserved) actualCPU=1.4220s
[t=   3710.2008][TASK-COMPLETE         ] task=425 wf=4 vm=24(reserved) actualCPU=1241.8820s
[t=   3710.2008][DISPATCH              ] wf=4 task=428 planned=vm46 BUSY -> advanced to vm=1
[t=   3710.2008][DISPATCH              ] wf=4 task=428 vm=1
[t=   3711.3518][TASK-COMPLETE         ] task=428 wf=4 vm=1(reserved) actualCPU=1.1510s
[t=   3937.9938][TASK-COMPLETE         ] task=194 wf=1 vm=11(reserved) actualCPU=1450.8140s
[t=   3937.9938][DISPATCH              ] wf=1 task=197 -> vm=27 (planned reserved, was idle)
[t=   3937.9938][DISPATCH              ] wf=1 task=197 vm=27
[t=   3939.5388][TASK-COMPLETE         ] task=197 wf=1 vm=27(reserved) actualCPU=1.5450s
[t=   3976.3338][TASK-COMPLETE         ] task=622 wf=6 vm=32(reserved) actualCPU=1040.2810s
[t=   3976.3338][DISPATCH              ] wf=6 task=625 -> vm=25 (planned reserved, was idle)
[t=   3976.3338][DISPATCH              ] wf=6 task=625 vm=25
[t=   3977.5608][TASK-COMPLETE         ] task=625 wf=6 vm=25(reserved) actualCPU=1.2270s
[t=   4078.3318][TASK-COMPLETE         ] task=491 wf=4 vm=29(reserved) actualCPU=1389.6930s
[t=   4078.3318][DISPATCH              ] wf=4 task=494 -> vm=9 (planned reserved, was idle)
[t=   4078.3318][DISPATCH              ] wf=4 task=494 vm=9
[t=   4079.8378][TASK-COMPLETE         ] task=494 wf=4 vm=9(reserved) actualCPU=1.5060s
[t=   4233.7018][TASK-COMPLETE         ] task=1416 wf=14 vm=47(reserved) actualCPU=1251.7540s
[t=   4233.7018][DISPATCH              ] wf=14 task=1419 -> vm=4 (planned reserved, was idle)
[t=   4233.7018][DISPATCH              ] wf=14 task=1419 vm=4
[t=   4234.8288][TASK-COMPLETE         ] task=1419 wf=14 vm=4(reserved) actualCPU=1.1270s
[t=   4313.5888][TASK-COMPLETE         ] task=688 wf=6 vm=33(reserved) actualCPU=1332.7340s
[t=   4313.5888][DISPATCH              ] wf=6 task=691 -> vm=45 (planned reserved, was idle)
[t=   4313.5888][DISPATCH              ] wf=6 task=691 vm=45
[t=   4315.2528][TASK-COMPLETE         ] task=691 wf=6 vm=45(reserved) actualCPU=1.6640s
[t=   4381.9558][TASK-COMPLETE         ] task=1482 wf=14 vm=23(reserved) actualCPU=1216.7650s
[t=   4381.9558][DISPATCH              ] wf=14 task=1485 -> vm=10 (planned reserved, was idle)
[t=   4381.9558][DISPATCH              ] wf=14 task=1485 vm=10
[t=   4383.4638][TASK-COMPLETE         ] task=1485 wf=14 vm=10(reserved) actualCPU=1.5080s
[t=   4510.7068][TASK-COMPLETE         ] task=159 wf=1 vm=21(reserved) actualCPU=1179.2420s
[t=   4510.7068][DISPATCH              ] wf=1 task=162 -> vm=21 (planned reserved, was idle)
[t=   4510.7068][DISPATCH              ] wf=1 task=162 vm=21
[t=   4511.9798][TASK-COMPLETE         ] task=162 wf=1 vm=21(reserved) actualCPU=1.2730s
[t=   4511.9798][WF-COMPLETE           ] wf=1 completionTime=4511.9798 deadline=8988.9719 -> MET
[t=   4538.8838][TASK-COMPLETE         ] task=1447 wf=14 vm=0(reserved) actualCPU=1297.8330s
[t=   4538.8838][DISPATCH              ] wf=14 task=1450 -> vm=37 (planned reserved, was idle)
[t=   4538.8838][DISPATCH              ] wf=14 task=1450 vm=37
[t=   4540.3058][TASK-COMPLETE         ] task=1450 wf=14 vm=37(reserved) actualCPU=1.4220s
[t=   4540.3058][WF-COMPLETE           ] wf=14 completionTime=4540.3058 deadline=9163.3595 -> MET
[t=   4541.0208][TASK-COMPLETE         ] task=985 wf=9 vm=20(reserved) actualCPU=1349.6160s
[t=   4541.0208][DISPATCH              ] wf=9 task=988 -> vm=49 (planned reserved, was idle)
[t=   4541.0208][DISPATCH              ] wf=9 task=988 vm=49
[t=   4542.8178][TASK-COMPLETE         ] task=988 wf=9 vm=49(reserved) actualCPU=1.7970s
[t=   4678.4648][TASK-COMPLETE         ] task=950 wf=9 vm=34(reserved) actualCPU=1280.6900s
[t=   4678.4648][DISPATCH              ] wf=9 task=953 -> vm=9 (planned reserved, was idle)
[t=   4678.4648][DISPATCH              ] wf=9 task=953 vm=9
[t=   4679.9388][TASK-COMPLETE         ] task=953 wf=9 vm=9(reserved) actualCPU=1.4740s
[t=   4679.9388][WF-COMPLETE           ] wf=9 completionTime=4679.9388 deadline=9107.1399 -> MET
[t=   4903.0868][TASK-COMPLETE         ] task=653 wf=6 vm=30(reserved) actualCPU=1345.1810s
[t=   4903.0868][DISPATCH              ] wf=6 task=656 -> vm=33 (planned reserved, was idle)
[t=   4903.0868][DISPATCH              ] wf=6 task=656 vm=33
[t=   4904.5228][TASK-COMPLETE         ] task=656 wf=6 vm=33(reserved) actualCPU=1.4360s
[t=   4904.5228][WF-COMPLETE           ] wf=6 completionTime=4904.5228 deadline=9090.2262 -> MET
[t=   5015.8338][TASK-COMPLETE         ] task=456 wf=4 vm=46(reserved) actualCPU=1625.2070s
[t=   5015.8338][DISPATCH              ] wf=4 task=459 -> vm=7 (planned reserved, was idle)
[t=   5015.8338][DISPATCH              ] wf=4 task=459 vm=7
[t=   5017.1898][TASK-COMPLETE         ] task=459 wf=4 vm=7(reserved) actualCPU=1.3560s
[t=   5017.1898][WF-COMPLETE           ] wf=4 completionTime=5017.1898 deadline=9027.2437 -> MET
[t=      0.0000][CLOSE                 ] === CBMW detail log closed ===
