[t=      0.0000][INIT                  ] === CBMW detail log opened ===
[t=      0.0000][NEGOTIATE             ] wf=0 tasks=100 arrivalTime=0.0000 deadline=141.4400 cp=76.3550 BETA*cp=83.9905 slack=141.4400 -> ACCEPTED
[t=      0.1000][DISPATCH              ] wf=0 task=1 vm=0
[t=      0.1000][DISPATCH              ] wf=0 task=2 vm=1
[t=      0.1000][DISPATCH              ] wf=0 task=3 vm=2
[t=      0.1000][DISPATCH              ] wf=0 task=4 vm=3
[t=      0.1000][DISPATCH              ] wf=0 task=5 vm=4
[t=      0.1000][DISPATCH              ] wf=0 task=6 vm=5
[t=      0.1000][DISPATCH              ] wf=0 task=7 vm=6
[t=      0.1000][DISPATCH              ] wf=0 task=8 vm=7
[t=      0.1000][DISPATCH              ] wf=0 task=9 vm=8
[t=      0.1000][DISPATCH              ] wf=0 task=10 vm=9
[t=      0.1000][DISPATCH              ] wf=0 task=11 vm=10
[t=      0.1000][DISPATCH              ] wf=0 task=12 vm=11
[t=      0.1000][DISPATCH              ] wf=0 task=13 vm=12
[t=      0.1000][DISPATCH              ] wf=0 task=14 vm=13
[t=      0.1000][DISPATCH              ] wf=0 task=15 vm=14
[t=      0.1000][DISPATCH              ] wf=0 task=16 vm=15
[t=     12.1020][TASK-COMPLETE         ] task=5 wf=0 vm=4(reserved) actualCPU=12.0020s
[t=     12.8160][TASK-COMPLETE         ] task=15 wf=0 vm=14(reserved) actualCPU=12.7160s
[t=     12.8670][TASK-COMPLETE         ] task=6 wf=0 vm=5(reserved) actualCPU=12.7670s
[t=     12.9220][TASK-COMPLETE         ] task=2 wf=0 vm=1(reserved) actualCPU=12.8220s
[t=     12.9220][DISPATCH              ] wf=0 task=39 vm=1
[t=     12.9620][TASK-COMPLETE         ] task=7 wf=0 vm=6(reserved) actualCPU=12.8620s
[t=     12.9620][DISPATCH              ] wf=0 task=23 vm=4
[t=     12.9620][DISPATCH              ] wf=0 task=40 vm=5
[t=     12.9620][DISPATCH              ] wf=0 task=41 vm=6
[t=     13.1330][TASK-COMPLETE         ] task=14 wf=0 vm=13(reserved) actualCPU=13.0330s
[t=     13.1330][DISPATCH              ] wf=0 task=28 vm=13
[t=     13.1330][DISPATCH              ] wf=0 task=38 vm=14
[t=     13.1330][DISPATCH              ] wf=0 task=69 vm=16
[t=     13.1330][DISPATCH              ] wf=0 task=70 vm=17
[t=     13.1330][DISPATCH              ] wf=0 task=73 vm=18
[t=     13.2870][TASK-COMPLETE         ] task=1 wf=0 vm=0(reserved) actualCPU=13.1870s
[t=     13.2870][DISPATCH              ] wf=0 task=17 vm=0
[t=     13.2870][DISPATCH              ] wf=0 task=20 vm=19
[t=     13.2870][DISPATCH              ] wf=0 task=21 vm=20
[t=     14.1620][TASK-COMPLETE         ] task=3 wf=0 vm=2(reserved) actualCPU=14.0620s
[t=     14.1620][DISPATCH              ] wf=0 task=31 vm=2
[t=     14.1620][DISPATCH              ] wf=0 task=36 vm=21
[t=     14.2880][TASK-COMPLETE         ] task=12 wf=0 vm=11(reserved) actualCPU=14.1880s
[t=     14.2880][DISPATCH              ] wf=0 task=19 vm=11
[t=     14.2880][DISPATCH              ] wf=0 task=63 vm=22
[t=     14.2880][DISPATCH              ] wf=0 task=65 vm=23
[t=     14.4500][TASK-COMPLETE         ] task=16 wf=0 vm=15(reserved) actualCPU=14.3500s
[t=     14.4500][DISPATCH              ] wf=0 task=29 vm=15
[t=     14.4500][DISPATCH              ] wf=0 task=74 vm=24
[t=     14.4500][DISPATCH              ] wf=0 task=77 vm=25
[t=     14.4500][DISPATCH              ] wf=0 task=78 vm=26
[t=     14.6510][TASK-COMPLETE         ] task=4 wf=0 vm=3(reserved) actualCPU=14.5510s
[t=     14.6510][DISPATCH              ] wf=0 task=22 vm=3
[t=     14.6510][DISPATCH              ] wf=0 task=30 vm=27
[t=     14.6510][DISPATCH              ] wf=0 task=34 vm=28
[t=     14.6510][DISPATCH              ] wf=0 task=35 vm=29
[t=     14.6510][DISPATCH              ] wf=0 task=75 vm=30
[t=     15.1260][TASK-COMPLETE         ] task=13 wf=0 vm=12(reserved) actualCPU=15.0260s
[t=     15.1260][DISPATCH              ] wf=0 task=27 vm=12
[t=     15.1260][DISPATCH              ] wf=0 task=33 vm=31
[t=     15.1260][DISPATCH              ] wf=0 task=37 vm=32
[t=     15.1260][DISPATCH              ] wf=0 task=45 vm=33
[t=     15.1260][DISPATCH              ] wf=0 task=66 vm=34
[t=     15.1260][DISPATCH              ] wf=0 task=67 vm=35
[t=     15.1260][DISPATCH              ] wf=0 task=68 vm=36
[t=     15.1260][DISPATCH              ] wf=0 task=72 vm=37
[t=     15.1830][TASK-COMPLETE         ] task=9 wf=0 vm=8(reserved) actualCPU=15.0830s
[t=     15.1830][DISPATCH              ] wf=0 task=25 vm=8
[t=     15.1830][DISPATCH              ] wf=0 task=42 vm=38
[t=     15.1830][DISPATCH              ] wf=0 task=50 vm=39
[t=     15.1830][DISPATCH              ] wf=0 task=52 vm=40
[t=     15.1830][DISPATCH              ] wf=0 task=54 vm=41
[t=     15.1830][DISPATCH              ] wf=0 task=64 vm=42
[t=     15.1830][DISPATCH              ] wf=0 task=76 vm=43
[t=     15.2360][TASK-COMPLETE         ] task=8 wf=0 vm=7(reserved) actualCPU=15.1360s
[t=     15.2360][DISPATCH              ] wf=0 task=24 vm=7
[t=     15.2360][DISPATCH              ] wf=0 task=32 vm=44
[t=     15.2360][DISPATCH              ] wf=0 task=46 vm=45
[t=     15.2360][DISPATCH              ] wf=0 task=47 vm=46
[t=     15.2360][DISPATCH              ] wf=0 task=48 vm=47
[t=     15.2360][DISPATCH              ] wf=0 task=49 vm=48
[t=     15.2360][DISPATCH              ] wf=0 task=51 vm=49
[t=     15.6490][TASK-COMPLETE         ] task=11 wf=0 vm=10(reserved) actualCPU=15.5490s
[t=     15.6490][DISPATCH              ] wf=0 task=71 vm=10
[t=     16.0080][TASK-COMPLETE         ] task=10 wf=0 vm=9(reserved) actualCPU=15.9080s
[t=     16.0080][DISPATCH              ] wf=0 task=44 vm=9
[t=     22.1020][TASK-COMPLETE         ] task=28 wf=0 vm=13(reserved) actualCPU=8.9690s
[t=     22.1020][DISPATCH              ] wf=0 task=53 vm=13
[t=     22.8810][TASK-COMPLETE         ] task=20 wf=0 vm=19(reserved) actualCPU=9.5940s
[t=     22.8810][DISPATCH              ] wf=0 task=56 vm=19
[t=     22.9000][TASK-COMPLETE         ] task=39 wf=0 vm=1(reserved) actualCPU=9.9780s
[t=     22.9000][DISPATCH              ] wf=0 task=57 vm=1
[t=     22.9890][TASK-COMPLETE         ] task=22 wf=0 vm=3(reserved) actualCPU=8.3380s
[t=     22.9890][DISPATCH              ] wf=0 task=58 vm=3
[t=     23.1680][TASK-COMPLETE         ] task=38 wf=0 vm=14(reserved) actualCPU=10.0350s
[t=     23.1680][DISPATCH              ] wf=0 task=59 vm=14
[t=     23.3320][TASK-COMPLETE         ] task=21 wf=0 vm=20(reserved) actualCPU=10.0450s
[t=     23.3320][DISPATCH              ] wf=0 task=60 vm=20
[t=     23.3620][TASK-COMPLETE         ] task=63 wf=0 vm=22(reserved) actualCPU=9.0740s
[t=     23.3620][DISPATCH              ] wf=0 task=61 vm=22
[t=     23.4010][TASK-COMPLETE         ] task=23 wf=0 vm=4(reserved) actualCPU=10.4390s
[t=     23.4010][DISPATCH              ] wf=0 task=62 vm=4
[t=     23.5110][TASK-COMPLETE         ] task=41 wf=0 vm=6(reserved) actualCPU=10.5490s
[t=     23.5110][TASK-COMPLETE         ] task=70 wf=0 vm=17(reserved) actualCPU=10.3780s
[t=     23.5110][DISPATCH              ] wf=0 task=18 vm=6
[t=     23.5110][DISPATCH              ] wf=0 task=26 vm=17
[t=     23.7730][TASK-COMPLETE         ] task=34 wf=0 vm=28(reserved) actualCPU=9.1220s
[t=     23.7730][DISPATCH              ] wf=0 task=43 vm=28
[t=     23.8270][TASK-COMPLETE         ] task=69 wf=0 vm=16(reserved) actualCPU=10.6940s
[t=     23.8270][DISPATCH              ] wf=0 task=55 vm=16
[t=     24.2280][TASK-COMPLETE         ] task=44 wf=0 vm=9(reserved) actualCPU=8.2200s
[t=     24.3190][TASK-COMPLETE         ] task=67 wf=0 vm=35(reserved) actualCPU=9.1930s
[t=     24.3970][TASK-COMPLETE         ] task=78 wf=0 vm=26(reserved) actualCPU=9.9470s
[t=     24.4620][TASK-COMPLETE         ] task=77 wf=0 vm=25(reserved) actualCPU=10.0120s
[t=     24.5310][TASK-COMPLETE         ] task=32 wf=0 vm=44(reserved) actualCPU=9.2950s
[t=     24.6130][TASK-COMPLETE         ] task=40 wf=0 vm=5(reserved) actualCPU=11.6510s
[t=     24.6590][TASK-COMPLETE         ] task=19 wf=0 vm=11(reserved) actualCPU=10.3710s
[t=     24.7200][TASK-COMPLETE         ] task=36 wf=0 vm=21(reserved) actualCPU=10.5580s
[t=     24.7200][TASK-COMPLETE         ] task=52 wf=0 vm=40(reserved) actualCPU=9.5370s
[t=     24.8300][TASK-COMPLETE         ] task=48 wf=0 vm=47(reserved) actualCPU=9.5940s
[t=     24.8540][TASK-COMPLETE         ] task=66 wf=0 vm=34(reserved) actualCPU=9.7280s
[t=     24.9400][TASK-COMPLETE         ] task=29 wf=0 vm=15(reserved) actualCPU=10.4900s
[t=     25.0460][TASK-COMPLETE         ] task=17 wf=0 vm=0(reserved) actualCPU=11.7590s
[t=     25.1400][TASK-COMPLETE         ] task=47 wf=0 vm=46(reserved) actualCPU=9.9040s
[t=     25.2090][TASK-COMPLETE         ] task=27 wf=0 vm=12(reserved) actualCPU=10.0830s
[t=     25.2320][TASK-COMPLETE         ] task=73 wf=0 vm=18(reserved) actualCPU=12.0990s
[t=     25.3450][TASK-COMPLETE         ] task=33 wf=0 vm=31(reserved) actualCPU=10.2190s
[t=     25.5120][TASK-COMPLETE         ] task=49 wf=0 vm=48(reserved) actualCPU=10.2760s
[t=     25.5660][TASK-COMPLETE         ] task=65 wf=0 vm=23(reserved) actualCPU=11.2780s
[t=     25.6020][TASK-COMPLETE         ] task=72 wf=0 vm=37(reserved) actualCPU=10.4760s
[t=     25.7120][TASK-COMPLETE         ] task=37 wf=0 vm=32(reserved) actualCPU=10.5860s
[t=     25.7840][TASK-COMPLETE         ] task=50 wf=0 vm=39(reserved) actualCPU=10.6010s
[t=     25.9020][TASK-COMPLETE         ] task=75 wf=0 vm=30(reserved) actualCPU=11.2510s
[t=     25.9520][TASK-COMPLETE         ] task=64 wf=0 vm=42(reserved) actualCPU=10.7690s
[t=     26.1230][TASK-COMPLETE         ] task=68 wf=0 vm=36(reserved) actualCPU=10.9970s
[t=     26.1820][TASK-COMPLETE         ] task=51 wf=0 vm=49(reserved) actualCPU=10.9460s
[t=     26.3140][TASK-COMPLETE         ] task=46 wf=0 vm=45(reserved) actualCPU=11.0780s
[t=     26.3590][TASK-COMPLETE         ] task=31 wf=0 vm=2(reserved) actualCPU=12.1970s
[t=     26.3870][TASK-COMPLETE         ] task=30 wf=0 vm=27(reserved) actualCPU=11.7360s
[t=     26.5450][TASK-COMPLETE         ] task=76 wf=0 vm=43(reserved) actualCPU=11.3620s
[t=     26.6240][TASK-COMPLETE         ] task=42 wf=0 vm=38(reserved) actualCPU=11.4410s
[t=     26.7920][TASK-COMPLETE         ] task=45 wf=0 vm=33(reserved) actualCPU=11.6660s
[t=     26.8560][TASK-COMPLETE         ] task=24 wf=0 vm=7(reserved) actualCPU=11.6200s
[t=     26.9380][TASK-COMPLETE         ] task=71 wf=0 vm=10(reserved) actualCPU=11.2890s
[t=     27.0100][TASK-COMPLETE         ] task=74 wf=0 vm=24(reserved) actualCPU=12.5600s
[t=     27.0320][TASK-COMPLETE         ] task=54 wf=0 vm=41(reserved) actualCPU=11.8490s
[t=     27.3260][TASK-COMPLETE         ] task=35 wf=0 vm=29(reserved) actualCPU=12.6750s
[t=     27.5920][TASK-COMPLETE         ] task=25 wf=0 vm=8(reserved) actualCPU=12.4090s
[t=     31.3270][TASK-COMPLETE         ] task=53 wf=0 vm=13(reserved) actualCPU=9.2250s
[t=     32.1660][TASK-COMPLETE         ] task=62 wf=0 vm=4(reserved) actualCPU=8.7650s
[t=     32.5850][TASK-COMPLETE         ] task=56 wf=0 vm=19(reserved) actualCPU=9.7040s
[t=     32.8610][TASK-COMPLETE         ] task=60 wf=0 vm=20(reserved) actualCPU=9.5290s
[t=     33.0000][TASK-COMPLETE         ] task=43 wf=0 vm=28(reserved) actualCPU=9.2270s
[t=     34.2500][TASK-COMPLETE         ] task=58 wf=0 vm=3(reserved) actualCPU=11.2610s
[t=     34.6690][TASK-COMPLETE         ] task=59 wf=0 vm=14(reserved) actualCPU=11.5010s
[t=     34.8940][TASK-COMPLETE         ] task=61 wf=0 vm=22(reserved) actualCPU=11.5320s
[t=     35.2390][TASK-COMPLETE         ] task=26 wf=0 vm=17(reserved) actualCPU=11.7280s
[t=     35.4630][TASK-COMPLETE         ] task=18 wf=0 vm=6(reserved) actualCPU=11.9520s
[t=     35.5730][TASK-COMPLETE         ] task=57 wf=0 vm=1(reserved) actualCPU=12.6730s
[t=     36.6470][TASK-COMPLETE         ] task=55 wf=0 vm=16(reserved) actualCPU=12.8200s
[t=     36.6470][DISPATCH              ] wf=0 task=79 vm=0
[t=     39.0347][NEGOTIATE             ] wf=1 tasks=97 arrivalTime=39.0347 deadline=8988.9719 cp=4472.9460 BETA*cp=4920.2406 slack=8949.9372 -> ACCEPTED
[t=     39.0347][DISPATCH              ] wf=1 task=155 vm=1
[t=     39.0347][DISPATCH              ] wf=1 task=190 vm=2
[t=     39.0347][DISPATCH              ] wf=1 task=121 vm=3
[t=     39.0347][DISPATCH              ] wf=1 task=124 vm=4
[t=     39.0347][DISPATCH              ] wf=1 task=187 vm=5
[t=     39.0347][DISPATCH              ] wf=1 task=152 vm=6
[t=     39.0347][DISPATCH              ] wf=1 task=189 vm=7
[t=     39.0347][DISPATCH              ] wf=1 task=188 vm=8
[t=     39.0347][DISPATCH              ] wf=1 task=154 vm=9
[t=     39.0347][DISPATCH              ] wf=1 task=123 vm=10
[t=     39.0347][DISPATCH              ] wf=1 task=122 vm=11
[t=     39.0347][DISPATCH              ] wf=1 task=153 vm=12
[t=     39.0347][DISPATCH              ] wf=1 task=113 vm=13
[t=     39.0347][DISPATCH              ] wf=1 task=114 vm=14
[t=     39.0347][DISPATCH              ] wf=1 task=167 vm=15
[t=     39.0347][DISPATCH              ] wf=1 task=117 vm=16
[t=     39.0347][DISPATCH              ] wf=1 task=171 vm=17
[t=     39.0347][DISPATCH              ] wf=1 task=169 vm=18
[t=     39.0347][DISPATCH              ] wf=1 task=172 vm=19
[t=     39.0347][DISPATCH              ] wf=1 task=175 vm=20
[t=     39.0347][DISPATCH              ] wf=1 task=176 vm=21
[t=     39.0347][DISPATCH              ] wf=1 task=120 vm=22
[t=     39.0347][DISPATCH              ] wf=1 task=138 vm=23
[t=     39.0347][DISPATCH              ] wf=1 task=133 vm=24
[t=     39.0347][DISPATCH              ] wf=1 task=105 vm=25
[t=     39.0347][DISPATCH              ] wf=1 task=170 vm=26
[t=     39.0347][DISPATCH              ] wf=1 task=177 vm=27
[t=     39.0347][DISPATCH              ] wf=1 task=173 vm=28
[t=     39.0347][DISPATCH              ] wf=1 task=181 vm=29
[t=     39.0347][DISPATCH              ] wf=1 task=107 vm=30
[t=     39.0347][DISPATCH              ] wf=1 task=146 vm=31
[t=     39.0347][DISPATCH              ] wf=1 task=164 vm=32
[t=     39.0347][DISPATCH              ] wf=1 task=183 vm=33
[t=     39.0347][DISPATCH              ] wf=1 task=139 vm=34
[t=     39.0347][DISPATCH              ] wf=1 task=166 vm=35
[t=     39.0347][DISPATCH              ] wf=1 task=174 vm=36
[t=     39.0347][DISPATCH              ] wf=1 task=118 vm=37
[t=     39.0347][DISPATCH              ] wf=1 task=150 vm=38
[t=     39.0347][DISPATCH              ] wf=1 task=149 vm=39
[t=     39.0347][DISPATCH              ] wf=1 task=179 vm=40
[t=     39.0347][DISPATCH              ] wf=1 task=103 vm=41
[t=     39.0347][DISPATCH              ] wf=1 task=151 vm=42
[t=     39.0347][DISPATCH              ] wf=1 task=142 vm=43
[t=     39.0347][DISPATCH              ] wf=1 task=102 vm=44
[t=     39.0347][DISPATCH              ] wf=1 task=144 vm=45
[t=     39.0347][DISPATCH              ] wf=1 task=111 vm=46
[t=     39.0347][DISPATCH              ] wf=1 task=186 vm=47
[t=     39.0347][DISPATCH              ] wf=1 task=137 vm=48
[t=     39.0347][DISPATCH              ] wf=1 task=136 vm=49
[t=     40.1667][TASK-COMPLETE         ] task=186 wf=1 vm=47(reserved) actualCPU=1.1320s
[t=     40.1667][DISPATCH              ] wf=1 task=145 vm=47
[t=     40.2477][TASK-COMPLETE         ] task=179 wf=1 vm=40(reserved) actualCPU=1.2130s
[t=     40.2477][DISPATCH              ] wf=1 task=134 vm=40
[t=     40.2617][TASK-COMPLETE         ] task=166 wf=1 vm=35(reserved) actualCPU=1.2270s
[t=     40.2617][TASK-COMPLETE         ] task=174 wf=1 vm=36(reserved) actualCPU=1.2270s
[t=     40.2617][DISPATCH              ] wf=1 task=115 vm=35
[t=     40.2617][DISPATCH              ] wf=1 task=108 vm=36
[t=     40.2987][TASK-COMPLETE         ] task=183 wf=1 vm=33(reserved) actualCPU=1.2640s
[t=     40.2987][DISPATCH              ] wf=1 task=143 vm=33
[t=     40.3367][TASK-COMPLETE         ] task=181 wf=1 vm=29(reserved) actualCPU=1.3020s
[t=     40.3367][TASK-COMPLETE         ] task=164 wf=1 vm=32(reserved) actualCPU=1.3020s
[t=     40.3367][DISPATCH              ] wf=1 task=182 vm=29
[t=     40.3367][DISPATCH              ] wf=1 task=168 vm=32
[t=     40.3497][TASK-COMPLETE         ] task=177 wf=1 vm=27(reserved) actualCPU=1.3150s
[t=     40.3497][TASK-COMPLETE         ] task=173 wf=1 vm=28(reserved) actualCPU=1.3150s
[t=     40.3497][DISPATCH              ] wf=1 task=185 vm=27
[t=     40.3497][DISPATCH              ] wf=1 task=165 vm=28
[t=     40.3717][TASK-COMPLETE         ] task=170 wf=1 vm=26(reserved) actualCPU=1.3370s
[t=     40.3717][TASK-COMPLETE         ] task=111 wf=1 vm=46(reserved) actualCPU=1.3370s
[t=     40.3717][DISPATCH              ] wf=1 task=147 vm=26
[t=     40.3717][DISPATCH              ] wf=1 task=141 vm=46
[t=     40.3847][TASK-COMPLETE         ] task=102 wf=1 vm=44(reserved) actualCPU=1.3500s
[t=     40.3847][DISPATCH              ] wf=1 task=116 vm=44
[t=     40.3957][TASK-COMPLETE         ] task=103 wf=1 vm=41(reserved) actualCPU=1.3610s
[t=     40.3957][DISPATCH              ] wf=1 task=140 vm=41
[t=     40.4087][TASK-COMPLETE         ] task=118 wf=1 vm=37(reserved) actualCPU=1.3740s
[t=     40.4087][DISPATCH              ] wf=1 task=148 vm=37
[t=     40.4427][TASK-COMPLETE         ] task=137 wf=1 vm=48(reserved) actualCPU=1.4080s
[t=     40.4427][TASK-COMPLETE         ] task=136 wf=1 vm=49(reserved) actualCPU=1.4080s
[t=     40.4427][DISPATCH              ] wf=1 task=112 vm=48
[t=     40.4427][DISPATCH              ] wf=1 task=106 vm=49
[t=     40.4797][TASK-COMPLETE         ] task=176 wf=1 vm=21(reserved) actualCPU=1.4450s
[t=     40.4797][DISPATCH              ] wf=1 task=135 vm=21
[t=     40.4907][TASK-COMPLETE         ] task=172 wf=1 vm=19(reserved) actualCPU=1.4560s
[t=     40.4907][TASK-COMPLETE         ] task=175 wf=1 vm=20(reserved) actualCPU=1.4560s
[t=     40.4907][TASK-COMPLETE         ] task=107 wf=1 vm=30(reserved) actualCPU=1.4560s
[t=     40.4907][DISPATCH              ] wf=1 task=109 vm=19
[t=     40.4907][DISPATCH              ] wf=1 task=104 vm=20
[t=     40.4907][DISPATCH              ] wf=1 task=178 vm=30
[t=     40.5187][TASK-COMPLETE         ] task=144 wf=1 vm=45(reserved) actualCPU=1.4840s
[t=     40.5187][DISPATCH              ] wf=1 task=184 vm=45
[t=     40.5347][TASK-COMPLETE         ] task=142 wf=1 vm=43(reserved) actualCPU=1.5000s
[t=     40.5347][DISPATCH              ] wf=1 task=180 vm=43
[t=     40.5487][TASK-COMPLETE         ] task=169 wf=1 vm=18(reserved) actualCPU=1.5140s
[t=     40.5487][TASK-COMPLETE         ] task=149 wf=1 vm=39(reserved) actualCPU=1.5140s
[t=     40.5487][TASK-COMPLETE         ] task=151 wf=1 vm=42(reserved) actualCPU=1.5140s
[t=     40.5487][DISPATCH              ] wf=1 task=110 vm=18
[t=     40.5487][DISPATCH              ] wf=1 task=119 vm=39
[t=     40.5697][TASK-COMPLETE         ] task=105 wf=1 vm=25(reserved) actualCPU=1.5350s
[t=     40.5697][TASK-COMPLETE         ] task=150 wf=1 vm=38(reserved) actualCPU=1.5350s
[t=     40.5857][TASK-COMPLETE         ] task=171 wf=1 vm=17(reserved) actualCPU=1.5510s
[t=     40.5857][TASK-COMPLETE         ] task=139 wf=1 vm=34(reserved) actualCPU=1.5510s
[t=     40.6007][TASK-COMPLETE         ] task=120 wf=1 vm=22(reserved) actualCPU=1.5660s
[t=     40.6287][TASK-COMPLETE         ] task=146 wf=1 vm=31(reserved) actualCPU=1.5940s
[t=     40.6707][TASK-COMPLETE         ] task=167 wf=1 vm=15(reserved) actualCPU=1.6360s
[t=     40.7217][TASK-COMPLETE         ] task=138 wf=1 vm=23(reserved) actualCPU=1.6870s
[t=     40.7217][TASK-COMPLETE         ] task=133 wf=1 vm=24(reserved) actualCPU=1.6870s
[t=     40.8057][TASK-COMPLETE         ] task=117 wf=1 vm=16(reserved) actualCPU=1.7710s
[t=     40.8647][TASK-COMPLETE         ] task=114 wf=1 vm=14(reserved) actualCPU=1.8300s
[t=     40.9537][TASK-COMPLETE         ] task=113 wf=1 vm=13(reserved) actualCPU=1.9190s
[t=     41.2057][TASK-COMPLETE         ] task=184 wf=1 vm=45(reserved) actualCPU=0.6870s
[t=     41.2627][TASK-COMPLETE         ] task=165 wf=1 vm=28(reserved) actualCPU=0.9130s
[t=     41.2627][TASK-COMPLETE         ] task=178 wf=1 vm=30(reserved) actualCPU=0.7720s
[t=     41.2627][TASK-COMPLETE         ] task=180 wf=1 vm=43(reserved) actualCPU=0.7280s
[t=     41.2957][TASK-COMPLETE         ] task=119 wf=1 vm=39(reserved) actualCPU=0.7470s
[t=     41.3117][TASK-COMPLETE         ] task=185 wf=1 vm=27(reserved) actualCPU=0.9620s
[t=     41.3427][TASK-COMPLETE         ] task=106 wf=1 vm=49(reserved) actualCPU=0.9000s
[t=     41.3527][TASK-COMPLETE         ] task=110 wf=1 vm=18(reserved) actualCPU=0.8040s
[t=     41.3527][TASK-COMPLETE         ] task=168 wf=1 vm=32(reserved) actualCPU=1.0160s
[t=     41.3727][TASK-COMPLETE         ] task=182 wf=1 vm=29(reserved) actualCPU=1.0360s
[t=     41.3727][DISPATCH              ] wf=1 task=163 vm=13
[t=     41.3857][TASK-COMPLETE         ] task=109 wf=1 vm=19(reserved) actualCPU=0.8950s
[t=     41.3857][TASK-COMPLETE         ] task=104 wf=1 vm=20(reserved) actualCPU=0.8950s
[t=     41.3857][TASK-COMPLETE         ] task=112 wf=1 vm=48(reserved) actualCPU=0.9430s
[t=     41.4187][TASK-COMPLETE         ] task=116 wf=1 vm=44(reserved) actualCPU=1.0340s
[t=     41.4627][TASK-COMPLETE         ] task=108 wf=1 vm=36(reserved) actualCPU=1.2010s
[t=     41.4827][TASK-COMPLETE         ] task=115 wf=1 vm=35(reserved) actualCPU=1.2210s
[t=     41.4827][DISPATCH              ] wf=1 task=101 vm=14
[t=     41.5157][TASK-COMPLETE         ] task=163 wf=1 vm=13(reserved) actualCPU=0.1430s
[t=     41.5287][TASK-COMPLETE         ] task=135 wf=1 vm=21(reserved) actualCPU=1.0490s
[t=     41.5397][TASK-COMPLETE         ] task=145 wf=1 vm=47(reserved) actualCPU=1.3730s
[t=     41.5727][TASK-COMPLETE         ] task=141 wf=1 vm=46(reserved) actualCPU=1.2010s
[t=     41.5857][TASK-COMPLETE         ] task=101 wf=1 vm=14(reserved) actualCPU=0.1030s
[t=     41.5857][TASK-COMPLETE         ] task=147 wf=1 vm=26(reserved) actualCPU=1.2140s
[t=     41.5857][TASK-COMPLETE         ] task=148 wf=1 vm=37(reserved) actualCPU=1.1770s
[t=     41.5857][TASK-COMPLETE         ] task=140 wf=1 vm=41(reserved) actualCPU=1.1900s
[t=     41.6057][TASK-COMPLETE         ] task=134 wf=1 vm=40(reserved) actualCPU=1.3580s
[t=     41.6357][TASK-COMPLETE         ] task=143 wf=1 vm=33(reserved) actualCPU=1.3370s
[t=     41.6357][DISPATCH              ] wf=1 task=132 vm=13
[t=     41.6717][TASK-COMPLETE         ] task=79 wf=0 vm=0(reserved) actualCPU=5.0247s
[t=     41.6717][DISPATCH              ] wf=0 task=80 vm=0
[t=     41.7357][TASK-COMPLETE         ] task=132 wf=1 vm=13(reserved) actualCPU=0.1000s
[t=     47.4087][TASK-COMPLETE         ] task=80 wf=0 vm=0(reserved) actualCPU=5.7370s
[t=     47.4087][DISPATCH              ] wf=0 task=81 vm=0
[t=     47.4087][DISPATCH              ] wf=0 task=82 vm=13
[t=     47.4087][DISPATCH              ] wf=0 task=83 vm=14
[t=     47.4087][DISPATCH              ] wf=0 task=84 vm=15
[t=     47.4087][DISPATCH              ] wf=0 task=85 vm=16
[t=     47.4087][DISPATCH              ] wf=0 task=86 vm=17
[t=     47.4087][DISPATCH              ] wf=0 task=87 vm=18
[t=     47.4087][DISPATCH              ] wf=0 task=88 vm=19
[t=     47.4087][DISPATCH              ] wf=0 task=89 vm=20
[t=     47.4087][DISPATCH              ] wf=0 task=90 vm=21
[t=     47.4087][DISPATCH              ] wf=0 task=91 vm=22
[t=     47.4087][DISPATCH              ] wf=0 task=92 vm=23
[t=     47.4087][DISPATCH              ] wf=0 task=93 vm=24
[t=     47.4087][DISPATCH              ] wf=0 task=94 vm=25
[t=     47.4087][DISPATCH              ] wf=0 task=95 vm=26
[t=     47.4087][DISPATCH              ] wf=0 task=96 vm=27
[t=     48.8010][NEGOTIATE             ] wf=2 tasks=100 arrivalTime=48.8010 deadline=575.1210 cp=281.4280 BETA*cp=309.5708 slack=526.3200 -> ACCEPTED
[t=     48.8010][DISPATCH              ] wf=2 task=268 vm=28
[t=     48.8010][DISPATCH              ] wf=2 task=283 vm=29
[t=     48.8010][DISPATCH              ] wf=2 task=255 vm=30
[t=     48.8010][DISPATCH              ] wf=2 task=242 vm=31
[t=     48.8010][DISPATCH              ] wf=2 task=200 vm=32
[t=     48.8010][DISPATCH              ] wf=2 task=220 vm=33
[t=     48.8010][DISPATCH              ] wf=2 task=209 vm=34
[t=     48.8010][DISPATCH              ] wf=2 task=231 vm=35
[t=     56.6820][TASK-COMPLETE         ] task=90 wf=0 vm=21(reserved) actualCPU=9.2733s
[t=     57.0810][TASK-COMPLETE         ] task=91 wf=0 vm=22(reserved) actualCPU=9.6723s
[t=     57.3510][TASK-COMPLETE         ] task=87 wf=0 vm=18(reserved) actualCPU=9.9423s
[t=     57.5460][TASK-COMPLETE         ] task=84 wf=0 vm=15(reserved) actualCPU=10.1373s
[t=     57.5927][TASK-COMPLETE         ] task=96 wf=0 vm=27(reserved) actualCPU=10.1840s
[t=     57.7167][TASK-COMPLETE         ] task=94 wf=0 vm=25(reserved) actualCPU=10.3080s
[t=     58.0770][TASK-COMPLETE         ] task=82 wf=0 vm=13(reserved) actualCPU=10.6683s
[t=     58.1960][TASK-COMPLETE         ] task=86 wf=0 vm=17(reserved) actualCPU=10.7873s
[t=     58.3260][TASK-COMPLETE         ] task=83 wf=0 vm=14(reserved) actualCPU=10.9173s
[t=     58.3877][TASK-COMPLETE         ] task=95 wf=0 vm=26(reserved) actualCPU=10.9790s
[t=     58.6000][TASK-COMPLETE         ] task=81 wf=0 vm=0(reserved) actualCPU=11.1913s
[t=     58.7520][TASK-COMPLETE         ] task=85 wf=0 vm=16(reserved) actualCPU=11.3433s
[t=     59.0560][TASK-COMPLETE         ] task=93 wf=0 vm=24(reserved) actualCPU=11.6473s
[t=     59.3410][TASK-COMPLETE         ] task=88 wf=0 vm=19(reserved) actualCPU=11.9323s
[t=     59.6690][TASK-COMPLETE         ] task=89 wf=0 vm=20(reserved) actualCPU=12.2603s
[t=     60.2160][TASK-COMPLETE         ] task=92 wf=0 vm=23(reserved) actualCPU=12.8073s
[t=     60.2160][DISPATCH              ] wf=0 task=97 vm=0
[t=     66.9920][TASK-COMPLETE         ] task=153 wf=1 vm=12(reserved) actualCPU=27.9573s
[t=     67.2610][TASK-COMPLETE         ] task=97 wf=0 vm=0(reserved) actualCPU=7.0450s
[t=     67.2610][DISPATCH              ] wf=0 task=98 vm=0
[t=     68.2790][TASK-COMPLETE         ] task=188 wf=1 vm=8(reserved) actualCPU=29.2443s
[t=     69.0151][NEGOTIATE             ] wf=3 tasks=100 arrivalTime=69.0151 deadline=595.3351 cp=293.5760 BETA*cp=322.9336 slack=526.3200 -> ACCEPTED
[t=     69.0151][DISPATCH              ] wf=3 task=342 vm=8
[t=     69.0151][DISPATCH              ] wf=3 task=368 vm=12
[t=     69.0151][DISPATCH              ] wf=3 task=383 vm=13
[t=     69.0151][DISPATCH              ] wf=3 task=300 vm=14
[t=     69.0151][DISPATCH              ] wf=3 task=355 vm=15
[t=     69.0151][DISPATCH              ] wf=3 task=320 vm=16
[t=     69.0151][DISPATCH              ] wf=3 task=309 vm=17
[t=     69.0151][DISPATCH              ] wf=3 task=331 vm=18
[t=     75.6561][TASK-COMPLETE         ] task=98 wf=0 vm=0(reserved) actualCPU=8.3951s
[t=     75.6561][DISPATCH              ] wf=0 task=99 vm=0
[t=     77.3065][NEGOTIATE             ] wf=4 tasks=97 arrivalTime=77.3065 deadline=9027.2437 cp=4939.8840 BETA*cp=5433.8724 slack=8949.9372 -> ACCEPTED
[t=     77.3065][DISPATCH              ] wf=4 task=452 vm=19
[t=     77.3065][DISPATCH              ] wf=4 task=487 vm=20
[t=     77.3065][DISPATCH              ] wf=4 task=418 vm=21
[t=     77.3065][DISPATCH              ] wf=4 task=421 vm=22
[t=     77.3065][DISPATCH              ] wf=4 task=449 vm=23
[t=     77.3065][DISPATCH              ] wf=4 task=484 vm=24
[t=     77.3065][DISPATCH              ] wf=4 task=451 vm=25
[t=     77.3065][DISPATCH              ] wf=4 task=450 vm=26
[t=     77.3065][DISPATCH              ] wf=4 task=486 vm=27
[t=     77.3065][DISPATCH              ] wf=4 task=485 vm=36
[t=     77.3065][DISPATCH              ] wf=4 task=420 vm=37
[t=     77.3065][DISPATCH              ] wf=4 task=419 vm=38
[t=     77.3065][DISPATCH              ] wf=4 task=442 vm=39
[t=     77.3065][DISPATCH              ] wf=4 task=480 vm=40
[t=     77.3065][DISPATCH              ] wf=4 task=466 vm=41
[t=     77.3065][DISPATCH              ] wf=4 task=410 vm=42
[t=     77.3065][DISPATCH              ] wf=4 task=461 vm=43
[t=     77.3065][DISPATCH              ] wf=4 task=468 vm=44
[t=     77.3065][DISPATCH              ] wf=4 task=464 vm=45
[t=     77.3065][DISPATCH              ] wf=4 task=437 vm=46
[t=     77.3065][DISPATCH              ] wf=4 task=435 vm=47
[t=     77.3065][DISPATCH              ] wf=4 task=474 vm=48
[t=     77.3065][DISPATCH              ] wf=4 task=478 vm=49
[t=     78.7405][TASK-COMPLETE         ] task=478 wf=4 vm=49(reserved) actualCPU=1.4340s
[t=     78.7405][DISPATCH              ] wf=4 task=472 vm=49
[t=     78.7925][TASK-COMPLETE         ] task=464 wf=4 vm=45(reserved) actualCPU=1.4860s
[t=     78.7925][TASK-COMPLETE         ] task=474 wf=4 vm=48(reserved) actualCPU=1.4860s
[t=     78.7925][DISPATCH              ] wf=4 task=483 vm=45
[t=     78.7925][DISPATCH              ] wf=4 task=471 vm=48
[t=     78.8435][TASK-COMPLETE         ] task=468 wf=4 vm=44(reserved) actualCPU=1.5370s
[t=     78.8435][DISPATCH              ] wf=4 task=434 vm=44
[t=     78.9175][TASK-COMPLETE         ] task=461 wf=4 vm=43(reserved) actualCPU=1.6110s
[t=     78.9175][TASK-COMPLETE         ] task=435 wf=4 vm=47(reserved) actualCPU=1.6110s
[t=     78.9175][DISPATCH              ] wf=4 task=402 vm=43
[t=     78.9175][DISPATCH              ] wf=4 task=473 vm=47
[t=     78.9535][TASK-COMPLETE         ] task=437 wf=4 vm=46(reserved) actualCPU=1.6470s
[t=     78.9535][DISPATCH              ] wf=4 task=430 vm=46
[t=     78.9715][TASK-COMPLETE         ] task=466 wf=4 vm=41(reserved) actualCPU=1.6650s
[t=     78.9715][DISPATCH              ] wf=4 task=463 vm=41
[t=     79.0275][TASK-COMPLETE         ] task=480 wf=4 vm=40(reserved) actualCPU=1.7210s
[t=     79.0275][DISPATCH              ] wf=4 task=469 vm=40
[t=     79.3155][TASK-COMPLETE         ] task=442 wf=4 vm=39(reserved) actualCPU=2.0090s
[t=     79.3155][DISPATCH              ] wf=4 task=441 vm=39
[t=     79.4255][TASK-COMPLETE         ] task=410 wf=4 vm=42(reserved) actualCPU=2.1190s
[t=     79.4255][DISPATCH              ] wf=4 task=470 vm=42
[t=     80.1455][TASK-COMPLETE         ] task=472 wf=4 vm=49(reserved) actualCPU=1.4050s
[t=     80.1455][DISPATCH              ] wf=4 task=440 vm=49
[t=     80.1755][TASK-COMPLETE         ] task=471 wf=4 vm=48(reserved) actualCPU=1.3830s
[t=     80.1755][DISPATCH              ] wf=4 task=446 vm=48
[t=     80.2555][TASK-COMPLETE         ] task=483 wf=4 vm=45(reserved) actualCPU=1.4630s
[t=     80.2555][DISPATCH              ] wf=4 task=404 vm=45
[t=     80.2675][TASK-COMPLETE         ] task=473 wf=4 vm=47(reserved) actualCPU=1.3500s
[t=     80.2675][DISPATCH              ] wf=4 task=408 vm=47
[t=     80.3005][TASK-COMPLETE         ] task=463 wf=4 vm=41(reserved) actualCPU=1.3290s
[t=     80.3005][DISPATCH              ] wf=4 task=414 vm=41
[t=     80.3395][TASK-COMPLETE         ] task=469 wf=4 vm=40(reserved) actualCPU=1.3120s
[t=     80.3395][DISPATCH              ] wf=4 task=448 vm=40
[t=     80.3565][TASK-COMPLETE         ] task=434 wf=4 vm=44(reserved) actualCPU=1.5130s
[t=     80.3565][DISPATCH              ] wf=4 task=445 vm=44
[t=     80.4475][TASK-COMPLETE         ] task=430 wf=4 vm=46(reserved) actualCPU=1.4940s
[t=     80.4475][DISPATCH              ] wf=4 task=411 vm=46
[t=     80.6335][TASK-COMPLETE         ] task=402 wf=4 vm=43(reserved) actualCPU=1.7160s
[t=     80.6335][DISPATCH              ] wf=4 task=436 vm=43
[t=     80.7065][TASK-COMPLETE         ] task=470 wf=4 vm=42(reserved) actualCPU=1.2810s
[t=     80.7065][DISPATCH              ] wf=4 task=443 vm=42
[t=     80.7635][TASK-COMPLETE         ] task=441 wf=4 vm=39(reserved) actualCPU=1.4480s
[t=     80.7635][DISPATCH              ] wf=4 task=476 vm=39
[t=     81.5635][TASK-COMPLETE         ] task=440 wf=4 vm=49(reserved) actualCPU=1.4180s
[t=     81.5635][DISPATCH              ] wf=4 task=439 vm=49
[t=     81.5805][TASK-COMPLETE         ] task=446 wf=4 vm=48(reserved) actualCPU=1.4050s
[t=     81.5805][DISPATCH              ] wf=4 task=431 vm=48
[t=     81.6251][TASK-COMPLETE         ] task=122 wf=1 vm=11(reserved) actualCPU=42.5904s
[t=     81.6251][DISPATCH              ] wf=4 task=465 vm=11
[t=     81.6905][TASK-COMPLETE         ] task=448 wf=4 vm=40(reserved) actualCPU=1.3510s
[t=     81.6905][DISPATCH              ] wf=4 task=444 vm=40
[t=     81.7351][TASK-COMPLETE         ] task=445 wf=4 vm=44(reserved) actualCPU=1.3786s
[t=     81.7351][DISPATCH              ] wf=4 task=438 vm=44
[t=     81.8225][TASK-COMPLETE         ] task=404 wf=4 vm=45(reserved) actualCPU=1.5670s
[t=     81.8225][DISPATCH              ] wf=4 task=477 vm=45
[t=     81.8365][TASK-COMPLETE         ] task=476 wf=4 vm=39(reserved) actualCPU=1.0730s
[t=     81.8365][TASK-COMPLETE         ] task=408 wf=4 vm=47(reserved) actualCPU=1.5690s
[t=     81.8365][DISPATCH              ] wf=4 task=467 vm=39
[t=     81.8365][DISPATCH              ] wf=4 task=433 vm=47
[t=     81.8545][TASK-COMPLETE         ] task=414 wf=4 vm=41(reserved) actualCPU=1.5540s
[t=     81.8545][DISPATCH              ] wf=4 task=462 vm=41
[t=     81.8785][TASK-COMPLETE         ] task=436 wf=4 vm=43(reserved) actualCPU=1.2450s
[t=     81.8785][DISPATCH              ] wf=4 task=417 vm=43
[t=     81.9645][TASK-COMPLETE         ] task=443 wf=4 vm=42(reserved) actualCPU=1.2580s
[t=     81.9645][TASK-COMPLETE         ] task=411 wf=4 vm=46(reserved) actualCPU=1.5170s
[t=     81.9645][DISPATCH              ] wf=4 task=399 vm=42
[t=     81.9645][DISPATCH              ] wf=4 task=482 vm=46
[t=     82.6335][TASK-COMPLETE         ] task=465 wf=4 vm=11(reserved) actualCPU=1.0084s
[t=     82.6335][DISPATCH              ] wf=4 task=481 vm=11
[t=     82.7545][TASK-COMPLETE         ] task=431 wf=4 vm=48(reserved) actualCPU=1.1740s
[t=     82.7545][DISPATCH              ] wf=4 task=401 vm=48
[t=     82.7765][TASK-COMPLETE         ] task=439 wf=4 vm=49(reserved) actualCPU=1.2130s
[t=     82.7765][DISPATCH              ] wf=4 task=479 vm=49
[t=     82.8095][TASK-COMPLETE         ] task=467 wf=4 vm=39(reserved) actualCPU=0.9730s
[t=     82.8095][DISPATCH              ] wf=4 task=447 vm=39
[t=     82.8375][TASK-COMPLETE         ] task=462 wf=4 vm=41(reserved) actualCPU=0.9830s
[t=     82.8375][TASK-COMPLETE         ] task=477 wf=4 vm=45(reserved) actualCPU=1.0150s
[t=     82.8375][TASK-COMPLETE         ] task=482 wf=4 vm=46(reserved) actualCPU=0.8730s
[t=     82.8375][DISPATCH              ] wf=4 task=432 vm=41
[t=     82.8375][DISPATCH              ] wf=4 task=413 vm=45
[t=     82.8375][DISPATCH              ] wf=4 task=400 vm=46
[t=     82.8545][TASK-COMPLETE         ] task=444 wf=4 vm=40(reserved) actualCPU=1.1640s
[t=     82.8545][DISPATCH              ] wf=4 task=415 vm=40
[t=     82.8981][TASK-COMPLETE         ] task=438 wf=4 vm=44(reserved) actualCPU=1.1630s
[t=     82.8981][DISPATCH              ] wf=4 task=405 vm=44
[t=     82.9645][TASK-COMPLETE         ] task=433 wf=4 vm=47(reserved) actualCPU=1.1280s
[t=     82.9645][DISPATCH              ] wf=4 task=412 vm=47
[t=     83.1371][TASK-COMPLETE         ] task=417 wf=4 vm=43(reserved) actualCPU=1.2586s
[t=     83.1371][DISPATCH              ] wf=4 task=409 vm=43
[t=     83.2115][TASK-COMPLETE         ] task=399 wf=4 vm=42(reserved) actualCPU=1.2470s
[t=     83.2115][DISPATCH              ] wf=4 task=403 vm=42
[t=     83.5031][TASK-COMPLETE         ] task=481 wf=4 vm=11(reserved) actualCPU=0.8696s
[t=     83.5031][DISPATCH              ] wf=4 task=475 vm=11
[t=     83.5371][TASK-COMPLETE         ] task=99 wf=0 vm=0(reserved) actualCPU=7.8810s
[t=     83.5371][DISPATCH              ] wf=4 task=406 vm=0
[t=     83.6275][TASK-COMPLETE         ] task=479 wf=4 vm=49(reserved) actualCPU=0.8510s
[t=     83.6275][DISPATCH              ] wf=0 task=100 vm=49
[t=     83.8081][TASK-COMPLETE         ] task=447 wf=4 vm=39(reserved) actualCPU=0.9986s
[t=     83.8081][DISPATCH              ] wf=4 task=416 vm=39
[t=     83.8275][TASK-COMPLETE         ] task=432 wf=4 vm=41(reserved) actualCPU=0.9900s
[t=     83.8275][DISPATCH              ] wf=4 task=407 vm=41
[t=     83.9455][TASK-COMPLETE         ] task=415 wf=4 vm=40(reserved) actualCPU=1.0910s
[t=     83.9455][DISPATCH              ] wf=4 task=429 vm=40
[t=     83.9625][TASK-COMPLETE         ] task=400 wf=4 vm=46(reserved) actualCPU=1.1250s
[t=     83.9845][TASK-COMPLETE         ] task=405 wf=4 vm=44(reserved) actualCPU=1.0864s
[t=     83.9845][TASK-COMPLETE         ] task=413 wf=4 vm=45(reserved) actualCPU=1.1470s
[t=     83.9845][TASK-COMPLETE         ] task=401 wf=4 vm=48(reserved) actualCPU=1.2300s
[t=     84.0455][TASK-COMPLETE         ] task=429 wf=4 vm=40(reserved) actualCPU=0.1000s
[t=     84.0455][TASK-COMPLETE         ] task=412 wf=4 vm=47(reserved) actualCPU=1.0810s
[t=     84.1321][TASK-COMPLETE         ] task=475 wf=4 vm=11(reserved) actualCPU=0.6290s
[t=     84.1321][DISPATCH              ] wf=4 task=460 vm=11
[t=     84.1991][TASK-COMPLETE         ] task=409 wf=4 vm=43(reserved) actualCPU=1.0620s
[t=     84.2381][TASK-COMPLETE         ] task=460 wf=4 vm=11(reserved) actualCPU=0.1060s
[t=     84.2575][TASK-COMPLETE         ] task=403 wf=4 vm=42(reserved) actualCPU=1.0460s
[t=     84.3625][TASK-COMPLETE         ] task=100 wf=0 vm=49(reserved) actualCPU=0.7350s
[t=     84.3625][WF-COMPLETE           ] wf=0 completionTime=84.3625 deadline=141.4400 -> MET
[t=     84.4835][TASK-COMPLETE         ] task=406 wf=4 vm=0(reserved) actualCPU=0.9464s
[t=     84.5995][TASK-COMPLETE         ] task=407 wf=4 vm=41(reserved) actualCPU=0.7720s
[t=     84.7285][TASK-COMPLETE         ] task=416 wf=4 vm=39(reserved) actualCPU=0.9204s
[t=     84.7285][DISPATCH              ] wf=4 task=398 vm=0
[t=     84.8285][TASK-COMPLETE         ] task=398 wf=4 vm=0(reserved) actualCPU=0.1000s
[t=     88.4142][NEGOTIATE             ] wf=5 tasks=100 arrivalTime=88.4142 deadline=2753.9342 cp=1413.5610 BETA*cp=1554.9171 slack=2665.5200 -> ACCEPTED
[t=     88.4142][DISPATCH              ] wf=5 task=511 vm=0
[t=     88.4142][DISPATCH              ] wf=5 task=508 vm=11
[t=     88.4142][DISPATCH              ] wf=5 task=497 vm=39
[t=     88.4142][DISPATCH              ] wf=5 task=502 vm=40
[t=     88.4142][DISPATCH              ] wf=5 task=514 vm=41
[t=     88.4142][DISPATCH              ] wf=5 task=509 vm=42
[t=     88.4142][DISPATCH              ] wf=5 task=495 vm=43
[t=     88.4142][DISPATCH              ] wf=5 task=513 vm=44
[t=     88.4142][DISPATCH              ] wf=5 task=515 vm=45
[t=     88.4142][DISPATCH              ] wf=5 task=498 vm=46
[t=     88.4142][DISPATCH              ] wf=5 task=504 vm=47
[t=     88.4142][DISPATCH              ] wf=5 task=499 vm=48
[t=     88.4142][DISPATCH              ] wf=5 task=517 vm=49
[t=     88.9681][TASK-COMPLETE         ] task=123 wf=1 vm=10(reserved) actualCPU=49.9334s
[t=     88.9681][DISPATCH              ] wf=5 task=510 vm=10
[t=    100.6351][TASK-COMPLETE         ] task=189 wf=1 vm=7(reserved) actualCPU=61.6004s
[t=    100.6351][DISPATCH              ] wf=5 task=507 vm=7
[t=    101.7451][TASK-COMPLETE         ] task=485 wf=4 vm=36(reserved) actualCPU=24.4386s
[t=    101.7451][DISPATCH              ] wf=5 task=506 vm=36
[t=    102.6641][TASK-COMPLETE         ] task=154 wf=1 vm=9(reserved) actualCPU=63.6294s
[t=    102.6641][DISPATCH              ] wf=5 task=512 vm=9
[t=    103.4061][TASK-COMPLETE         ] task=498 wf=5 vm=46(reserved) actualCPU=14.9919s
[t=    103.4061][DISPATCH              ] wf=5 task=496 vm=46
[t=    103.5361][TASK-COMPLETE         ] task=511 wf=5 vm=0(reserved) actualCPU=15.1219s
[t=    103.5361][DISPATCH              ] wf=5 task=521 vm=0
[t=    103.6252][TASK-COMPLETE         ] task=515 wf=5 vm=45(reserved) actualCPU=15.2110s
[t=    103.6252][DISPATCH              ] wf=5 task=534 vm=45
[t=    105.4951][TASK-COMPLETE         ] task=509 wf=5 vm=42(reserved) actualCPU=17.0809s
[t=    105.4951][DISPATCH              ] wf=5 task=538 vm=42
[t=    105.7551][TASK-COMPLETE         ] task=517 wf=5 vm=49(reserved) actualCPU=17.3409s
[t=    105.7551][DISPATCH              ] wf=5 task=532 vm=49
[t=    106.2341][TASK-COMPLETE         ] task=450 wf=4 vm=26(reserved) actualCPU=28.9276s
[t=    106.2341][DISPATCH              ] wf=5 task=540 vm=26
[t=    106.5501][TASK-COMPLETE         ] task=495 wf=5 vm=43(reserved) actualCPU=18.1359s
[t=    106.5501][DISPATCH              ] wf=5 task=505 vm=43
[t=    106.5602][TASK-COMPLETE         ] task=504 wf=5 vm=47(reserved) actualCPU=18.1460s
[t=    106.5602][DISPATCH              ] wf=5 task=518 vm=47
[t=    106.9921][TASK-COMPLETE         ] task=514 wf=5 vm=41(reserved) actualCPU=18.5779s
[t=    106.9921][DISPATCH              ] wf=5 task=527 vm=41
[t=    107.6121][TASK-COMPLETE         ] task=499 wf=5 vm=48(reserved) actualCPU=19.1979s
[t=    107.6121][DISPATCH              ] wf=5 task=537 vm=48
[t=    108.2641][TASK-COMPLETE         ] task=502 wf=5 vm=40(reserved) actualCPU=19.8499s
[t=    108.2641][DISPATCH              ] wf=5 task=522 vm=40
[t=    109.5621][TASK-COMPLETE         ] task=508 wf=5 vm=11(reserved) actualCPU=21.1479s
[t=    109.5621][DISPATCH              ] wf=5 task=525 vm=11
[t=    109.6801][TASK-COMPLETE         ] task=513 wf=5 vm=44(reserved) actualCPU=21.2659s
[t=    109.6801][DISPATCH              ] wf=5 task=531 vm=44
[t=    110.0231][TASK-COMPLETE         ] task=510 wf=5 vm=10(reserved) actualCPU=21.0550s
[t=    110.0231][DISPATCH              ] wf=5 task=536 vm=10
[t=    110.5041][TASK-COMPLETE         ] task=497 wf=5 vm=39(reserved) actualCPU=22.0899s
[t=    110.5041][DISPATCH              ] wf=5 task=533 vm=39
[t=    113.6111][TASK-COMPLETE         ] task=419 wf=4 vm=38(reserved) actualCPU=36.3046s
[t=    113.6111][DISPATCH              ] wf=5 task=520 vm=38
[t=    114.6611][TASK-COMPLETE         ] task=507 wf=5 vm=7(reserved) actualCPU=14.0260s
[t=    114.6611][DISPATCH              ] wf=5 task=516 vm=7
[t=    117.1811][TASK-COMPLETE         ] task=506 wf=5 vm=36(reserved) actualCPU=15.4360s
[t=    117.1811][DISPATCH              ] wf=5 task=530 vm=36
[t=    120.4921][TASK-COMPLETE         ] task=512 wf=5 vm=9(reserved) actualCPU=17.8280s
[t=    120.4921][DISPATCH              ] wf=5 task=529 vm=9
[t=    121.3681][TASK-COMPLETE         ] task=496 wf=5 vm=46(reserved) actualCPU=17.9620s
[t=    121.3681][DISPATCH              ] wf=5 task=535 vm=46
[t=    123.7511][TASK-COMPLETE         ] task=420 wf=4 vm=37(reserved) actualCPU=46.4446s
[t=    123.7511][DISPATCH              ] wf=5 task=519 vm=37
[t=    124.1791][TASK-COMPLETE         ] task=505 wf=5 vm=43(reserved) actualCPU=17.6290s
[t=    124.1791][DISPATCH              ] wf=5 task=503 vm=43
[t=    129.7621][TASK-COMPLETE         ] task=516 wf=5 vm=7(reserved) actualCPU=15.1010s
[t=    129.7621][DISPATCH              ] wf=5 task=528 vm=7
[t=    136.1691][TASK-COMPLETE         ] task=486 wf=4 vm=27(reserved) actualCPU=58.8626s
[t=    136.1691][DISPATCH              ] wf=5 task=539 vm=27
[t=    140.2890][NEGOTIATE             ] wf=6 tasks=97 arrivalTime=140.2890 deadline=9090.2262 cp=4764.2340 BETA*cp=5240.6574 slack=8949.9372 -> ACCEPTED
[t=    142.1168][NEGOTIATE             ] wf=7 tasks=100 arrivalTime=142.1168 deadline=2807.6368 cp=1422.5140 BETA*cp=1564.7654 slack=2665.5200 -> ACCEPTED
[t=    143.5341][TASK-COMPLETE         ] task=331 wf=3 vm=18(reserved) actualCPU=74.5190s
[t=    143.5341][DISPATCH              ] wf=7 task=708 vm=18
[t=    143.7411][TASK-COMPLETE         ] task=231 wf=2 vm=35(reserved) actualCPU=94.9401s
[t=    143.7411][DISPATCH              ] wf=3 task=334 vm=35
[t=    145.3894][NEGOTIATE             ] wf=8 tasks=100 arrivalTime=145.3894 deadline=2810.9094 cp=1362.2020 BETA*cp=1498.4222 slack=2665.5200 -> ACCEPTED
[t=    145.4691][TASK-COMPLETE         ] task=503 wf=5 vm=43(reserved) actualCPU=21.2900s
[t=    145.4691][DISPATCH              ] wf=2 task=234 vm=43
[t=    147.7061][TASK-COMPLETE         ] task=451 wf=4 vm=25(reserved) actualCPU=70.3996s
[t=    147.7061][DISPATCH              ] wf=2 task=232 vm=25
[t=    156.6511][TASK-COMPLETE         ] task=209 wf=2 vm=34(reserved) actualCPU=107.8501s
[t=    156.6511][DISPATCH              ] wf=2 task=240 vm=34
[t=    157.2027][NEGOTIATE             ] wf=9 tasks=97 arrivalTime=157.2027 deadline=9107.1399 cp=4522.6370 BETA*cp=4974.9007 slack=8949.9372 -> ACCEPTED
[t=    161.2561][TASK-COMPLETE         ] task=708 wf=7 vm=18(reserved) actualCPU=17.7220s
[t=    161.2561][DISPATCH              ] wf=2 task=218 vm=18
[t=    162.3741][TASK-COMPLETE         ] task=220 wf=2 vm=33(reserved) actualCPU=113.5731s
[t=    162.3741][DISPATCH              ] wf=2 task=216 vm=33
[t=    168.8457][NEGOTIATE             ] wf=10 tasks=100 arrivalTime=168.8457 deadline=695.1657 cp=290.2230 BETA*cp=319.2453 slack=526.3200 -> ACCEPTED
[t=    182.9279][NEGOTIATE             ] wf=11 tasks=100 arrivalTime=182.9279 deadline=2848.4479 cp=1395.3530 BETA*cp=1534.8883 slack=2665.5200 -> ACCEPTED
[t=    185.1731][TASK-COMPLETE         ] task=234 wf=2 vm=43(reserved) actualCPU=39.7040s
[t=    185.1731][DISPATCH              ] wf=10 task=1033 vm=43
[t=    185.8451][TASK-COMPLETE         ] task=232 wf=2 vm=25(reserved) actualCPU=38.1390s
[t=    185.8451][DISPATCH              ] wf=10 task=1059 vm=25
[t=    186.4541][TASK-COMPLETE         ] task=320 wf=3 vm=16(reserved) actualCPU=117.4390s
[t=    186.4541][DISPATCH              ] wf=10 task=1074 vm=16
[t=    189.3301][TASK-COMPLETE         ] task=334 wf=3 vm=35(reserved) actualCPU=45.5890s
[t=    189.3301][DISPATCH              ] wf=10 task=1046 vm=35
[t=    189.7621][TASK-COMPLETE         ] task=200 wf=2 vm=32(reserved) actualCPU=140.9611s
[t=    189.7621][DISPATCH              ] wf=10 task=991 vm=32
[t=    193.5301][TASK-COMPLETE         ] task=240 wf=2 vm=34(reserved) actualCPU=36.8790s
[t=    193.5301][DISPATCH              ] wf=2 task=227 vm=34
[t=    196.8023][NEGOTIATE             ] wf=12 tasks=100 arrivalTime=196.8023 deadline=723.1223 cp=270.0550 BETA*cp=297.0605 slack=526.3200 -> ACCEPTED
[t=    200.0291][TASK-COMPLETE         ] task=355 wf=3 vm=15(reserved) actualCPU=131.0140s
[t=    200.0291][DISPATCH              ] wf=12 task=1233 vm=15
[t=    200.7801][TASK-COMPLETE         ] task=216 wf=2 vm=33(reserved) actualCPU=38.4060s
[t=    200.7801][DISPATCH              ] wf=12 task=1246 vm=33
[t=    202.1201][TASK-COMPLETE         ] task=309 wf=3 vm=17(reserved) actualCPU=133.1050s
[t=    202.1201][DISPATCH              ] wf=12 task=1259 vm=17
[t=    202.4661][TASK-COMPLETE         ] task=300 wf=3 vm=14(reserved) actualCPU=133.4510s
[t=    202.4661][DISPATCH              ] wf=12 task=1274 vm=14
[t=    205.3255][NEGOTIATE             ] wf=13 tasks=100 arrivalTime=205.3255 deadline=2870.8455 cp=1340.1940 BETA*cp=1474.2134 slack=2665.5200 -> ACCEPTED
[t=    205.6831][TASK-COMPLETE         ] task=218 wf=2 vm=18(reserved) actualCPU=44.4270s
[t=    205.6831][DISPATCH              ] wf=12 task=1191 vm=18
[t=    213.4223][NEGOTIATE             ] wf=14 tasks=97 arrivalTime=213.4223 deadline=9163.3595 cp=4326.7840 BETA*cp=4759.4624 slack=8949.9372 -> ACCEPTED
[t=    213.8514][NEGOTIATE             ] wf=15 tasks=100 arrivalTime=213.8514 deadline=355.2914 cp=79.4090 BETA*cp=87.3499 slack=141.4400 -> ACCEPTED
[t=    230.5501][TASK-COMPLETE         ] task=383 wf=3 vm=13(reserved) actualCPU=161.5350s
[t=    230.5501][DISPATCH              ] wf=15 task=1486 vm=13
[t=    243.1301][TASK-COMPLETE         ] task=1486 wf=15 vm=13(reserved) actualCPU=12.5800s
[t=    243.1301][DISPATCH              ] wf=15 task=1487 vm=13
[t=    245.7801][TASK-COMPLETE         ] task=242 wf=2 vm=31(reserved) actualCPU=196.9791s
[t=    245.7801][DISPATCH              ] wf=15 task=1488 vm=31
[t=    248.5951][TASK-COMPLETE         ] task=227 wf=2 vm=34(reserved) actualCPU=55.0650s
[t=    248.5951][DISPATCH              ] wf=15 task=1489 vm=34
[t=    253.0761][TASK-COMPLETE         ] task=255 wf=2 vm=30(reserved) actualCPU=204.2751s
[t=    253.0761][DISPATCH              ] wf=15 task=1490 vm=30
[t=    255.0781][TASK-COMPLETE         ] task=283 wf=2 vm=29(reserved) actualCPU=206.2771s
[t=    255.0781][DISPATCH              ] wf=15 task=1491 vm=29
[t=    256.3251][TASK-COMPLETE         ] task=1487 wf=15 vm=13(reserved) actualCPU=13.1950s
[t=    256.3251][DISPATCH              ] wf=15 task=1492 vm=13
[t=    258.0291][TASK-COMPLETE         ] task=1488 wf=15 vm=31(reserved) actualCPU=12.2490s
[t=    258.0291][DISPATCH              ] wf=15 task=1493 vm=31
[t=    264.0191][TASK-COMPLETE         ] task=1489 wf=15 vm=34(reserved) actualCPU=15.4240s
[t=    264.0191][DISPATCH              ] wf=15 task=1494 vm=34
[t=    264.2541][TASK-COMPLETE         ] task=368 wf=3 vm=12(reserved) actualCPU=195.2390s
[t=    264.2541][DISPATCH              ] wf=15 task=1495 vm=12
[t=    265.8171][TASK-COMPLETE         ] task=1490 wf=15 vm=30(reserved) actualCPU=12.7410s
[t=    265.8171][DISPATCH              ] wf=15 task=1496 vm=30
[t=    268.5281][TASK-COMPLETE         ] task=1491 wf=15 vm=29(reserved) actualCPU=13.4500s
[t=    268.5281][DISPATCH              ] wf=15 task=1497 vm=29
[t=    269.9761][TASK-COMPLETE         ] task=1493 wf=15 vm=31(reserved) actualCPU=11.9470s
[t=    269.9761][DISPATCH              ] wf=15 task=1498 vm=31
[t=    271.4401][TASK-COMPLETE         ] task=1492 wf=15 vm=13(reserved) actualCPU=15.1150s
[t=    271.4401][DISPATCH              ] wf=15 task=1499 vm=13
[t=    272.6331][TASK-COMPLETE         ] task=268 wf=2 vm=28(reserved) actualCPU=223.8321s
[t=    272.6331][DISPATCH              ] wf=15 task=1500 vm=28
[t=    275.8911][TASK-COMPLETE         ] task=1494 wf=15 vm=34(reserved) actualCPU=11.8720s
[t=    275.8911][DISPATCH              ] wf=15 task=1501 vm=34
[t=    279.4601][TASK-COMPLETE         ] task=1496 wf=15 vm=30(reserved) actualCPU=13.6430s
[t=    279.4601][DISPATCH              ] wf=15 task=1502 vm=30
[t=    280.3021][TASK-COMPLETE         ] task=1495 wf=15 vm=12(reserved) actualCPU=16.0480s
[t=    280.3021][DISPATCH              ] wf=15 task=1506 vm=12
[t=    281.8179][NEGOTIATE             ] wf=16 tasks=100 arrivalTime=281.8179 deadline=423.2579 cp=72.9290 BETA*cp=80.2219 slack=141.4400 -> ACCEPTED
[t=    281.9751][TASK-COMPLETE         ] task=1497 wf=15 vm=29(reserved) actualCPU=13.4470s
[t=    281.9751][DISPATCH              ] wf=15 task=1507 vm=29
[t=    284.9311][TASK-COMPLETE         ] task=1499 wf=15 vm=13(reserved) actualCPU=13.4910s
[t=    284.9311][DISPATCH              ] wf=15 task=1515 vm=13
[t=    285.4001][TASK-COMPLETE         ] task=1498 wf=15 vm=31(reserved) actualCPU=15.4240s
[t=    285.4001][DISPATCH              ] wf=15 task=1521 vm=31
[t=    286.9951][TASK-COMPLETE         ] task=1500 wf=15 vm=28(reserved) actualCPU=14.3620s
[t=    286.9951][DISPATCH              ] wf=15 task=1524 vm=28
[t=    289.9231][TASK-COMPLETE         ] task=1502 wf=15 vm=30(reserved) actualCPU=10.4630s
[t=    289.9231][DISPATCH              ] wf=15 task=1509 vm=30
[t=    290.8631][TASK-COMPLETE         ] task=1501 wf=15 vm=34(reserved) actualCPU=14.9720s
[t=    290.8631][DISPATCH              ] wf=15 task=1517 vm=34
[t=    291.8401][TASK-COMPLETE         ] task=1506 wf=15 vm=12(reserved) actualCPU=11.5380s
[t=    291.8401][DISPATCH              ] wf=15 task=1531 vm=12
[t=    292.6791][TASK-COMPLETE         ] task=342 wf=3 vm=8(reserved) actualCPU=223.6640s
[t=    292.6791][DISPATCH              ] wf=15 task=1532 vm=8
[t=    293.7481][TASK-COMPLETE         ] task=1507 wf=15 vm=29(reserved) actualCPU=11.7730s
[t=    293.7481][DISPATCH              ] wf=15 task=1533 vm=29
[t=    295.2331][TASK-COMPLETE         ] task=1515 wf=15 vm=13(reserved) actualCPU=10.3020s
[t=    295.2331][DISPATCH              ] wf=15 task=1508 vm=13
[t=    296.9811][TASK-COMPLETE         ] task=1521 wf=15 vm=31(reserved) actualCPU=11.5810s
[t=    296.9811][DISPATCH              ] wf=15 task=1516 vm=31
[t=    297.5771][TASK-COMPLETE         ] task=1524 wf=15 vm=28(reserved) actualCPU=10.5820s
[t=    297.5771][DISPATCH              ] wf=15 task=1525 vm=28
[t=    300.0018][NEGOTIATE             ] wf=17 tasks=100 arrivalTime=300.0018 deadline=441.4418 cp=77.1860 BETA*cp=84.9046 slack=141.4400 -> ACCEPTED
[t=    300.4371][TASK-COMPLETE         ] task=1509 wf=15 vm=30(reserved) actualCPU=10.5140s
[t=    300.4371][DISPATCH              ] wf=15 task=1526 vm=30
[t=    301.6621][TASK-COMPLETE         ] task=1517 wf=15 vm=34(reserved) actualCPU=10.7990s
[t=    301.6621][DISPATCH              ] wf=15 task=1510 vm=34
[t=    302.0451][TASK-COMPLETE         ] task=1531 wf=15 vm=12(reserved) actualCPU=10.2050s
[t=    302.0451][DISPATCH              ] wf=15 task=1527 vm=12
[t=    303.5571][TASK-COMPLETE         ] task=1533 wf=15 vm=29(reserved) actualCPU=9.8090s
[t=    303.5571][DISPATCH              ] wf=15 task=1535 vm=29
[t=    306.2661][TASK-COMPLETE         ] task=1516 wf=15 vm=31(reserved) actualCPU=9.2850s
[t=    306.2661][DISPATCH              ] wf=15 task=1536 vm=31
[t=    306.5811][TASK-COMPLETE         ] task=1532 wf=15 vm=8(reserved) actualCPU=13.9020s
[t=    306.5811][DISPATCH              ] wf=15 task=1537 vm=8
[t=    306.9811][TASK-COMPLETE         ] task=1508 wf=15 vm=13(reserved) actualCPU=11.7480s
[t=    306.9811][DISPATCH              ] wf=15 task=1529 vm=13
[t=    307.4281][TASK-COMPLETE         ] task=1525 wf=15 vm=28(reserved) actualCPU=9.8510s
[t=    307.4281][DISPATCH              ] wf=15 task=1538 vm=28
[t=    311.7991][TASK-COMPLETE         ] task=1510 wf=15 vm=34(reserved) actualCPU=10.1370s
[t=    311.7991][DISPATCH              ] wf=15 task=1541 vm=34
[t=    312.2691][TASK-COMPLETE         ] task=1526 wf=15 vm=30(reserved) actualCPU=11.8320s
[t=    312.2691][DISPATCH              ] wf=15 task=1542 vm=30
[t=    313.0651][TASK-COMPLETE         ] task=1527 wf=15 vm=12(reserved) actualCPU=11.0200s
[t=    313.0651][DISPATCH              ] wf=15 task=1543 vm=12
[t=    313.7381][TASK-COMPLETE         ] task=1535 wf=15 vm=29(reserved) actualCPU=10.1810s
[t=    313.7381][DISPATCH              ] wf=15 task=1544 vm=29
[t=    317.2631][TASK-COMPLETE         ] task=1537 wf=15 vm=8(reserved) actualCPU=10.6820s
[t=    317.2631][DISPATCH              ] wf=15 task=1545 vm=8
[t=    317.3861][TASK-COMPLETE         ] task=1529 wf=15 vm=13(reserved) actualCPU=10.4050s
[t=    317.3861][DISPATCH              ] wf=15 task=1503 vm=13
[t=    318.2861][TASK-COMPLETE         ] task=1538 wf=15 vm=28(reserved) actualCPU=10.8580s
[t=    318.2861][DISPATCH              ] wf=15 task=1511 vm=28
[t=    318.4051][TASK-COMPLETE         ] task=1536 wf=15 vm=31(reserved) actualCPU=12.1390s
[t=    318.4051][DISPATCH              ] wf=15 task=1528 vm=31
[t=    321.6871][TASK-COMPLETE         ] task=1541 wf=15 vm=34(reserved) actualCPU=9.8880s
[t=    321.6871][DISPATCH              ] wf=15 task=1540 vm=34
[t=    323.6441][TASK-COMPLETE         ] task=1543 wf=15 vm=12(reserved) actualCPU=10.5790s
[t=    323.6441][DISPATCH              ] wf=15 task=1504 vm=12
[t=    324.6681][TASK-COMPLETE         ] task=1542 wf=15 vm=30(reserved) actualCPU=12.3990s
[t=    324.6681][DISPATCH              ] wf=15 task=1534 vm=30
[t=    325.4701][TASK-COMPLETE         ] task=991 wf=10 vm=32(reserved) actualCPU=135.7080s
[t=    325.4701][DISPATCH              ] wf=15 task=1539 vm=32
[t=    326.3621][TASK-COMPLETE         ] task=1503 wf=15 vm=13(reserved) actualCPU=8.9760s
[t=    326.3621][DISPATCH              ] wf=15 task=1548 vm=13
[t=    326.7451][TASK-COMPLETE         ] task=1544 wf=15 vm=29(reserved) actualCPU=13.0070s
[t=    326.7451][DISPATCH              ] wf=15 task=1549 vm=29
[t=    327.4151][TASK-COMPLETE         ] task=1545 wf=15 vm=8(reserved) actualCPU=10.1520s
[t=    327.4151][DISPATCH              ] wf=15 task=1505 vm=8
[t=    328.4931][TASK-COMPLETE         ] task=1511 wf=15 vm=28(reserved) actualCPU=10.2070s
[t=    328.4931][DISPATCH              ] wf=15 task=1513 vm=28
[t=    328.6161][TASK-COMPLETE         ] task=1528 wf=15 vm=31(reserved) actualCPU=10.2110s
[t=    328.6161][DISPATCH              ] wf=15 task=1519 vm=31
[t=    332.5221][TASK-COMPLETE         ] task=1540 wf=15 vm=34(reserved) actualCPU=10.8350s
[t=    332.5221][DISPATCH              ] wf=15 task=1523 vm=34
[t=    333.8531][TASK-COMPLETE         ] task=1504 wf=15 vm=12(reserved) actualCPU=10.2090s
[t=    333.8531][DISPATCH              ] wf=15 task=1546 vm=12
[t=    334.9071][TASK-COMPLETE         ] task=1534 wf=15 vm=30(reserved) actualCPU=10.2390s
[t=    334.9071][DISPATCH              ] wf=15 task=1554 vm=30
[t=    336.1611][TASK-COMPLETE         ] task=1548 wf=15 vm=13(reserved) actualCPU=9.7990s
[t=    336.1611][DISPATCH              ] wf=15 task=1555 vm=13
[t=    336.3001][TASK-COMPLETE         ] task=1539 wf=15 vm=32(reserved) actualCPU=10.8300s
[t=    336.3001][DISPATCH              ] wf=15 task=1556 vm=32
[t=    337.2071][TASK-COMPLETE         ] task=1549 wf=15 vm=29(reserved) actualCPU=10.4620s
[t=    337.2071][DISPATCH              ] wf=15 task=1558 vm=29
[t=    338.7961][TASK-COMPLETE         ] task=1519 wf=15 vm=31(reserved) actualCPU=10.1800s
[t=    338.7961][DISPATCH              ] wf=15 task=1512 vm=31
[t=    338.8321][TASK-COMPLETE         ] task=1505 wf=15 vm=8(reserved) actualCPU=11.4170s
[t=    338.8321][DISPATCH              ] wf=15 task=1518 vm=8
[t=    340.9041][TASK-COMPLETE         ] task=1513 wf=15 vm=28(reserved) actualCPU=12.4110s
[t=    340.9041][DISPATCH              ] wf=15 task=1522 vm=28
[t=    344.8051][TASK-COMPLETE         ] task=1523 wf=15 vm=34(reserved) actualCPU=12.2830s
[t=    344.8051][DISPATCH              ] wf=15 task=1530 vm=34
[t=    345.7441][TASK-COMPLETE         ] task=1546 wf=15 vm=12(reserved) actualCPU=11.8910s
[t=    345.7441][DISPATCH              ] wf=15 task=1551 vm=12
[t=    345.8735][NEGOTIATE             ] wf=18 tasks=100 arrivalTime=345.8735 deadline=487.3135 cp=77.3740 BETA*cp=85.1114 slack=141.4400 -> ACCEPTED
[t=    346.1341][TASK-COMPLETE         ] task=1074 wf=10 vm=16(reserved) actualCPU=159.6800s
[t=    346.1341][DISPATCH              ] wf=15 task=1552 vm=16
[t=    346.2861][TASK-COMPLETE         ] task=1555 wf=15 vm=13(reserved) actualCPU=10.1250s
[t=    346.2861][DISPATCH              ] wf=15 task=1557 vm=13
[t=    346.5251][TASK-COMPLETE         ] task=1554 wf=15 vm=30(reserved) actualCPU=11.6180s
[t=    346.5251][DISPATCH              ] wf=15 task=1547 vm=30
[t=    347.9561][TASK-COMPLETE         ] task=1556 wf=15 vm=32(reserved) actualCPU=11.6560s
[t=    347.9561][DISPATCH              ] wf=15 task=1550 vm=32
[t=    348.3321][TASK-COMPLETE         ] task=1512 wf=15 vm=31(reserved) actualCPU=9.5360s
[t=    348.3321][DISPATCH              ] wf=15 task=1514 vm=31
[t=    348.6041][TASK-COMPLETE         ] task=1518 wf=15 vm=8(reserved) actualCPU=9.7720s
[t=    348.6041][DISPATCH              ] wf=15 task=1520 vm=8
[t=    349.0141][TASK-COMPLETE         ] task=1558 wf=15 vm=29(reserved) actualCPU=11.8070s
[t=    349.0141][DISPATCH              ] wf=15 task=1553 vm=29
[t=    352.4731][TASK-COMPLETE         ] task=1522 wf=15 vm=28(reserved) actualCPU=11.5690s
[t=    352.4731][DISPATCH              ] wf=15 task=1559 vm=28
[t=    354.3871][TASK-COMPLETE         ] task=1530 wf=15 vm=34(reserved) actualCPU=9.5820s
[t=    354.3871][DISPATCH              ] wf=15 task=1560 vm=34
[t=    354.8861][TASK-COMPLETE         ] task=1551 wf=15 vm=12(reserved) actualCPU=9.1420s
[t=    354.8861][DISPATCH              ] wf=15 task=1561 vm=12
[t=    355.8841][TASK-COMPLETE         ] task=1547 wf=15 vm=30(reserved) actualCPU=9.3590s
[t=    355.8841][DISPATCH              ] wf=15 task=1562 vm=30
[t=    356.3801][TASK-COMPLETE         ] task=1046 wf=10 vm=35(reserved) actualCPU=167.0500s
[t=    356.3801][DISPATCH              ] wf=15 task=1563 vm=35
[t=    356.4491][TASK-COMPLETE         ] task=1557 wf=15 vm=13(reserved) actualCPU=10.1630s
[t=    356.4491][DISPATCH              ] wf=16 task=1586 vm=13
[t=    357.6651][TASK-COMPLETE         ] task=1274 wf=12 vm=14(reserved) actualCPU=155.1990s
[t=    357.6651][DISPATCH              ] wf=16 task=1587 vm=14
[t=    358.3541][TASK-COMPLETE         ] task=1550 wf=15 vm=32(reserved) actualCPU=10.3980s
[t=    358.3541][DISPATCH              ] wf=16 task=1588 vm=32
[t=    358.4551][TASK-COMPLETE         ] task=1191 wf=12 vm=18(reserved) actualCPU=152.7720s
[t=    358.4551][DISPATCH              ] wf=16 task=1589 vm=18
[t=    358.4871][TASK-COMPLETE         ] task=1552 wf=15 vm=16(reserved) actualCPU=12.3530s
[t=    358.4871][DISPATCH              ] wf=16 task=1590 vm=16
[t=    359.0061][TASK-COMPLETE         ] task=1514 wf=15 vm=31(reserved) actualCPU=10.6740s
[t=    359.0061][DISPATCH              ] wf=16 task=1591 vm=31
[t=    359.8961][TASK-COMPLETE         ] task=1520 wf=15 vm=8(reserved) actualCPU=11.2920s
[t=    359.8961][DISPATCH              ] wf=16 task=1592 vm=8
[t=    360.2421][TASK-COMPLETE         ] task=1553 wf=15 vm=29(reserved) actualCPU=11.2280s
[t=    360.2421][DISPATCH              ] wf=16 task=1593 vm=29
[t=    361.5351][TASK-COMPLETE         ] task=1559 wf=15 vm=28(reserved) actualCPU=9.0620s
[t=    361.5351][DISPATCH              ] wf=16 task=1594 vm=28
[t=    364.3211][TASK-COMPLETE         ] task=1561 wf=15 vm=12(reserved) actualCPU=9.4350s
[t=    364.3211][DISPATCH              ] wf=16 task=1595 vm=12
[t=    366.6721][TASK-COMPLETE         ] task=1563 wf=15 vm=35(reserved) actualCPU=10.2920s
[t=    366.6721][DISPATCH              ] wf=16 task=1596 vm=35
[t=    367.2481][TASK-COMPLETE         ] task=1562 wf=15 vm=30(reserved) actualCPU=11.3640s
[t=    367.2481][DISPATCH              ] wf=16 task=1597 vm=30
[t=    367.3471][TASK-COMPLETE         ] task=1560 wf=15 vm=34(reserved) actualCPU=12.9600s
[t=    367.3471][DISPATCH              ] wf=16 task=1598 vm=34
[t=    368.7541][TASK-COMPLETE         ] task=1586 wf=16 vm=13(reserved) actualCPU=12.3050s
[t=    368.7541][DISPATCH              ] wf=15 task=1564 vm=13
[t=    371.2791][TASK-COMPLETE         ] task=1591 wf=16 vm=31(reserved) actualCPU=12.2730s
[t=    371.2791][DISPATCH              ] wf=16 task=1599 vm=31
[t=    371.2901][TASK-COMPLETE         ] task=1587 wf=16 vm=14(reserved) actualCPU=13.6250s
[t=    371.2901][DISPATCH              ] wf=16 task=1600 vm=14
[t=    371.3021][TASK-COMPLETE         ] task=1589 wf=16 vm=18(reserved) actualCPU=12.8470s
[t=    371.3021][DISPATCH              ] wf=16 task=1601 vm=18
[t=    372.4821][TASK-COMPLETE         ] task=1588 wf=16 vm=32(reserved) actualCPU=14.1280s
[t=    372.4821][DISPATCH              ] wf=16 task=1602 vm=32
[t=    372.8311][TASK-COMPLETE         ] task=1594 wf=16 vm=28(reserved) actualCPU=11.2960s
[t=    372.8311][DISPATCH              ] wf=16 task=1606 vm=28
[t=    373.0921][TASK-COMPLETE         ] task=1592 wf=16 vm=8(reserved) actualCPU=13.1960s
[t=    373.0921][DISPATCH              ] wf=16 task=1624 vm=8
[t=    373.2021][TASK-COMPLETE         ] task=1593 wf=16 vm=29(reserved) actualCPU=12.9600s
[t=    373.2021][DISPATCH              ] wf=16 task=1607 vm=29
[t=    374.1191][TASK-COMPLETE         ] task=1590 wf=16 vm=16(reserved) actualCPU=15.6320s
[t=    374.1191][DISPATCH              ] wf=16 task=1615 vm=16
[t=    374.7821][TASK-COMPLETE         ] task=1564 wf=15 vm=13(reserved) actualCPU=6.0280s
[t=    374.7821][DISPATCH              ] wf=16 task=1610 vm=13
[t=    376.3521][TASK-COMPLETE         ] task=1595 wf=16 vm=12(reserved) actualCPU=12.0310s
[t=    376.3521][DISPATCH              ] wf=15 task=1565 vm=12
[t=    379.2451][TASK-COMPLETE         ] task=1596 wf=16 vm=35(reserved) actualCPU=12.5730s
[t=    379.2451][DISPATCH              ] wf=16 task=1637 vm=35
[t=    379.7671][TASK-COMPLETE         ] task=1597 wf=16 vm=30(reserved) actualCPU=12.5190s
[t=    379.7671][DISPATCH              ] wf=16 task=1608 vm=30
[t=    381.7621][TASK-COMPLETE         ] task=1259 wf=12 vm=17(reserved) actualCPU=179.6420s
[t=    381.7621][DISPATCH              ] wf=16 task=1616 vm=17
[t=    382.2431][TASK-COMPLETE         ] task=1565 wf=15 vm=12(reserved) actualCPU=5.8910s
[t=    382.2431][DISPATCH              ] wf=16 task=1625 vm=12
[t=    382.3861][TASK-COMPLETE         ] task=1598 wf=16 vm=34(reserved) actualCPU=15.0390s
[t=    382.3861][DISPATCH              ] wf=15 task=1566 vm=34
[t=    383.0411][TASK-COMPLETE         ] task=1624 wf=16 vm=8(reserved) actualCPU=9.9490s
[t=    383.0411][DISPATCH              ] wf=15 task=1567 vm=8
[t=    383.1511][TASK-COMPLETE         ] task=1602 wf=16 vm=32(reserved) actualCPU=10.6690s
[t=    383.1511][DISPATCH              ] wf=15 task=1568 vm=32
[t=    383.6281][TASK-COMPLETE         ] task=1606 wf=16 vm=28(reserved) actualCPU=10.7970s
[t=    383.6281][DISPATCH              ] wf=15 task=1569 vm=28
[t=    383.7381][TASK-COMPLETE         ] task=1600 wf=16 vm=14(reserved) actualCPU=12.4480s
[t=    383.7381][DISPATCH              ] wf=15 task=1570 vm=14
[t=    384.4591][TASK-COMPLETE         ] task=1599 wf=16 vm=31(reserved) actualCPU=13.1800s
[t=    384.4591][DISPATCH              ] wf=15 task=1571 vm=31
[t=    384.6181][TASK-COMPLETE         ] task=1615 wf=16 vm=16(reserved) actualCPU=10.4990s
[t=    384.6181][DISPATCH              ] wf=15 task=1572 vm=16
[t=    384.9771][TASK-COMPLETE         ] task=1607 wf=16 vm=29(reserved) actualCPU=11.7750s
[t=    384.9771][DISPATCH              ] wf=15 task=1573 vm=29
[t=    384.9921][TASK-COMPLETE         ] task=1601 wf=16 vm=18(reserved) actualCPU=13.6900s
[t=    384.9921][DISPATCH              ] wf=15 task=1574 vm=18
[t=    385.2751][TASK-COMPLETE         ] task=1610 wf=16 vm=13(reserved) actualCPU=10.4930s
[t=    385.2751][DISPATCH              ] wf=15 task=1575 vm=13
[t=    386.3361][TASK-COMPLETE         ] task=1246 wf=12 vm=33(reserved) actualCPU=185.5560s
[t=    386.3361][DISPATCH              ] wf=15 task=1576 vm=33
[t=    389.9571][TASK-COMPLETE         ] task=1608 wf=16 vm=30(reserved) actualCPU=10.1900s
[t=    389.9571][DISPATCH              ] wf=15 task=1577 vm=30
[t=    390.2631][TASK-COMPLETE         ] task=1059 wf=10 vm=25(reserved) actualCPU=204.4180s
[t=    390.2631][DISPATCH              ] wf=15 task=1578 vm=25
[t=    391.4311][TASK-COMPLETE         ] task=1637 wf=16 vm=35(reserved) actualCPU=12.1860s
[t=    391.4311][DISPATCH              ] wf=15 task=1579 vm=35
[t=    392.0441][TASK-COMPLETE         ] task=1567 wf=15 vm=8(reserved) actualCPU=9.0030s
[t=    392.0441][DISPATCH              ] wf=15 task=1580 vm=8
[t=    392.2151][TASK-COMPLETE         ] task=1569 wf=15 vm=28(reserved) actualCPU=8.5870s
[t=    392.2151][DISPATCH              ] wf=15 task=1581 vm=28
[t=    393.0901][TASK-COMPLETE         ] task=1625 wf=16 vm=12(reserved) actualCPU=10.8470s
[t=    393.0901][DISPATCH              ] wf=16 task=1627 vm=12
[t=    393.1171][TASK-COMPLETE         ] task=1568 wf=15 vm=32(reserved) actualCPU=9.9660s
[t=    393.1171][DISPATCH              ] wf=16 task=1609 vm=32
[t=    393.5451][TASK-COMPLETE         ] task=1574 wf=15 vm=18(reserved) actualCPU=8.5530s
[t=    393.5451][DISPATCH              ] wf=16 task=1617 vm=18
[t=    393.6451][TASK-COMPLETE         ] task=1616 wf=16 vm=17(reserved) actualCPU=11.8830s
[t=    393.6451][DISPATCH              ] wf=16 task=1631 vm=17
[t=    393.8021][TASK-COMPLETE         ] task=1566 wf=15 vm=34(reserved) actualCPU=11.4160s
[t=    393.8021][DISPATCH              ] wf=16 task=1632 vm=34
[t=    394.0721][TASK-COMPLETE         ] task=1570 wf=15 vm=14(reserved) actualCPU=10.3340s
[t=    394.0721][DISPATCH              ] wf=16 task=1633 vm=14
[t=    394.7311][TASK-COMPLETE         ] task=1571 wf=15 vm=31(reserved) actualCPU=10.2720s
[t=    394.7311][DISPATCH              ] wf=16 task=1636 vm=31
[t=    395.2181][TASK-COMPLETE         ] task=1573 wf=15 vm=29(reserved) actualCPU=10.2410s
[t=    395.2181][DISPATCH              ] wf=16 task=1621 vm=29
[t=    395.6421][TASK-COMPLETE         ] task=1572 wf=15 vm=16(reserved) actualCPU=11.0240s
[t=    395.6421][DISPATCH              ] wf=16 task=1626 vm=16
[t=    396.7381][TASK-COMPLETE         ] task=1575 wf=15 vm=13(reserved) actualCPU=11.4630s
[t=    396.7381][DISPATCH              ] wf=16 task=1635 vm=13
[t=    399.6881][TASK-COMPLETE         ] task=1576 wf=15 vm=33(reserved) actualCPU=13.3520s
[t=    399.6881][DISPATCH              ] wf=16 task=1603 vm=33
[t=    399.7681][TASK-COMPLETE         ] task=1577 wf=15 vm=30(reserved) actualCPU=9.8110s
[t=    399.7681][DISPATCH              ] wf=16 task=1611 vm=30
[t=    400.0651][TASK-COMPLETE         ] task=1578 wf=15 vm=25(reserved) actualCPU=9.8020s
[t=    400.0651][DISPATCH              ] wf=16 task=1628 vm=25
[t=    401.7571][TASK-COMPLETE         ] task=1581 wf=15 vm=28(reserved) actualCPU=9.5420s
[t=    401.7571][DISPATCH              ] wf=16 task=1640 vm=28
[t=    402.9261][TASK-COMPLETE         ] task=1579 wf=15 vm=35(reserved) actualCPU=11.4950s
[t=    402.9261][DISPATCH              ] wf=16 task=1629 vm=35
[t=    403.4451][TASK-COMPLETE         ] task=1580 wf=15 vm=8(reserved) actualCPU=11.4010s
[t=    403.4451][DISPATCH              ] wf=16 task=1638 vm=8
[t=    403.5361][TASK-COMPLETE         ] task=1633 wf=16 vm=14(reserved) actualCPU=9.4640s
[t=    403.5361][DISPATCH              ] wf=15 task=1582 vm=14
[t=    404.5451][TASK-COMPLETE         ] task=1621 wf=16 vm=29(reserved) actualCPU=9.3270s
[t=    404.5451][DISPATCH              ] wf=16 task=1641 vm=29
[t=    405.2251][TASK-COMPLETE         ] task=1632 wf=16 vm=34(reserved) actualCPU=11.4230s
[t=    405.2251][DISPATCH              ] wf=16 task=1642 vm=34
[t=    405.2431][TASK-COMPLETE         ] task=1626 wf=16 vm=16(reserved) actualCPU=9.6010s
[t=    405.2431][DISPATCH              ] wf=16 task=1643 vm=16
[t=    405.3351][TASK-COMPLETE         ] task=1631 wf=16 vm=17(reserved) actualCPU=11.6900s
[t=    405.3351][DISPATCH              ] wf=16 task=1644 vm=17
[t=    405.5301][TASK-COMPLETE         ] task=1609 wf=16 vm=32(reserved) actualCPU=12.4130s
[t=    405.5301][DISPATCH              ] wf=16 task=1645 vm=32
[t=    405.6201][TASK-COMPLETE         ] task=1617 wf=16 vm=18(reserved) actualCPU=12.0750s
[t=    405.6201][DISPATCH              ] wf=16 task=1604 vm=18
[t=    405.8981][TASK-COMPLETE         ] task=1627 wf=16 vm=12(reserved) actualCPU=12.8080s
[t=    405.8981][DISPATCH              ] wf=16 task=1634 vm=12
[t=    406.1731][TASK-COMPLETE         ] task=1635 wf=16 vm=13(reserved) actualCPU=9.4350s
[t=    406.1731][DISPATCH              ] wf=16 task=1639 vm=13
[t=    406.2401][TASK-COMPLETE         ] task=1636 wf=16 vm=31(reserved) actualCPU=11.5090s
[t=    406.2401][DISPATCH              ] wf=16 task=1648 vm=31
[t=    408.1271][TASK-COMPLETE         ] task=1033 wf=10 vm=43(reserved) actualCPU=222.9540s
[t=    408.1271][DISPATCH              ] wf=16 task=1649 vm=43
[t=    410.2161][TASK-COMPLETE         ] task=1611 wf=16 vm=30(reserved) actualCPU=10.4480s
[t=    410.2161][DISPATCH              ] wf=16 task=1612 vm=30
[t=    410.5971][TASK-COMPLETE         ] task=1582 wf=15 vm=14(reserved) actualCPU=7.0610s
[t=    410.5971][DISPATCH              ] wf=16 task=1618 vm=14
[t=    410.7731][TASK-COMPLETE         ] task=1233 wf=12 vm=15(reserved) actualCPU=210.7440s
[t=    410.7731][DISPATCH              ] wf=15 task=1583 vm=15
[t=    411.1921][TASK-COMPLETE         ] task=1603 wf=16 vm=33(reserved) actualCPU=11.5040s
[t=    411.1921][DISPATCH              ] wf=16 task=1622 vm=33
[t=    412.0001][TASK-COMPLETE         ] task=1640 wf=16 vm=28(reserved) actualCPU=10.2430s
[t=    412.0001][DISPATCH              ] wf=16 task=1630 vm=28
[t=    412.3531][TASK-COMPLETE         ] task=1628 wf=16 vm=25(reserved) actualCPU=12.2880s
[t=    412.3531][DISPATCH              ] wf=16 task=1651 vm=25
[t=    412.9051][TASK-COMPLETE         ] task=1629 wf=16 vm=35(reserved) actualCPU=9.9790s
[t=    412.9051][DISPATCH              ] wf=16 task=1652 vm=35
[t=    415.0581][TASK-COMPLETE         ] task=1638 wf=16 vm=8(reserved) actualCPU=11.6130s
[t=    415.0581][DISPATCH              ] wf=16 task=1647 vm=8
[t=    415.2901][TASK-COMPLETE         ] task=1641 wf=16 vm=29(reserved) actualCPU=10.7450s
[t=    415.2901][DISPATCH              ] wf=16 task=1650 vm=29
[t=    415.6551][TASK-COMPLETE         ] task=1642 wf=16 vm=34(reserved) actualCPU=10.4300s
[t=    415.6551][DISPATCH              ] wf=16 task=1605 vm=34
[t=    415.7971][TASK-COMPLETE         ] task=1639 wf=16 vm=13(reserved) actualCPU=9.6240s
[t=    415.7971][DISPATCH              ] wf=16 task=1613 vm=13
[t=    416.0541][TASK-COMPLETE         ] task=1643 wf=16 vm=16(reserved) actualCPU=10.8110s
[t=    416.0541][DISPATCH              ] wf=16 task=1619 vm=16
[t=    416.5461][TASK-COMPLETE         ] task=1604 wf=16 vm=18(reserved) actualCPU=10.9260s
[t=    416.5461][DISPATCH              ] wf=16 task=1623 vm=18
[t=    416.6201][TASK-COMPLETE         ] task=1634 wf=16 vm=12(reserved) actualCPU=10.7220s
[t=    416.6201][DISPATCH              ] wf=16 task=1646 vm=12
[t=    417.0551][TASK-COMPLETE         ] task=1644 wf=16 vm=17(reserved) actualCPU=11.7200s
[t=    417.0551][DISPATCH              ] wf=16 task=1654 vm=17
[t=    417.4201][TASK-COMPLETE         ] task=1648 wf=16 vm=31(reserved) actualCPU=11.1800s
[t=    417.4201][DISPATCH              ] wf=16 task=1655 vm=31
[t=    417.7851][TASK-COMPLETE         ] task=1645 wf=16 vm=32(reserved) actualCPU=12.2550s
[t=    417.7851][DISPATCH              ] wf=16 task=1656 vm=32
[t=    419.5891][TASK-COMPLETE         ] task=1649 wf=16 vm=43(reserved) actualCPU=11.4620s
[t=    419.5891][DISPATCH              ] wf=16 task=1657 vm=43
[t=    420.1018][DISPATCH              ] wf=17 task=1686 vm=159
[t=    420.1018][DISPATCH              ] wf=17 task=1687 vm=160
[t=    420.1018][DISPATCH              ] wf=17 task=1688 vm=161
[t=    420.1018][DISPATCH              ] wf=17 task=1689 vm=162
[t=    420.1018][DISPATCH              ] wf=17 task=1690 vm=163
[t=    420.1018][DISPATCH              ] wf=17 task=1691 vm=164
[t=    420.1018][DISPATCH              ] wf=17 task=1692 vm=165
[t=    420.1018][DISPATCH              ] wf=17 task=1693 vm=166
[t=    420.1018][DISPATCH              ] wf=17 task=1694 vm=167
[t=    420.1018][DISPATCH              ] wf=17 task=1695 vm=168
[t=    420.1018][DISPATCH              ] wf=17 task=1696 vm=169
[t=    420.1018][DISPATCH              ] wf=17 task=1697 vm=170
[t=    420.1018][DISPATCH              ] wf=17 task=1698 vm=171
[t=    420.1018][DISPATCH              ] wf=17 task=1699 vm=172
[t=    420.1018][DISPATCH              ] wf=17 task=1700 vm=173
[t=    420.1018][DISPATCH              ] wf=17 task=1701 vm=174
[t=    420.2788][TASK-COMPLETE         ] task=1583 wf=15 vm=15(reserved) actualCPU=9.5057s
[t=    420.2788][DISPATCH              ] wf=16 task=1658 vm=15
[t=    421.6548][TASK-COMPLETE         ] task=1630 wf=16 vm=28(reserved) actualCPU=9.6547s
[t=    421.6548][DISPATCH              ] wf=15 task=1584 vm=28
[t=    421.7728][TASK-COMPLETE         ] task=1651 wf=16 vm=25(reserved) actualCPU=9.4197s
[t=    421.7728][DISPATCH              ] wf=16 task=1614 vm=25
[t=    421.9328][TASK-COMPLETE         ] task=1612 wf=16 vm=30(reserved) actualCPU=11.7167s
[t=    421.9328][DISPATCH              ] wf=16 task=1620 vm=30
[t=    422.9238][TASK-COMPLETE         ] task=1618 wf=16 vm=14(reserved) actualCPU=12.3267s
[t=    422.9238][DISPATCH              ] wf=16 task=1653 vm=14
[t=    423.4878][TASK-COMPLETE         ] task=1622 wf=16 vm=33(reserved) actualCPU=12.2957s
[t=    423.4878][DISPATCH              ] wf=16 task=1659 vm=33
[t=    424.4048][TASK-COMPLETE         ] task=1652 wf=16 vm=35(reserved) actualCPU=11.4997s
[t=    424.4048][DISPATCH              ] wf=16 task=1660 vm=35
[t=    424.4311][TASK-COMPLETE         ] task=528 wf=5 vm=7(reserved) actualCPU=294.6690s
[t=    424.4311][DISPATCH              ] wf=16 task=1661 vm=7
[t=    424.8388][TASK-COMPLETE         ] task=1605 wf=16 vm=34(reserved) actualCPU=9.1837s
[t=    424.8388][DISPATCH              ] wf=16 task=1662 vm=34
[t=    425.1938][TASK-COMPLETE         ] task=1647 wf=16 vm=8(reserved) actualCPU=10.1357s
[t=    425.1938][DISPATCH              ] wf=16 task=1663 vm=8
[t=    425.8188][TASK-COMPLETE         ] task=1646 wf=16 vm=12(reserved) actualCPU=9.1987s
[t=    425.8188][DISPATCH              ] wf=18 task=1786 vm=12
[t=    426.4428][TASK-COMPLETE         ] task=519 wf=5 vm=37(reserved) actualCPU=302.6917s
[t=    426.4428][DISPATCH              ] wf=18 task=1787 vm=37
[t=    426.5431][TASK-COMPLETE         ] task=1650 wf=16 vm=29(reserved) actualCPU=11.2530s
[t=    426.5431][DISPATCH              ] wf=18 task=1788 vm=29
[t=    426.9241][TASK-COMPLETE         ] task=1619 wf=16 vm=16(reserved) actualCPU=10.8700s
[t=    426.9241][DISPATCH              ] wf=18 task=1789 vm=16
[t=    427.4681][TASK-COMPLETE         ] task=1656 wf=16 vm=32(reserved) actualCPU=9.6830s
[t=    427.4681][DISPATCH              ] wf=18 task=1790 vm=32
[t=    427.5051][TASK-COMPLETE         ] task=1654 wf=16 vm=17(reserved) actualCPU=10.4500s
[t=    427.5051][DISPATCH              ] wf=18 task=1791 vm=17
[t=    427.5371][TASK-COMPLETE         ] task=1613 wf=16 vm=13(reserved) actualCPU=11.7400s
[t=    427.5371][DISPATCH              ] wf=18 task=1792 vm=13
[t=    427.5771][TASK-COMPLETE         ] task=1623 wf=16 vm=18(reserved) actualCPU=11.0310s
[t=    427.5771][DISPATCH              ] wf=18 task=1793 vm=18
[t=    428.1401][TASK-COMPLETE         ] task=1655 wf=16 vm=31(reserved) actualCPU=10.7200s
[t=    428.1401][DISPATCH              ] wf=18 task=1794 vm=31
[t=    429.5121][TASK-COMPLETE         ] task=1658 wf=16 vm=15(reserved) actualCPU=9.2333s
[t=    429.5121][DISPATCH              ] wf=18 task=1795 vm=15
[t=    429.9951][TASK-COMPLETE         ] task=1584 wf=15 vm=28(reserved) actualCPU=8.3403s
[t=    429.9951][DISPATCH              ] wf=18 task=1796 vm=28
[t=    430.1561][TASK-COMPLETE         ] task=535 wf=5 vm=46(reserved) actualCPU=308.7880s
[t=    430.1561][DISPATCH              ] wf=15 task=1585 vm=46
[t=    431.0021][TASK-COMPLETE         ] task=1585 wf=15 vm=46(reserved) actualCPU=0.8460s
[t=    431.0021][WF-COMPLETE           ] wf=15 completionTime=431.0021 deadline=355.2914 -> MISSED
[t=    431.0021][DISPATCH              ] wf=18 task=1797 vm=46
[t=    431.0451][TASK-COMPLETE         ] task=1659 wf=16 vm=33(reserved) actualCPU=7.5573s
[t=    431.0451][DISPATCH              ] wf=18 task=1798 vm=33
[t=    431.2421][TASK-COMPLETE         ] task=1657 wf=16 vm=43(reserved) actualCPU=11.6530s
[t=    431.2421][DISPATCH              ] wf=18 task=1799 vm=43
[t=    431.6371][TASK-COMPLETE         ] task=1620 wf=16 vm=30(reserved) actualCPU=9.7043s
[t=    431.6371][DISPATCH              ] wf=18 task=1800 vm=30
[t=    432.3681][TASK-COMPLETE         ] task=1696 wf=17 vm=169(on-demand) actualCPU=12.2663s cost=$0.011101
[t=    432.3681][DISPATCH              ] wf=3 task=332 vm=169
[t=    432.4278][TASK-COMPLETE         ] task=1699 wf=17 vm=172(on-demand) actualCPU=12.3260s cost=$0.011155
[t=    432.4278][DISPATCH              ] wf=17 task=1746 vm=172
[t=    432.5238][TASK-COMPLETE         ] task=1690 wf=17 vm=163(on-demand) actualCPU=12.4220s cost=$0.011242
[t=    432.5238][DISPATCH              ] wf=17 task=1723 vm=163
[t=    432.6308][TASK-COMPLETE         ] task=1688 wf=17 vm=161(on-demand) actualCPU=12.5290s cost=$0.011339
[t=    432.6308][DISPATCH              ] wf=17 task=1721 vm=161
[t=    432.7768][TASK-COMPLETE         ] task=1694 wf=17 vm=167(on-demand) actualCPU=12.6750s cost=$0.011471
[t=    432.7768][DISPATCH              ] wf=17 task=1735 vm=167
[t=    432.9531][TASK-COMPLETE         ] task=1692 wf=17 vm=165(on-demand) actualCPU=12.8513s cost=$0.011630
[t=    432.9531][DISPATCH              ] wf=3 task=392 vm=165
[t=    432.9788][TASK-COMPLETE         ] task=1695 wf=17 vm=168(on-demand) actualCPU=12.8770s cost=$0.011654
[t=    432.9788][DISPATCH              ] wf=17 task=1728 vm=168
[t=    433.0208][TASK-COMPLETE         ] task=1614 wf=16 vm=25(reserved) actualCPU=11.2480s
[t=    433.0208][DISPATCH              ] wf=17 task=1745 vm=25
[t=    433.0828][TASK-COMPLETE         ] task=1691 wf=17 vm=164(on-demand) actualCPU=12.9810s cost=$0.011748
[t=    433.0828][DISPATCH              ] wf=17 task=1743 vm=164
[t=    433.2358][TASK-COMPLETE         ] task=1653 wf=16 vm=14(reserved) actualCPU=10.3120s
[t=    433.2358][DISPATCH              ] wf=17 task=1758 vm=14
[t=    433.6501][TASK-COMPLETE         ] task=1693 wf=17 vm=166(on-demand) actualCPU=13.5483s cost=$0.012261
[t=    433.6501][DISPATCH              ] wf=17 task=1732 vm=166
[t=    433.9611][TASK-COMPLETE         ] task=1697 wf=17 vm=170(on-demand) actualCPU=13.8593s cost=$0.012543
[t=    433.9611][DISPATCH              ] wf=17 task=1734 vm=170
[t=    434.2051][TASK-COMPLETE         ] task=1700 wf=17 vm=173(on-demand) actualCPU=14.1033s cost=$0.012763
[t=    434.2051][DISPATCH              ] wf=17 task=1747 vm=173
[t=    434.4111][TASK-COMPLETE         ] task=1663 wf=16 vm=8(reserved) actualCPU=9.2173s
[t=    434.4111][DISPATCH              ] wf=17 task=1737 vm=8
[t=    434.5301][TASK-COMPLETE         ] task=1689 wf=17 vm=162(on-demand) actualCPU=14.4283s cost=$0.013058
[t=    434.5301][DISPATCH              ] wf=17 task=1715 vm=162
[t=    434.5801][TASK-COMPLETE         ] task=1661 wf=16 vm=7(reserved) actualCPU=10.1490s
[t=    434.5801][DISPATCH              ] wf=17 task=1738 vm=7
[t=    434.8081][TASK-COMPLETE         ] task=1687 wf=17 vm=160(on-demand) actualCPU=14.7063s cost=$0.013309
[t=    434.8081][DISPATCH              ] wf=17 task=1707 vm=160
[t=    434.8318][TASK-COMPLETE         ] task=1686 wf=17 vm=159(on-demand) actualCPU=14.7300s cost=$0.013331
[t=    434.8318][DISPATCH              ] wf=17 task=1702 vm=159
[t=    434.8778][TASK-COMPLETE         ] task=1698 wf=17 vm=171(on-demand) actualCPU=14.7760s cost=$0.013372
[t=    434.8778][DISPATCH              ] wf=17 task=1712 vm=171
[t=    435.6301][TASK-COMPLETE         ] task=1660 wf=16 vm=35(reserved) actualCPU=11.2253s
[t=    435.6301][DISPATCH              ] wf=17 task=1716 vm=35
[t=    436.0281][TASK-COMPLETE         ] task=1701 wf=17 vm=174(on-demand) actualCPU=15.9263s cost=$0.014413
[t=    436.0281][DISPATCH              ] wf=17 task=1714 vm=174
[t=    437.0921][TASK-COMPLETE         ] task=1662 wf=16 vm=34(reserved) actualCPU=12.2533s
[t=    437.0921][DISPATCH              ] wf=17 task=1726 vm=34
[t=    438.2181][TASK-COMPLETE         ] task=1791 wf=18 vm=17(reserved) actualCPU=10.7130s
[t=    438.2181][DISPATCH              ] wf=16 task=1664 vm=17
[t=    438.6711][TASK-COMPLETE         ] task=1788 wf=18 vm=29(reserved) actualCPU=12.1280s
[t=    438.6711][DISPATCH              ] wf=17 task=1727 vm=29
[t=    438.8061][TASK-COMPLETE         ] task=1786 wf=18 vm=12(reserved) actualCPU=12.9873s
[t=    438.8061][DISPATCH              ] wf=17 task=1729 vm=12
[t=    438.9731][TASK-COMPLETE         ] task=1790 wf=18 vm=32(reserved) actualCPU=11.5050s
[t=    438.9731][DISPATCH              ] wf=17 task=1740 vm=32
[t=    439.6031][TASK-COMPLETE         ] task=1787 wf=18 vm=37(reserved) actualCPU=13.1603s
[t=    439.6031][DISPATCH              ] wf=17 task=1755 vm=37
[t=    441.3971][TASK-COMPLETE         ] task=1743 wf=17 vm=164(on-demand) actualCPU=8.3143s cost=$0.007524
[t=    441.3971][DISPATCH              ] wf=3 task=325 vm=164
[t=    441.7181][TASK-COMPLETE         ] task=1746 wf=17 vm=172(on-demand) actualCPU=9.2903s cost=$0.008408
[t=    441.9721][TASK-COMPLETE         ] task=1735 wf=17 vm=167(on-demand) actualCPU=9.1953s cost=$0.008322
[t=    442.2121][TASK-COMPLETE         ] task=1728 wf=17 vm=168(on-demand) actualCPU=9.2333s cost=$0.008356
[t=    442.2851][TASK-COMPLETE         ] task=1792 wf=18 vm=13(reserved) actualCPU=14.7480s
[t=    442.2851][DISPATCH              ] wf=17 task=1736 vm=13
[t=    442.2851][DISPATCH              ] wf=18 task=1808 vm=167
[t=    442.2851][DISPATCH              ] wf=18 task=1816 vm=168
[t=    442.2851][DISPATCH              ] wf=18 task=1825 vm=172
[t=    442.6541][TASK-COMPLETE         ] task=1795 wf=18 vm=15(reserved) actualCPU=13.1420s
[t=    442.6541][DISPATCH              ] wf=17 task=1744 vm=15
[t=    442.6781][TASK-COMPLETE         ] task=1793 wf=18 vm=18(reserved) actualCPU=15.1010s
[t=    442.6781][DISPATCH              ] wf=17 task=1756 vm=18
[t=    442.7881][TASK-COMPLETE         ] task=529 wf=5 vm=9(reserved) actualCPU=322.2960s
[t=    442.7881][DISPATCH              ] wf=17 task=1739 vm=9
[t=    442.8421][TASK-COMPLETE         ] task=1794 wf=18 vm=31(reserved) actualCPU=14.7020s
[t=    442.8421][DISPATCH              ] wf=17 task=1749 vm=31
[t=    442.9851][TASK-COMPLETE         ] task=1745 wf=17 vm=25(reserved) actualCPU=9.9643s
[t=    442.9851][DISPATCH              ] wf=17 task=1750 vm=25
[t=    443.0531][TASK-COMPLETE         ] task=1664 wf=16 vm=17(reserved) actualCPU=4.8350s
[t=    443.0531][DISPATCH              ] wf=17 task=1717 vm=17
[t=    443.2551][TASK-COMPLETE         ] task=1723 wf=17 vm=163(on-demand) actualCPU=10.7313s cost=$0.009712
[t=    443.2551][DISPATCH              ] wf=3 task=373 vm=163
[t=    443.6321][TASK-COMPLETE         ] task=1789 wf=18 vm=16(reserved) actualCPU=16.7080s
[t=    443.6321][DISPATCH              ] wf=16 task=1665 vm=16
[t=    443.8011][TASK-COMPLETE         ] task=1721 wf=17 vm=161(on-demand) actualCPU=11.1703s cost=$0.010109
[t=    443.8691][TASK-COMPLETE         ] task=1797 wf=18 vm=46(reserved) actualCPU=12.8670s
[t=    443.8691][DISPATCH              ] wf=17 task=1719 vm=46
[t=    443.8691][DISPATCH              ] wf=18 task=1804 vm=161
[t=    443.8988][TASK-COMPLETE         ] task=1702 wf=17 vm=159(on-demand) actualCPU=9.0670s cost=$0.008206
[t=    444.3608][TASK-COMPLETE         ] task=1799 wf=18 vm=43(reserved) actualCPU=13.1187s
[t=    444.3608][DISPATCH              ] wf=17 task=1733 vm=43
[t=    444.3608][DISPATCH              ] wf=18 task=1805 vm=159
[t=    444.4451][TASK-COMPLETE         ] task=1732 wf=17 vm=166(on-demand) actualCPU=10.7950s cost=$0.009769
[t=    444.5561][TASK-COMPLETE         ] task=1800 wf=18 vm=30(reserved) actualCPU=12.9190s
[t=    444.5561][DISPATCH              ] wf=17 task=1742 vm=30
[t=    444.5561][DISPATCH              ] wf=18 task=1850 vm=166
[t=    444.7108][TASK-COMPLETE         ] task=1707 wf=17 vm=160(on-demand) actualCPU=9.9027s cost=$0.008962
[t=    444.8938][TASK-COMPLETE         ] task=1734 wf=17 vm=170(on-demand) actualCPU=10.9327s cost=$0.009894
[t=    444.8938][DISPATCH              ] wf=3 task=314 vm=160
[t=    444.9198][TASK-COMPLETE         ] task=1758 wf=17 vm=14(reserved) actualCPU=11.6840s
[t=    444.9198][DISPATCH              ] wf=17 task=1708 vm=14
[t=    445.0338][TASK-COMPLETE         ] task=1738 wf=17 vm=7(reserved) actualCPU=10.4537s
[t=    445.0338][DISPATCH              ] wf=17 task=1709 vm=7
[t=    445.2568][TASK-COMPLETE         ] task=1737 wf=17 vm=8(reserved) actualCPU=10.8457s
[t=    445.2568][DISPATCH              ] wf=17 task=1710 vm=8
[t=    446.0918][TASK-COMPLETE         ] task=1712 wf=17 vm=171(on-demand) actualCPU=11.2140s cost=$0.010149
[t=    446.0918][DISPATCH              ] wf=3 task=312 vm=170
[t=    446.2308][TASK-COMPLETE         ] task=1715 wf=17 vm=162(on-demand) actualCPU=11.7007s cost=$0.010589
[t=    446.4678][TASK-COMPLETE         ] task=1747 wf=17 vm=173(on-demand) actualCPU=12.2627s cost=$0.011098
[t=    446.7758][TASK-COMPLETE         ] task=1798 wf=18 vm=33(reserved) actualCPU=15.7307s
[t=    446.7758][DISPATCH              ] wf=17 task=1711 vm=33
[t=    446.7758][DISPATCH              ] wf=3 task=310 vm=162
[t=    446.7758][DISPATCH              ] wf=18 task=1812 vm=171
[t=    446.7758][DISPATCH              ] wf=18 task=1818 vm=173
[t=    447.2128][TASK-COMPLETE         ] task=1716 wf=17 vm=35(reserved) actualCPU=11.5827s
[t=    447.2128][DISPATCH              ] wf=17 task=1713 vm=35
[t=    447.6198][TASK-COMPLETE         ] task=1796 wf=18 vm=28(reserved) actualCPU=17.6247s
[t=    447.6198][DISPATCH              ] wf=17 task=1724 vm=28
[t=    447.7328][TASK-COMPLETE         ] task=1714 wf=17 vm=174(on-demand) actualCPU=11.7047s cost=$0.010593
[t=    448.1828][TASK-COMPLETE         ] task=1665 wf=16 vm=16(reserved) actualCPU=4.5507s
[t=    448.1828][DISPATCH              ] wf=17 task=1725 vm=16
[t=    448.1828][DISPATCH              ] wf=16 task=1666 vm=174
[t=    448.3388][TASK-COMPLETE         ] task=1726 wf=17 vm=34(reserved) actualCPU=11.2467s
[t=    448.3388][DISPATCH              ] wf=16 task=1667 vm=34
[t=    448.3691][TASK-COMPLETE         ] task=1729 wf=17 vm=12(reserved) actualCPU=9.5630s
[t=    448.3691][DISPATCH              ] wf=16 task=1668 vm=12
[t=    448.6508][TASK-COMPLETE         ] task=1740 wf=17 vm=32(reserved) actualCPU=9.6777s
[t=    448.6508][DISPATCH              ] wf=16 task=1669 vm=32
[t=    449.7008][TASK-COMPLETE         ] task=1727 wf=17 vm=29(reserved) actualCPU=11.0297s
[t=    449.7008][DISPATCH              ] wf=16 task=1670 vm=29
[t=    449.8118][TASK-COMPLETE         ] task=1755 wf=17 vm=37(reserved) actualCPU=10.2087s
[t=    449.8118][DISPATCH              ] wf=16 task=1671 vm=37
[t=    451.5128][TASK-COMPLETE         ] task=530 wf=5 vm=36(reserved) actualCPU=334.3317s
[t=    451.5128][DISPATCH              ] wf=16 task=1672 vm=36
[t=    452.5418][TASK-COMPLETE         ] task=1744 wf=17 vm=15(reserved) actualCPU=9.8877s
[t=    452.5418][DISPATCH              ] wf=16 task=1673 vm=15
[t=    452.5851][TASK-COMPLETE         ] task=1808 wf=18 vm=167(on-demand) actualCPU=10.3000s cost=$0.009322
[t=    453.0758][TASK-COMPLETE         ] task=1717 wf=17 vm=17(reserved) actualCPU=10.0227s
[t=    453.0758][DISPATCH              ] wf=16 task=1674 vm=17
[t=    453.0758][DISPATCH              ] wf=2 task=217 vm=167
[t=    453.1751][TASK-COMPLETE         ] task=1750 wf=17 vm=25(reserved) actualCPU=10.1900s
[t=    453.1751][DISPATCH              ] wf=16 task=1675 vm=25
[t=    453.5308][TASK-COMPLETE         ] task=1719 wf=17 vm=46(reserved) actualCPU=9.6617s
[t=    453.5308][DISPATCH              ] wf=16 task=1676 vm=46
[t=    453.6308][TASK-COMPLETE         ] task=1805 wf=18 vm=159(on-demand) actualCPU=9.2700s cost=$0.008389
[t=    453.6308][DISPATCH              ] wf=2 task=241 vm=159
[t=    453.8208][TASK-COMPLETE         ] task=1825 wf=18 vm=172(on-demand) actualCPU=11.5357s cost=$0.010440
[t=    453.8208][DISPATCH              ] wf=2 task=233 vm=172
[t=    454.0728][TASK-COMPLETE         ] task=1816 wf=18 vm=168(on-demand) actualCPU=11.7877s cost=$0.010668
[t=    454.1251][TASK-COMPLETE         ] task=1736 wf=17 vm=13(reserved) actualCPU=11.8400s
[t=    454.1251][DISPATCH              ] wf=16 task=1677 vm=13
[t=    454.1251][DISPATCH              ] wf=2 task=228 vm=168
[t=    454.4328][TASK-COMPLETE         ] task=1739 wf=17 vm=9(reserved) actualCPU=11.6447s
[t=    454.4328][DISPATCH              ] wf=16 task=1678 vm=9
[t=    454.5748][TASK-COMPLETE         ] task=1709 wf=17 vm=7(reserved) actualCPU=9.5410s
[t=    454.5748][DISPATCH              ] wf=16 task=1679 vm=7
[t=    454.7858][TASK-COMPLETE         ] task=228 wf=2 vm=168(on-demand) actualCPU=0.6607s cost=$0.000598
[t=    454.8148][TASK-COMPLETE         ] task=241 wf=2 vm=159(on-demand) actualCPU=1.1840s cost=$0.001072
[t=    454.8748][TASK-COMPLETE         ] task=233 wf=2 vm=172(on-demand) actualCPU=1.0540s cost=$0.000954
[t=    454.8958][TASK-COMPLETE         ] task=217 wf=2 vm=167(on-demand) actualCPU=1.8200s cost=$0.001647
[t=    455.1028][TASK-COMPLETE         ] task=1756 wf=17 vm=18(reserved) actualCPU=12.4247s
[t=    455.1028][DISPATCH              ] wf=16 task=1680 vm=18
[t=    455.1028][DISPATCH              ] wf=10 task=1022 vm=159
[t=    455.4588][TASK-COMPLETE         ] task=1749 wf=17 vm=31(reserved) actualCPU=12.6167s
[t=    455.4588][DISPATCH              ] wf=16 task=1681 vm=31
[t=    455.4918][TASK-COMPLETE         ] task=1708 wf=17 vm=14(reserved) actualCPU=10.5720s
[t=    455.4918][DISPATCH              ] wf=17 task=1741 vm=14
[t=    455.6328][TASK-COMPLETE         ] task=1742 wf=17 vm=30(reserved) actualCPU=11.0767s
[t=    455.6328][DISPATCH              ] wf=17 task=1754 vm=30
[t=    455.7311][TASK-COMPLETE         ] task=1804 wf=18 vm=161(on-demand) actualCPU=11.8620s cost=$0.010735
[t=    455.9918][TASK-COMPLETE         ] task=1850 wf=18 vm=166(on-demand) actualCPU=11.4357s cost=$0.010349
[t=    456.2968][TASK-COMPLETE         ] task=1724 wf=17 vm=28(reserved) actualCPU=8.6770s
[t=    456.2968][DISPATCH              ] wf=17 task=1703 vm=28
[t=    456.6928][TASK-COMPLETE         ] task=1733 wf=17 vm=43(reserved) actualCPU=12.3320s
[t=    456.6928][DISPATCH              ] wf=17 task=1704 vm=43
[t=    456.7038][TASK-COMPLETE         ] task=1818 wf=18 vm=173(on-demand) actualCPU=9.9280s cost=$0.008985
[t=    456.8248][TASK-COMPLETE         ] task=1711 wf=17 vm=33(reserved) actualCPU=10.0490s
[t=    456.8248][DISPATCH              ] wf=17 task=1705 vm=33
[t=    456.9808][TASK-COMPLETE         ] task=1710 wf=17 vm=8(reserved) actualCPU=11.7240s
[t=    456.9808][DISPATCH              ] wf=17 task=1706 vm=8
[t=    458.7148][TASK-COMPLETE         ] task=1812 wf=18 vm=171(on-demand) actualCPU=11.9390s cost=$0.010805
[t=    458.7548][TASK-COMPLETE         ] task=1666 wf=16 vm=174(on-demand) actualCPU=10.5720s cost=$0.009568
[t=    458.7811][TASK-COMPLETE         ] task=1668 wf=16 vm=12(reserved) actualCPU=10.4120s
[t=    458.7811][DISPATCH              ] wf=17 task=1731 vm=12
[t=    458.8921][TASK-COMPLETE         ] task=1713 wf=17 vm=35(reserved) actualCPU=11.6793s
[t=    458.8921][DISPATCH              ] wf=17 task=1748 vm=35
[t=    458.9328][TASK-COMPLETE         ] task=1725 wf=17 vm=16(reserved) actualCPU=10.7500s
[t=    458.9328][DISPATCH              ] wf=17 task=1718 vm=16
[t=    459.7561][TASK-COMPLETE         ] task=1667 wf=16 vm=34(reserved) actualCPU=11.4173s
[t=    459.7561][DISPATCH              ] wf=17 task=1722 vm=34
[t=    460.2181][TASK-COMPLETE         ] task=1670 wf=16 vm=29(reserved) actualCPU=10.5173s
[t=    460.2181][DISPATCH              ] wf=17 task=1730 vm=29
[t=    460.2928][TASK-COMPLETE         ] task=1669 wf=16 vm=32(reserved) actualCPU=11.6420s
[t=    460.2928][DISPATCH              ] wf=17 task=1751 vm=32
[t=    461.0491][TASK-COMPLETE         ] task=1671 wf=16 vm=37(reserved) actualCPU=11.2373s
[t=    461.0491][DISPATCH              ] wf=17 task=1752 vm=37
[t=    462.9851][TASK-COMPLETE         ] task=1673 wf=16 vm=15(reserved) actualCPU=10.4433s
[t=    462.9851][DISPATCH              ] wf=17 task=1757 vm=15
[t=    463.7501][TASK-COMPLETE         ] task=1672 wf=16 vm=36(reserved) actualCPU=12.2373s
[t=    463.7501][DISPATCH              ] wf=17 task=1720 vm=36
[t=    464.1581][TASK-COMPLETE         ] task=1675 wf=16 vm=25(reserved) actualCPU=10.9830s
[t=    464.1581][DISPATCH              ] wf=17 task=1753 vm=25
[t=    464.5311][TASK-COMPLETE         ] task=1681 wf=16 vm=31(reserved) actualCPU=9.0723s
[t=    464.5311][DISPATCH              ] wf=17 task=1759 vm=31
[t=    464.7361][TASK-COMPLETE         ] task=1677 wf=16 vm=13(reserved) actualCPU=10.6110s
[t=    464.7361][DISPATCH              ] wf=17 task=1760 vm=13
[t=    465.2291][TASK-COMPLETE         ] task=1679 wf=16 vm=7(reserved) actualCPU=10.6543s
[t=    465.2291][DISPATCH              ] wf=17 task=1761 vm=7
[t=    465.2808][TASK-COMPLETE         ] task=1674 wf=16 vm=17(reserved) actualCPU=12.2050s
[t=    465.2808][DISPATCH              ] wf=17 task=1762 vm=17
[t=    465.4128][TASK-COMPLETE         ] task=1678 wf=16 vm=9(reserved) actualCPU=10.9800s
[t=    465.4128][DISPATCH              ] wf=17 task=1763 vm=9
[t=    465.5108][TASK-COMPLETE         ] task=1680 wf=16 vm=18(reserved) actualCPU=10.4080s
[t=    465.5108][DISPATCH              ] wf=18 task=1801 vm=18
[t=    465.7631][TASK-COMPLETE         ] task=1741 wf=17 vm=14(reserved) actualCPU=10.2713s
[t=    465.7631][DISPATCH              ] wf=18 task=1821 vm=14
[t=    465.9181][TASK-COMPLETE         ] task=1676 wf=16 vm=46(reserved) actualCPU=12.3873s
[t=    465.9181][DISPATCH              ] wf=18 task=1802 vm=46
[t=    465.9181][DISPATCH              ] wf=16 task=1682 vm=161
[t=    465.9308][TASK-COMPLETE         ] task=1703 wf=17 vm=28(reserved) actualCPU=9.6340s
[t=    465.9308][DISPATCH              ] wf=18 task=1806 vm=28
[t=    466.3671][TASK-COMPLETE         ] task=1704 wf=17 vm=43(reserved) actualCPU=9.6743s
[t=    466.3671][DISPATCH              ] wf=18 task=1824 vm=43
[t=    467.2791][TASK-COMPLETE         ] task=1705 wf=17 vm=33(reserved) actualCPU=10.4543s
[t=    467.2791][DISPATCH              ] wf=18 task=1826 vm=33
[t=    467.4381][TASK-COMPLETE         ] task=533 wf=5 vm=39(reserved) actualCPU=356.9340s
[t=    467.4381][DISPATCH              ] wf=18 task=1803 vm=39
[t=    467.9111][TASK-COMPLETE         ] task=1754 wf=17 vm=30(reserved) actualCPU=12.2783s
[t=    467.9111][DISPATCH              ] wf=18 task=1811 vm=30
[t=    468.7041][TASK-COMPLETE         ] task=1706 wf=17 vm=8(reserved) actualCPU=11.7233s
[t=    468.7041][DISPATCH              ] wf=18 task=1828 vm=8
[t=    469.4131][TASK-COMPLETE         ] task=1730 wf=17 vm=29(reserved) actualCPU=9.1950s
[t=    469.4131][DISPATCH              ] wf=18 task=1840 vm=29
[t=    469.4368][TASK-COMPLETE         ] task=1718 wf=17 vm=16(reserved) actualCPU=10.5040s
[t=    469.4368][DISPATCH              ] wf=18 task=1809 vm=16
[t=    469.8678][TASK-COMPLETE         ] task=1722 wf=17 vm=34(reserved) actualCPU=10.1117s
[t=    469.8678][DISPATCH              ] wf=18 task=1831 vm=34
[t=    470.0038][TASK-COMPLETE         ] task=1748 wf=17 vm=35(reserved) actualCPU=11.1117s
[t=    470.0038][DISPATCH              ] wf=18 task=1832 vm=35
[t=    470.8198][TASK-COMPLETE         ] task=1731 wf=17 vm=12(reserved) actualCPU=12.0387s
[t=    470.8198][DISPATCH              ] wf=18 task=1810 vm=12
[t=    471.7238][TASK-COMPLETE         ] task=1751 wf=17 vm=32(reserved) actualCPU=11.4310s
[t=    471.7238][DISPATCH              ] wf=18 task=1827 vm=32
[t=    471.9618][TASK-COMPLETE         ] task=1752 wf=17 vm=37(reserved) actualCPU=10.9127s
[t=    471.9618][DISPATCH              ] wf=18 task=1835 vm=37
[t=    472.6398][TASK-COMPLETE         ] task=1757 wf=17 vm=15(reserved) actualCPU=9.6547s
[t=    472.6398][DISPATCH              ] wf=18 task=1836 vm=15
[t=    472.8918][TASK-COMPLETE         ] task=1720 wf=17 vm=36(reserved) actualCPU=9.1417s
[t=    472.8918][DISPATCH              ] wf=18 task=1837 vm=36
[t=    472.9021][TASK-COMPLETE         ] task=1682 wf=16 vm=161(on-demand) actualCPU=6.9840s cost=$0.006321
[t=    472.9021][DISPATCH              ] wf=16 task=1683 vm=161
[t=    473.6181][TASK-COMPLETE         ] task=314 wf=3 vm=160(on-demand) actualCPU=28.7243s cost=$0.025995
[t=    473.6181][DISPATCH              ] wf=3 task=315 vm=160
[t=    473.7008][TASK-COMPLETE         ] task=312 wf=3 vm=170(on-demand) actualCPU=27.6090s cost=$0.024986
[t=    473.7008][DISPATCH              ] wf=3 task=313 vm=166
[t=    474.1298][TASK-COMPLETE         ] task=1753 wf=17 vm=25(reserved) actualCPU=9.9717s
[t=    474.1298][DISPATCH              ] wf=18 task=1807 vm=25
[t=    474.1298][DISPATCH              ] wf=3 task=335 vm=167
[t=    474.1781][TASK-COMPLETE         ] task=325 wf=3 vm=164(on-demand) actualCPU=32.7810s cost=$0.029667
[t=    474.1781][DISPATCH              ] wf=3 task=326 vm=164
[t=    474.3101][TASK-COMPLETE         ] task=392 wf=3 vm=165(on-demand) actualCPU=41.3570s cost=$0.037428
[t=    474.3101][DISPATCH              ] wf=3 task=393 vm=165
[t=    474.3498][TASK-COMPLETE         ] task=332 wf=3 vm=169(on-demand) actualCPU=41.9817s cost=$0.037993
[t=    474.3498][DISPATCH              ] wf=3 task=333 vm=168
[t=    474.3661][TASK-COMPLETE         ] task=373 wf=3 vm=163(on-demand) actualCPU=31.1110s cost=$0.028155
[t=    474.3661][DISPATCH              ] wf=3 task=374 vm=163
[t=    474.4588][TASK-COMPLETE         ] task=310 wf=3 vm=162(on-demand) actualCPU=27.6830s cost=$0.025053
[t=    474.4588][DISPATCH              ] wf=3 task=311 vm=162
[t=    474.6298][TASK-COMPLETE         ] task=1802 wf=18 vm=46(reserved) actualCPU=8.7117s
[t=    474.6298][DISPATCH              ] wf=18 task=1815 vm=46
[t=    474.8598][TASK-COMPLETE         ] task=1760 wf=17 vm=13(reserved) actualCPU=10.1237s
[t=    474.8598][DISPATCH              ] wf=18 task=1817 vm=13
[t=    475.0558][TASK-COMPLETE         ] task=1762 wf=17 vm=17(reserved) actualCPU=9.7750s
[t=    475.0558][DISPATCH              ] wf=18 task=1833 vm=17
[t=    475.0661][TASK-COMPLETE         ] task=393 wf=3 vm=165(on-demand) actualCPU=0.7560s cost=$0.000684
[t=    475.0791][TASK-COMPLETE         ] task=315 wf=3 vm=160(on-demand) actualCPU=1.4610s cost=$0.001322
[t=    475.1941][TASK-COMPLETE         ] task=311 wf=3 vm=162(on-demand) actualCPU=0.7353s cost=$0.000665
[t=    475.2148][TASK-COMPLETE         ] task=1763 wf=17 vm=9(reserved) actualCPU=9.8020s
[t=    475.2148][DISPATCH              ] wf=18 task=1834 vm=9
[t=    475.2451][TASK-COMPLETE         ] task=374 wf=3 vm=163(on-demand) actualCPU=0.8790s cost=$0.000795
[t=    475.3671][TASK-COMPLETE         ] task=1761 wf=17 vm=7(reserved) actualCPU=10.1380s
[t=    475.3671][DISPATCH              ] wf=18 task=1839 vm=7
[t=    475.3961][TASK-COMPLETE         ] task=335 wf=3 vm=167(on-demand) actualCPU=1.2663s cost=$0.001146
[t=    475.4348][TASK-COMPLETE         ] task=333 wf=3 vm=168(on-demand) actualCPU=1.0850s cost=$0.000982
[t=    475.4771][TASK-COMPLETE         ] task=326 wf=3 vm=164(on-demand) actualCPU=1.2990s cost=$0.001176
[t=    475.5061][TASK-COMPLETE         ] task=313 wf=3 vm=166(on-demand) actualCPU=1.8053s cost=$0.001634
[t=    475.8798][TASK-COMPLETE         ] task=1759 wf=17 vm=31(reserved) actualCPU=11.3487s
[t=    475.8798][DISPATCH              ] wf=18 task=1848 vm=31
[t=    475.8798][DISPATCH              ] wf=17 task=1764 vm=160
[t=    476.4008][TASK-COMPLETE         ] task=1806 wf=18 vm=28(reserved) actualCPU=10.4700s
[t=    476.4008][DISPATCH              ] wf=18 task=1849 vm=28
[t=    476.6898][TASK-COMPLETE         ] task=1821 wf=18 vm=14(reserved) actualCPU=10.9267s
[t=    476.6898][DISPATCH              ] wf=18 task=1813 vm=14
[t=    476.9638][TASK-COMPLETE         ] task=1826 wf=18 vm=33(reserved) actualCPU=9.6847s
[t=    476.9638][DISPATCH              ] wf=18 task=1819 vm=33
[t=    477.6078][TASK-COMPLETE         ] task=1803 wf=18 vm=39(reserved) actualCPU=10.1697s
[t=    477.6078][DISPATCH              ] wf=18 task=1823 vm=39
[t=    477.6791][TASK-COMPLETE         ] task=1828 wf=18 vm=8(reserved) actualCPU=8.9750s
[t=    477.6791][DISPATCH              ] wf=18 task=1854 vm=8
[t=    477.7708][TASK-COMPLETE         ] task=1801 wf=18 vm=18(reserved) actualCPU=12.2600s
[t=    477.7708][DISPATCH              ] wf=18 task=1855 vm=18
[t=    477.7708][DISPATCH              ] wf=18 task=1814 vm=162
[t=    477.7708][DISPATCH              ] wf=18 task=1820 vm=163
[t=    477.7708][DISPATCH              ] wf=18 task=1853 vm=164
[t=    477.7708][DISPATCH              ] wf=18 task=1859 vm=165
[t=    477.7708][DISPATCH              ] wf=18 task=1860 vm=166
[t=    477.7708][DISPATCH              ] wf=18 task=1861 vm=167
[t=    477.7708][DISPATCH              ] wf=18 task=1862 vm=168
[t=    477.7708][DISPATCH              ] wf=18 task=1863 vm=169
[t=    478.1368][TASK-COMPLETE         ] task=1811 wf=18 vm=30(reserved) actualCPU=10.2257s
[t=    478.1368][DISPATCH              ] wf=18 task=1856 vm=30
[t=    478.3768][TASK-COMPLETE         ] task=1824 wf=18 vm=43(reserved) actualCPU=12.0097s
[t=    478.3768][DISPATCH              ] wf=18 task=1858 vm=43
[t=    479.1478][TASK-COMPLETE         ] task=1809 wf=18 vm=16(reserved) actualCPU=9.7110s
[t=    479.1478][DISPATCH              ] wf=18 task=1822 vm=16
[t=    479.2461][TASK-COMPLETE         ] task=1840 wf=18 vm=29(reserved) actualCPU=9.8330s
[t=    479.2461][DISPATCH              ] wf=18 task=1830 vm=29
[t=    480.3498][TASK-COMPLETE         ] task=522 wf=5 vm=40(reserved) actualCPU=372.0857s
[t=    480.3498][DISPATCH              ] wf=18 task=1851 vm=40
[t=    480.5368][TASK-COMPLETE         ] task=1764 wf=17 vm=160(on-demand) actualCPU=4.6570s cost=$0.004215
[t=    480.5368][DISPATCH              ] wf=17 task=1765 vm=160
[t=    480.5518][TASK-COMPLETE         ] task=1832 wf=18 vm=35(reserved) actualCPU=10.5480s
[t=    480.5518][DISPATCH              ] wf=18 task=1852 vm=35
[t=    480.9238][TASK-COMPLETE         ] task=1831 wf=18 vm=34(reserved) actualCPU=11.0560s
[t=    480.9238][DISPATCH              ] wf=18 task=1857 vm=34
[t=    481.1538][TASK-COMPLETE         ] task=1810 wf=18 vm=12(reserved) actualCPU=10.3340s
[t=    481.1538][DISPATCH              ] wf=18 task=1829 vm=12
[t=    482.0828][TASK-COMPLETE         ] task=1835 wf=18 vm=37(reserved) actualCPU=10.1210s
[t=    482.0828][DISPATCH              ] wf=18 task=1838 vm=37
[t=    482.3668][TASK-COMPLETE         ] task=1827 wf=18 vm=32(reserved) actualCPU=10.6430s
[t=    482.3668][DISPATCH              ] wf=18 task=1841 vm=32
[t=    482.6858][TASK-COMPLETE         ] task=1837 wf=18 vm=36(reserved) actualCPU=9.7940s
[t=    482.6858][DISPATCH              ] wf=18 task=1842 vm=36
[t=    482.9658][TASK-COMPLETE         ] task=1683 wf=16 vm=161(on-demand) actualCPU=10.0637s cost=$0.009108
[t=    482.9658][DISPATCH              ] wf=16 task=1684 vm=161
[t=    483.1558][TASK-COMPLETE         ] task=1836 wf=18 vm=15(reserved) actualCPU=10.5160s
[t=    483.1558][DISPATCH              ] wf=18 task=1843 vm=15
[t=    484.2368][TASK-COMPLETE         ] task=1807 wf=18 vm=25(reserved) actualCPU=10.1070s
[t=    484.2368][DISPATCH              ] wf=18 task=1844 vm=25
[t=    484.9088][TASK-COMPLETE         ] task=1834 wf=18 vm=9(reserved) actualCPU=9.6940s
[t=    484.9088][DISPATCH              ] wf=18 task=1845 vm=9
[t=    484.9088][DISPATCH              ] wf=12 task=1222 vm=170
[t=    485.0408][TASK-COMPLETE         ] task=1815 wf=18 vm=46(reserved) actualCPU=10.4110s
[t=    485.0408][DISPATCH              ] wf=18 task=1846 vm=46
[t=    485.2658][TASK-COMPLETE         ] task=1848 wf=18 vm=31(reserved) actualCPU=9.3860s
[t=    485.2658][DISPATCH              ] wf=18 task=1847 vm=31
[t=    485.5308][TASK-COMPLETE         ] task=1817 wf=18 vm=13(reserved) actualCPU=10.6710s
[t=    485.5308][DISPATCH              ] wf=2 task=286 vm=13
[t=    485.6558][TASK-COMPLETE         ] task=1833 wf=18 vm=17(reserved) actualCPU=10.6000s
[t=    485.6558][DISPATCH              ] wf=2 task=284 vm=17
[t=    485.7071][TASK-COMPLETE         ] task=1839 wf=18 vm=7(reserved) actualCPU=10.3400s
[t=    485.7071][DISPATCH              ] wf=2 task=294 vm=7
[t=    486.4291][TASK-COMPLETE         ] task=1765 wf=17 vm=160(on-demand) actualCPU=5.8923s cost=$0.005333
[t=    486.4291][DISPATCH              ] wf=17 task=1766 vm=160
[t=    486.4291][DISPATCH              ] wf=17 task=1767 vm=171
[t=    486.4291][DISPATCH              ] wf=17 task=1768 vm=172
[t=    486.4291][DISPATCH              ] wf=17 task=1769 vm=173
[t=    486.4291][DISPATCH              ] wf=17 task=1770 vm=174
[t=    486.8291][TASK-COMPLETE         ] task=1861 wf=18 vm=167(on-demand) actualCPU=9.0583s cost=$0.008198
[t=    487.1831][TASK-COMPLETE         ] task=1849 wf=18 vm=28(reserved) actualCPU=10.7823s
[t=    487.1831][DISPATCH              ] wf=17 task=1771 vm=28
[t=    487.7011][TASK-COMPLETE         ] task=1819 wf=18 vm=33(reserved) actualCPU=10.7373s
[t=    487.7011][DISPATCH              ] wf=17 task=1772 vm=33
[t=    487.8461][TASK-COMPLETE         ] task=1853 wf=18 vm=164(on-demand) actualCPU=10.0753s cost=$0.009118
[t=    488.1511][TASK-COMPLETE         ] task=1856 wf=18 vm=30(reserved) actualCPU=10.0143s
[t=    488.1511][DISPATCH              ] wf=17 task=1773 vm=30
[t=    488.1888][TASK-COMPLETE         ] task=1684 wf=16 vm=161(on-demand) actualCPU=5.2230s cost=$0.004727
[t=    488.1888][DISPATCH              ] wf=16 task=1685 vm=161
[t=    488.3911][TASK-COMPLETE         ] task=1859 wf=18 vm=165(on-demand) actualCPU=10.6203s cost=$0.009611
[t=    488.5151][TASK-COMPLETE         ] task=1814 wf=18 vm=162(on-demand) actualCPU=10.7443s cost=$0.009724
[t=    488.8961][TASK-COMPLETE         ] task=1860 wf=18 vm=166(on-demand) actualCPU=11.1253s cost=$0.010068
[t=    488.9628][TASK-COMPLETE         ] task=1855 wf=18 vm=18(reserved) actualCPU=11.1920s
[t=    488.9628][DISPATCH              ] wf=17 task=1774 vm=18
[t=    488.9971][TASK-COMPLETE         ] task=1854 wf=18 vm=8(reserved) actualCPU=11.3180s
[t=    488.9971][DISPATCH              ] wf=17 task=1775 vm=8
[t=    489.0868][TASK-COMPLETE         ] task=1862 wf=18 vm=168(on-demand) actualCPU=11.3160s cost=$0.010241
[t=    489.1288][TASK-COMPLETE         ] task=1813 wf=18 vm=14(reserved) actualCPU=12.4390s
[t=    489.1288][DISPATCH              ] wf=17 task=1776 vm=14
[t=    489.1448][TASK-COMPLETE         ] task=1685 wf=16 vm=161(on-demand) actualCPU=0.9560s cost=$0.000865
[t=    489.1448][WF-COMPLETE           ] wf=16 completionTime=489.1448 deadline=423.2579 -> MISSED
[t=    489.4811][TASK-COMPLETE         ] task=1823 wf=18 vm=39(reserved) actualCPU=11.8733s
[t=    489.4811][DISPATCH              ] wf=17 task=1777 vm=39
[t=    489.6461][TASK-COMPLETE         ] task=1830 wf=18 vm=29(reserved) actualCPU=10.4000s
[t=    489.6461][DISPATCH              ] wf=17 task=1778 vm=29
[t=    489.9261][TASK-COMPLETE         ] task=1820 wf=18 vm=163(on-demand) actualCPU=12.1553s cost=$0.011001
[t=    490.0361][TASK-COMPLETE         ] task=1858 wf=18 vm=43(reserved) actualCPU=11.6593s
[t=    490.0361][DISPATCH              ] wf=17 task=1779 vm=43
[t=    490.1418][TASK-COMPLETE         ] task=1852 wf=18 vm=35(reserved) actualCPU=9.5900s
[t=    490.1418][DISPATCH              ] wf=17 task=1780 vm=35
[t=    490.5278][TASK-COMPLETE         ] task=1851 wf=18 vm=40(reserved) actualCPU=10.1780s
[t=    490.5278][DISPATCH              ] wf=17 task=1781 vm=40
[t=    490.5468][TASK-COMPLETE         ] task=1863 wf=18 vm=169(on-demand) actualCPU=12.7760s cost=$0.011562
[t=    491.3898][TASK-COMPLETE         ] task=1857 wf=18 vm=34(reserved) actualCPU=10.4660s
[t=    491.3898][DISPATCH              ] wf=2 task=290 vm=34
[t=    491.4308][TASK-COMPLETE         ] task=1842 wf=18 vm=36(reserved) actualCPU=8.7450s
[t=    491.4308][DISPATCH              ] wf=2 task=249 vm=36
[t=    491.5858][TASK-COMPLETE         ] task=1822 wf=18 vm=16(reserved) actualCPU=12.4380s
[t=    491.5858][DISPATCH              ] wf=2 task=262 vm=16
[t=    492.2888][TASK-COMPLETE         ] task=1829 wf=18 vm=12(reserved) actualCPU=11.1350s
[t=    492.2888][DISPATCH              ] wf=2 task=288 vm=12
[t=    493.2188][TASK-COMPLETE         ] task=1841 wf=18 vm=32(reserved) actualCPU=10.8520s
[t=    493.2188][DISPATCH              ] wf=2 task=281 vm=32
[t=    493.4768][TASK-COMPLETE         ] task=1838 wf=18 vm=37(reserved) actualCPU=11.3940s
[t=    493.4768][DISPATCH              ] wf=2 task=275 vm=37
[t=    493.7658][TASK-COMPLETE         ] task=1844 wf=18 vm=25(reserved) actualCPU=9.5290s
[t=    493.7658][DISPATCH              ] wf=2 task=264 vm=25
[t=    494.4018][TASK-COMPLETE         ] task=1846 wf=18 vm=46(reserved) actualCPU=9.3610s
[t=    494.4018][DISPATCH              ] wf=2 task=221 vm=46
[t=    494.5128][TASK-COMPLETE         ] task=1845 wf=18 vm=9(reserved) actualCPU=9.6040s
[t=    494.5128][DISPATCH              ] wf=2 task=203 vm=9
[t=    494.9048][TASK-COMPLETE         ] task=1843 wf=18 vm=15(reserved) actualCPU=11.7490s
[t=    494.9048][DISPATCH              ] wf=2 task=292 vm=15
[t=    496.5138][TASK-COMPLETE         ] task=1847 wf=18 vm=31(reserved) actualCPU=11.2480s
[t=    496.5138][DISPATCH              ] wf=2 task=260 vm=31
[t=    496.5138][DISPATCH              ] wf=18 task=1864 vm=161
[t=    496.6768][TASK-COMPLETE         ] task=1767 wf=17 vm=171(on-demand) actualCPU=10.2477s cost=$0.009274
[t=    497.4448][TASK-COMPLETE         ] task=1775 wf=17 vm=8(reserved) actualCPU=8.4477s
[t=    497.4448][DISPATCH              ] wf=2 task=201 vm=8
[t=    497.7068][TASK-COMPLETE         ] task=1766 wf=17 vm=160(on-demand) actualCPU=11.2777s cost=$0.010206
[t=    498.2308][TASK-COMPLETE         ] task=1770 wf=17 vm=174(on-demand) actualCPU=11.8017s cost=$0.010681
[t=    498.3031][TASK-COMPLETE         ] task=1777 wf=17 vm=39(reserved) actualCPU=8.8220s
[t=    498.3031][DISPATCH              ] wf=3 task=349 vm=39
[t=    498.3381][TASK-COMPLETE         ] task=1768 wf=17 vm=172(on-demand) actualCPU=11.9090s cost=$0.010778
[t=    498.5601][TASK-COMPLETE         ] task=1771 wf=17 vm=28(reserved) actualCPU=11.3770s
[t=    498.5601][DISPATCH              ] wf=3 task=381 vm=28
[t=    498.6701][TASK-COMPLETE         ] task=1769 wf=17 vm=173(on-demand) actualCPU=12.2410s cost=$0.011078
[t=    498.7218][TASK-COMPLETE         ] task=1774 wf=17 vm=18(reserved) actualCPU=9.7590s
[t=    498.7218][DISPATCH              ] wf=2 task=207 vm=18
[t=    498.9378][TASK-COMPLETE         ] task=1773 wf=17 vm=30(reserved) actualCPU=10.7867s
[t=    498.9378][DISPATCH              ] wf=2 task=277 vm=30
[t=    499.6548][TASK-COMPLETE         ] task=1776 wf=17 vm=14(reserved) actualCPU=10.5260s
[t=    499.6548][DISPATCH              ] wf=2 task=223 vm=14
[t=    499.8798][TASK-COMPLETE         ] task=1780 wf=17 vm=35(reserved) actualCPU=9.7380s
[t=    499.8798][DISPATCH              ] wf=10 task=1011 vm=35
[t=    500.0000][NEGOTIATE             ] wf=19 tasks=100 arrivalTime=500.0000 deadline=1026.3200 cp=285.8740 BETA*cp=314.4614 slack=526.3200 -> ACCEPTED
[t=    500.7178][TASK-COMPLETE         ] task=1778 wf=17 vm=29(reserved) actualCPU=11.0717s
[t=    500.7178][DISPATCH              ] wf=2 task=205 vm=29
[t=    500.7178][DISPATCH              ] wf=10 task=1079 vm=160
[t=    500.8051][TASK-COMPLETE         ] task=1772 wf=17 vm=33(reserved) actualCPU=13.1040s
[t=    500.8051][DISPATCH              ] wf=3 task=388 vm=33
[t=    500.9938][TASK-COMPLETE         ] task=1779 wf=17 vm=43(reserved) actualCPU=10.9577s
[t=    500.9938][DISPATCH              ] wf=2 task=247 vm=43
[t=    501.5878][TASK-COMPLETE         ] task=1781 wf=17 vm=40(reserved) actualCPU=11.0600s
[t=    501.5878][DISPATCH              ] wf=2 task=271 vm=40
[t=    501.5878][DISPATCH              ] wf=17 task=1782 vm=162
[t=    501.7068][TASK-COMPLETE         ] task=1864 wf=18 vm=161(on-demand) actualCPU=5.1930s cost=$0.004700
[t=    501.7068][DISPATCH              ] wf=18 task=1865 vm=161
[t=    506.6648][TASK-COMPLETE         ] task=527 wf=5 vm=41(reserved) actualCPU=399.6727s
[t=    506.6648][DISPATCH              ] wf=3 task=386 vm=41
[t=    507.4998][TASK-COMPLETE         ] task=1865 wf=18 vm=161(on-demand) actualCPU=5.7930s cost=$0.005243
[t=    507.4998][DISPATCH              ] wf=18 task=1866 vm=161
[t=    507.4998][DISPATCH              ] wf=18 task=1867 vm=163
[t=    507.4998][DISPATCH              ] wf=18 task=1868 vm=164
[t=    507.4998][DISPATCH              ] wf=18 task=1869 vm=165
[t=    507.4998][DISPATCH              ] wf=18 task=1870 vm=166
[t=    507.4998][DISPATCH              ] wf=18 task=1871 vm=167
[t=    507.4998][DISPATCH              ] wf=18 task=1872 vm=168
[t=    507.4998][DISPATCH              ] wf=18 task=1873 vm=169
[t=    507.4998][DISPATCH              ] wf=18 task=1874 vm=171
[t=    507.4998][DISPATCH              ] wf=18 task=1875 vm=172
[t=    507.4998][DISPATCH              ] wf=18 task=1876 vm=173
[t=    507.4998][DISPATCH              ] wf=18 task=1877 vm=174
[t=    510.5968][TASK-COMPLETE         ] task=1782 wf=17 vm=162(on-demand) actualCPU=9.0090s cost=$0.008153
[t=    510.5968][DISPATCH              ] wf=10 task=1081 vm=162
[t=    516.8598][TASK-COMPLETE         ] task=1870 wf=18 vm=166(on-demand) actualCPU=9.3600s cost=$0.008471
[t=    516.9698][TASK-COMPLETE         ] task=1874 wf=18 vm=171(on-demand) actualCPU=9.4700s cost=$0.008570
[t=    517.2568][TASK-COMPLETE         ] task=1868 wf=18 vm=164(on-demand) actualCPU=9.7570s cost=$0.008830
[t=    517.8008][TASK-COMPLETE         ] task=1872 wf=18 vm=168(on-demand) actualCPU=10.3010s cost=$0.009322
[t=    517.8008][DISPATCH              ] wf=10 task=1077 vm=164
[t=    517.8998][TASK-COMPLETE         ] task=1871 wf=18 vm=167(on-demand) actualCPU=10.4000s cost=$0.009412
[t=    518.0098][TASK-COMPLETE         ] task=1876 wf=18 vm=173(on-demand) actualCPU=10.5100s cost=$0.009512
[t=    518.2428][TASK-COMPLETE         ] task=1866 wf=18 vm=161(on-demand) actualCPU=10.7430s cost=$0.009722
[t=    518.2718][TASK-COMPLETE         ] task=1877 wf=18 vm=174(on-demand) actualCPU=10.7720s cost=$0.009749
[t=    518.2958][TASK-COMPLETE         ] task=1869 wf=18 vm=165(on-demand) actualCPU=10.7960s cost=$0.009770
[t=    518.2958][DISPATCH              ] wf=10 task=1087 vm=161
[t=    518.5248][TASK-COMPLETE         ] task=1875 wf=18 vm=172(on-demand) actualCPU=11.0250s cost=$0.009978
[t=    518.8068][TASK-COMPLETE         ] task=1867 wf=18 vm=163(on-demand) actualCPU=11.3070s cost=$0.010233
[t=    519.4601][DISPATCH              ] wf=10 task=1068 vm=163
[t=    519.4601][DISPATCH              ] wf=10 task=1051 vm=165
[t=    519.7451][TASK-COMPLETE         ] task=1873 wf=18 vm=169(on-demand) actualCPU=12.2453s cost=$0.011082
[t=    522.9261][DISPATCH              ] wf=10 task=1053 vm=166
[t=    522.9261][DISPATCH              ] wf=10 task=996 vm=167
[t=    522.9261][DISPATCH              ] wf=10 task=1066 vm=168
[t=    522.9261][DISPATCH              ] wf=10 task=1085 vm=169
[t=    522.9261][DISPATCH              ] wf=10 task=998 vm=171
[t=    524.5451][DISPATCH              ] wf=10 task=1083 vm=172
[t=    524.5451][DISPATCH              ] wf=10 task=1075 vm=173
[t=    526.9951][DISPATCH              ] wf=10 task=1055 vm=174
[t=    528.8821][TASK-COMPLETE         ] task=539 wf=5 vm=27(reserved) actualCPU=392.7130s
[t=    528.8821][DISPATCH              ] wf=17 task=1783 vm=27
[t=    532.4531][DISPATCH              ] wf=3 task=394 vm=299
[t=    532.4531][DISPATCH              ] wf=3 task=327 vm=300
[t=    533.7701][TASK-COMPLETE         ] task=1022 wf=10 vm=159(on-demand) actualCPU=78.6673s cost=$0.071194
[t=    533.7701][DISPATCH              ] wf=12 task=1279 vm=159
[t=    535.1581][DISPATCH              ] wf=2 task=296 vm=301
[t=    535.1581][DISPATCH              ] wf=2 task=251 vm=302
[t=    535.1581][DISPATCH              ] wf=2 task=258 vm=303
[t=    535.1581][DISPATCH              ] wf=3 task=301 vm=304
[t=    535.7551][DISPATCH              ] wf=3 task=360 vm=305
[t=    536.6461][DISPATCH              ] wf=3 task=303 vm=306
[t=    536.6461][DISPATCH              ] wf=2 task=229 vm=307
[t=    536.6461][DISPATCH              ] wf=2 task=253 vm=308
[t=    537.1551][DISPATCH              ] wf=3 task=390 vm=309
[t=    537.2371][TASK-COMPLETE         ] task=1783 wf=17 vm=27(reserved) actualCPU=8.3550s
[t=    537.2371][DISPATCH              ] wf=18 task=1878 vm=27
[t=    537.5201][DISPATCH              ] wf=2 task=236 vm=310
[t=    537.8851][DISPATCH              ] wf=3 task=396 vm=311
[t=    540.1018][DISPATCH              ] wf=2 task=273 vm=312
[t=    540.1018][DISPATCH              ] wf=2 task=279 vm=313
[t=    540.3788][DISPATCH              ] wf=3 task=307 vm=314
[t=    540.3788][DISPATCH              ] wf=3 task=384 vm=315
[t=    541.7548][DISPATCH              ] wf=3 task=377 vm=317
[t=    541.7548][DISPATCH              ] wf=10 task=1000 vm=318
[t=    541.7548][DISPATCH              ] wf=2 task=225 vm=319
[t=    542.0408][TASK-COMPLETE         ] task=521 wf=5 vm=0(reserved) actualCPU=438.5047s
[t=    542.0408][DISPATCH              ] wf=17 task=1784 vm=0
[t=    543.5678][TASK-COMPLETE         ] task=271 wf=2 vm=40(reserved) actualCPU=41.9800s
[t=    543.5678][DISPATCH              ] wf=18 task=1879 vm=40
[t=    543.5878][DISPATCH              ] wf=3 task=371 vm=320
[t=    544.9388][DISPATCH              ] wf=2 task=214 vm=321
[t=    544.9798][TASK-COMPLETE         ] task=247 wf=2 vm=43(reserved) actualCPU=43.9860s
[t=    544.9798][DISPATCH              ] wf=18 task=1880 vm=43
[t=    545.3178][TASK-COMPLETE         ] task=292 wf=2 vm=15(reserved) actualCPU=50.4130s
[t=    545.3178][DISPATCH              ] wf=18 task=1881 vm=15
[t=    545.3278][TASK-COMPLETE         ] task=221 wf=2 vm=46(reserved) actualCPU=50.9260s
[t=    545.3278][DISPATCH              ] wf=2 task=269 vm=46
[t=    545.7918][TASK-COMPLETE         ] task=260 wf=2 vm=31(reserved) actualCPU=49.2780s
[t=    545.7918][DISPATCH              ] wf=2 task=210 vm=31
[t=    545.8348][TASK-COMPLETE         ] task=201 wf=2 vm=8(reserved) actualCPU=48.3900s
[t=    545.8348][DISPATCH              ] wf=3 task=321 vm=8
[t=    546.2348][TASK-COMPLETE         ] task=203 wf=2 vm=9(reserved) actualCPU=51.7220s
[t=    546.2348][DISPATCH              ] wf=3 task=362 vm=9
[t=    546.4938][TASK-COMPLETE         ] task=277 wf=2 vm=30(reserved) actualCPU=47.5560s
[t=    546.4938][DISPATCH              ] wf=2 task=238 vm=30
[t=    546.6431][DISPATCH              ] wf=3 task=375 vm=327
[t=    546.7338][TASK-COMPLETE         ] task=207 wf=2 vm=18(reserved) actualCPU=48.0120s
[t=    546.7338][DISPATCH              ] wf=2 task=266 vm=18
[t=    546.8078][TASK-COMPLETE         ] task=223 wf=2 vm=14(reserved) actualCPU=47.1530s
[t=    546.8078][DISPATCH              ] wf=2 task=212 vm=14
[t=    547.4941][TASK-COMPLETE         ] task=264 wf=2 vm=25(reserved) actualCPU=53.7283s
[t=    547.4941][DISPATCH              ] wf=2 task=245 vm=25
[t=    547.6481][TASK-COMPLETE         ] task=294 wf=2 vm=7(reserved) actualCPU=61.9410s
[t=    547.6481][DISPATCH              ] wf=2 task=243 vm=7
[t=    547.8861][TASK-COMPLETE         ] task=1878 wf=18 vm=27(reserved) actualCPU=10.6490s
[t=    547.8861][DISPATCH              ] wf=3 task=329 vm=27
[t=    548.0821][TASK-COMPLETE         ] task=205 wf=2 vm=29(reserved) actualCPU=47.3643s
[t=    548.0821][DISPATCH              ] wf=3 task=305 vm=29
[t=    548.6821][TASK-COMPLETE         ] task=275 wf=2 vm=37(reserved) actualCPU=55.2053s
[t=    548.6821][DISPATCH              ] wf=2 task=256 vm=37
[t=    549.6301][TASK-COMPLETE         ] task=281 wf=2 vm=32(reserved) actualCPU=56.4113s
[t=    549.6301][DISPATCH              ] wf=3 task=364 vm=32
[t=    549.8161][TASK-COMPLETE         ] task=1784 wf=17 vm=0(reserved) actualCPU=7.7753s
[t=    549.8161][DISPATCH              ] wf=12 task=1200 vm=0
[t=    550.7101][TASK-COMPLETE         ] task=288 wf=2 vm=12(reserved) actualCPU=58.4213s
[t=    550.7101][DISPATCH              ] wf=17 task=1785 vm=12
[t=    551.2981][TASK-COMPLETE         ] task=284 wf=2 vm=17(reserved) actualCPU=65.6423s
[t=    551.2981][DISPATCH              ] wf=3 task=316 vm=17
[t=    551.4701][TASK-COMPLETE         ] task=1785 wf=17 vm=12(reserved) actualCPU=0.7600s
[t=    551.4701][WF-COMPLETE           ] wf=17 completionTime=551.4701 deadline=441.4418 -> MISSED
[t=    551.4701][DISPATCH              ] wf=3 task=336 vm=12
[t=    551.7241][TASK-COMPLETE         ] task=262 wf=2 vm=16(reserved) actualCPU=60.1383s
[t=    551.7241][DISPATCH              ] wf=3 task=318 vm=16
[t=    552.5641][TASK-COMPLETE         ] task=249 wf=2 vm=36(reserved) actualCPU=61.1333s
[t=    552.5641][DISPATCH              ] wf=3 task=323 vm=36
[t=    553.4971][TASK-COMPLETE         ] task=1879 wf=18 vm=40(reserved) actualCPU=9.9293s
[t=    553.4971][DISPATCH              ] wf=3 task=351 vm=40
[t=    553.6711][TASK-COMPLETE         ] task=290 wf=2 vm=34(reserved) actualCPU=62.2813s
[t=    553.6711][DISPATCH              ] wf=3 task=340 vm=34
[t=    554.1851][TASK-COMPLETE         ] task=286 wf=2 vm=13(reserved) actualCPU=68.6543s
[t=    554.1851][DISPATCH              ] wf=3 task=379 vm=13
[t=    555.8621][TASK-COMPLETE         ] task=1880 wf=18 vm=43(reserved) actualCPU=10.8823s
[t=    555.8621][DISPATCH              ] wf=3 task=347 vm=43
[t=    557.3411][TASK-COMPLETE         ] task=1881 wf=18 vm=15(reserved) actualCPU=12.0233s
[t=    557.3411][DISPATCH              ] wf=3 task=358 vm=15
[t=    559.4151][TASK-COMPLETE         ] task=1222 wf=12 vm=170(on-demand) actualCPU=74.5063s cost=$0.067428
[t=    559.4151][DISPATCH              ] wf=12 task=1223 vm=170
[t=    563.7321][DISPATCH              ] wf=3 task=353 vm=414
[t=    566.5631][TASK-COMPLETE         ] task=388 wf=3 vm=33(reserved) actualCPU=65.7580s
[t=    566.5631][DISPATCH              ] wf=18 task=1882 vm=33
[t=    566.9281][TASK-COMPLETE         ] task=349 wf=3 vm=39(reserved) actualCPU=68.6250s
[t=    566.9281][DISPATCH              ] wf=3 task=369 vm=39
[t=    567.0691][TASK-COMPLETE         ] task=381 wf=3 vm=28(reserved) actualCPU=68.5090s
[t=    567.0691][DISPATCH              ] wf=3 task=356 vm=28
[t=    568.4388][DISPATCH              ] wf=3 task=345 vm=461
[t=    568.6211][TASK-COMPLETE         ] task=386 wf=3 vm=41(reserved) actualCPU=61.9563s
[t=    568.6211][DISPATCH              ] wf=3 task=366 vm=41
[t=    571.6128][DISPATCH              ] wf=3 task=343 vm=463
[t=    571.6128][DISPATCH              ] wf=12 task=1211 vm=464
[t=    572.3298][TASK-COMPLETE         ] task=256 wf=2 vm=37(reserved) actualCPU=23.6477s
[t=    572.3298][DISPATCH              ] wf=3 task=338 vm=37
[t=    572.5388][TASK-COMPLETE         ] task=212 wf=2 vm=14(reserved) actualCPU=25.7310s
[t=    572.5388][DISPATCH              ] wf=2 task=222 vm=14
[t=    573.2508][TASK-COMPLETE         ] task=243 wf=2 vm=7(reserved) actualCPU=25.6027s
[t=    573.2508][DISPATCH              ] wf=2 task=213 vm=7
[t=    573.3268][TASK-COMPLETE         ] task=214 wf=2 vm=321(on-demand) actualCPU=28.3880s cost=$0.025691
[t=    573.3268][DISPATCH              ] wf=2 task=215 vm=321
[t=    573.5188][TASK-COMPLETE         ] task=266 wf=2 vm=18(reserved) actualCPU=26.7850s
[t=    573.5188][DISPATCH              ] wf=2 task=263 vm=18
[t=    573.5708][TASK-COMPLETE         ] task=210 wf=2 vm=31(reserved) actualCPU=27.7790s
[t=    573.5708][DISPATCH              ] wf=2 task=289 vm=31
[t=    573.5881][TASK-COMPLETE         ] task=1051 wf=10 vm=165(on-demand) actualCPU=54.1280s cost=$0.048986
[t=    573.5881][TASK-COMPLETE         ] task=279 wf=2 vm=313(on-demand) actualCPU=33.4863s cost=$0.030305
[t=    573.5881][DISPATCH              ] wf=2 task=280 vm=165
[t=    573.5881][DISPATCH              ] wf=10 task=1052 vm=313
[t=    573.6101][TASK-COMPLETE         ] task=229 wf=2 vm=307(on-demand) actualCPU=36.9640s cost=$0.033452
[t=    573.6101][DISPATCH              ] wf=2 task=230 vm=307
[t=    573.6288][TASK-COMPLETE         ] task=269 wf=2 vm=46(reserved) actualCPU=28.3010s
[t=    573.6288][DISPATCH              ] wf=2 task=235 vm=46
[t=    573.6981][TASK-COMPLETE         ] task=245 wf=2 vm=25(reserved) actualCPU=26.2040s
[t=    573.6981][TASK-COMPLETE         ] task=238 wf=2 vm=30(reserved) actualCPU=27.2043s
[t=    573.6981][DISPATCH              ] wf=2 task=224 vm=25
[t=    573.6981][DISPATCH              ] wf=2 task=270 vm=30
[t=    573.8011][TASK-COMPLETE         ] task=253 wf=2 vm=308(on-demand) actualCPU=37.1550s cost=$0.033625
[t=    573.8011][DISPATCH              ] wf=2 task=254 vm=308
[t=    573.8421][TASK-COMPLETE         ] task=1066 wf=10 vm=168(on-demand) actualCPU=50.9160s cost=$0.046079
[t=    573.8421][DISPATCH              ] wf=10 task=1067 vm=168
[t=    573.8861][TASK-COMPLETE         ] task=1085 wf=10 vm=169(on-demand) actualCPU=50.9600s cost=$0.046119
[t=    573.8861][DISPATCH              ] wf=10 task=1086 vm=169
[t=    573.9008][TASK-COMPLETE         ] task=1087 wf=10 vm=161(on-demand) actualCPU=55.6050s cost=$0.050323
[t=    573.9008][DISPATCH              ] wf=10 task=1088 vm=161
[t=    573.9208][DISPATCH              ] wf=2 task=219 vm=467
[t=    573.9368][TASK-COMPLETE         ] task=1077 wf=10 vm=164(on-demand) actualCPU=56.1360s cost=$0.050803
[t=    573.9368][TASK-COMPLETE         ] task=1075 wf=10 vm=173(on-demand) actualCPU=49.3917s cost=$0.044699
[t=    573.9368][DISPATCH              ] wf=10 task=1076 vm=164
[t=    573.9368][DISPATCH              ] wf=10 task=1078 vm=173
[t=    574.0668][TASK-COMPLETE         ] task=1068 wf=10 vm=163(on-demand) actualCPU=54.6067s cost=$0.049419
[t=    574.0668][DISPATCH              ] wf=10 task=1069 vm=163
[t=    574.1311][TASK-COMPLETE         ] task=1882 wf=18 vm=33(reserved) actualCPU=7.5680s
[t=    574.1311][DISPATCH              ] wf=2 task=276 vm=33
[t=    574.1498][TASK-COMPLETE         ] task=222 wf=2 vm=14(reserved) actualCPU=1.6110s
[t=    574.1498][DISPATCH              ] wf=18 task=1883 vm=14
[t=    574.2308][TASK-COMPLETE         ] task=998 wf=10 vm=171(on-demand) actualCPU=51.3047s cost=$0.046431
[t=    574.2308][DISPATCH              ] wf=10 task=999 vm=171
[t=    574.2831][TASK-COMPLETE         ] task=258 wf=2 vm=303(on-demand) actualCPU=39.1250s cost=$0.035408
[t=    574.2831][DISPATCH              ] wf=2 task=259 vm=303
[t=    574.3168][TASK-COMPLETE         ] task=1079 wf=10 vm=160(on-demand) actualCPU=73.5990s cost=$0.066607
[t=    574.3168][DISPATCH              ] wf=10 task=1080 vm=160
[t=    574.3291][TASK-COMPLETE         ] task=236 wf=2 vm=310(on-demand) actualCPU=36.8090s cost=$0.033312
[t=    574.3291][DISPATCH              ] wf=2 task=237 vm=310
[t=    574.3511][TASK-COMPLETE         ] task=273 wf=2 vm=312(on-demand) actualCPU=34.2493s cost=$0.030996
[t=    574.3511][DISPATCH              ] wf=2 task=274 vm=312
[t=    574.3931][TASK-COMPLETE         ] task=1081 wf=10 vm=162(on-demand) actualCPU=63.7963s cost=$0.057736
[t=    574.3931][TASK-COMPLETE         ] task=1055 wf=10 vm=174(on-demand) actualCPU=47.3980s cost=$0.042895
[t=    574.3931][DISPATCH              ] wf=10 task=1056 vm=162
[t=    574.3931][DISPATCH              ] wf=10 task=1082 vm=174
[t=    574.4611][TASK-COMPLETE         ] task=225 wf=2 vm=319(on-demand) actualCPU=32.7063s cost=$0.029599
[t=    574.4611][DISPATCH              ] wf=2 task=226 vm=319
[t=    574.7548][TASK-COMPLETE         ] task=1083 wf=10 vm=172(on-demand) actualCPU=50.2097s cost=$0.045440
[t=    574.7548][DISPATCH              ] wf=10 task=1084 vm=172
[t=    574.8408][TASK-COMPLETE         ] task=289 wf=2 vm=31(reserved) actualCPU=1.2700s
[t=    574.8408][DISPATCH              ] wf=2 task=261 vm=31
[t=    574.8761][TASK-COMPLETE         ] task=280 wf=2 vm=165(on-demand) actualCPU=1.2880s cost=$0.001166
[t=    574.8761][TASK-COMPLETE         ] task=219 wf=2 vm=467(on-demand) actualCPU=0.9553s cost=$0.000865
[t=    574.8948][TASK-COMPLETE         ] task=235 wf=2 vm=46(reserved) actualCPU=1.2660s
[t=    574.8948][DISPATCH              ] wf=2 task=272 vm=46
[t=    574.9088][TASK-COMPLETE         ] task=1088 wf=10 vm=161(on-demand) actualCPU=1.0080s cost=$0.000912
[t=    574.9088][TASK-COMPLETE         ] task=999 wf=10 vm=171(on-demand) actualCPU=0.6780s cost=$0.000614
[t=    574.9251][TASK-COMPLETE         ] task=270 wf=2 vm=30(reserved) actualCPU=1.2270s
[t=    574.9251][TASK-COMPLETE         ] task=1052 wf=10 vm=313(on-demand) actualCPU=1.3370s cost=$0.001210
[t=    574.9251][DISPATCH              ] wf=2 task=202 vm=30
[t=    574.9461][TASK-COMPLETE         ] task=224 wf=2 vm=25(reserved) actualCPU=1.2480s
[t=    574.9461][TASK-COMPLETE         ] task=1086 wf=10 vm=169(on-demand) actualCPU=1.0600s cost=$0.000959
[t=    574.9461][TASK-COMPLETE         ] task=254 wf=2 vm=308(on-demand) actualCPU=1.1450s cost=$0.001036
[t=    574.9461][DISPATCH              ] wf=2 task=239 vm=25
[t=    574.9748][TASK-COMPLETE         ] task=237 wf=2 vm=310(on-demand) actualCPU=0.6457s cost=$0.000584
[t=    574.9861][TASK-COMPLETE         ] task=251 wf=2 vm=302(on-demand) actualCPU=39.8280s cost=$0.036044
[t=    574.9861][DISPATCH              ] wf=2 task=252 vm=161
[t=    575.0048][TASK-COMPLETE         ] task=1082 wf=10 vm=174(on-demand) actualCPU=0.6117s cost=$0.000554
[t=    575.0188][TASK-COMPLETE         ] task=1067 wf=10 vm=168(on-demand) actualCPU=1.1767s cost=$0.001065
[t=    575.0558][TASK-COMPLETE         ] task=263 wf=2 vm=18(reserved) actualCPU=1.5370s
[t=    575.0558][TASK-COMPLETE         ] task=215 wf=2 vm=321(on-demand) actualCPU=1.7290s cost=$0.001565
[t=    575.0558][DISPATCH              ] wf=2 task=250 vm=18
[t=    575.0848][TASK-COMPLETE         ] task=213 wf=2 vm=7(reserved) actualCPU=1.8340s
[t=    575.0848][DISPATCH              ] wf=2 task=287 vm=7
[t=    575.1131][TASK-COMPLETE         ] task=230 wf=2 vm=307(on-demand) actualCPU=1.5030s cost=$0.001360
[t=    575.1808][TASK-COMPLETE         ] task=1078 wf=10 vm=173(on-demand) actualCPU=1.2440s cost=$0.001126
[t=    575.1948][TASK-COMPLETE         ] task=1069 wf=10 vm=163(on-demand) actualCPU=1.1280s cost=$0.001021
[t=    575.2388][TASK-COMPLETE         ] task=1076 wf=10 vm=164(on-demand) actualCPU=1.3020s cost=$0.001178
[t=    575.2731][TASK-COMPLETE         ] task=274 wf=2 vm=312(on-demand) actualCPU=0.9220s cost=$0.000834
[t=    575.3161][TASK-COMPLETE         ] task=276 wf=2 vm=33(reserved) actualCPU=1.1850s
[t=    575.3161][DISPATCH              ] wf=2 task=267 vm=33
[t=    575.3651][TASK-COMPLETE         ] task=1080 wf=10 vm=160(on-demand) actualCPU=1.0483s cost=$0.000949
[t=    575.4118][TASK-COMPLETE         ] task=1084 wf=10 vm=172(on-demand) actualCPU=0.6570s cost=$0.000595
[t=    575.4751][TASK-COMPLETE         ] task=1056 wf=10 vm=162(on-demand) actualCPU=1.0820s cost=$0.000979
[t=    575.5108][TASK-COMPLETE         ] task=1053 wf=10 vm=166(on-demand) actualCPU=52.5847s cost=$0.047589
[t=    575.5108][DISPATCH              ] wf=10 task=1054 vm=160
[t=    575.6031][TASK-COMPLETE         ] task=996 wf=10 vm=167(on-demand) actualCPU=52.6770s cost=$0.047673
[t=    575.6031][DISPATCH              ] wf=10 task=997 vm=162
[t=    575.6318][TASK-COMPLETE         ] task=226 wf=2 vm=319(on-demand) actualCPU=1.1707s cost=$0.001059
[t=    575.6461][TASK-COMPLETE         ] task=296 wf=2 vm=301(on-demand) actualCPU=40.4880s cost=$0.036642
[t=    575.6461][DISPATCH              ] wf=2 task=297 vm=163
[t=    575.6461][DISPATCH              ] wf=2 task=199 vm=164
[t=    575.7571][TASK-COMPLETE         ] task=259 wf=2 vm=303(on-demand) actualCPU=1.4740s cost=$0.001334
[t=    576.0041][TASK-COMPLETE         ] task=261 wf=2 vm=31(reserved) actualCPU=1.1633s
[t=    576.0041][DISPATCH              ] wf=2 task=278 vm=31
[t=    576.0041][DISPATCH              ] wf=12 task=1229 vm=165
[t=    576.0388][TASK-COMPLETE         ] task=272 wf=2 vm=46(reserved) actualCPU=1.1440s
[t=    576.0388][DISPATCH              ] wf=2 task=257 vm=46
[t=    576.0571][TASK-COMPLETE         ] task=239 wf=2 vm=25(reserved) actualCPU=1.1110s
[t=    576.0571][DISPATCH              ] wf=2 task=285 vm=25
[t=    576.1141][TASK-COMPLETE         ] task=202 wf=2 vm=30(reserved) actualCPU=1.1890s
[t=    576.1141][DISPATCH              ] wf=2 task=295 vm=30
[t=    576.1328][TASK-COMPLETE         ] task=250 wf=2 vm=18(reserved) actualCPU=1.0770s
[t=    576.1328][DISPATCH              ] wf=2 task=265 vm=18
[t=    576.1478][TASK-COMPLETE         ] task=287 wf=2 vm=7(reserved) actualCPU=1.0630s
[t=    576.1478][DISPATCH              ] wf=2 task=246 vm=7
[t=    576.2578][TASK-COMPLETE         ] task=252 wf=2 vm=161(on-demand) actualCPU=1.2717s cost=$0.001151
[t=    576.3271][TASK-COMPLETE         ] task=997 wf=10 vm=162(on-demand) actualCPU=0.7240s cost=$0.000655
[t=    576.3481][TASK-COMPLETE         ] task=199 wf=2 vm=164(on-demand) actualCPU=0.7020s cost=$0.000635
[t=    576.3601][TASK-COMPLETE         ] task=267 wf=2 vm=33(reserved) actualCPU=1.0440s
[t=    576.3601][DISPATCH              ] wf=2 task=208 vm=33
[t=    576.5151][TASK-COMPLETE         ] task=297 wf=2 vm=163(on-demand) actualCPU=0.8690s cost=$0.000786
[t=    576.8611][TASK-COMPLETE         ] task=1054 wf=10 vm=160(on-demand) actualCPU=1.3503s cost=$0.001222
[t=    577.0261][TASK-COMPLETE         ] task=278 wf=2 vm=31(reserved) actualCPU=1.0220s
[t=    577.0261][DISPATCH              ] wf=2 task=282 vm=31
[t=    577.0498][TASK-COMPLETE         ] task=246 wf=2 vm=7(reserved) actualCPU=0.9020s
[t=    577.0498][TASK-COMPLETE         ] task=257 wf=2 vm=46(reserved) actualCPU=1.0110s
[t=    577.0498][DISPATCH              ] wf=2 task=248 vm=7
[t=    577.0498][DISPATCH              ] wf=2 task=293 vm=46
[t=    577.0631][TASK-COMPLETE         ] task=265 wf=2 vm=18(reserved) actualCPU=0.9303s
[t=    577.0631][TASK-COMPLETE         ] task=285 wf=2 vm=25(reserved) actualCPU=1.0060s
[t=    577.0631][DISPATCH              ] wf=2 task=211 vm=18
[t=    577.0631][DISPATCH              ] wf=2 task=244 vm=25
[t=    577.0841][TASK-COMPLETE         ] task=295 wf=2 vm=30(reserved) actualCPU=0.9700s
[t=    577.0841][DISPATCH              ] wf=2 task=206 vm=30
[t=    577.2021][TASK-COMPLETE         ] task=208 wf=2 vm=33(reserved) actualCPU=0.8420s
[t=    577.2021][DISPATCH              ] wf=2 task=291 vm=33
[t=    577.6488][TASK-COMPLETE         ] task=206 wf=2 vm=30(reserved) actualCPU=0.5647s
[t=    577.6488][DISPATCH              ] wf=2 task=204 vm=30
[t=    577.6488][DISPATCH              ] wf=12 task=1247 vm=160
[t=    577.6611][TASK-COMPLETE         ] task=244 wf=2 vm=25(reserved) actualCPU=0.5980s
[t=    577.6611][DISPATCH              ] wf=3 task=389 vm=25
[t=    577.7511][TASK-COMPLETE         ] task=291 wf=2 vm=33(reserved) actualCPU=0.5490s
[t=    577.7511][DISPATCH              ] wf=3 task=387 vm=33
[t=    577.7891][TASK-COMPLETE         ] task=211 wf=2 vm=18(reserved) actualCPU=0.7260s
[t=    577.7891][DISPATCH              ] wf=3 task=350 vm=18
[t=    577.8358][TASK-COMPLETE         ] task=293 wf=2 vm=46(reserved) actualCPU=0.7860s
[t=    577.8358][DISPATCH              ] wf=3 task=382 vm=46
[t=    577.8558][TASK-COMPLETE         ] task=248 wf=2 vm=7(reserved) actualCPU=0.8060s
[t=    577.8558][TASK-COMPLETE         ] task=282 wf=2 vm=31(reserved) actualCPU=0.8297s
[t=    577.8558][DISPATCH              ] wf=10 task=1040 vm=7
[t=    577.8558][DISPATCH              ] wf=10 task=1072 vm=31
[t=    578.1761][TASK-COMPLETE         ] task=204 wf=2 vm=30(reserved) actualCPU=0.5273s
[t=    578.1761][DISPATCH              ] wf=10 task=994 vm=30
[t=    578.1761][DISPATCH              ] wf=2 task=198 vm=161
[t=    578.5431][TASK-COMPLETE         ] task=198 wf=2 vm=161(on-demand) actualCPU=0.3670s cost=$0.000332
[t=    578.5431][WF-COMPLETE           ] wf=2 completionTime=578.5431 deadline=575.1210 -> MISSED
[t=    578.7481][TASK-COMPLETE         ] task=382 wf=3 vm=46(reserved) actualCPU=0.9123s
[t=    578.7481][DISPATCH              ] wf=10 task=1062 vm=46
[t=    578.7481][DISPATCH              ] wf=12 task=1234 vm=161
[t=    578.7481][DISPATCH              ] wf=12 task=1257 vm=162
[t=    578.7861][TASK-COMPLETE         ] task=350 wf=3 vm=18(reserved) actualCPU=0.9970s
[t=    578.7861][DISPATCH              ] wf=10 task=992 vm=18
[t=    578.8051][TASK-COMPLETE         ] task=387 wf=3 vm=33(reserved) actualCPU=1.0540s
[t=    578.8051][DISPATCH              ] wf=10 task=1042 vm=33
[t=    578.8581][TASK-COMPLETE         ] task=389 wf=3 vm=25(reserved) actualCPU=1.1970s
[t=    578.8581][DISPATCH              ] wf=12 task=1277 vm=25
[t=    581.1271][TASK-COMPLETE         ] task=536 wf=5 vm=10(reserved) actualCPU=471.1040s
[t=    581.1271][DISPATCH              ] wf=10 task=1064 vm=10
[t=    584.3691][TASK-COMPLETE         ] task=1883 wf=18 vm=14(reserved) actualCPU=10.2193s
[t=    584.3691][DISPATCH              ] wf=10 task=1049 vm=14
[t=    584.3691][DISPATCH              ] wf=18 task=1884 vm=163
[t=    590.2691][TASK-COMPLETE         ] task=340 wf=3 vm=34(reserved) actualCPU=36.5980s
[t=    590.2691][DISPATCH              ] wf=10 task=1027 vm=34
[t=    590.2691][DISPATCH              ] wf=3 task=341 vm=164
[t=    590.3321][TASK-COMPLETE         ] task=379 wf=3 vm=13(reserved) actualCPU=36.1470s
[t=    590.3321][DISPATCH              ] wf=10 task=1025 vm=13
[t=    590.3321][DISPATCH              ] wf=3 task=380 vm=166
[t=    590.5301][TASK-COMPLETE         ] task=1884 wf=18 vm=163(on-demand) actualCPU=6.1610s cost=$0.005576
[t=    590.5301][DISPATCH              ] wf=18 task=1885 vm=163
[t=    590.5411][TASK-COMPLETE         ] task=351 wf=3 vm=40(reserved) actualCPU=37.0440s
[t=    590.5411][DISPATCH              ] wf=12 task=1272 vm=40
[t=    590.5411][DISPATCH              ] wf=3 task=352 vm=167
[t=    591.1541][TASK-COMPLETE         ] task=323 wf=3 vm=36(reserved) actualCPU=38.5900s
[t=    591.1541][DISPATCH              ] wf=10 task=1070 vm=36
[t=    591.1541][DISPATCH              ] wf=3 task=324 vm=168
[t=    591.3541][TASK-COMPLETE         ] task=1885 wf=18 vm=163(on-demand) actualCPU=0.8240s cost=$0.000746
[t=    591.3541][WF-COMPLETE           ] wf=18 completionTime=591.3541 deadline=487.3135 -> MISSED
[t=    591.4341][TASK-COMPLETE         ] task=380 wf=3 vm=166(on-demand) actualCPU=1.1020s cost=$0.000997
[t=    591.4931][TASK-COMPLETE         ] task=318 wf=3 vm=16(reserved) actualCPU=39.7690s
[t=    591.4931][DISPATCH              ] wf=10 task=1044 vm=16
[t=    591.4931][DISPATCH              ] wf=3 task=319 vm=163
[t=    591.5631][TASK-COMPLETE         ] task=336 wf=3 vm=12(reserved) actualCPU=40.0930s
[t=    591.5631][DISPATCH              ] wf=12 task=1275 vm=12
[t=    591.5631][DISPATCH              ] wf=3 task=337 vm=166
[t=    591.6231][TASK-COMPLETE         ] task=341 wf=3 vm=164(on-demand) actualCPU=1.3540s cost=$0.001225
[t=    591.6541][TASK-COMPLETE         ] task=352 wf=3 vm=167(on-demand) actualCPU=1.1130s cost=$0.001007
[t=    591.9661][TASK-COMPLETE         ] task=347 wf=3 vm=43(reserved) actualCPU=36.1040s
[t=    591.9661][DISPATCH              ] wf=12 task=1194 vm=43
[t=    591.9661][DISPATCH              ] wf=3 task=348 vm=164
[t=    592.0351][TASK-COMPLETE         ] task=358 wf=3 vm=15(reserved) actualCPU=34.6940s
[t=    592.0351][DISPATCH              ] wf=10 task=1031 vm=15
[t=    592.0351][DISPATCH              ] wf=3 task=359 vm=167
[t=    592.1431][TASK-COMPLETE         ] task=329 wf=3 vm=27(reserved) actualCPU=44.2570s
[t=    592.1431][DISPATCH              ] wf=10 task=1023 vm=27
[t=    592.1431][DISPATCH              ] wf=3 task=330 vm=169
[t=    592.2361][TASK-COMPLETE         ] task=337 wf=3 vm=166(on-demand) actualCPU=0.6730s cost=$0.000609
[t=    592.3801][TASK-COMPLETE         ] task=319 wf=3 vm=163(on-demand) actualCPU=0.8870s cost=$0.000803
[t=    592.5671][TASK-COMPLETE         ] task=348 wf=3 vm=164(on-demand) actualCPU=0.6010s cost=$0.000544
[t=    592.5921][TASK-COMPLETE         ] task=305 wf=3 vm=29(reserved) actualCPU=44.5100s
[t=    592.5921][DISPATCH              ] wf=12 task=1253 vm=29
[t=    592.5921][DISPATCH              ] wf=3 task=306 vm=163
[t=    592.6631][TASK-COMPLETE         ] task=324 wf=3 vm=168(on-demand) actualCPU=1.5090s cost=$0.001366
[t=    592.8491][TASK-COMPLETE         ] task=321 wf=3 vm=8(reserved) actualCPU=47.0143s
[t=    592.8491][DISPATCH              ] wf=10 task=1060 vm=8
[t=    592.8491][DISPATCH              ] wf=3 task=322 vm=164
[t=    592.9381][TASK-COMPLETE         ] task=364 wf=3 vm=32(reserved) actualCPU=43.3080s
[t=    592.9381][DISPATCH              ] wf=10 task=1038 vm=32
[t=    592.9381][DISPATCH              ] wf=3 task=365 vm=166
[t=    593.2131][TASK-COMPLETE         ] task=306 wf=3 vm=163(on-demand) actualCPU=0.6210s cost=$0.000562
[t=    593.2901][TASK-COMPLETE         ] task=366 wf=3 vm=41(reserved) actualCPU=24.6690s
[t=    593.2901][DISPATCH              ] wf=12 task=1285 vm=41
[t=    593.2901][DISPATCH              ] wf=3 task=367 vm=163
[t=    593.3691][TASK-COMPLETE         ] task=359 wf=3 vm=167(on-demand) actualCPU=1.3340s cost=$0.001207
[t=    593.4961][TASK-COMPLETE         ] task=362 wf=3 vm=9(reserved) actualCPU=47.2613s
[t=    593.4961][DISPATCH              ] wf=12 task=1240 vm=9
[t=    593.4961][DISPATCH              ] wf=3 task=363 vm=167
[t=    593.5891][TASK-COMPLETE         ] task=316 wf=3 vm=17(reserved) actualCPU=42.2910s
[t=    593.5891][DISPATCH              ] wf=12 task=1266 vm=17
[t=    593.5891][DISPATCH              ] wf=3 task=317 vm=168
[t=    593.6061][TASK-COMPLETE         ] task=330 wf=3 vm=169(on-demand) actualCPU=1.4630s cost=$0.001324
[t=    593.7611][TASK-COMPLETE         ] task=369 wf=3 vm=39(reserved) actualCPU=26.8330s
[t=    593.7611][DISPATCH              ] wf=12 task=1198 vm=39
[t=    593.7611][DISPATCH              ] wf=3 task=370 vm=169
[t=    593.8208][TASK-COMPLETE         ] task=384 wf=3 vm=315(on-demand) actualCPU=53.4420s cost=$0.048365
[t=    593.8208][DISPATCH              ] wf=3 task=385 vm=171
[t=    593.9738][TASK-COMPLETE         ] task=365 wf=3 vm=166(on-demand) actualCPU=1.0357s cost=$0.000937
[t=    594.0181][TASK-COMPLETE         ] task=375 wf=3 vm=327(on-demand) actualCPU=47.3750s cost=$0.042874
[t=    594.0181][DISPATCH              ] wf=3 task=376 vm=166
[t=    594.1081][TASK-COMPLETE         ] task=360 wf=3 vm=305(on-demand) actualCPU=58.3530s cost=$0.052809
[t=    594.1081][DISPATCH              ] wf=3 task=361 vm=172
[t=    594.1281][TASK-COMPLETE         ] task=371 wf=3 vm=320(on-demand) actualCPU=50.5403s cost=$0.045739
[t=    594.1281][DISPATCH              ] wf=3 task=372 vm=173
[t=    594.2181][TASK-COMPLETE         ] task=301 wf=3 vm=304(on-demand) actualCPU=59.0600s cost=$0.053449
[t=    594.2181][DISPATCH              ] wf=3 task=302 vm=174
[t=    594.2301][TASK-COMPLETE         ] task=356 wf=3 vm=28(reserved) actualCPU=27.1610s
[t=    594.2301][DISPATCH              ] wf=12 task=1192 vm=28
[t=    594.2301][DISPATCH              ] wf=3 task=357 vm=301
[t=    594.2978][TASK-COMPLETE         ] task=338 wf=3 vm=37(reserved) actualCPU=21.9680s
[t=    594.2978][TASK-COMPLETE         ] task=345 wf=3 vm=461(on-demand) actualCPU=25.8590s cost=$0.023402
[t=    594.2978][DISPATCH              ] wf=12 task=1287 vm=37
[t=    594.2978][DISPATCH              ] wf=3 task=339 vm=302
[t=    594.2978][DISPATCH              ] wf=3 task=346 vm=303
[t=    594.3281][TASK-COMPLETE         ] task=367 wf=3 vm=163(on-demand) actualCPU=1.0380s cost=$0.000939
[t=    594.3591][TASK-COMPLETE         ] task=394 wf=3 vm=299(on-demand) actualCPU=61.9060s cost=$0.056025
[t=    594.3591][DISPATCH              ] wf=3 task=395 vm=163
[t=    594.4181][TASK-COMPLETE         ] task=327 wf=3 vm=300(on-demand) actualCPU=61.9650s cost=$0.056078
[t=    594.4181][DISPATCH              ] wf=3 task=328 vm=299
[t=    594.4381][TASK-COMPLETE         ] task=353 wf=3 vm=414(on-demand) actualCPU=30.7060s cost=$0.027789
[t=    594.4381][DISPATCH              ] wf=3 task=354 vm=300
[t=    594.4501][TASK-COMPLETE         ] task=307 wf=3 vm=314(on-demand) actualCPU=54.0713s cost=$0.048935
[t=    594.4501][DISPATCH              ] wf=3 task=308 vm=304
[t=    594.5281][TASK-COMPLETE         ] task=322 wf=3 vm=164(on-demand) actualCPU=1.6790s cost=$0.001519
[t=    594.5601][TASK-COMPLETE         ] task=396 wf=3 vm=311(on-demand) actualCPU=56.6750s cost=$0.051291
[t=    594.5601][DISPATCH              ] wf=3 task=397 vm=164
[t=    594.6761][TASK-COMPLETE         ] task=390 wf=3 vm=309(on-demand) actualCPU=57.5210s cost=$0.052057
[t=    594.6761][DISPATCH              ] wf=3 task=391 vm=305
[t=    594.8251][TASK-COMPLETE         ] task=303 wf=3 vm=306(on-demand) actualCPU=58.1790s cost=$0.052652
[t=    594.8251][DISPATCH              ] wf=3 task=304 vm=306
[t=    594.8781][TASK-COMPLETE         ] task=363 wf=3 vm=167(on-demand) actualCPU=1.3820s cost=$0.001251
[t=    595.0231][TASK-COMPLETE         ] task=317 wf=3 vm=168(on-demand) actualCPU=1.4340s cost=$0.001298
[t=    595.0911][TASK-COMPLETE         ] task=357 wf=3 vm=301(on-demand) actualCPU=0.8610s cost=$0.000779
[t=    595.1441][TASK-COMPLETE         ] task=370 wf=3 vm=169(on-demand) actualCPU=1.3830s cost=$0.001252
[t=    595.1771][TASK-COMPLETE         ] task=372 wf=3 vm=173(on-demand) actualCPU=1.0490s cost=$0.000949
[t=    595.2128][TASK-COMPLETE         ] task=385 wf=3 vm=171(on-demand) actualCPU=1.3920s cost=$0.001260
[t=    595.2311][TASK-COMPLETE         ] task=376 wf=3 vm=166(on-demand) actualCPU=1.2130s cost=$0.001098
[t=    595.2311][TASK-COMPLETE         ] task=328 wf=3 vm=299(on-demand) actualCPU=0.8130s cost=$0.000736
[t=    595.2311][TASK-COMPLETE         ] task=346 wf=3 vm=303(on-demand) actualCPU=0.9333s cost=$0.000845
[t=    595.2431][TASK-COMPLETE         ] task=377 wf=3 vm=317(on-demand) actualCPU=53.4883s cost=$0.048407
[t=    595.2431][DISPATCH              ] wf=3 task=378 vm=166
[t=    595.2651][TASK-COMPLETE         ] task=308 wf=3 vm=304(on-demand) actualCPU=0.8150s cost=$0.000738
[t=    595.3228][TASK-COMPLETE         ] task=395 wf=3 vm=163(on-demand) actualCPU=0.9637s cost=$0.000872
[t=    595.3228][TASK-COMPLETE         ] task=391 wf=3 vm=305(on-demand) actualCPU=0.6467s cost=$0.000585
[t=    595.3411][TASK-COMPLETE         ] task=339 wf=3 vm=302(on-demand) actualCPU=1.0433s cost=$0.000944
[t=    595.4511][TASK-COMPLETE         ] task=302 wf=3 vm=174(on-demand) actualCPU=1.2330s cost=$0.001116
[t=    595.4511][TASK-COMPLETE         ] task=354 wf=3 vm=300(on-demand) actualCPU=1.0130s cost=$0.000917
[t=    595.4741][TASK-COMPLETE         ] task=361 wf=3 vm=172(on-demand) actualCPU=1.3660s cost=$0.001236
[t=    595.5181][TASK-COMPLETE         ] task=397 wf=3 vm=164(on-demand) actualCPU=0.9580s cost=$0.000867
[t=    595.5428][TASK-COMPLETE         ] task=304 wf=3 vm=306(on-demand) actualCPU=0.7177s cost=$0.000650
[t=    595.5611][TASK-COMPLETE         ] task=343 wf=3 vm=463(on-demand) actualCPU=23.9483s cost=$0.021673
[t=    595.5611][DISPATCH              ] wf=3 task=344 vm=163
[t=    595.5611][DISPATCH              ] wf=3 task=299 vm=164
[t=    596.1298][TASK-COMPLETE         ] task=378 wf=3 vm=166(on-demand) actualCPU=0.8867s cost=$0.000802
[t=    596.2978][TASK-COMPLETE         ] task=344 wf=3 vm=163(on-demand) actualCPU=0.7367s cost=$0.000667
[t=    596.2978][DISPATCH              ] wf=3 task=298 vm=163
[t=    596.3511][TASK-COMPLETE         ] task=299 wf=3 vm=164(on-demand) actualCPU=0.7900s cost=$0.000715
[t=    596.5871][TASK-COMPLETE         ] task=298 wf=3 vm=163(on-demand) actualCPU=0.2893s cost=$0.000262
[t=    596.5871][WF-COMPLETE           ] wf=3 completionTime=596.5871 deadline=595.3351 -> MISSED
[t=    601.7451][TASK-COMPLETE         ] task=1229 wf=12 vm=165(on-demand) actualCPU=25.7410s cost=$0.023296
[t=    601.7451][DISPATCH              ] wf=12 task=1230 vm=163
[t=    601.7901][TASK-COMPLETE         ] task=1257 wf=12 vm=162(on-demand) actualCPU=23.0420s cost=$0.020853
[t=    601.7901][DISPATCH              ] wf=12 task=1258 vm=162
[t=    601.9731][TASK-COMPLETE         ] task=1223 wf=12 vm=170(on-demand) actualCPU=42.5580s cost=$0.038515
[t=    601.9731][DISPATCH              ] wf=12 task=1224 vm=164
[t=    602.1031][TASK-COMPLETE         ] task=1279 wf=12 vm=159(on-demand) actualCPU=68.3330s cost=$0.061841
[t=    602.1031][DISPATCH              ] wf=12 task=1280 vm=159
[t=    602.1638][TASK-COMPLETE         ] task=1247 wf=12 vm=160(on-demand) actualCPU=24.5150s cost=$0.022186
[t=    602.1638][DISPATCH              ] wf=12 task=1248 vm=160
[t=    602.2091][TASK-COMPLETE         ] task=1234 wf=12 vm=161(on-demand) actualCPU=23.4610s cost=$0.021232
[t=    602.2091][DISPATCH              ] wf=12 task=1235 vm=161
[t=    602.7668][TASK-COMPLETE         ] task=1224 wf=12 vm=164(on-demand) actualCPU=0.7937s cost=$0.000718
[t=    602.7991][TASK-COMPLETE         ] task=1258 wf=12 vm=162(on-demand) actualCPU=1.0090s cost=$0.000913
[t=    602.9011][TASK-COMPLETE         ] task=1235 wf=12 vm=161(on-demand) actualCPU=0.6920s cost=$0.000626
[t=    602.9011][TASK-COMPLETE         ] task=1230 wf=12 vm=163(on-demand) actualCPU=1.1560s cost=$0.001046
[t=    603.0411][TASK-COMPLETE         ] task=1248 wf=12 vm=160(on-demand) actualCPU=0.8773s cost=$0.000794
[t=    603.4258][TASK-COMPLETE         ] task=1280 wf=12 vm=159(on-demand) actualCPU=1.3227s cost=$0.001197
[t=    616.3468][TASK-COMPLETE         ] task=540 wf=5 vm=26(reserved) actualCPU=510.1127s
[t=    616.3468][DISPATCH              ] wf=12 task=1281 vm=26
[t=    617.5438][TASK-COMPLETE         ] task=1011 wf=10 vm=35(reserved) actualCPU=117.6640s
[t=    617.5438][DISPATCH              ] wf=12 task=1255 vm=35
[t=    617.5438][DISPATCH              ] wf=10 task=1018 vm=159
[t=    617.5438][DISPATCH              ] wf=10 task=1014 vm=160
[t=    617.5438][DISPATCH              ] wf=10 task=1012 vm=161
[t=    617.5438][DISPATCH              ] wf=10 task=1020 vm=162
[t=    617.5438][DISPATCH              ] wf=10 task=1016 vm=163
[t=    622.6168][TASK-COMPLETE         ] task=1042 wf=10 vm=33(reserved) actualCPU=43.8117s
[t=    622.6168][DISPATCH              ] wf=12 task=1283 vm=33
[t=    622.6168][DISPATCH              ] wf=19 task=1930 vm=164
[t=    622.6168][DISPATCH              ] wf=10 task=1043 vm=165
[t=    623.6848][TASK-COMPLETE         ] task=1060 wf=10 vm=8(reserved) actualCPU=30.8357s
[t=    623.6848][DISPATCH              ] wf=10 task=1029 vm=8
[t=    623.6848][DISPATCH              ] wf=10 task=1061 vm=166
[t=    623.9728][TASK-COMPLETE         ] task=1043 wf=10 vm=165(on-demand) actualCPU=1.3560s cost=$0.001227
[t=    624.0988][TASK-COMPLETE         ] task=1038 wf=10 vm=32(reserved) actualCPU=31.1607s
[t=    624.0988][DISPATCH              ] wf=10 task=1057 vm=32
[t=    624.0988][DISPATCH              ] wf=10 task=1039 vm=165
[t=    624.8168][TASK-COMPLETE         ] task=1039 wf=10 vm=165(on-demand) actualCPU=0.7180s cost=$0.000650
[t=    624.8898][TASK-COMPLETE         ] task=1061 wf=10 vm=166(on-demand) actualCPU=1.2050s cost=$0.001091
[t=    624.9161][TASK-COMPLETE         ] task=1064 wf=10 vm=10(reserved) actualCPU=43.7890s
[t=    624.9161][DISPATCH              ] wf=10 task=1036 vm=10
[t=    624.9161][DISPATCH              ] wf=10 task=1065 vm=165
[t=    625.7048][TASK-COMPLETE         ] task=1065 wf=10 vm=165(on-demand) actualCPU=0.7887s cost=$0.000714
[t=    625.7811][TASK-COMPLETE         ] task=1049 wf=10 vm=14(reserved) actualCPU=41.4120s
[t=    625.7811][DISPATCH              ] wf=12 task=1268 vm=14
[t=    625.7811][DISPATCH              ] wf=10 task=1050 vm=165
[t=    626.0028][TASK-COMPLETE         ] task=992 wf=10 vm=18(reserved) actualCPU=47.2167s
[t=    626.0028][DISPATCH              ] wf=10 task=1047 vm=18
[t=    626.0028][DISPATCH              ] wf=10 task=993 vm=166
[t=    626.1318][TASK-COMPLETE         ] task=1062 wf=10 vm=46(reserved) actualCPU=47.3837s
[t=    626.1318][DISPATCH              ] wf=10 task=1034 vm=46
[t=    626.1318][DISPATCH              ] wf=10 task=1063 vm=167
[t=    626.9348][TASK-COMPLETE         ] task=993 wf=10 vm=166(on-demand) actualCPU=0.9320s cost=$0.000843
[t=    627.0498][TASK-COMPLETE         ] task=1063 wf=10 vm=167(on-demand) actualCPU=0.9180s cost=$0.000831
[t=    627.1391][TASK-COMPLETE         ] task=1050 wf=10 vm=165(on-demand) actualCPU=1.3580s cost=$0.001229
[t=    627.7298][TASK-COMPLETE         ] task=1023 wf=10 vm=27(reserved) actualCPU=35.5867s
[t=    627.7298][DISPATCH              ] wf=12 task=1251 vm=27
[t=    627.7298][DISPATCH              ] wf=10 task=1024 vm=165
[t=    627.9948][TASK-COMPLETE         ] task=1031 wf=10 vm=15(reserved) actualCPU=35.9597s
[t=    627.9948][DISPATCH              ] wf=12 task=1262 vm=15
[t=    627.9948][DISPATCH              ] wf=10 task=1032 vm=166
[t=    628.3328][TASK-COMPLETE         ] task=1044 wf=10 vm=16(reserved) actualCPU=36.8397s
[t=    628.3328][DISPATCH              ] wf=12 task=1264 vm=16
[t=    628.3328][DISPATCH              ] wf=10 task=1045 vm=167
[t=    628.3911][TASK-COMPLETE         ] task=1070 wf=10 vm=36(reserved) actualCPU=37.2370s
[t=    628.3911][DISPATCH              ] wf=12 task=1249 vm=36
[t=    628.3911][DISPATCH              ] wf=10 task=1071 vm=168
[t=    628.8511][TASK-COMPLETE         ] task=1024 wf=10 vm=165(on-demand) actualCPU=1.1213s cost=$0.001015
[t=    629.0681][TASK-COMPLETE         ] task=1032 wf=10 vm=166(on-demand) actualCPU=1.0733s cost=$0.000971
[t=    629.6521][TASK-COMPLETE         ] task=1045 wf=10 vm=167(on-demand) actualCPU=1.3193s cost=$0.001194
[t=    629.6921][TASK-COMPLETE         ] task=1071 wf=10 vm=168(on-demand) actualCPU=1.3010s cost=$0.001177
[t=    629.7611][TASK-COMPLETE         ] task=1025 wf=10 vm=13(reserved) actualCPU=39.4290s
[t=    629.7611][DISPATCH              ] wf=12 task=1242 vm=13
[t=    629.7611][DISPATCH              ] wf=10 task=1026 vm=165
[t=    630.8481][TASK-COMPLETE         ] task=1026 wf=10 vm=165(on-demand) actualCPU=1.0870s cost=$0.000984
[t=    630.9131][TASK-COMPLETE         ] task=1027 wf=10 vm=34(reserved) actualCPU=40.6440s
[t=    630.9131][DISPATCH              ] wf=12 task=1227 vm=34
[t=    630.9131][DISPATCH              ] wf=10 task=1028 vm=165
[t=    631.5601][TASK-COMPLETE         ] task=1028 wf=10 vm=165(on-demand) actualCPU=0.6470s cost=$0.000586
[t=    632.9061][TASK-COMPLETE         ] task=518 wf=5 vm=47(reserved) actualCPU=526.3459s
[t=    632.9061][DISPATCH              ] wf=12 task=1196 vm=47
[t=    637.1711][TASK-COMPLETE         ] task=994 wf=10 vm=30(reserved) actualCPU=58.9950s
[t=    637.1711][DISPATCH              ] wf=12 task=1270 vm=30
[t=    637.1711][DISPATCH              ] wf=10 task=995 vm=165
[t=    637.7751][TASK-COMPLETE         ] task=995 wf=10 vm=165(on-demand) actualCPU=0.6040s cost=$0.000547
[t=    643.3671][TASK-COMPLETE         ] task=1072 wf=10 vm=31(reserved) actualCPU=65.5113s
[t=    643.3671][DISPATCH              ] wf=12 task=1244 vm=31
[t=    643.3671][DISPATCH              ] wf=10 task=1073 vm=165
[t=    643.8581][TASK-COMPLETE         ] task=1040 wf=10 vm=7(reserved) actualCPU=66.0023s
[t=    643.8581][DISPATCH              ] wf=12 task=1225 vm=7
[t=    643.8581][DISPATCH              ] wf=10 task=1041 vm=166
[t=    644.1421][TASK-COMPLETE         ] task=1073 wf=10 vm=165(on-demand) actualCPU=0.7750s cost=$0.000701
[t=    644.8431][TASK-COMPLETE         ] task=1041 wf=10 vm=166(on-demand) actualCPU=0.9850s cost=$0.000891
[t=    644.9331][TASK-COMPLETE         ] task=532 wf=5 vm=49(reserved) actualCPU=539.1780s
[t=    644.9331][DISPATCH              ] wf=12 task=1238 vm=49
[t=    647.2331][TASK-COMPLETE         ] task=1016 wf=10 vm=163(on-demand) actualCPU=29.6893s cost=$0.026869
[t=    647.2331][DISPATCH              ] wf=10 task=1017 vm=163
[t=    647.2998][TASK-COMPLETE         ] task=1047 wf=10 vm=18(reserved) actualCPU=21.2970s
[t=    647.2998][DISPATCH              ] wf=12 task=1231 vm=18
[t=    647.2998][DISPATCH              ] wf=10 task=1048 vm=165
[t=    647.4741][TASK-COMPLETE         ] task=1034 wf=10 vm=46(reserved) actualCPU=21.3423s
[t=    647.4741][DISPATCH              ] wf=12 task=1260 vm=46
[t=    647.4741][DISPATCH              ] wf=10 task=1035 vm=166
[t=    648.1401][TASK-COMPLETE         ] task=1035 wf=10 vm=166(on-demand) actualCPU=0.6660s cost=$0.000603
[t=    648.3501][TASK-COMPLETE         ] task=1048 wf=10 vm=165(on-demand) actualCPU=1.0503s cost=$0.000951
[t=    648.4311][TASK-COMPLETE         ] task=1017 wf=10 vm=163(on-demand) actualCPU=1.1980s cost=$0.001084
[t=    648.6401][TASK-COMPLETE         ] task=1057 wf=10 vm=32(reserved) actualCPU=24.5413s
[t=    648.6401][DISPATCH              ] wf=12 task=1236 vm=32
[t=    648.6401][DISPATCH              ] wf=10 task=1058 vm=163
[t=    648.8961][TASK-COMPLETE         ] task=1029 wf=10 vm=8(reserved) actualCPU=25.2113s
[t=    648.8961][DISPATCH              ] wf=19 task=1956 vm=8
[t=    648.8961][DISPATCH              ] wf=10 task=1030 vm=165
[t=    649.1021][TASK-COMPLETE         ] task=537 wf=5 vm=48(reserved) actualCPU=541.4900s
[t=    649.1021][DISPATCH              ] wf=19 task=1888 vm=48
[t=    649.2951][TASK-COMPLETE         ] task=1036 wf=10 vm=10(reserved) actualCPU=24.3790s
[t=    649.2951][DISPATCH              ] wf=19 task=1971 vm=10
[t=    649.2951][DISPATCH              ] wf=10 task=1037 vm=166
[t=    649.8661][TASK-COMPLETE         ] task=1058 wf=10 vm=163(on-demand) actualCPU=1.2260s cost=$0.001110
[t=    650.0141][TASK-COMPLETE         ] task=1030 wf=10 vm=165(on-demand) actualCPU=1.1180s cost=$0.001012
[t=    650.0491][TASK-COMPLETE         ] task=1277 wf=12 vm=25(reserved) actualCPU=71.1910s
[t=    650.0491][DISPATCH              ] wf=19 task=1943 vm=25
[t=    650.0491][DISPATCH              ] wf=12 task=1278 vm=163
[t=    650.1711][TASK-COMPLETE         ] task=1037 wf=10 vm=166(on-demand) actualCPU=0.8760s cost=$0.000793
[t=    650.3151][TASK-COMPLETE         ] task=1287 wf=12 vm=37(reserved) actualCPU=56.0173s
[t=    650.3151][DISPATCH              ] wf=19 task=1908 vm=37
[t=    650.3151][DISPATCH              ] wf=12 task=1288 vm=165
[t=    650.5171][TASK-COMPLETE         ] task=1266 wf=12 vm=17(reserved) actualCPU=56.9280s
[t=    650.5171][DISPATCH              ] wf=19 task=1897 vm=17
[t=    650.5171][DISPATCH              ] wf=12 task=1267 vm=166
[t=    650.8991][TASK-COMPLETE         ] task=1240 wf=12 vm=9(reserved) actualCPU=57.4030s
[t=    650.8991][DISPATCH              ] wf=19 task=1919 vm=9
[t=    650.8991][DISPATCH              ] wf=12 task=1241 vm=167
[t=    650.9711][TASK-COMPLETE         ] task=1192 wf=12 vm=28(reserved) actualCPU=56.7410s
[t=    650.9711][DISPATCH              ] wf=7 task=731 vm=28
[t=    650.9711][DISPATCH              ] wf=12 task=1193 vm=168
[t=    651.1101][TASK-COMPLETE         ] task=1198 wf=12 vm=39(reserved) actualCPU=57.3490s
[t=    651.1101][DISPATCH              ] wf=8 task=808 vm=39
[t=    651.1101][DISPATCH              ] wf=12 task=1199 vm=169
[t=    651.2831][TASK-COMPLETE         ] task=1278 wf=12 vm=163(on-demand) actualCPU=1.2340s cost=$0.001117
[t=    651.5921][TASK-COMPLETE         ] task=1288 wf=12 vm=165(on-demand) actualCPU=1.2770s cost=$0.001156
[t=    651.8221][TASK-COMPLETE         ] task=1285 wf=12 vm=41(reserved) actualCPU=58.5320s
[t=    651.8221][DISPATCH              ] wf=11 task=1105 vm=41
[t=    651.8221][DISPATCH              ] wf=12 task=1286 vm=163
[t=    651.8871][TASK-COMPLETE         ] task=1199 wf=12 vm=169(on-demand) actualCPU=0.7770s cost=$0.000703
[t=    651.9051][TASK-COMPLETE         ] task=1267 wf=12 vm=166(on-demand) actualCPU=1.3880s cost=$0.001256
[t=    652.2021][TASK-COMPLETE         ] task=1193 wf=12 vm=168(on-demand) actualCPU=1.2310s cost=$0.001114
[t=    652.3821][TASK-COMPLETE         ] task=1241 wf=12 vm=167(on-demand) actualCPU=1.4830s cost=$0.001342
[t=    652.4851][TASK-COMPLETE         ] task=1253 wf=12 vm=29(reserved) actualCPU=59.8930s
[t=    652.4851][DISPATCH              ] wf=7 task=705 vm=29
[t=    652.4851][DISPATCH              ] wf=12 task=1254 vm=165
[t=    652.6131][TASK-COMPLETE         ] task=1286 wf=12 vm=163(on-demand) actualCPU=0.7910s cost=$0.000716
[t=    653.7651][TASK-COMPLETE         ] task=1254 wf=12 vm=165(on-demand) actualCPU=1.2800s cost=$0.001158
[t=    655.4541][TASK-COMPLETE         ] task=1275 wf=12 vm=12(reserved) actualCPU=63.8910s
[t=    655.4541][DISPATCH              ] wf=11 task=1091 vm=12
[t=    655.4541][DISPATCH              ] wf=12 task=1276 vm=163
[t=    656.4901][TASK-COMPLETE         ] task=1194 wf=12 vm=43(reserved) actualCPU=64.5240s
[t=    656.4901][DISPATCH              ] wf=13 task=1291 vm=43
[t=    656.4901][DISPATCH              ] wf=12 task=1195 vm=165
[t=    656.6051][TASK-COMPLETE         ] task=1272 wf=12 vm=40(reserved) actualCPU=66.0640s
[t=    656.6051][DISPATCH              ] wf=8 task=811 vm=40
[t=    656.6051][DISPATCH              ] wf=12 task=1273 vm=166
[t=    656.8331][TASK-COMPLETE         ] task=1276 wf=12 vm=163(on-demand) actualCPU=1.3790s cost=$0.001248
[t=    657.0111][TASK-COMPLETE         ] task=1195 wf=12 vm=165(on-demand) actualCPU=0.5210s cost=$0.000472
[t=    657.5111][TASK-COMPLETE         ] task=1273 wf=12 vm=166(on-demand) actualCPU=0.9060s cost=$0.000820
[t=    658.5911][TASK-COMPLETE         ] task=1020 wf=10 vm=162(on-demand) actualCPU=41.0473s cost=$0.037148
[t=    658.5911][DISPATCH              ] wf=10 task=1021 vm=162
[t=    660.1431][TASK-COMPLETE         ] task=1021 wf=10 vm=162(on-demand) actualCPU=1.5520s cost=$0.001405
[t=    660.5731][TASK-COMPLETE         ] task=1000 wf=10 vm=318(on-demand) actualCPU=118.8183s cost=$0.107531
[t=    660.5731][DISPATCH              ] wf=10 task=1007 vm=162
[t=    660.5731][DISPATCH              ] wf=10 task=1009 vm=163
[t=    660.5731][DISPATCH              ] wf=10 task=1003 vm=165
[t=    660.5731][DISPATCH              ] wf=10 task=1005 vm=166
[t=    660.5731][DISPATCH              ] wf=10 task=1001 vm=167
[t=    664.7451][TASK-COMPLETE         ] task=1012 wf=10 vm=161(on-demand) actualCPU=47.2013s cost=$0.042717
[t=    664.7451][DISPATCH              ] wf=10 task=1013 vm=161
[t=    665.7901][TASK-COMPLETE         ] task=1014 wf=10 vm=160(on-demand) actualCPU=48.2463s cost=$0.043663
[t=    665.7901][DISPATCH              ] wf=10 task=1015 vm=160
[t=    666.6021][TASK-COMPLETE         ] task=1013 wf=10 vm=161(on-demand) actualCPU=1.8570s cost=$0.001681
[t=    666.7391][TASK-COMPLETE         ] task=705 wf=7 vm=29(reserved) actualCPU=14.2540s
[t=    666.7391][DISPATCH              ] wf=7 task=706 vm=29
[t=    667.3061][TASK-COMPLETE         ] task=1015 wf=10 vm=160(on-demand) actualCPU=1.5160s cost=$0.001372
[t=    667.3518][TASK-COMPLETE         ] task=1018 wf=10 vm=159(on-demand) actualCPU=49.8080s cost=$0.045076
[t=    667.3518][DISPATCH              ] wf=10 task=1019 vm=159
[t=    668.1761][TASK-COMPLETE         ] task=1019 wf=10 vm=159(on-demand) actualCPU=0.8243s cost=$0.000746
[t=    668.6838][TASK-COMPLETE         ] task=808 wf=8 vm=39(reserved) actualCPU=17.5737s
[t=    668.6838][DISPATCH              ] wf=7 task=728 vm=39
[t=    670.6818][TASK-COMPLETE         ] task=1281 wf=12 vm=26(reserved) actualCPU=54.3350s
[t=    670.6818][DISPATCH              ] wf=8 task=831 vm=26
[t=    670.6818][DISPATCH              ] wf=12 task=1282 vm=159
[t=    671.3438][TASK-COMPLETE         ] task=1282 wf=12 vm=159(on-demand) actualCPU=0.6620s cost=$0.000599
[t=    671.4148][TASK-COMPLETE         ] task=1255 wf=12 vm=35(reserved) actualCPU=53.8710s
[t=    671.4148][DISPATCH              ] wf=11 task=1103 vm=35
[t=    671.4148][DISPATCH              ] wf=12 task=1256 vm=159
[t=    671.6698][TASK-COMPLETE         ] task=1105 wf=11 vm=41(reserved) actualCPU=19.8477s
[t=    671.6698][DISPATCH              ] wf=11 task=1096 vm=41
[t=    672.4068][TASK-COMPLETE         ] task=1256 wf=12 vm=159(on-demand) actualCPU=0.9920s cost=$0.000898
[t=    672.6668][TASK-COMPLETE         ] task=1249 wf=12 vm=36(reserved) actualCPU=44.2757s
[t=    672.6668][DISPATCH              ] wf=11 task=1128 vm=36
[t=    672.6668][DISPATCH              ] wf=12 task=1250 vm=159
[t=    672.9338][TASK-COMPLETE         ] task=1242 wf=12 vm=13(reserved) actualCPU=43.1727s
[t=    672.9338][DISPATCH              ] wf=7 task=711 vm=13
[t=    672.9338][DISPATCH              ] wf=12 task=1243 vm=160
[t=    673.5018][TASK-COMPLETE         ] task=1227 wf=12 vm=34(reserved) actualCPU=42.5887s
[t=    673.5018][DISPATCH              ] wf=7 task=694 vm=34
[t=    673.5018][DISPATCH              ] wf=12 task=1228 vm=161
[t=    674.0818][TASK-COMPLETE         ] task=811 wf=8 vm=40(reserved) actualCPU=17.4767s
[t=    674.0818][DISPATCH              ] wf=11 task=1098 vm=40
[t=    674.1198][TASK-COMPLETE         ] task=1228 wf=12 vm=161(on-demand) actualCPU=0.6180s cost=$0.000559
[t=    674.1818][TASK-COMPLETE         ] task=1250 wf=12 vm=159(on-demand) actualCPU=1.5150s cost=$0.001371
[t=    674.2078][TASK-COMPLETE         ] task=1264 wf=12 vm=16(reserved) actualCPU=45.8750s
[t=    674.2078][DISPATCH              ] wf=8 task=834 vm=16
[t=    674.2078][DISPATCH              ] wf=12 task=1265 vm=159
[t=    674.2708][TASK-COMPLETE         ] task=1243 wf=12 vm=160(on-demand) actualCPU=1.3370s cost=$0.001210
[t=    674.8268][TASK-COMPLETE         ] task=1196 wf=12 vm=47(reserved) actualCPU=41.9207s
[t=    674.8268][DISPATCH              ] wf=11 task=1092 vm=47
[t=    674.8268][DISPATCH              ] wf=12 task=1197 vm=160
[t=    674.8968][TASK-COMPLETE         ] task=1265 wf=12 vm=159(on-demand) actualCPU=0.6890s cost=$0.000624
[t=    675.4898][TASK-COMPLETE         ] task=1197 wf=12 vm=160(on-demand) actualCPU=0.6630s cost=$0.000600
[t=    675.5088][TASK-COMPLETE         ] task=1262 wf=12 vm=15(reserved) actualCPU=47.5140s
[t=    675.5088][DISPATCH              ] wf=7 task=699 vm=15
[t=    675.5088][DISPATCH              ] wf=12 task=1263 vm=159
[t=    675.5331][TASK-COMPLETE         ] task=1091 wf=11 vm=12(reserved) actualCPU=20.0790s
[t=    675.5331][DISPATCH              ] wf=11 task=1089 vm=12
[t=    675.9508][TASK-COMPLETE         ] task=1200 wf=12 vm=0(reserved) actualCPU=126.1347s
[t=    675.9508][DISPATCH              ] wf=11 task=1114 vm=0
[t=    675.9508][DISPATCH              ] wf=12 task=1209 vm=160
[t=    675.9508][DISPATCH              ] wf=12 task=1207 vm=161
[t=    675.9508][DISPATCH              ] wf=12 task=1205 vm=168
[t=    675.9508][DISPATCH              ] wf=12 task=1201 vm=169
[t=    675.9508][DISPATCH              ] wf=12 task=1203 vm=170
[t=    676.1408][TASK-COMPLETE         ] task=1211 wf=12 vm=464(on-demand) actualCPU=104.5280s cost=$0.094598
[t=    676.1408][DISPATCH              ] wf=12 task=1212 vm=171
[t=    676.1408][DISPATCH              ] wf=12 task=1218 vm=172
[t=    676.1408][DISPATCH              ] wf=12 task=1214 vm=173
[t=    676.1408][DISPATCH              ] wf=12 task=1220 vm=174
[t=    676.1408][DISPATCH              ] wf=12 task=1216 vm=299
[t=    676.1868][TASK-COMPLETE         ] task=1251 wf=12 vm=27(reserved) actualCPU=48.4570s
[t=    676.1868][DISPATCH              ] wf=13 task=1303 vm=27
[t=    676.1868][DISPATCH              ] wf=12 task=1252 vm=300
[t=    676.2168][TASK-COMPLETE         ] task=1283 wf=12 vm=33(reserved) actualCPU=53.6000s
[t=    676.2168][DISPATCH              ] wf=11 task=1102 vm=33
[t=    676.2168][DISPATCH              ] wf=12 task=1284 vm=301
[t=    676.5728][TASK-COMPLETE         ] task=1263 wf=12 vm=159(on-demand) actualCPU=1.0640s cost=$0.000963
[t=    676.9178][TASK-COMPLETE         ] task=1284 wf=12 vm=301(on-demand) actualCPU=0.7010s cost=$0.000634
[t=    676.9611][TASK-COMPLETE         ] task=1268 wf=12 vm=14(reserved) actualCPU=51.1800s
[t=    676.9611][DISPATCH              ] wf=11 task=1108 vm=14
[t=    676.9611][DISPATCH              ] wf=12 task=1269 vm=159
[t=    677.2988][TASK-COMPLETE         ] task=1270 wf=12 vm=30(reserved) actualCPU=40.1277s
[t=    677.2988][DISPATCH              ] wf=8 task=805 vm=30
[t=    677.2988][DISPATCH              ] wf=12 task=1271 vm=301
[t=    677.3681][TASK-COMPLETE         ] task=1236 wf=12 vm=32(reserved) actualCPU=28.7280s
[t=    677.3681][DISPATCH              ] wf=7 task=695 vm=32
[t=    677.3681][DISPATCH              ] wf=12 task=1237 vm=302
[t=    677.4228][TASK-COMPLETE         ] task=1252 wf=12 vm=300(on-demand) actualCPU=1.2360s cost=$0.001119
[t=    678.1898][TASK-COMPLETE         ] task=1269 wf=12 vm=159(on-demand) actualCPU=1.2287s cost=$0.001112
[t=    678.3148][TASK-COMPLETE         ] task=1260 wf=12 vm=46(reserved) actualCPU=30.8407s
[t=    678.3148][DISPATCH              ] wf=13 task=1305 vm=46
[t=    678.3148][DISPATCH              ] wf=12 task=1261 vm=159
[t=    678.3741][TASK-COMPLETE         ] task=1237 wf=12 vm=302(on-demand) actualCPU=1.0060s cost=$0.000910
[t=    678.5411][TASK-COMPLETE         ] task=1271 wf=12 vm=301(on-demand) actualCPU=1.2423s cost=$0.001124
[t=    679.1691][TASK-COMPLETE         ] task=525 wf=5 vm=11(reserved) actualCPU=569.6070s
[t=    679.1691][DISPATCH              ] wf=11 task=1111 vm=11
[t=    679.4541][TASK-COMPLETE         ] task=1244 wf=12 vm=31(reserved) actualCPU=36.0870s
[t=    679.4541][DISPATCH              ] wf=7 task=692 vm=31
[t=    679.4541][DISPATCH              ] wf=12 task=1245 vm=300
[t=    679.8411][TASK-COMPLETE         ] task=1261 wf=12 vm=159(on-demand) actualCPU=1.5263s cost=$0.001381
[t=    680.0621][TASK-COMPLETE         ] task=1225 wf=12 vm=7(reserved) actualCPU=36.2040s
[t=    680.0621][DISPATCH              ] wf=11 task=1093 vm=7
[t=    680.0621][DISPATCH              ] wf=12 task=1226 vm=159
[t=    680.1111][TASK-COMPLETE         ] task=1291 wf=13 vm=43(reserved) actualCPU=23.6210s
[t=    680.1111][DISPATCH              ] wf=8 task=794 vm=43
[t=    680.7051][TASK-COMPLETE         ] task=1238 wf=12 vm=49(reserved) actualCPU=35.7720s
[t=    680.7051][DISPATCH              ] wf=13 task=1314 vm=49
[t=    680.7051][DISPATCH              ] wf=12 task=1239 vm=301
[t=    680.8901][TASK-COMPLETE         ] task=1245 wf=12 vm=300(on-demand) actualCPU=1.4360s cost=$0.001300
[t=    681.3111][TASK-COMPLETE         ] task=1226 wf=12 vm=159(on-demand) actualCPU=1.2490s cost=$0.001130
[t=    681.4431][TASK-COMPLETE         ] task=1239 wf=12 vm=301(on-demand) actualCPU=0.7380s cost=$0.000668
[t=    682.3531][TASK-COMPLETE         ] task=1231 wf=12 vm=18(reserved) actualCPU=35.0533s
[t=    682.3531][DISPATCH              ] wf=7 task=710 vm=18
[t=    682.3531][DISPATCH              ] wf=12 task=1232 vm=159
[t=    683.5201][TASK-COMPLETE         ] task=1232 wf=12 vm=159(on-demand) actualCPU=1.1670s cost=$0.001056
[t=    685.4501][TASK-COMPLETE         ] task=706 wf=7 vm=29(reserved) actualCPU=18.7110s
[t=    685.4501][DISPATCH              ] wf=13 task=1302 vm=29
[t=    685.8441][TASK-COMPLETE         ] task=1001 wf=10 vm=167(on-demand) actualCPU=25.2710s cost=$0.022870
[t=    685.8441][DISPATCH              ] wf=10 task=1002 vm=159
[t=    686.4931][TASK-COMPLETE         ] task=1002 wf=10 vm=159(on-demand) actualCPU=0.6490s cost=$0.000587
[t=    686.8041][TASK-COMPLETE         ] task=1005 wf=10 vm=166(on-demand) actualCPU=26.2310s cost=$0.023739
[t=    686.8041][DISPATCH              ] wf=10 task=1006 vm=159
[t=    687.6741][TASK-COMPLETE         ] task=1003 wf=10 vm=165(on-demand) actualCPU=27.1010s cost=$0.024526
[t=    687.6741][DISPATCH              ] wf=10 task=1004 vm=165
[t=    688.1501][TASK-COMPLETE         ] task=1006 wf=10 vm=159(on-demand) actualCPU=1.3460s cost=$0.001218
[t=    689.0961][TASK-COMPLETE         ] task=1004 wf=10 vm=165(on-demand) actualCPU=1.4220s cost=$0.001287
[t=    689.7301][TASK-COMPLETE         ] task=1098 wf=11 vm=40(reserved) actualCPU=15.6483s
[t=    689.7301][DISPATCH              ] wf=7 task=729 vm=40
[t=    691.0551][TASK-COMPLETE         ] task=1092 wf=11 vm=47(reserved) actualCPU=16.2283s
[t=    691.0551][DISPATCH              ] wf=11 task=1121 vm=47
[t=    691.1098][TASK-COMPLETE         ] task=1103 wf=11 vm=35(reserved) actualCPU=19.6950s
[t=    691.1098][DISPATCH              ] wf=11 task=1115 vm=35
[t=    692.0041][TASK-COMPLETE         ] task=1096 wf=11 vm=41(reserved) actualCPU=20.3343s
[t=    692.0041][DISPATCH              ] wf=11 task=1126 vm=41
[t=    692.4091][TASK-COMPLETE         ] task=711 wf=7 vm=13(reserved) actualCPU=19.4753s
[t=    692.4091][DISPATCH              ] wf=11 task=1119 vm=13
[t=    693.0831][TASK-COMPLETE         ] task=1102 wf=11 vm=33(reserved) actualCPU=16.8663s
[t=    693.0831][DISPATCH              ] wf=7 task=734 vm=33
[t=    693.4891][TASK-COMPLETE         ] task=1089 wf=11 vm=12(reserved) actualCPU=17.9560s
[t=    693.4891][DISPATCH              ] wf=11 task=1125 vm=12
[t=    693.6101][TASK-COMPLETE         ] task=805 wf=8 vm=30(reserved) actualCPU=16.3113s
[t=    693.6101][DISPATCH              ] wf=11 task=1112 vm=30
[t=    693.6281][TASK-COMPLETE         ] task=1009 wf=10 vm=163(on-demand) actualCPU=33.0550s cost=$0.029915
[t=    693.6281][DISPATCH              ] wf=10 task=1010 vm=159
[t=    693.9321][TASK-COMPLETE         ] task=694 wf=7 vm=34(reserved) actualCPU=20.4303s
[t=    693.9321][DISPATCH              ] wf=8 task=828 vm=34
[t=    694.1961][TASK-COMPLETE         ] task=1007 wf=10 vm=162(on-demand) actualCPU=33.6230s cost=$0.030429
[t=    694.1961][DISPATCH              ] wf=10 task=1008 vm=162
[t=    694.1961][DISPATCH              ] wf=10 task=990 vm=163
[t=    694.7421][TASK-COMPLETE         ] task=1010 wf=10 vm=159(on-demand) actualCPU=1.1140s cost=$0.001008
[t=    695.0541][TASK-COMPLETE         ] task=990 wf=10 vm=163(on-demand) actualCPU=0.8580s cost=$0.000776
[t=    695.8321][TASK-COMPLETE         ] task=1008 wf=10 vm=162(on-demand) actualCPU=1.6360s cost=$0.001481
[t=    695.8321][DISPATCH              ] wf=10 task=989 vm=159
[t=    695.9611][TASK-COMPLETE         ] task=1303 wf=13 vm=27(reserved) actualCPU=19.7743s
[t=    695.9611][DISPATCH              ] wf=7 task=717 vm=27
[t=    695.9928][TASK-COMPLETE         ] task=699 wf=7 vm=15(reserved) actualCPU=20.4840s
[t=    695.9928][DISPATCH              ] wf=13 task=1326 vm=15
[t=    696.1128][TASK-COMPLETE         ] task=989 wf=10 vm=159(on-demand) actualCPU=0.2807s cost=$0.000254
[t=    696.1128][WF-COMPLETE           ] wf=10 completionTime=696.1128 deadline=695.1657 -> MISSED
[t=    696.4438][TASK-COMPLETE         ] task=1093 wf=11 vm=7(reserved) actualCPU=16.3817s
[t=    696.4438][DISPATCH              ] wf=7 task=722 vm=7
[t=    696.4831][TASK-COMPLETE         ] task=1108 wf=11 vm=14(reserved) actualCPU=19.5220s
[t=    696.4831][DISPATCH              ] wf=11 task=1116 vm=14
[t=    697.6988][TASK-COMPLETE         ] task=695 wf=7 vm=32(reserved) actualCPU=20.3307s
[t=    697.6988][DISPATCH              ] wf=11 task=1131 vm=32
[t=    698.1888][TASK-COMPLETE         ] task=1305 wf=13 vm=46(reserved) actualCPU=19.8740s
[t=    698.1888][DISPATCH              ] wf=7 task=718 vm=46
[t=    698.3078][TASK-COMPLETE         ] task=1111 wf=11 vm=11(reserved) actualCPU=19.1387s
[t=    698.3078][DISPATCH              ] wf=13 task=1328 vm=11
[t=    699.0548][TASK-COMPLETE         ] task=692 wf=7 vm=31(reserved) actualCPU=19.6007s
[t=    699.0548][DISPATCH              ] wf=11 task=1134 vm=31
[t=    699.4838][TASK-COMPLETE         ] task=794 wf=8 vm=43(reserved) actualCPU=19.3727s
[t=    699.4838][DISPATCH              ] wf=7 task=715 vm=43
[t=    699.8618][TASK-COMPLETE         ] task=710 wf=7 vm=18(reserved) actualCPU=17.5087s
[t=    699.8618][DISPATCH              ] wf=11 task=1099 vm=18
[t=    701.4508][TASK-COMPLETE         ] task=1203 wf=12 vm=170(on-demand) actualCPU=25.5000s cost=$0.023078
[t=    701.4508][DISPATCH              ] wf=12 task=1204 vm=159
[t=    703.0138][TASK-COMPLETE         ] task=1204 wf=12 vm=159(on-demand) actualCPU=1.5630s cost=$0.001415
[t=    704.0268][TASK-COMPLETE         ] task=1302 wf=13 vm=29(reserved) actualCPU=18.5767s
[t=    704.0268][DISPATCH              ] wf=8 task=817 vm=29
[t=    705.7778][TASK-COMPLETE         ] task=1201 wf=12 vm=169(on-demand) actualCPU=29.8270s cost=$0.026993
[t=    705.7778][DISPATCH              ] wf=12 task=1202 vm=159
[t=    706.2498][TASK-COMPLETE         ] task=1205 wf=12 vm=168(on-demand) actualCPU=30.2990s cost=$0.027421
[t=    706.2498][DISPATCH              ] wf=12 task=1206 vm=162
[t=    706.4848][TASK-COMPLETE         ] task=1202 wf=12 vm=159(on-demand) actualCPU=0.7070s cost=$0.000640
[t=    707.9808][TASK-COMPLETE         ] task=1206 wf=12 vm=162(on-demand) actualCPU=1.7310s cost=$0.001567
[t=    708.1798][TASK-COMPLETE         ] task=538 wf=5 vm=42(reserved) actualCPU=602.6847s
[t=    708.1798][DISPATCH              ] wf=7 task=733 vm=42
[t=    711.3448][TASK-COMPLETE         ] task=1216 wf=12 vm=299(on-demand) actualCPU=35.2040s cost=$0.031860
[t=    711.3448][DISPATCH              ] wf=12 task=1217 vm=159
[t=    712.6248][TASK-COMPLETE         ] task=1217 wf=12 vm=159(on-demand) actualCPU=1.2800s cost=$0.001158
[t=    713.4088][TASK-COMPLETE         ] task=1220 wf=12 vm=174(on-demand) actualCPU=37.2680s cost=$0.033728
[t=    713.4088][DISPATCH              ] wf=12 task=1221 vm=159
[t=    715.1568][TASK-COMPLETE         ] task=1221 wf=12 vm=159(on-demand) actualCPU=1.7480s cost=$0.001582
[t=    717.7278][TASK-COMPLETE         ] task=1207 wf=12 vm=161(on-demand) actualCPU=41.7770s cost=$0.037808
[t=    717.7278][DISPATCH              ] wf=12 task=1208 vm=159
[t=    717.8138][TASK-COMPLETE         ] task=1214 wf=12 vm=173(on-demand) actualCPU=41.6730s cost=$0.037714
[t=    717.8138][DISPATCH              ] wf=12 task=1215 vm=161
[t=    717.9668][TASK-COMPLETE         ] task=1099 wf=11 vm=18(reserved) actualCPU=18.1050s
[t=    717.9668][DISPATCH              ] wf=11 task=1090 vm=18
[t=    719.0268][TASK-COMPLETE         ] task=1215 wf=12 vm=161(on-demand) actualCPU=1.2130s cost=$0.001098
[t=    719.0688][TASK-COMPLETE         ] task=1208 wf=12 vm=159(on-demand) actualCPU=1.3410s cost=$0.001214
[t=    720.2388][TASK-COMPLETE         ] task=1209 wf=12 vm=160(on-demand) actualCPU=44.2880s cost=$0.040081
[t=    720.2388][DISPATCH              ] wf=12 task=1210 vm=159
[t=    721.4868][TASK-COMPLETE         ] task=1210 wf=12 vm=159(on-demand) actualCPU=1.2480s cost=$0.001129
[t=    722.0908][TASK-COMPLETE         ] task=1212 wf=12 vm=171(on-demand) actualCPU=45.9500s cost=$0.041585
[t=    722.0908][DISPATCH              ] wf=12 task=1213 vm=159
[t=    722.6078][TASK-COMPLETE         ] task=1218 wf=12 vm=172(on-demand) actualCPU=46.4670s cost=$0.042053
[t=    722.6078][DISPATCH              ] wf=12 task=1219 vm=160
[t=    722.6078][DISPATCH              ] wf=12 task=1190 vm=161
[t=    723.2748][TASK-COMPLETE         ] task=1190 wf=12 vm=161(on-demand) actualCPU=0.6670s cost=$0.000604
[t=    723.3888][TASK-COMPLETE         ] task=1219 wf=12 vm=160(on-demand) actualCPU=0.7810s cost=$0.000707
[t=    723.4978][TASK-COMPLETE         ] task=1213 wf=12 vm=159(on-demand) actualCPU=1.4070s cost=$0.001273
[t=    723.4978][DISPATCH              ] wf=12 task=1189 vm=159
[t=    723.9228][TASK-COMPLETE         ] task=1189 wf=12 vm=159(on-demand) actualCPU=0.4250s cost=$0.000385
[t=    723.9228][WF-COMPLETE           ] wf=12 completionTime=723.9228 deadline=723.1223 -> MISSED
[t=    735.2418][TASK-COMPLETE         ] task=1090 wf=11 vm=18(reserved) actualCPU=17.2750s
[t=    735.2418][DISPATCH              ] wf=13 task=1308 vm=18
[t=    746.1678][TASK-COMPLETE         ] task=1919 wf=19 vm=9(reserved) actualCPU=95.2687s
[t=    746.1678][DISPATCH              ] wf=13 task=1325 vm=9
[t=    757.3338][TASK-COMPLETE         ] task=1308 wf=13 vm=18(reserved) actualCPU=22.0920s
[t=    757.3338][DISPATCH              ] wf=19 task=1924 vm=18
[t=    762.8828][TASK-COMPLETE         ] task=1908 wf=19 vm=37(reserved) actualCPU=112.5677s
[t=    762.8828][DISPATCH              ] wf=19 task=1922 vm=37
[t=    763.4158][TASK-COMPLETE         ] task=520 wf=5 vm=38(reserved) actualCPU=649.8047s
[t=    763.4158][DISPATCH              ] wf=19 task=1915 vm=38
[t=    777.3038][TASK-COMPLETE         ] task=1897 wf=19 vm=17(reserved) actualCPU=126.7867s
[t=    777.3038][DISPATCH              ] wf=19 task=1909 vm=17
[t=    780.4658][TASK-COMPLETE         ] task=531 wf=5 vm=44(reserved) actualCPU=670.7857s
[t=    780.4658][DISPATCH              ] wf=19 task=1906 vm=44
[t=    789.8948][TASK-COMPLETE         ] task=1971 wf=19 vm=10(reserved) actualCPU=140.5997s
[t=    789.8948][DISPATCH              ] wf=19 task=1904 vm=10
[t=    799.2598][TASK-COMPLETE         ] task=1924 wf=19 vm=18(reserved) actualCPU=41.9260s
[t=    799.2598][DISPATCH              ] wf=19 task=1976 vm=18
[t=    799.6828][TASK-COMPLETE         ] task=1922 wf=19 vm=37(reserved) actualCPU=36.8000s
[t=    799.6828][DISPATCH              ] wf=19 task=1974 vm=37
[t=    802.7028][TASK-COMPLETE         ] task=1888 wf=19 vm=48(reserved) actualCPU=153.6007s
[t=    802.7028][DISPATCH              ] wf=19 task=1972 vm=48
[t=    804.3718][TASK-COMPLETE         ] task=1943 wf=19 vm=25(reserved) actualCPU=154.3227s
[t=    804.3718][DISPATCH              ] wf=19 task=1891 vm=25
[t=    805.5738][TASK-COMPLETE         ] task=534 wf=5 vm=45(reserved) actualCPU=701.9486s
[t=    805.5738][DISPATCH              ] wf=19 task=1948 vm=45
[t=    819.6168][TASK-COMPLETE         ] task=1915 wf=19 vm=38(reserved) actualCPU=56.2010s
[t=    819.6168][DISPATCH              ] wf=19 task=1895 vm=38
[t=    820.7468][TASK-COMPLETE         ] task=1909 wf=19 vm=17(reserved) actualCPU=43.4430s
[t=    820.7468][DISPATCH              ] wf=19 task=1978 vm=17
[t=    820.8008][TASK-COMPLETE         ] task=1906 wf=19 vm=44(reserved) actualCPU=40.3350s
[t=    820.8008][DISPATCH              ] wf=19 task=1889 vm=44
[t=    829.8718][TASK-COMPLETE         ] task=1904 wf=19 vm=10(reserved) actualCPU=39.9770s
[t=    829.8718][DISPATCH              ] wf=19 task=1893 vm=10
[t=    839.1658][TASK-COMPLETE         ] task=1956 wf=19 vm=8(reserved) actualCPU=190.2697s
[t=    839.1658][DISPATCH              ] wf=19 task=1982 vm=8
[t=    841.1618][TASK-COMPLETE         ] task=1930 wf=19 vm=164(on-demand) actualCPU=218.5450s cost=$0.197783
[t=    841.1618][DISPATCH              ] wf=19 task=1937 vm=159
[t=    855.7168][TASK-COMPLETE         ] task=1972 wf=19 vm=48(reserved) actualCPU=53.0140s
[t=    855.7168][DISPATCH              ] wf=19 task=1963 vm=48
[t=    855.7168][DISPATCH              ] wf=19 task=1950 vm=160
[t=    855.7168][DISPATCH              ] wf=19 task=1969 vm=161
[t=    855.7168][DISPATCH              ] wf=19 task=1965 vm=162
[t=    855.7168][DISPATCH              ] wf=19 task=1959 vm=163
[t=    860.1868][TASK-COMPLETE         ] task=1948 wf=19 vm=45(reserved) actualCPU=54.6130s
[t=    860.1868][DISPATCH              ] wf=19 task=1952 vm=45
[t=    865.0618][TASK-COMPLETE         ] task=1891 wf=19 vm=25(reserved) actualCPU=60.6900s
[t=    865.0618][DISPATCH              ] wf=19 task=1939 vm=25
[t=    865.0618][DISPATCH              ] wf=19 task=1980 vm=164
[t=    865.0618][DISPATCH              ] wf=19 task=1984 vm=165
[t=    865.0618][DISPATCH              ] wf=19 task=1946 vm=166
[t=    867.1988][TASK-COMPLETE         ] task=1974 wf=19 vm=37(reserved) actualCPU=67.5160s
[t=    867.1988][DISPATCH              ] wf=19 task=1911 vm=37
[t=    867.1988][DISPATCH              ] wf=19 task=1961 vm=167
[t=    870.4488][TASK-COMPLETE         ] task=1976 wf=19 vm=18(reserved) actualCPU=71.1890s
[t=    870.4488][DISPATCH              ] wf=19 task=1935 vm=18
[t=    870.4488][DISPATCH              ] wf=19 task=1920 vm=168
[t=    873.2618][TASK-COMPLETE         ] task=1889 wf=19 vm=44(reserved) actualCPU=52.4610s
[t=    873.2618][DISPATCH              ] wf=19 task=1917 vm=44
[t=    873.2618][DISPATCH              ] wf=19 task=1941 vm=169
[t=    873.2618][DISPATCH              ] wf=19 task=1928 vm=170
[t=    874.0078][TASK-COMPLETE         ] task=1978 wf=19 vm=17(reserved) actualCPU=53.2610s
[t=    874.0078][DISPATCH              ] wf=19 task=1957 vm=17
[t=    874.6628][TASK-COMPLETE         ] task=1895 wf=19 vm=38(reserved) actualCPU=55.0460s
[t=    874.6628][DISPATCH              ] wf=19 task=1898 vm=38
[t=    882.3728][TASK-COMPLETE         ] task=1893 wf=19 vm=10(reserved) actualCPU=52.5010s
[t=    882.3728][DISPATCH              ] wf=19 task=1913 vm=10
[t=    882.3728][DISPATCH              ] wf=19 task=1902 vm=171
[t=    882.3728][DISPATCH              ] wf=19 task=1967 vm=172
[t=    882.3728][DISPATCH              ] wf=19 task=1944 vm=173
[t=    882.3728][DISPATCH              ] wf=19 task=1926 vm=174
[t=    882.3728][DISPATCH              ] wf=19 task=1900 vm=299
[t=    882.3728][DISPATCH              ] wf=19 task=1933 vm=300
[t=    882.3728][DISPATCH              ] wf=19 task=1931 vm=301
[t=    891.4578][TASK-COMPLETE         ] task=1982 wf=19 vm=8(reserved) actualCPU=52.2920s
[t=    891.4578][DISPATCH              ] wf=19 task=1954 vm=8
[t=    904.2458][TASK-COMPLETE         ] task=1898 wf=19 vm=38(reserved) actualCPU=29.5830s
[t=    904.2458][DISPATCH              ] wf=19 task=1910 vm=38
[t=    904.5138][TASK-COMPLETE         ] task=1957 wf=19 vm=17(reserved) actualCPU=30.5060s
[t=    904.5138][DISPATCH              ] wf=19 task=1949 vm=17
[t=    905.1428][TASK-COMPLETE         ] task=1920 wf=19 vm=168(on-demand) actualCPU=34.6940s cost=$0.031398
[t=    905.1428][DISPATCH              ] wf=19 task=1905 vm=168
[t=    905.1428][DISPATCH              ] wf=19 task=1958 vm=302
[t=    905.1428][DISPATCH              ] wf=19 task=1977 vm=303
[t=    905.1428][DISPATCH              ] wf=19 task=1975 vm=304
[t=    905.1428][DISPATCH              ] wf=19 task=1973 vm=305
[t=    905.1428][DISPATCH              ] wf=19 task=1923 vm=306
[t=    905.1428][DISPATCH              ] wf=19 task=1907 vm=307
[t=    905.1428][DISPATCH              ] wf=19 task=1890 vm=308
[t=    905.1428][DISPATCH              ] wf=19 task=1983 vm=309
[t=    905.1428][DISPATCH              ] wf=19 task=1921 vm=310
[t=    905.4278][TASK-COMPLETE         ] task=1928 wf=19 vm=170(on-demand) actualCPU=32.1660s cost=$0.029110
[t=    905.4278][DISPATCH              ] wf=19 task=1916 vm=170
[t=    905.4278][DISPATCH              ] wf=19 task=1894 vm=311
[t=    905.4278][DISPATCH              ] wf=19 task=1979 vm=312
[t=    905.4278][DISPATCH              ] wf=19 task=1896 vm=313
[t=    905.4278][DISPATCH              ] wf=19 task=1899 vm=314
[t=    905.4278][DISPATCH              ] wf=19 task=1925 vm=315
[t=    905.4278][DISPATCH              ] wf=19 task=1929 vm=317
[t=    905.4618][TASK-COMPLETE         ] task=1911 wf=19 vm=37(reserved) actualCPU=38.2630s
[t=    905.4618][DISPATCH              ] wf=19 task=1892 vm=37
[t=    905.4618][DISPATCH              ] wf=19 task=1912 vm=318
[t=    905.6868][TASK-COMPLETE         ] task=1959 wf=19 vm=163(on-demand) actualCPU=49.9700s cost=$0.045223
[t=    905.6868][DISPATCH              ] wf=19 task=1960 vm=163
[t=    905.7818][TASK-COMPLETE         ] task=1910 wf=19 vm=38(reserved) actualCPU=1.5360s
[t=    905.7818][TASK-COMPLETE         ] task=1961 wf=19 vm=167(on-demand) actualCPU=38.5830s cost=$0.034918
[t=    905.7818][DISPATCH              ] wf=11 task=1122 vm=38
[t=    905.7818][DISPATCH              ] wf=19 task=1962 vm=167
[t=    905.9348][TASK-COMPLETE         ] task=1949 wf=19 vm=17(reserved) actualCPU=1.4210s
[t=    905.9348][DISPATCH              ] wf=8 task=806 vm=17
[t=    905.9768][TASK-COMPLETE         ] task=1983 wf=19 vm=309(on-demand) actualCPU=0.8340s cost=$0.000755
[t=    905.9968][TASK-COMPLETE         ] task=1892 wf=19 vm=37(reserved) actualCPU=0.5350s
[t=    905.9968][TASK-COMPLETE         ] task=1925 wf=19 vm=315(on-demand) actualCPU=0.5690s cost=$0.000515
[t=    905.9968][DISPATCH              ] wf=11 task=1107 vm=37
[t=    906.0318][TASK-COMPLETE         ] task=1917 wf=19 vm=44(reserved) actualCPU=32.7700s
[t=    906.0318][TASK-COMPLETE         ] task=1899 wf=19 vm=314(on-demand) actualCPU=0.6040s cost=$0.000547
[t=    906.0318][DISPATCH              ] wf=11 task=1113 vm=44
[t=    906.0318][DISPATCH              ] wf=19 task=1918 vm=309
[t=    906.0968][TASK-COMPLETE         ] task=1941 wf=19 vm=169(on-demand) actualCPU=32.8350s cost=$0.029716
[t=    906.0968][DISPATCH              ] wf=19 task=1942 vm=169
[t=    906.1418][TASK-COMPLETE         ] task=1896 wf=19 vm=313(on-demand) actualCPU=0.7140s cost=$0.000646
[t=    906.1548][TASK-COMPLETE         ] task=1979 wf=19 vm=312(on-demand) actualCPU=0.7270s cost=$0.000658
[t=    906.1968][TASK-COMPLETE         ] task=1894 wf=19 vm=311(on-demand) actualCPU=0.7690s cost=$0.000696
[t=    906.2188][TASK-COMPLETE         ] task=1916 wf=19 vm=170(on-demand) actualCPU=0.7910s cost=$0.000716
[t=    906.2398][TASK-COMPLETE         ] task=1921 wf=19 vm=310(on-demand) actualCPU=1.0970s cost=$0.000993
[t=    906.2518][TASK-COMPLETE         ] task=1907 wf=19 vm=307(on-demand) actualCPU=1.1090s cost=$0.001004
[t=    906.2518][TASK-COMPLETE         ] task=1890 wf=19 vm=308(on-demand) actualCPU=1.1090s cost=$0.001004
[t=    906.3068][TASK-COMPLETE         ] task=1973 wf=19 vm=305(on-demand) actualCPU=1.1640s cost=$0.001053
[t=    906.3068][TASK-COMPLETE         ] task=1923 wf=19 vm=306(on-demand) actualCPU=1.1640s cost=$0.001053
[t=    906.3498][TASK-COMPLETE         ] task=1931 wf=19 vm=301(on-demand) actualCPU=23.9770s cost=$0.021699
[t=    906.3498][TASK-COMPLETE         ] task=1975 wf=19 vm=304(on-demand) actualCPU=1.2070s cost=$0.001092
[t=    906.3498][DISPATCH              ] wf=19 task=1932 vm=170
[t=    906.3968][TASK-COMPLETE         ] task=1965 wf=19 vm=162(on-demand) actualCPU=50.6800s cost=$0.045865
[t=    906.3968][TASK-COMPLETE         ] task=1977 wf=19 vm=303(on-demand) actualCPU=1.2540s cost=$0.001135
[t=    906.3968][DISPATCH              ] wf=19 task=1966 vm=162
[t=    906.4978][TASK-COMPLETE         ] task=1958 wf=19 vm=302(on-demand) actualCPU=1.3550s cost=$0.001226
[t=    906.5488][TASK-COMPLETE         ] task=1946 wf=19 vm=166(on-demand) actualCPU=41.4870s cost=$0.037546
[t=    906.5488][DISPATCH              ] wf=19 task=1947 vm=166
[t=    906.5698][TASK-COMPLETE         ] task=1905 wf=19 vm=168(on-demand) actualCPU=1.4270s cost=$0.001291
[t=    906.5818][TASK-COMPLETE         ] task=1962 wf=19 vm=167(on-demand) actualCPU=0.8000s cost=$0.000724
[t=    906.6588][TASK-COMPLETE         ] task=1912 wf=19 vm=318(on-demand) actualCPU=1.1970s cost=$0.001083
[t=    906.6728][TASK-COMPLETE         ] task=1950 wf=19 vm=160(on-demand) actualCPU=50.9560s cost=$0.046115
[t=    906.6728][DISPATCH              ] wf=19 task=1951 vm=160
[t=    906.7828][TASK-COMPLETE         ] task=1960 wf=19 vm=163(on-demand) actualCPU=1.0960s cost=$0.000992
[t=    906.8278][TASK-COMPLETE         ] task=1929 wf=19 vm=317(on-demand) actualCPU=1.4000s cost=$0.001267
[t=    906.8788][TASK-COMPLETE         ] task=1969 wf=19 vm=161(on-demand) actualCPU=51.1620s cost=$0.046302
[t=    906.8788][DISPATCH              ] wf=19 task=1970 vm=161
[t=    907.0148][TASK-COMPLETE         ] task=1937 wf=19 vm=159(on-demand) actualCPU=65.8530s cost=$0.059597
[t=    907.0148][DISPATCH              ] wf=19 task=1938 vm=159
[t=    907.0458][TASK-COMPLETE         ] task=1932 wf=19 vm=170(on-demand) actualCPU=0.6960s cost=$0.000630
[t=    907.1248][TASK-COMPLETE         ] task=1933 wf=19 vm=300(on-demand) actualCPU=24.7520s cost=$0.022401
[t=    907.1248][DISPATCH              ] wf=19 task=1934 vm=163
[t=    907.3258][TASK-COMPLETE         ] task=1942 wf=19 vm=169(on-demand) actualCPU=1.2290s cost=$0.001112
[t=    907.3728][TASK-COMPLETE         ] task=1966 wf=19 vm=162(on-demand) actualCPU=0.9760s cost=$0.000883
[t=    907.4678][TASK-COMPLETE         ] task=1918 wf=19 vm=309(on-demand) actualCPU=1.4360s cost=$0.001300
[t=    907.4828][TASK-COMPLETE         ] task=1935 wf=19 vm=18(reserved) actualCPU=37.0340s
[t=    907.4828][DISPATCH              ] wf=13 task=1296 vm=18
[t=    907.4828][DISPATCH              ] wf=19 task=1936 vm=162
[t=    907.5118][TASK-COMPLETE         ] task=1900 wf=19 vm=299(on-demand) actualCPU=25.1390s cost=$0.022751
[t=    907.5118][DISPATCH              ] wf=19 task=1901 vm=167
[t=    907.6808][TASK-COMPLETE         ] task=1970 wf=19 vm=161(on-demand) actualCPU=0.8020s cost=$0.000726
[t=    907.9498][TASK-COMPLETE         ] task=1951 wf=19 vm=160(on-demand) actualCPU=1.2770s cost=$0.001156
[t=    908.0198][TASK-COMPLETE         ] task=1934 wf=19 vm=163(on-demand) actualCPU=0.8950s cost=$0.000810
[t=    908.0368][TASK-COMPLETE         ] task=1947 wf=19 vm=166(on-demand) actualCPU=1.4880s cost=$0.001347
[t=    908.1098][TASK-COMPLETE         ] task=1926 wf=19 vm=174(on-demand) actualCPU=25.7370s cost=$0.023292
[t=    908.1098][DISPATCH              ] wf=19 task=1927 vm=160
[t=    908.1468][TASK-COMPLETE         ] task=1938 wf=19 vm=159(on-demand) actualCPU=1.1320s cost=$0.001024
[t=    908.1948][TASK-COMPLETE         ] task=1936 wf=19 vm=162(on-demand) actualCPU=0.7120s cost=$0.000644
[t=    908.3618][TASK-COMPLETE         ] task=1952 wf=19 vm=45(reserved) actualCPU=48.1750s
[t=    908.3618][DISPATCH              ] wf=13 task=1331 vm=45
[t=    908.3618][DISPATCH              ] wf=19 task=1953 vm=159
[t=    908.4798][TASK-COMPLETE         ] task=1984 wf=19 vm=165(on-demand) actualCPU=43.4180s cost=$0.039293
[t=    908.4798][DISPATCH              ] wf=19 task=1985 vm=161
[t=    908.8678][TASK-COMPLETE         ] task=1944 wf=19 vm=173(on-demand) actualCPU=26.4950s cost=$0.023978
[t=    908.8678][DISPATCH              ] wf=19 task=1945 vm=162
[t=    908.9098][TASK-COMPLETE         ] task=1939 wf=19 vm=25(reserved) actualCPU=43.8480s
[t=    908.9098][DISPATCH              ] wf=13 task=1289 vm=25
[t=    908.9098][DISPATCH              ] wf=19 task=1940 vm=163
[t=    909.0578][TASK-COMPLETE         ] task=1901 wf=19 vm=167(on-demand) actualCPU=1.5460s cost=$0.001399
[t=    909.1228][TASK-COMPLETE         ] task=1927 wf=19 vm=160(on-demand) actualCPU=1.0130s cost=$0.000917
[t=    909.2948][TASK-COMPLETE         ] task=1953 wf=19 vm=159(on-demand) actualCPU=0.9330s cost=$0.000844
[t=    909.6248][TASK-COMPLETE         ] task=1980 wf=19 vm=164(on-demand) actualCPU=44.5630s cost=$0.040330
[t=    909.6248][DISPATCH              ] wf=19 task=1981 vm=159
[t=    909.7148][TASK-COMPLETE         ] task=1985 wf=19 vm=161(on-demand) actualCPU=1.2350s cost=$0.001118
[t=    909.7348][TASK-COMPLETE         ] task=1945 wf=19 vm=162(on-demand) actualCPU=0.8670s cost=$0.000785
[t=    910.1538][TASK-COMPLETE         ] task=1967 wf=19 vm=172(on-demand) actualCPU=27.7810s cost=$0.025142
[t=    910.1538][DISPATCH              ] wf=19 task=1968 vm=160
[t=    910.2598][TASK-COMPLETE         ] task=1981 wf=19 vm=159(on-demand) actualCPU=0.6350s cost=$0.000575
[t=    910.3338][TASK-COMPLETE         ] task=1940 wf=19 vm=163(on-demand) actualCPU=1.4240s cost=$0.001289
[t=    910.7888][TASK-COMPLETE         ] task=1902 wf=19 vm=171(on-demand) actualCPU=28.4160s cost=$0.025716
[t=    910.7888][DISPATCH              ] wf=19 task=1903 vm=159
[t=    911.2348][TASK-COMPLETE         ] task=1913 wf=19 vm=10(reserved) actualCPU=28.8620s
[t=    911.2348][DISPATCH              ] wf=8 task=792 vm=10
[t=    911.2348][DISPATCH              ] wf=19 task=1914 vm=161
[t=    911.4498][TASK-COMPLETE         ] task=1968 wf=19 vm=160(on-demand) actualCPU=1.2960s cost=$0.001173
[t=    912.1118][TASK-COMPLETE         ] task=1903 wf=19 vm=159(on-demand) actualCPU=1.3230s cost=$0.001197
[t=    912.2488][TASK-COMPLETE         ] task=1914 wf=19 vm=161(on-demand) actualCPU=1.0140s cost=$0.000918
[t=    912.4858][TASK-COMPLETE         ] task=1954 wf=19 vm=8(reserved) actualCPU=21.0280s
[t=    912.4858][DISPATCH              ] wf=11 task=1109 vm=8
[t=    912.4858][DISPATCH              ] wf=19 task=1955 vm=159
[t=    913.6118][TASK-COMPLETE         ] task=1955 wf=19 vm=159(on-demand) actualCPU=1.1260s cost=$0.001019
[t=    915.2418][TASK-COMPLETE         ] task=1963 wf=19 vm=48(reserved) actualCPU=59.5250s
[t=    915.2418][DISPATCH              ] wf=7 task=712 vm=48
[t=    915.2418][DISPATCH              ] wf=19 task=1964 vm=159
[t=    915.2418][DISPATCH              ] wf=19 task=1887 vm=160
[t=    915.9278][TASK-COMPLETE         ] task=1887 wf=19 vm=160(on-demand) actualCPU=0.6860s cost=$0.000621
[t=    916.5218][TASK-COMPLETE         ] task=1964 wf=19 vm=159(on-demand) actualCPU=1.2800s cost=$0.001158
[t=    916.5218][DISPATCH              ] wf=19 task=1886 vm=159
[t=    916.8768][TASK-COMPLETE         ] task=1886 wf=19 vm=159(on-demand) actualCPU=0.3550s cost=$0.000321
[t=    916.8768][WF-COMPLETE           ] wf=19 completionTime=916.8768 deadline=1026.3200 -> MET
[t=    924.1478][TASK-COMPLETE         ] task=806 wf=8 vm=17(reserved) actualCPU=18.2130s
[t=    924.1478][DISPATCH              ] wf=8 task=799 vm=17
[t=    924.7518][TASK-COMPLETE         ] task=1107 wf=11 vm=37(reserved) actualCPU=18.7550s
[t=    924.7518][DISPATCH              ] wf=8 task=829 vm=37
[t=    927.6328][TASK-COMPLETE         ] task=1289 wf=13 vm=25(reserved) actualCPU=18.7230s
[t=    927.6328][DISPATCH              ] wf=11 task=1130 vm=25
[t=    928.5228][TASK-COMPLETE         ] task=1296 wf=13 vm=18(reserved) actualCPU=21.0400s
[t=    928.5228][DISPATCH              ] wf=13 task=1312 vm=18
[t=    929.5298][TASK-COMPLETE         ] task=792 wf=8 vm=10(reserved) actualCPU=18.2950s
[t=    929.5298][DISPATCH              ] wf=13 task=1319 vm=10
[t=    933.4068][TASK-COMPLETE         ] task=1109 wf=11 vm=8(reserved) actualCPU=20.9210s
[t=    933.4068][DISPATCH              ] wf=8 task=815 vm=8
[t=    934.5428][TASK-COMPLETE         ] task=712 wf=7 vm=48(reserved) actualCPU=19.3010s
[t=    934.5428][DISPATCH              ] wf=11 task=1132 vm=48
[t=    940.3628][TASK-COMPLETE         ] task=799 wf=8 vm=17(reserved) actualCPU=16.2150s
[t=    940.3628][DISPATCH              ] wf=13 task=1311 vm=17
[t=    958.9978][TASK-COMPLETE         ] task=1311 wf=13 vm=17(reserved) actualCPU=18.6350s
[t=    958.9978][DISPATCH              ] wf=7 task=714 vm=17
[t=    977.5268][TASK-COMPLETE         ] task=714 wf=7 vm=17(reserved) actualCPU=18.5290s
[t=    977.5268][DISPATCH              ] wf=8 task=812 vm=17
[t=    996.0048][TASK-COMPLETE         ] task=812 wf=8 vm=17(reserved) actualCPU=18.4780s
[t=    996.0048][DISPATCH              ] wf=7 task=696 vm=17
[t=   1013.8268][TASK-COMPLETE         ] task=696 wf=7 vm=17(reserved) actualCPU=17.8220s
[t=   1013.8268][DISPATCH              ] wf=8 task=795 vm=17
[t=   1031.2838][TASK-COMPLETE         ] task=795 wf=8 vm=17(reserved) actualCPU=17.4570s
[t=   1031.2838][DISPATCH              ] wf=7 task=735 vm=17
[t=   1084.3218][TASK-COMPLETE         ] task=1116 wf=11 vm=14(reserved) actualCPU=387.8387s
[t=   1084.3218][DISPATCH              ] wf=8 task=822 vm=14
[t=   1141.7758][TASK-COMPLETE         ] task=1112 wf=11 vm=30(reserved) actualCPU=448.1657s
[t=   1141.7758][DISPATCH              ] wf=8 task=814 vm=30
[t=   1153.3668][TASK-COMPLETE         ] task=1115 wf=11 vm=35(reserved) actualCPU=462.2570s
[t=   1153.3668][DISPATCH              ] wf=7 task=709 vm=35
[t=   1157.3558][TASK-COMPLETE         ] task=814 wf=8 vm=30(reserved) actualCPU=15.5800s
[t=   1157.3558][DISPATCH              ] wf=13 task=1334 vm=30
[t=   1158.6008][TASK-COMPLETE         ] task=1121 wf=11 vm=47(reserved) actualCPU=467.5457s
[t=   1158.6008][DISPATCH              ] wf=8 task=801 vm=47
[t=   1167.4368][TASK-COMPLETE         ] task=733 wf=7 vm=42(reserved) actualCPU=459.2570s
[t=   1167.4368][DISPATCH              ] wf=13 task=1292 vm=42
[t=   1170.5068][TASK-COMPLETE         ] task=709 wf=7 vm=35(reserved) actualCPU=17.1400s
[t=   1170.5068][DISPATCH              ] wf=7 task=704 vm=35
[t=   1175.8038][TASK-COMPLETE         ] task=801 wf=8 vm=47(reserved) actualCPU=17.2030s
[t=   1175.8038][DISPATCH              ] wf=7 task=737 vm=47
[t=   1184.5238][TASK-COMPLETE         ] task=1292 wf=13 vm=42(reserved) actualCPU=17.0870s
[t=   1184.5238][DISPATCH              ] wf=8 task=835 vm=42
[t=   1185.8098][TASK-COMPLETE         ] task=1119 wf=11 vm=13(reserved) actualCPU=493.4007s
[t=   1185.8098][DISPATCH              ] wf=13 task=1309 vm=13
[t=   1187.5908][TASK-COMPLETE         ] task=704 wf=7 vm=35(reserved) actualCPU=17.0840s
[t=   1187.5908][DISPATCH              ] wf=7 task=719 vm=35
[t=   1189.6018][TASK-COMPLETE         ] task=715 wf=7 vm=43(reserved) actualCPU=490.1180s
[t=   1189.6018][DISPATCH              ] wf=8 task=818 vm=43
[t=   1202.5928][TASK-COMPLETE         ] task=1309 wf=13 vm=13(reserved) actualCPU=16.7830s
[t=   1202.5928][DISPATCH              ] wf=11 task=1097 vm=13
[t=   1212.9838][TASK-COMPLETE         ] task=1131 wf=11 vm=32(reserved) actualCPU=515.2850s
[t=   1212.9838][DISPATCH              ] wf=11 task=1104 vm=32
[t=   1214.0958][TASK-COMPLETE         ] task=718 wf=7 vm=46(reserved) actualCPU=515.9070s
[t=   1214.0958][DISPATCH              ] wf=11 task=1100 vm=46
[t=   1219.4208][TASK-COMPLETE         ] task=1125 wf=11 vm=12(reserved) actualCPU=525.9317s
[t=   1219.4208][DISPATCH              ] wf=8 task=837 vm=12
[t=   1222.5858][TASK-COMPLETE         ] task=1097 wf=11 vm=13(reserved) actualCPU=19.9930s
[t=   1222.5858][DISPATCH              ] wf=7 task=732 vm=13
[t=   1227.4548][TASK-COMPLETE         ] task=817 wf=8 vm=29(reserved) actualCPU=523.4280s
[t=   1227.4548][DISPATCH              ] wf=7 task=707 vm=29
[t=   1230.6198][TASK-COMPLETE         ] task=1114 wf=11 vm=0(reserved) actualCPU=554.6690s
[t=   1230.6198][DISPATCH              ] wf=5 task=526 vm=0
[t=   1231.0178][TASK-COMPLETE         ] task=1100 wf=11 vm=46(reserved) actualCPU=16.9220s
[t=   1231.0178][DISPATCH              ] wf=8 task=824 vm=46
[t=   1232.0518][TASK-COMPLETE         ] task=1104 wf=11 vm=32(reserved) actualCPU=19.0680s
[t=   1232.0518][DISPATCH              ] wf=13 task=1315 vm=32
[t=   1245.5138][TASK-COMPLETE         ] task=722 wf=7 vm=7(reserved) actualCPU=549.0700s
[t=   1245.5138][DISPATCH              ] wf=7 task=727 vm=7
[t=   1247.6838][TASK-COMPLETE         ] task=707 wf=7 vm=29(reserved) actualCPU=20.2290s
[t=   1247.6838][DISPATCH              ] wf=8 task=810 vm=29
[t=   1254.8318][TASK-COMPLETE         ] task=734 wf=7 vm=33(reserved) actualCPU=561.7487s
[t=   1254.8318][DISPATCH              ] wf=11 task=1095 vm=33
[t=   1261.9328][TASK-COMPLETE         ] task=828 wf=8 vm=34(reserved) actualCPU=568.0007s
[t=   1261.9328][DISPATCH              ] wf=13 task=1332 vm=34
[t=   1264.3598][TASK-COMPLETE         ] task=1113 wf=11 vm=44(reserved) actualCPU=358.3280s
[t=   1264.3598][DISPATCH              ] wf=11 task=1106 vm=44
[t=   1264.6348][TASK-COMPLETE         ] task=810 wf=8 vm=29(reserved) actualCPU=16.9510s
[t=   1264.6348][DISPATCH              ] wf=13 task=1307 vm=29
[t=   1264.9078][TASK-COMPLETE         ] task=717 wf=7 vm=27(reserved) actualCPU=568.9467s
[t=   1264.9078][DISPATCH              ] wf=7 task=701 vm=27
[t=   1271.4148][TASK-COMPLETE         ] task=1122 wf=11 vm=38(reserved) actualCPU=365.6330s
[t=   1271.4148][DISPATCH              ] wf=13 task=1298 vm=38
[t=   1272.1348][TASK-COMPLETE         ] task=729 wf=7 vm=40(reserved) actualCPU=582.4047s
[t=   1272.1348][DISPATCH              ] wf=5 task=500 vm=40
[t=   1272.4858][TASK-COMPLETE         ] task=1095 wf=11 vm=33(reserved) actualCPU=17.6540s
[t=   1272.4858][DISPATCH              ] wf=11 task=1120 vm=33
[t=   1275.7458][TASK-COMPLETE         ] task=1328 wf=13 vm=11(reserved) actualCPU=577.4380s
[t=   1275.7458][DISPATCH              ] wf=11 task=1127 vm=11
[t=   1276.4778][TASK-COMPLETE         ] task=1126 wf=11 vm=41(reserved) actualCPU=584.4737s
[t=   1276.4778][DISPATCH              ] wf=11 task=1123 vm=41
[t=   1278.5908][TASK-COMPLETE         ] task=1325 wf=13 vm=9(reserved) actualCPU=532.4230s
[t=   1278.5908][DISPATCH              ] wf=5 task=501 vm=9
[t=   1279.6128][TASK-COMPLETE         ] task=1307 wf=13 vm=29(reserved) actualCPU=14.9780s
[t=   1279.6128][DISPATCH              ] wf=7 task=730 vm=29
[t=   1281.5608][TASK-COMPLETE         ] task=1134 wf=11 vm=31(reserved) actualCPU=582.5060s
[t=   1281.5608][DISPATCH              ] wf=8 task=833 vm=31
[t=   1282.2208][TASK-COMPLETE         ] task=484 wf=4 vm=24(reserved) actualCPU=1204.9143s
[t=   1282.2208][DISPATCH              ] wf=11 task=1110 vm=24
[t=   1282.8548][TASK-COMPLETE         ] task=701 wf=7 vm=27(reserved) actualCPU=17.9470s
[t=   1282.8548][DISPATCH              ] wf=11 task=1118 vm=27
[t=   1284.2208][TASK-COMPLETE         ] task=1106 wf=11 vm=44(reserved) actualCPU=19.8610s
[t=   1284.2208][DISPATCH              ] wf=13 task=1330 vm=44
[t=   1289.6358][TASK-COMPLETE         ] task=500 wf=5 vm=40(reserved) actualCPU=17.5010s
[t=   1289.6358][DISPATCH              ] wf=8 task=813 vm=40
[t=   1290.1348][TASK-COMPLETE         ] task=1298 wf=13 vm=38(reserved) actualCPU=18.7200s
[t=   1290.1348][DISPATCH              ] wf=7 task=724 vm=38
[t=   1294.8378][TASK-COMPLETE         ] task=1326 wf=13 vm=15(reserved) actualCPU=598.8450s
[t=   1294.8378][DISPATCH              ] wf=11 task=1129 vm=15
[t=   1296.5038][TASK-COMPLETE         ] task=501 wf=5 vm=9(reserved) actualCPU=17.9130s
[t=   1296.5038][DISPATCH              ] wf=7 task=703 vm=9
[t=   1297.4018][TASK-COMPLETE         ] task=1110 wf=11 vm=24(reserved) actualCPU=15.1810s
[t=   1297.4018][DISPATCH              ] wf=5 task=523 vm=24
[t=   1309.4798][TASK-COMPLETE         ] task=813 wf=8 vm=40(reserved) actualCPU=19.8440s
[t=   1309.4798][DISPATCH              ] wf=13 task=1321 vm=40
[t=   1311.7598][TASK-COMPLETE         ] task=703 wf=7 vm=9(reserved) actualCPU=15.2560s
[t=   1311.7598][DISPATCH              ] wf=13 task=1290 vm=9
[t=   1328.6468][TASK-COMPLETE         ] task=728 wf=7 vm=39(reserved) actualCPU=659.9630s
[t=   1328.6468][DISPATCH              ] wf=5 task=524 vm=39
[t=   1329.8238][TASK-COMPLETE         ] task=1290 wf=13 vm=9(reserved) actualCPU=18.0640s
[t=   1329.8238][DISPATCH              ] wf=11 task=1133 vm=9
[t=   1344.6578][TASK-COMPLETE         ] task=834 wf=8 vm=16(reserved) actualCPU=670.4500s
[t=   1344.6578][DISPATCH              ] wf=8 task=807 vm=16
[t=   1344.8438][TASK-COMPLETE         ] task=1314 wf=13 vm=49(reserved) actualCPU=664.1387s
[t=   1344.8438][DISPATCH              ] wf=11 task=1094 vm=49
[t=   1357.5958][TASK-COMPLETE         ] task=1130 wf=11 vm=25(reserved) actualCPU=429.9630s
[t=   1357.5958][DISPATCH              ] wf=7 task=726 vm=25
[t=   1360.1308][TASK-COMPLETE         ] task=1094 wf=11 vm=49(reserved) actualCPU=15.2870s
[t=   1360.1308][DISPATCH              ] wf=8 task=809 vm=49
[t=   1363.0378][TASK-COMPLETE         ] task=807 wf=8 vm=16(reserved) actualCPU=18.3800s
[t=   1363.0378][DISPATCH              ] wf=8 task=836 vm=16
[t=   1378.9118][TASK-COMPLETE         ] task=1128 wf=11 vm=36(reserved) actualCPU=706.2450s
[t=   1378.9118][DISPATCH              ] wf=13 task=1313 vm=36
[t=   1381.6408][TASK-COMPLETE         ] task=809 wf=8 vm=49(reserved) actualCPU=21.5100s
[t=   1381.6408][DISPATCH              ] wf=11 task=1101 vm=49
[t=   1388.2388][TASK-COMPLETE         ] task=1319 wf=13 vm=10(reserved) actualCPU=458.7090s
[t=   1388.2388][DISPATCH              ] wf=11 task=1117 vm=10
[t=   1388.7298][TASK-COMPLETE         ] task=1312 wf=13 vm=18(reserved) actualCPU=460.2070s
[t=   1388.7298][DISPATCH              ] wf=8 task=830 vm=18
[t=   1401.0208][TASK-COMPLETE         ] task=1101 wf=11 vm=49(reserved) actualCPU=19.3800s
[t=   1401.0208][DISPATCH              ] wf=8 task=796 vm=49
[t=   1404.4238][TASK-COMPLETE         ] task=815 wf=8 vm=8(reserved) actualCPU=471.0170s
[t=   1404.4238][DISPATCH              ] wf=13 task=1304 vm=8
[t=   1415.8668][TASK-COMPLETE         ] task=829 wf=8 vm=37(reserved) actualCPU=491.1150s
[t=   1415.8668][DISPATCH              ] wf=13 task=1306 vm=37
[t=   1418.5698][TASK-COMPLETE         ] task=796 wf=8 vm=49(reserved) actualCPU=17.5490s
[t=   1418.5698][DISPATCH              ] wf=13 task=1301 vm=49
[t=   1419.5988][TASK-COMPLETE         ] task=731 wf=7 vm=28(reserved) actualCPU=768.6277s
[t=   1419.5988][DISPATCH              ] wf=7 task=693 vm=28
[t=   1421.6788][TASK-COMPLETE         ] task=1304 wf=13 vm=8(reserved) actualCPU=17.2550s
[t=   1421.6788][DISPATCH              ] wf=7 task=702 vm=8
[t=   1423.1038][TASK-COMPLETE         ] task=1331 wf=13 vm=45(reserved) actualCPU=514.7420s
[t=   1423.1038][DISPATCH              ] wf=8 task=832 vm=45
[t=   1434.2408][TASK-COMPLETE         ] task=1301 wf=13 vm=49(reserved) actualCPU=15.6710s
[t=   1434.2408][DISPATCH              ] wf=11 task=1124 vm=49
[t=   1435.4828][TASK-COMPLETE         ] task=1306 wf=13 vm=37(reserved) actualCPU=19.6160s
[t=   1435.4828][DISPATCH              ] wf=8 task=819 vm=37
[t=   1436.1338][TASK-COMPLETE         ] task=1132 wf=11 vm=48(reserved) actualCPU=501.5910s
[t=   1436.1338][DISPATCH              ] wf=8 task=804 vm=48
[t=   1436.5078][TASK-COMPLETE         ] task=693 wf=7 vm=28(reserved) actualCPU=16.9090s
[t=   1436.5078][DISPATCH              ] wf=7 task=713 vm=28
[t=   1438.0998][TASK-COMPLETE         ] task=831 wf=8 vm=26(reserved) actualCPU=767.4180s
[t=   1438.0998][DISPATCH              ] wf=13 task=1327 vm=26
[t=   1440.6638][TASK-COMPLETE         ] task=702 wf=7 vm=8(reserved) actualCPU=18.9850s
[t=   1440.6638][DISPATCH              ] wf=13 task=1324 vm=8
[t=   1451.3688][TASK-COMPLETE         ] task=187 wf=1 vm=5(reserved) actualCPU=1412.3341s
[t=   1451.3688][DISPATCH              ] wf=7 task=716 vm=5
[t=   1451.6948][TASK-COMPLETE         ] task=804 wf=8 vm=48(reserved) actualCPU=15.5610s
[t=   1451.6948][DISPATCH              ] wf=13 task=1329 vm=48
[t=   1453.7468][TASK-COMPLETE         ] task=713 wf=7 vm=28(reserved) actualCPU=17.2390s
[t=   1453.7468][DISPATCH              ] wf=7 task=725 vm=28
[t=   1476.4798][TASK-COMPLETE         ] task=526 wf=5 vm=0(reserved) actualCPU=245.8600s
[t=   1476.4798][DISPATCH              ] wf=8 task=827 vm=0
[t=   1514.4798][TASK-COMPLETE         ] task=523 wf=5 vm=24(reserved) actualCPU=217.0780s
[t=   1514.4798][DISPATCH              ] wf=8 task=793 vm=24
[t=   1529.4138][TASK-COMPLETE         ] task=822 wf=8 vm=14(reserved) actualCPU=445.0920s
[t=   1529.4138][DISPATCH              ] wf=7 task=736 vm=14
[t=   1533.2028][TASK-COMPLETE         ] task=793 wf=8 vm=24(reserved) actualCPU=18.7230s
[t=   1533.2028][DISPATCH              ] wf=7 task=698 vm=24
[t=   1537.2658][TASK-COMPLETE         ] task=1120 wf=11 vm=33(reserved) actualCPU=264.7800s
[t=   1537.2658][DISPATCH              ] wf=13 task=1293 vm=33
[t=   1537.4808][TASK-COMPLETE         ] task=1118 wf=11 vm=27(reserved) actualCPU=254.6260s
[t=   1537.4808][DISPATCH              ] wf=13 task=1300 vm=27
[t=   1539.8428][TASK-COMPLETE         ] task=735 wf=7 vm=17(reserved) actualCPU=508.5590s
[t=   1539.8428][DISPATCH              ] wf=8 task=816 vm=17
[t=   1540.6688][TASK-COMPLETE         ] task=524 wf=5 vm=39(reserved) actualCPU=212.0220s
[t=   1540.6688][DISPATCH              ] wf=8 task=803 vm=39
[t=   1551.9048][TASK-COMPLETE         ] task=152 wf=1 vm=6(reserved) actualCPU=1512.8701s
[t=   1551.9048][DISPATCH              ] wf=8 task=802 vm=6
[t=   1552.9228][TASK-COMPLETE         ] task=698 wf=7 vm=24(reserved) actualCPU=19.7200s
[t=   1552.9228][DISPATCH              ] wf=7 task=700 vm=24
[t=   1553.5478][TASK-COMPLETE         ] task=1293 wf=13 vm=33(reserved) actualCPU=16.2820s
[t=   1553.5478][DISPATCH              ] wf=7 task=721 vm=33
[t=   1555.0688][TASK-COMPLETE         ] task=1300 wf=13 vm=27(reserved) actualCPU=17.5880s
[t=   1555.0688][DISPATCH              ] wf=13 task=1316 vm=27
[t=   1558.0988][TASK-COMPLETE         ] task=803 wf=8 vm=39(reserved) actualCPU=17.4300s
[t=   1558.0988][DISPATCH              ] wf=13 task=1323 vm=39
[t=   1566.9498][TASK-COMPLETE         ] task=449 wf=4 vm=23(reserved) actualCPU=1489.6433s
[t=   1566.9498][DISPATCH              ] wf=8 task=826 vm=23
[t=   1567.7938][TASK-COMPLETE         ] task=700 wf=7 vm=24(reserved) actualCPU=14.8710s
[t=   1567.7938][DISPATCH              ] wf=7 task=697 vm=24
[t=   1571.3498][TASK-COMPLETE         ] task=802 wf=8 vm=6(reserved) actualCPU=19.4450s
[t=   1571.3498][DISPATCH              ] wf=7 task=723 vm=6
[t=   1575.0268][TASK-COMPLETE         ] task=719 wf=7 vm=35(reserved) actualCPU=387.4360s
[t=   1575.0268][DISPATCH              ] wf=8 task=825 vm=35
[t=   1582.7498][TASK-COMPLETE         ] task=732 wf=7 vm=13(reserved) actualCPU=360.1640s
[t=   1582.7498][DISPATCH              ] wf=13 task=1299 vm=13
[t=   1585.5448][TASK-COMPLETE         ] task=697 wf=7 vm=24(reserved) actualCPU=17.7510s
[t=   1585.5448][DISPATCH              ] wf=8 task=798 vm=24
[t=   1600.8778][TASK-COMPLETE         ] task=1299 wf=13 vm=13(reserved) actualCPU=18.1280s
[t=   1600.8778][DISPATCH              ] wf=13 task=1295 vm=13
[t=   1601.5858][TASK-COMPLETE         ] task=727 wf=7 vm=7(reserved) actualCPU=356.0720s
[t=   1601.5858][DISPATCH              ] wf=8 task=800 vm=7
[t=   1605.3338][TASK-COMPLETE         ] task=798 wf=8 vm=24(reserved) actualCPU=19.7890s
[t=   1605.3338][DISPATCH              ] wf=7 task=720 vm=24
[t=   1610.2558][TASK-COMPLETE         ] task=1117 wf=11 vm=10(reserved) actualCPU=222.0170s
[t=   1610.2558][DISPATCH              ] wf=13 task=1322 vm=10
[t=   1618.2578][TASK-COMPLETE         ] task=730 wf=7 vm=29(reserved) actualCPU=338.6450s
[t=   1618.2578][DISPATCH              ] wf=13 task=1294 vm=29
[t=   1619.1668][TASK-COMPLETE         ] task=1295 wf=13 vm=13(reserved) actualCPU=18.2890s
[t=   1619.1668][DISPATCH              ] wf=8 task=821 vm=13
[t=   1621.5098][TASK-COMPLETE         ] task=818 wf=8 vm=43(reserved) actualCPU=431.9080s
[t=   1621.5098][DISPATCH              ] wf=13 task=1318 vm=43
[t=   1621.8038][TASK-COMPLETE         ] task=800 wf=8 vm=7(reserved) actualCPU=20.2180s
[t=   1621.8038][DISPATCH              ] wf=8 task=797 vm=7
[t=   1629.1448][TASK-COMPLETE         ] task=1127 wf=11 vm=11(reserved) actualCPU=353.3990s
[t=   1629.1448][DISPATCH              ] wf=8 task=823 vm=11
[t=   1629.8238][TASK-COMPLETE         ] task=1123 wf=11 vm=41(reserved) actualCPU=353.3460s
[t=   1629.8238][DISPATCH              ] wf=13 task=1297 vm=41
[t=   1634.3678][TASK-COMPLETE         ] task=1129 wf=11 vm=15(reserved) actualCPU=339.5300s
[t=   1634.3678][DISPATCH              ] wf=13 task=1310 vm=15
[t=   1635.5888][TASK-COMPLETE         ] task=1315 wf=13 vm=32(reserved) actualCPU=403.5370s
[t=   1635.5888][DISPATCH              ] wf=5 task=542 vm=32
[t=   1638.0848][TASK-COMPLETE         ] task=1294 wf=13 vm=29(reserved) actualCPU=19.8270s
[t=   1638.0848][DISPATCH              ] wf=5 task=541 vm=29
[t=   1639.4378][TASK-COMPLETE         ] task=724 wf=7 vm=38(reserved) actualCPU=349.3030s
[t=   1639.4378][DISPATCH              ] wf=13 task=1317 vm=38
[t=   1641.4408][TASK-COMPLETE         ] task=542 wf=5 vm=32(reserved) actualCPU=5.8520s
[t=   1641.4408][DISPATCH              ] wf=11 task=1135 vm=32
[t=   1642.3788][TASK-COMPLETE         ] task=797 wf=8 vm=7(reserved) actualCPU=20.5750s
[t=   1642.3788][DISPATCH              ] wf=5 task=557 vm=7
[t=   1643.3188][TASK-COMPLETE         ] task=541 wf=5 vm=29(reserved) actualCPU=5.2340s
[t=   1643.3188][DISPATCH              ] wf=8 task=820 vm=29
[t=   1646.0968][TASK-COMPLETE         ] task=557 wf=5 vm=7(reserved) actualCPU=3.7180s
[t=   1646.0968][DISPATCH              ] wf=5 task=546 vm=7
[t=   1647.1258][TASK-COMPLETE         ] task=1135 wf=11 vm=32(reserved) actualCPU=5.6850s
[t=   1647.1258][DISPATCH              ] wf=5 task=581 vm=32
[t=   1647.8338][TASK-COMPLETE         ] task=1297 wf=13 vm=41(reserved) actualCPU=18.0100s
[t=   1647.8338][DISPATCH              ] wf=11 task=1140 vm=41
[t=   1651.3818][TASK-COMPLETE         ] task=824 wf=8 vm=46(reserved) actualCPU=420.3640s
[t=   1651.3818][DISPATCH              ] wf=13 task=1320 vm=46
[t=   1651.4918][TASK-COMPLETE         ] task=546 wf=5 vm=7(reserved) actualCPU=5.3950s
[t=   1651.4918][DISPATCH              ] wf=5 task=549 vm=7
[t=   1652.4168][TASK-COMPLETE         ] task=1310 wf=13 vm=15(reserved) actualCPU=18.0490s
[t=   1652.4168][DISPATCH              ] wf=5 task=570 vm=15
[t=   1652.4688][TASK-COMPLETE         ] task=1140 wf=11 vm=41(reserved) actualCPU=4.6350s
[t=   1652.4688][DISPATCH              ] wf=13 task=1333 vm=41
[t=   1656.3208][TASK-COMPLETE         ] task=549 wf=5 vm=7(reserved) actualCPU=4.8290s
[t=   1656.3208][DISPATCH              ] wf=11 task=1164 vm=7
[t=   1667.9358][TASK-COMPLETE         ] task=835 wf=8 vm=42(reserved) actualCPU=483.4120s
[t=   1667.9358][DISPATCH              ] wf=5 task=573 vm=42
[t=   1671.7718][TASK-COMPLETE         ] task=737 wf=7 vm=47(reserved) actualCPU=495.9680s
[t=   1671.7718][DISPATCH              ] wf=5 task=556 vm=47
[t=   1673.5068][TASK-COMPLETE         ] task=726 wf=7 vm=25(reserved) actualCPU=315.9110s
[t=   1673.5068][DISPATCH              ] wf=5 task=543 vm=25
[t=   1675.8848][TASK-COMPLETE         ] task=556 wf=5 vm=47(reserved) actualCPU=4.1130s
[t=   1675.8848][DISPATCH              ] wf=7 task=739 vm=47
[t=   1677.9918][TASK-COMPLETE         ] task=543 wf=5 vm=25(reserved) actualCPU=4.4850s
[t=   1677.9918][DISPATCH              ] wf=5 task=580 vm=25
[t=   1681.1558][TASK-COMPLETE         ] task=833 wf=8 vm=31(reserved) actualCPU=399.5950s
[t=   1681.1558][DISPATCH              ] wf=5 task=564 vm=31
[t=   1682.1878][TASK-COMPLETE         ] task=739 wf=7 vm=47(reserved) actualCPU=6.3030s
[t=   1682.1878][DISPATCH              ] wf=5 task=552 vm=47
[t=   1685.5358][TASK-COMPLETE         ] task=1321 wf=13 vm=40(reserved) actualCPU=376.0560s
[t=   1685.5358][DISPATCH              ] wf=7 task=754 vm=40
[t=   1687.1438][TASK-COMPLETE         ] task=564 wf=5 vm=31(reserved) actualCPU=5.9880s
[t=   1687.1438][DISPATCH              ] wf=7 task=758 vm=31
[t=   1687.5918][TASK-COMPLETE         ] task=552 wf=5 vm=47(reserved) actualCPU=5.4040s
[t=   1687.5918][DISPATCH              ] wf=5 task=588 vm=47
[t=   1689.8338][TASK-COMPLETE         ] task=754 wf=7 vm=40(reserved) actualCPU=4.2980s
[t=   1689.8338][DISPATCH              ] wf=5 task=545 vm=40
[t=   1690.9058][TASK-COMPLETE         ] task=758 wf=7 vm=31(reserved) actualCPU=3.7620s
[t=   1690.9058][DISPATCH              ] wf=7 task=778 vm=31
[t=   1694.6358][TASK-COMPLETE         ] task=837 wf=8 vm=12(reserved) actualCPU=475.2150s
[t=   1694.6358][DISPATCH              ] wf=7 task=782 vm=12
[t=   1695.5628][TASK-COMPLETE         ] task=545 wf=5 vm=40(reserved) actualCPU=5.7290s
[t=   1695.5628][DISPATCH              ] wf=7 task=753 vm=40
[t=   1700.0618][TASK-COMPLETE         ] task=753 wf=7 vm=40(reserved) actualCPU=4.4990s
[t=   1700.0618][DISPATCH              ] wf=5 task=576 vm=40
[t=   1702.5618][TASK-COMPLETE         ] task=1330 wf=13 vm=44(reserved) actualCPU=418.3410s
[t=   1702.5618][DISPATCH              ] wf=7 task=777 vm=44
[t=   1730.2218][TASK-COMPLETE         ] task=1334 wf=13 vm=30(reserved) actualCPU=572.8660s
[t=   1730.2218][DISPATCH              ] wf=5 task=569 vm=30
[t=   1730.6508][TASK-COMPLETE         ] task=1124 wf=11 vm=49(reserved) actualCPU=296.4100s
[t=   1730.6508][DISPATCH              ] wf=5 task=567 vm=49
[t=   1734.1268][TASK-COMPLETE         ] task=1313 wf=13 vm=36(reserved) actualCPU=355.2150s
[t=   1734.1268][DISPATCH              ] wf=11 task=1136 vm=36
[t=   1736.2418][TASK-COMPLETE         ] task=567 wf=5 vm=49(reserved) actualCPU=5.5910s
[t=   1736.2418][DISPATCH              ] wf=7 task=755 vm=49
[t=   1739.0978][TASK-COMPLETE         ] task=1136 wf=11 vm=36(reserved) actualCPU=4.9710s
[t=   1739.0978][DISPATCH              ] wf=5 task=591 vm=36
[t=   1742.0398][TASK-COMPLETE         ] task=755 wf=7 vm=49(reserved) actualCPU=5.7980s
[t=   1742.0398][DISPATCH              ] wf=11 task=1151 vm=49
[t=   1744.6988][TASK-COMPLETE         ] task=725 wf=7 vm=28(reserved) actualCPU=290.9520s
[t=   1744.6988][DISPATCH              ] wf=11 task=1150 vm=28
[t=   1746.7148][TASK-COMPLETE         ] task=1151 wf=11 vm=49(reserved) actualCPU=4.6750s
[t=   1746.7148][DISPATCH              ] wf=5 task=547 vm=49
[t=   1747.6608][TASK-COMPLETE         ] task=716 wf=7 vm=5(reserved) actualCPU=296.2920s
[t=   1747.6608][DISPATCH              ] wf=11 task=1175 vm=5
[t=   1749.0728][TASK-COMPLETE         ] task=1133 wf=11 vm=9(reserved) actualCPU=419.2490s
[t=   1749.0728][DISPATCH              ] wf=7 task=779 vm=9
[t=   1749.3198][TASK-COMPLETE         ] task=1150 wf=11 vm=28(reserved) actualCPU=4.6210s
[t=   1749.3198][DISPATCH              ] wf=7 task=752 vm=28
[t=   1751.7228][TASK-COMPLETE         ] task=547 wf=5 vm=49(reserved) actualCPU=5.0080s
[t=   1751.7228][DISPATCH              ] wf=11 task=1174 vm=49
[t=   1752.7358][TASK-COMPLETE         ] task=830 wf=8 vm=18(reserved) actualCPU=364.0060s
[t=   1752.7358][DISPATCH              ] wf=5 task=571 vm=18
[t=   1753.8668][TASK-COMPLETE         ] task=752 wf=7 vm=28(reserved) actualCPU=4.5470s
[t=   1753.8668][DISPATCH              ] wf=5 task=565 vm=28
[t=   1759.5758][TASK-COMPLETE         ] task=565 wf=5 vm=28(reserved) actualCPU=5.7090s
[t=   1759.5758][DISPATCH              ] wf=7 task=776 vm=28
[t=   1776.4018][TASK-COMPLETE         ] task=832 wf=8 vm=45(reserved) actualCPU=353.2980s
[t=   1776.4018][DISPATCH              ] wf=5 task=589 vm=45
[t=   1781.8558][TASK-COMPLETE         ] task=819 wf=8 vm=37(reserved) actualCPU=346.3730s
[t=   1781.8558][DISPATCH              ] wf=11 task=1139 vm=37
[t=   1788.1498][TASK-COMPLETE         ] task=836 wf=8 vm=16(reserved) actualCPU=425.1120s
[t=   1788.1498][DISPATCH              ] wf=11 task=1137 vm=16
[t=   1788.1608][TASK-COMPLETE         ] task=1139 wf=11 vm=37(reserved) actualCPU=6.3050s
[t=   1788.1608][DISPATCH              ] wf=5 task=555 vm=37
[t=   1792.0328][TASK-COMPLETE         ] task=1137 wf=11 vm=16(reserved) actualCPU=3.8830s
[t=   1792.0328][DISPATCH              ] wf=11 task=1163 vm=16
[t=   1792.2258][TASK-COMPLETE         ] task=555 wf=5 vm=37(reserved) actualCPU=4.0650s
[t=   1792.2258][DISPATCH              ] wf=11 task=1161 vm=37
[t=   1797.0448][TASK-COMPLETE         ] task=1161 wf=11 vm=37(reserved) actualCPU=4.8190s
[t=   1797.0448][DISPATCH              ] wf=5 task=579 vm=37
[t=   1801.4138][TASK-COMPLETE         ] task=1327 wf=13 vm=26(reserved) actualCPU=363.3140s
[t=   1801.4138][DISPATCH              ] wf=11 task=1185 vm=26
[t=   1803.8968][TASK-COMPLETE         ] task=1324 wf=13 vm=8(reserved) actualCPU=363.2330s
[t=   1803.8968][DISPATCH              ] wf=5 task=548 vm=8
[t=   1805.3778][TASK-COMPLETE         ] task=827 wf=8 vm=0(reserved) actualCPU=328.8980s
[t=   1805.3778][DISPATCH              ] wf=8 task=840 vm=0
[t=   1808.1798][TASK-COMPLETE         ] task=548 wf=5 vm=8(reserved) actualCPU=4.2830s
[t=   1808.1798][DISPATCH              ] wf=5 task=561 vm=8
[t=   1810.5008][TASK-COMPLETE         ] task=840 wf=8 vm=0(reserved) actualCPU=5.1230s
[t=   1810.5008][DISPATCH              ] wf=5 task=572 vm=0
[t=   1811.3688][TASK-COMPLETE         ] task=1329 wf=13 vm=48(reserved) actualCPU=359.6740s
[t=   1811.3688][DISPATCH              ] wf=8 task=861 vm=48
[t=   1811.4518][TASK-COMPLETE         ] task=723 wf=7 vm=6(reserved) actualCPU=240.1020s
[t=   1811.4518][DISPATCH              ] wf=11 task=1146 vm=6
[t=   1812.6718][TASK-COMPLETE         ] task=561 wf=5 vm=8(reserved) actualCPU=4.4920s
[t=   1812.6718][DISPATCH              ] wf=5 task=544 vm=8
[t=   1813.5458][TASK-COMPLETE         ] task=1332 wf=13 vm=34(reserved) actualCPU=551.6130s
[t=   1813.5458][DISPATCH              ] wf=5 task=585 vm=34
[t=   1814.9178][TASK-COMPLETE         ] task=721 wf=7 vm=33(reserved) actualCPU=261.3700s
[t=   1814.9178][DISPATCH              ] wf=5 task=558 vm=33
[t=   1816.7408][TASK-COMPLETE         ] task=861 wf=8 vm=48(reserved) actualCPU=5.3720s
[t=   1816.7408][DISPATCH              ] wf=7 task=757 vm=48
[t=   1816.7918][TASK-COMPLETE         ] task=1146 wf=11 vm=6(reserved) actualCPU=5.3400s
[t=   1816.7918][DISPATCH              ] wf=8 task=885 vm=6
[t=   1817.5108][TASK-COMPLETE         ] task=544 wf=5 vm=8(reserved) actualCPU=4.8390s
[t=   1817.5108][DISPATCH              ] wf=11 task=1170 vm=8
[t=   1818.5668][TASK-COMPLETE         ] task=720 wf=7 vm=24(reserved) actualCPU=213.2330s
[t=   1818.5668][DISPATCH              ] wf=5 task=568 vm=24
[t=   1820.5608][TASK-COMPLETE         ] task=558 wf=5 vm=33(reserved) actualCPU=5.6430s
[t=   1820.5608][DISPATCH              ] wf=7 task=738 vm=33
[t=   1822.0858][TASK-COMPLETE         ] task=757 wf=7 vm=48(reserved) actualCPU=5.3450s
[t=   1822.0858][DISPATCH              ] wf=5 task=582 vm=48
[t=   1826.1098][TASK-COMPLETE         ] task=738 wf=7 vm=33(reserved) actualCPU=5.5490s
[t=   1826.1098][DISPATCH              ] wf=11 task=1141 vm=33
[t=   1831.0108][TASK-COMPLETE         ] task=1141 wf=11 vm=33(reserved) actualCPU=4.9010s
[t=   1831.0108][DISPATCH              ] wf=7 task=743 vm=33
[t=   1837.2288][TASK-COMPLETE         ] task=743 wf=7 vm=33(reserved) actualCPU=6.2180s
[t=   1837.2288][DISPATCH              ] wf=7 task=742 vm=33
[t=   1842.5618][TASK-COMPLETE         ] task=1316 wf=13 vm=27(reserved) actualCPU=287.4930s
[t=   1842.5618][DISPATCH              ] wf=7 task=767 vm=27
[t=   1842.8298][TASK-COMPLETE         ] task=742 wf=7 vm=33(reserved) actualCPU=5.6010s
[t=   1842.8298][DISPATCH              ] wf=7 task=746 vm=33
[t=   1847.5168][TASK-COMPLETE         ] task=1318 wf=13 vm=43(reserved) actualCPU=226.0070s
[t=   1847.5168][DISPATCH              ] wf=7 task=766 vm=43
[t=   1847.8158][TASK-COMPLETE         ] task=746 wf=7 vm=33(reserved) actualCPU=4.9860s
[t=   1847.8158][DISPATCH              ] wf=7 task=745 vm=33
[t=   1850.9548][TASK-COMPLETE         ] task=816 wf=8 vm=17(reserved) actualCPU=311.1120s
[t=   1850.9548][DISPATCH              ] wf=7 task=770 vm=17
[t=   1852.3598][TASK-COMPLETE         ] task=1322 wf=13 vm=10(reserved) actualCPU=242.1040s
[t=   1852.3598][DISPATCH              ] wf=7 task=744 vm=10
[t=   1852.4298][TASK-COMPLETE         ] task=745 wf=7 vm=33(reserved) actualCPU=4.6140s
[t=   1852.4298][DISPATCH              ] wf=7 task=749 vm=33
[t=   1852.9128][TASK-COMPLETE         ] task=1317 wf=13 vm=38(reserved) actualCPU=213.4750s
[t=   1852.9128][DISPATCH              ] wf=7 task=769 vm=38
[t=   1853.3638][TASK-COMPLETE         ] task=1320 wf=13 vm=46(reserved) actualCPU=201.9820s
[t=   1853.3638][DISPATCH              ] wf=7 task=781 vm=46
[t=   1856.4608][TASK-COMPLETE         ] task=826 wf=8 vm=23(reserved) actualCPU=289.5110s
[t=   1856.4608][DISPATCH              ] wf=13 task=1335 vm=23
[t=   1857.1398][TASK-COMPLETE         ] task=744 wf=7 vm=10(reserved) actualCPU=4.7800s
[t=   1857.1398][DISPATCH              ] wf=8 task=839 vm=10
[t=   1857.7228][TASK-COMPLETE         ] task=749 wf=7 vm=33(reserved) actualCPU=5.2930s
[t=   1857.7228][DISPATCH              ] wf=7 task=768 vm=33
[t=   1859.5638][TASK-COMPLETE         ] task=820 wf=8 vm=29(reserved) actualCPU=216.2450s
[t=   1859.5638][DISPATCH              ] wf=7 task=773 vm=29
[t=   1861.4488][TASK-COMPLETE         ] task=825 wf=8 vm=35(reserved) actualCPU=286.4220s
[t=   1861.4488][DISPATCH              ] wf=11 task=1165 vm=35
[t=   1862.1658][TASK-COMPLETE         ] task=1335 wf=13 vm=23(reserved) actualCPU=5.7050s
[t=   1862.1658][DISPATCH              ] wf=11 task=1143 vm=23
[t=   1862.6648][TASK-COMPLETE         ] task=839 wf=8 vm=10(reserved) actualCPU=5.5250s
[t=   1862.6648][DISPATCH              ] wf=13 task=1339 vm=10
[t=   1863.0508][TASK-COMPLETE         ] task=821 wf=8 vm=13(reserved) actualCPU=243.8840s
[t=   1863.0508][DISPATCH              ] wf=8 task=854 vm=13
[t=   1866.7328][TASK-COMPLETE         ] task=1143 wf=11 vm=23(reserved) actualCPU=4.5670s
[t=   1866.7328][DISPATCH              ] wf=8 task=853 vm=23
[t=   1867.5568][TASK-COMPLETE         ] task=854 wf=8 vm=13(reserved) actualCPU=4.5060s
[t=   1867.5568][DISPATCH              ] wf=8 task=858 vm=13
[t=   1868.6138][TASK-COMPLETE         ] task=823 wf=8 vm=11(reserved) actualCPU=239.4690s
[t=   1868.6138][DISPATCH              ] wf=8 task=878 vm=11
[t=   1869.0728][TASK-COMPLETE         ] task=1339 wf=13 vm=10(reserved) actualCPU=6.4080s
[t=   1869.0728][DISPATCH              ] wf=8 task=838 vm=10
[t=   1870.4238][TASK-COMPLETE         ] task=1323 wf=13 vm=39(reserved) actualCPU=312.3250s
[t=   1870.4238][DISPATCH              ] wf=13 task=1363 vm=39
[t=   1871.6218][TASK-COMPLETE         ] task=853 wf=8 vm=23(reserved) actualCPU=4.8890s
[t=   1871.6218][DISPATCH              ] wf=13 task=1336 vm=23
[t=   1872.4918][TASK-COMPLETE         ] task=858 wf=8 vm=13(reserved) actualCPU=4.9350s
[t=   1872.4918][DISPATCH              ] wf=8 task=877 vm=13
[t=   1874.9438][TASK-COMPLETE         ] task=838 wf=8 vm=10(reserved) actualCPU=5.8710s
[t=   1874.9438][DISPATCH              ] wf=8 task=882 vm=10
[t=   1877.8868][TASK-COMPLETE         ] task=1336 wf=13 vm=23(reserved) actualCPU=6.2650s
[t=   1877.8868][DISPATCH              ] wf=8 task=842 vm=23
[t=   1883.6888][TASK-COMPLETE         ] task=842 wf=8 vm=23(reserved) actualCPU=5.8020s
[t=   1883.6888][DISPATCH              ] wf=8 task=841 vm=23
[t=   1889.0598][TASK-COMPLETE         ] task=841 wf=8 vm=23(reserved) actualCPU=5.3710s
[t=   1889.0598][DISPATCH              ] wf=8 task=866 vm=23
[t=   1903.0308][TASK-COMPLETE         ] task=421 wf=4 vm=22(reserved) actualCPU=1825.7243s
[t=   1903.0308][DISPATCH              ] wf=8 task=865 vm=22
[t=   1917.8338][TASK-COMPLETE         ] task=736 wf=7 vm=14(reserved) actualCPU=388.4200s
[t=   1917.8338][DISPATCH              ] wf=13 task=1351 vm=14
[t=   1921.9198][TASK-COMPLETE         ] task=1351 wf=13 vm=14(reserved) actualCPU=4.0860s
[t=   1921.9198][DISPATCH              ] wf=8 task=843 vm=14
[t=   1927.4508][TASK-COMPLETE         ] task=843 wf=8 vm=14(reserved) actualCPU=5.5310s
[t=   1927.4508][DISPATCH              ] wf=13 task=1375 vm=14
[t=   1947.4158][TASK-COMPLETE         ] task=124 wf=1 vm=4(reserved) actualCPU=1908.3811s
[t=   1947.4158][DISPATCH              ] wf=8 task=867 vm=4
[t=   2001.8308][TASK-COMPLETE         ] task=1333 wf=13 vm=41(reserved) actualCPU=349.3620s
[t=   2001.8308][DISPATCH              ] wf=8 task=849 vm=41
[t=   2006.3878][TASK-COMPLETE         ] task=190 wf=1 vm=2(reserved) actualCPU=1967.3531s
[t=   2006.3878][DISPATCH              ] wf=13 task=1350 vm=2
[t=   2006.7538][TASK-COMPLETE         ] task=849 wf=8 vm=41(reserved) actualCPU=4.9230s
[t=   2006.7538][DISPATCH              ] wf=7 task=740 vm=41
[t=   2009.8518][TASK-COMPLETE         ] task=1350 wf=13 vm=2(reserved) actualCPU=3.4640s
[t=   2009.8518][DISPATCH              ] wf=8 task=873 vm=2
[t=   2010.8108][TASK-COMPLETE         ] task=740 wf=7 vm=41(reserved) actualCPU=4.0570s
[t=   2010.8108][DISPATCH              ] wf=13 task=1374 vm=41
[t=   2082.0398][TASK-COMPLETE         ] task=121 wf=1 vm=3(reserved) actualCPU=2043.0051s
[t=   2082.0398][DISPATCH              ] wf=8 task=844 vm=3
[t=   2086.2728][TASK-COMPLETE         ] task=844 wf=8 vm=3(reserved) actualCPU=4.2330s
[t=   2086.2728][DISPATCH              ] wf=7 task=764 vm=3
[t=   2088.4118][TASK-COMPLETE         ] task=418 wf=4 vm=21(reserved) actualCPU=2011.1053s
[t=   2088.4118][DISPATCH              ] wf=8 task=868 vm=21
[t=   2091.7898][TASK-COMPLETE         ] task=764 wf=7 vm=3(reserved) actualCPU=5.5170s
[t=   2091.7898][DISPATCH              ] wf=13 task=1340 vm=3
[t=   2097.0608][TASK-COMPLETE         ] task=1340 wf=13 vm=3(reserved) actualCPU=5.2710s
[t=   2097.0608][DISPATCH              ] wf=7 task=788 vm=3
[t=   2207.8018][TASK-COMPLETE         ] task=487 wf=4 vm=20(reserved) actualCPU=2130.4953s
[t=   2207.8018][DISPATCH              ] wf=13 task=1364 vm=20
[t=   2207.8018][DISPATCH              ] wf=8 task=846 vm=159
[t=   2207.8018][DISPATCH              ] wf=7 task=761 vm=160
[t=   2212.5238][TASK-COMPLETE         ] task=846 wf=8 vm=159(on-demand) actualCPU=4.7220s cost=$0.004273
[t=   2212.5238][DISPATCH              ] wf=7 task=762 vm=159
[t=   2212.5238][DISPATCH              ] wf=13 task=1352 vm=161
[t=   2212.5238][DISPATCH              ] wf=8 task=870 vm=162
[t=   2214.0638][TASK-COMPLETE         ] task=761 wf=7 vm=160(on-demand) actualCPU=6.2620s cost=$0.005667
[t=   2214.0638][DISPATCH              ] wf=7 task=785 vm=160
[t=   2217.2408][TASK-COMPLETE         ] task=1352 wf=13 vm=161(on-demand) actualCPU=4.7170s cost=$0.004269
[t=   2217.2408][DISPATCH              ] wf=13 task=1376 vm=161
[t=   2217.7298][TASK-COMPLETE         ] task=762 wf=7 vm=159(on-demand) actualCPU=5.2060s cost=$0.004711
[t=   2217.7298][DISPATCH              ] wf=7 task=786 vm=159
[t=   2227.3238][TASK-COMPLETE         ] task=588 wf=5 vm=47(reserved) actualCPU=539.7320s
[t=   2227.3238][DISPATCH              ] wf=8 task=864 vm=47
[t=   2227.3238][DISPATCH              ] wf=13 task=1346 vm=163
[t=   2231.6128][TASK-COMPLETE         ] task=864 wf=8 vm=47(reserved) actualCPU=4.2890s
[t=   2231.6128][DISPATCH              ] wf=11 task=1167 vm=47
[t=   2231.6128][DISPATCH              ] wf=13 task=1349 vm=164
[t=   2231.6128][DISPATCH              ] wf=7 task=741 vm=165
[t=   2231.6128][DISPATCH              ] wf=11 task=1149 vm=166
[t=   2231.6128][DISPATCH              ] wf=8 task=888 vm=167
[t=   2232.9078][TASK-COMPLETE         ] task=1346 wf=13 vm=163(on-demand) actualCPU=5.5840s cost=$0.005054
[t=   2232.9078][DISPATCH              ] wf=5 task=560 vm=163
[t=   2232.9078][DISPATCH              ] wf=13 task=1370 vm=168
[t=   2234.9808][TASK-COMPLETE         ] task=576 wf=5 vm=40(reserved) actualCPU=534.9190s
[t=   2234.9808][DISPATCH              ] wf=13 task=1341 vm=40
[t=   2236.3028][TASK-COMPLETE         ] task=1149 wf=11 vm=166(on-demand) actualCPU=4.6900s cost=$0.004244
[t=   2236.3028][DISPATCH              ] wf=11 task=1173 vm=166
[t=   2236.8398][TASK-COMPLETE         ] task=741 wf=7 vm=165(on-demand) actualCPU=5.2270s cost=$0.004730
[t=   2236.8398][DISPATCH              ] wf=7 task=765 vm=165
[t=   2237.1788][TASK-COMPLETE         ] task=1349 wf=13 vm=164(on-demand) actualCPU=5.5660s cost=$0.005037
[t=   2237.1788][DISPATCH              ] wf=13 task=1373 vm=164
[t=   2238.3208][TASK-COMPLETE         ] task=560 wf=5 vm=163(on-demand) actualCPU=5.4130s cost=$0.004899
[t=   2238.3208][DISPATCH              ] wf=5 task=584 vm=163
[t=   2240.6568][TASK-COMPLETE         ] task=1341 wf=13 vm=40(reserved) actualCPU=5.6760s
[t=   2240.6568][DISPATCH              ] wf=5 task=554 vm=40
[t=   2242.9998][TASK-COMPLETE         ] task=582 wf=5 vm=48(reserved) actualCPU=420.9140s
[t=   2242.9998][DISPATCH              ] wf=13 task=1355 vm=48
[t=   2246.3888][TASK-COMPLETE         ] task=554 wf=5 vm=40(reserved) actualCPU=5.7320s
[t=   2246.3888][DISPATCH              ] wf=5 task=553 vm=40
[t=   2246.3888][DISPATCH              ] wf=13 task=1365 vm=169
[t=   2248.3868][TASK-COMPLETE         ] task=1355 wf=13 vm=48(reserved) actualCPU=5.3870s
[t=   2248.3868][DISPATCH              ] wf=5 task=578 vm=48
[t=   2249.9958][TASK-COMPLETE         ] task=553 wf=5 vm=40(reserved) actualCPU=3.6070s
[t=   2249.9958][DISPATCH              ] wf=13 task=1337 vm=40
[t=   2249.9958][DISPATCH              ] wf=5 task=577 vm=170
[t=   2252.4248][TASK-COMPLETE         ] task=568 wf=5 vm=24(reserved) actualCPU=433.8580s
[t=   2252.4248][DISPATCH              ] wf=13 task=1379 vm=24
[t=   2252.4248][DISPATCH              ] wf=7 task=751 vm=171
[t=   2253.6408][TASK-COMPLETE         ] task=585 wf=5 vm=34(reserved) actualCPU=440.0950s
[t=   2253.6408][DISPATCH              ] wf=13 task=1348 vm=34
[t=   2255.3568][TASK-COMPLETE         ] task=1337 wf=13 vm=40(reserved) actualCPU=5.3610s
[t=   2255.3568][DISPATCH              ] wf=11 task=1159 vm=40
[t=   2255.3568][DISPATCH              ] wf=13 task=1361 vm=172
[t=   2256.0708][TASK-COMPLETE         ] task=580 wf=5 vm=25(reserved) actualCPU=578.0790s
[t=   2256.0708][DISPATCH              ] wf=13 task=1338 vm=25
[t=   2257.7438][TASK-COMPLETE         ] task=751 wf=7 vm=171(on-demand) actualCPU=5.3190s cost=$0.004814
[t=   2257.7438][DISPATCH              ] wf=7 task=775 vm=171
[t=   2259.7178][TASK-COMPLETE         ] task=1348 wf=13 vm=34(reserved) actualCPU=6.0770s
[t=   2259.7178][DISPATCH              ] wf=8 task=852 vm=34
[t=   2259.7178][DISPATCH              ] wf=13 task=1372 vm=173
[t=   2260.7728][TASK-COMPLETE         ] task=1361 wf=13 vm=172(on-demand) actualCPU=5.4160s cost=$0.004901
[t=   2260.7728][DISPATCH              ] wf=13 task=1385 vm=172
[t=   2260.9798][TASK-COMPLETE         ] task=1338 wf=13 vm=25(reserved) actualCPU=4.9090s
[t=   2260.9798][DISPATCH              ] wf=8 task=857 vm=25
[t=   2261.3208][TASK-COMPLETE         ] task=591 wf=5 vm=36(reserved) actualCPU=522.2230s
[t=   2261.3208][DISPATCH              ] wf=13 task=1362 vm=36
[t=   2261.3308][TASK-COMPLETE         ] task=1159 wf=11 vm=40(reserved) actualCPU=5.9740s
[t=   2261.3308][DISPATCH              ] wf=11 task=1158 vm=40
[t=   2263.0398][TASK-COMPLETE         ] task=569 wf=5 vm=30(reserved) actualCPU=532.8180s
[t=   2263.0398][DISPATCH              ] wf=11 task=1183 vm=30
[t=   2264.6148][TASK-COMPLETE         ] task=852 wf=8 vm=34(reserved) actualCPU=4.8970s
[t=   2264.6148][DISPATCH              ] wf=11 task=1152 vm=34
[t=   2264.6148][DISPATCH              ] wf=8 task=876 vm=174
[t=   2264.6538][TASK-COMPLETE         ] task=571 wf=5 vm=18(reserved) actualCPU=511.9180s
[t=   2264.6538][DISPATCH              ] wf=13 task=1354 vm=18
[t=   2266.0088][TASK-COMPLETE         ] task=1158 wf=11 vm=40(reserved) actualCPU=4.6780s
[t=   2266.0088][DISPATCH              ] wf=11 task=1154 vm=40
[t=   2266.3468][TASK-COMPLETE         ] task=857 wf=8 vm=25(reserved) actualCPU=5.3670s
[t=   2266.3468][DISPATCH              ] wf=11 task=1182 vm=25
[t=   2268.8628][TASK-COMPLETE         ] task=573 wf=5 vm=42(reserved) actualCPU=600.9270s
[t=   2268.8628][DISPATCH              ] wf=8 task=881 vm=42
[t=   2269.8498][TASK-COMPLETE         ] task=1152 wf=11 vm=34(reserved) actualCPU=5.2350s
[t=   2269.8498][DISPATCH              ] wf=13 task=1358 vm=34
[t=   2270.1238][TASK-COMPLETE         ] task=1354 wf=13 vm=18(reserved) actualCPU=5.4700s
[t=   2270.1238][DISPATCH              ] wf=11 task=1176 vm=18
[t=   2270.7418][TASK-COMPLETE         ] task=1154 wf=11 vm=40(reserved) actualCPU=4.7330s
[t=   2270.7418][DISPATCH              ] wf=13 task=1378 vm=40
[t=   2271.6338][TASK-COMPLETE         ] task=579 wf=5 vm=37(reserved) actualCPU=474.5890s
[t=   2271.6338][DISPATCH              ] wf=11 task=1178 vm=37
[t=   2273.0078][TASK-COMPLETE         ] task=572 wf=5 vm=0(reserved) actualCPU=462.5070s
[t=   2273.0078][DISPATCH              ] wf=11 task=1148 vm=0
[t=   2274.7328][TASK-COMPLETE         ] task=1358 wf=13 vm=34(reserved) actualCPU=4.8830s
[t=   2274.7328][DISPATCH              ] wf=11 task=1155 vm=34
[t=   2278.1208][TASK-COMPLETE         ] task=1148 wf=11 vm=0(reserved) actualCPU=5.1130s
[t=   2278.1208][DISPATCH              ] wf=13 task=1382 vm=0
[t=   2278.6438][TASK-COMPLETE         ] task=589 wf=5 vm=45(reserved) actualCPU=502.2420s
[t=   2278.6438][DISPATCH              ] wf=11 task=1172 vm=45
[t=   2279.1338][TASK-COMPLETE         ] task=1155 wf=11 vm=34(reserved) actualCPU=4.4010s
[t=   2279.1338][DISPATCH              ] wf=5 task=559 vm=34
[t=   2283.8618][TASK-COMPLETE         ] task=559 wf=5 vm=34(reserved) actualCPU=4.7280s
[t=   2283.8618][DISPATCH              ] wf=11 task=1179 vm=34
[t=   2289.2468][TASK-COMPLETE         ] task=777 wf=7 vm=44(reserved) actualCPU=586.6850s
[t=   2289.2468][DISPATCH              ] wf=5 task=583 vm=44
[t=   2299.4798][TASK-COMPLETE         ] task=782 wf=7 vm=12(reserved) actualCPU=604.8440s
[t=   2299.4798][DISPATCH              ] wf=5 task=562 vm=12
[t=   2304.3368][TASK-COMPLETE         ] task=562 wf=5 vm=12(reserved) actualCPU=4.8570s
[t=   2304.3368][DISPATCH              ] wf=7 task=760 vm=12
[t=   2309.2738][TASK-COMPLETE         ] task=760 wf=7 vm=12(reserved) actualCPU=4.9370s
[t=   2309.2738][DISPATCH              ] wf=5 task=586 vm=12
[t=   2309.2738][DISPATCH              ] wf=7 task=784 vm=299
[t=   2311.0298][TASK-COMPLETE         ] task=778 wf=7 vm=31(reserved) actualCPU=620.1240s
[t=   2311.0298][DISPATCH              ] wf=8 task=851 vm=31
[t=   2316.3188][TASK-COMPLETE         ] task=851 wf=8 vm=31(reserved) actualCPU=5.2890s
[t=   2316.3188][DISPATCH              ] wf=8 task=855 vm=31
[t=   2318.1968][TASK-COMPLETE         ] task=779 wf=7 vm=9(reserved) actualCPU=569.1240s
[t=   2318.1968][DISPATCH              ] wf=8 task=875 vm=9
[t=   2321.6038][TASK-COMPLETE         ] task=776 wf=7 vm=28(reserved) actualCPU=562.0280s
[t=   2321.6038][DISPATCH              ] wf=13 task=1342 vm=28
[t=   2322.3558][TASK-COMPLETE         ] task=855 wf=8 vm=31(reserved) actualCPU=6.0370s
[t=   2322.3558][DISPATCH              ] wf=8 task=845 vm=31
[t=   2322.3558][DISPATCH              ] wf=8 task=879 vm=300
[t=   2322.9478][TASK-COMPLETE         ] task=781 wf=7 vm=46(reserved) actualCPU=469.5840s
[t=   2322.9478][DISPATCH              ] wf=5 task=563 vm=46
[t=   2326.1178][TASK-COMPLETE         ] task=1342 wf=13 vm=28(reserved) actualCPU=4.5140s
[t=   2326.1178][DISPATCH              ] wf=13 task=1359 vm=28
[t=   2326.7958][TASK-COMPLETE         ] task=845 wf=8 vm=31(reserved) actualCPU=4.4400s
[t=   2326.7958][DISPATCH              ] wf=13 task=1366 vm=31
[t=   2327.2358][TASK-COMPLETE         ] task=885 wf=8 vm=6(reserved) actualCPU=510.4440s
[t=   2327.2358][DISPATCH              ] wf=8 task=869 vm=6
[t=   2328.8028][TASK-COMPLETE         ] task=773 wf=7 vm=29(reserved) actualCPU=469.2390s
[t=   2328.8028][DISPATCH              ] wf=7 task=750 vm=29
[t=   2329.0578][TASK-COMPLETE         ] task=563 wf=5 vm=46(reserved) actualCPU=6.1100s
[t=   2329.0578][DISPATCH              ] wf=8 task=862 vm=46
[t=   2329.5568][TASK-COMPLETE         ] task=581 wf=5 vm=32(reserved) actualCPU=682.4310s
[t=   2329.5568][DISPATCH              ] wf=5 task=587 vm=32
[t=   2330.1948][TASK-COMPLETE         ] task=768 wf=7 vm=33(reserved) actualCPU=472.4720s
[t=   2330.1948][DISPATCH              ] wf=11 task=1157 vm=33
[t=   2330.9678][TASK-COMPLETE         ] task=1359 wf=13 vm=28(reserved) actualCPU=4.8500s
[t=   2330.9678][DISPATCH              ] wf=7 task=747 vm=28
[t=   2331.6068][TASK-COMPLETE         ] task=769 wf=7 vm=38(reserved) actualCPU=478.6940s
[t=   2331.6068][DISPATCH              ] wf=13 task=1383 vm=38
[t=   2332.2088][TASK-COMPLETE         ] task=570 wf=5 vm=15(reserved) actualCPU=679.7920s
[t=   2332.2088][DISPATCH              ] wf=8 task=860 vm=15
[t=   2332.6728][TASK-COMPLETE         ] task=750 wf=7 vm=29(reserved) actualCPU=3.8700s
[t=   2332.6728][DISPATCH              ] wf=13 task=1353 vm=29
[t=   2333.6228][TASK-COMPLETE         ] task=862 wf=8 vm=46(reserved) actualCPU=4.5650s
[t=   2333.6228][DISPATCH              ] wf=7 task=774 vm=46
[t=   2334.6808][TASK-COMPLETE         ] task=747 wf=7 vm=28(reserved) actualCPU=3.7130s
[t=   2334.6808][DISPATCH              ] wf=8 task=886 vm=28
[t=   2336.0478][TASK-COMPLETE         ] task=1157 wf=11 vm=33(reserved) actualCPU=5.8530s
[t=   2336.0478][DISPATCH              ] wf=13 task=1343 vm=33
[t=   2337.3558][TASK-COMPLETE         ] task=1353 wf=13 vm=29(reserved) actualCPU=4.6830s
[t=   2337.3558][DISPATCH              ] wf=7 task=771 vm=29
[t=   2337.5828][TASK-COMPLETE         ] task=860 wf=8 vm=15(reserved) actualCPU=5.3740s
[t=   2337.5828][DISPATCH              ] wf=11 task=1181 vm=15
[t=   2340.1668][TASK-COMPLETE         ] task=1343 wf=13 vm=33(reserved) actualCPU=4.1190s
[t=   2340.1668][DISPATCH              ] wf=8 task=884 vm=33
[t=   2345.0898][TASK-COMPLETE         ] task=1170 wf=11 vm=8(reserved) actualCPU=527.5790s
[t=   2345.0898][DISPATCH              ] wf=13 task=1377 vm=8
[t=   2365.8008][TASK-COMPLETE         ] task=1185 wf=11 vm=26(reserved) actualCPU=564.3870s
[t=   2365.8008][DISPATCH              ] wf=11 task=1142 vm=26
[t=   2365.8008][DISPATCH              ] wf=13 task=1367 vm=301
[t=   2365.8008][DISPATCH              ] wf=5 task=566 vm=302
[t=   2365.8008][DISPATCH              ] wf=11 task=1138 vm=303
[t=   2365.8008][DISPATCH              ] wf=11 task=1147 vm=304
[t=   2365.8008][DISPATCH              ] wf=5 task=551 vm=305
[t=   2365.8008][DISPATCH              ] wf=7 task=748 vm=306
[t=   2366.9738][TASK-COMPLETE         ] task=1165 wf=11 vm=35(reserved) actualCPU=505.5250s
[t=   2366.9738][DISPATCH              ] wf=8 task=847 vm=35
[t=   2369.8068][TASK-COMPLETE         ] task=1147 wf=11 vm=304(on-demand) actualCPU=4.0060s cost=$0.003625
[t=   2369.8068][DISPATCH              ] wf=11 task=1171 vm=304
[t=   2370.1738][TASK-COMPLETE         ] task=1138 wf=11 vm=303(on-demand) actualCPU=4.3730s cost=$0.003958
[t=   2370.1738][DISPATCH              ] wf=11 task=1162 vm=303
[t=   2370.9638][TASK-COMPLETE         ] task=1142 wf=11 vm=26(reserved) actualCPU=5.1630s
[t=   2370.9638][DISPATCH              ] wf=11 task=1156 vm=26
[t=   2370.9638][DISPATCH              ] wf=11 task=1166 vm=307
[t=   2371.2788][TASK-COMPLETE         ] task=566 wf=5 vm=302(on-demand) actualCPU=5.4780s cost=$0.004958
[t=   2371.2788][DISPATCH              ] wf=5 task=550 vm=302
[t=   2371.2788][DISPATCH              ] wf=5 task=590 vm=308
[t=   2371.3108][TASK-COMPLETE         ] task=748 wf=7 vm=306(on-demand) actualCPU=5.5100s cost=$0.004987
[t=   2371.3108][DISPATCH              ] wf=7 task=772 vm=306
[t=   2371.3888][TASK-COMPLETE         ] task=551 wf=5 vm=305(on-demand) actualCPU=5.5880s cost=$0.005057
[t=   2371.3888][DISPATCH              ] wf=5 task=575 vm=305
[t=   2372.8028][TASK-COMPLETE         ] task=847 wf=8 vm=35(reserved) actualCPU=5.8290s
[t=   2372.8028][DISPATCH              ] wf=11 task=1144 vm=35
[t=   2376.4398][TASK-COMPLETE         ] task=1156 wf=11 vm=26(reserved) actualCPU=5.4760s
[t=   2376.4398][DISPATCH              ] wf=8 task=871 vm=26
[t=   2376.4398][DISPATCH              ] wf=11 task=1180 vm=309
[t=   2377.4388][TASK-COMPLETE         ] task=882 wf=8 vm=10(reserved) actualCPU=502.4950s
[t=   2377.4388][DISPATCH              ] wf=7 task=759 vm=10
[t=   2377.5528][TASK-COMPLETE         ] task=550 wf=5 vm=302(on-demand) actualCPU=6.2740s cost=$0.005678
[t=   2377.5528][DISPATCH              ] wf=5 task=574 vm=302
[t=   2377.6318][TASK-COMPLETE         ] task=1163 wf=11 vm=16(reserved) actualCPU=585.5990s
[t=   2377.6318][DISPATCH              ] wf=7 task=756 vm=16
[t=   2378.3628][TASK-COMPLETE         ] task=1144 wf=11 vm=35(reserved) actualCPU=5.5600s
[t=   2378.3628][DISPATCH              ] wf=13 task=1356 vm=35
[t=   2381.6278][TASK-COMPLETE         ] task=759 wf=7 vm=10(reserved) actualCPU=4.1890s
[t=   2381.6278][DISPATCH              ] wf=11 task=1168 vm=10
[t=   2382.6458][TASK-COMPLETE         ] task=756 wf=7 vm=16(reserved) actualCPU=5.0140s
[t=   2382.6458][DISPATCH              ] wf=7 task=783 vm=16
[t=   2382.8658][TASK-COMPLETE         ] task=1356 wf=13 vm=35(reserved) actualCPU=4.5030s
[t=   2382.8658][DISPATCH              ] wf=7 task=780 vm=35
[t=   2396.7778][TASK-COMPLETE         ] task=877 wf=8 vm=13(reserved) actualCPU=524.2860s
[t=   2396.7778][DISPATCH              ] wf=8 task=848 vm=13
[t=   2398.7838][TASK-COMPLETE         ] task=1164 wf=11 vm=7(reserved) actualCPU=742.4630s
[t=   2398.7838][DISPATCH              ] wf=13 task=1380 vm=7
[t=   2399.7688][TASK-COMPLETE         ] task=1174 wf=11 vm=49(reserved) actualCPU=648.0460s
[t=   2399.7688][DISPATCH              ] wf=7 task=763 vm=49
[t=   2401.0028][TASK-COMPLETE         ] task=1175 wf=11 vm=5(reserved) actualCPU=653.3420s
[t=   2401.0028][DISPATCH              ] wf=13 task=1347 vm=5
[t=   2401.6008][TASK-COMPLETE         ] task=770 wf=7 vm=17(reserved) actualCPU=550.6460s
[t=   2401.6008][DISPATCH              ] wf=13 task=1357 vm=17
[t=   2402.6508][TASK-COMPLETE         ] task=848 wf=8 vm=13(reserved) actualCPU=5.8730s
[t=   2402.6508][DISPATCH              ] wf=8 task=859 vm=13
[t=   2405.7568][TASK-COMPLETE         ] task=1347 wf=13 vm=5(reserved) actualCPU=4.7540s
[t=   2405.7568][DISPATCH              ] wf=8 task=872 vm=5
[t=   2405.8478][TASK-COMPLETE         ] task=763 wf=7 vm=49(reserved) actualCPU=6.0790s
[t=   2405.8478][DISPATCH              ] wf=13 task=1371 vm=49
[t=   2406.6978][TASK-COMPLETE         ] task=1357 wf=13 vm=17(reserved) actualCPU=5.0970s
[t=   2406.6978][DISPATCH              ] wf=7 task=787 vm=17
[t=   2407.4238][TASK-COMPLETE         ] task=859 wf=8 vm=13(reserved) actualCPU=4.7730s
[t=   2407.4238][DISPATCH              ] wf=13 task=1381 vm=13
[t=   2427.8358][TASK-COMPLETE         ] task=766 wf=7 vm=43(reserved) actualCPU=580.3190s
[t=   2427.8358][DISPATCH              ] wf=8 task=850 vm=43
[t=   2427.8358][DISPATCH              ] wf=8 task=883 vm=310
[t=   2427.8358][DISPATCH              ] wf=11 task=1153 vm=311
[t=   2427.8358][DISPATCH              ] wf=8 task=856 vm=312
[t=   2427.8358][DISPATCH              ] wf=11 task=1145 vm=313
[t=   2430.2158][TASK-COMPLETE         ] task=878 wf=8 vm=11(reserved) actualCPU=561.6020s
[t=   2430.2158][DISPATCH              ] wf=11 task=1160 vm=11
[t=   2431.7938][TASK-COMPLETE         ] task=1153 wf=11 vm=311(on-demand) actualCPU=3.9580s cost=$0.003582
[t=   2431.7938][DISPATCH              ] wf=11 task=1177 vm=311
[t=   2432.2438][TASK-COMPLETE         ] task=850 wf=8 vm=43(reserved) actualCPU=4.4080s
[t=   2432.2438][DISPATCH              ] wf=8 task=863 vm=43
[t=   2432.2438][DISPATCH              ] wf=8 task=874 vm=314
[t=   2432.4578][TASK-COMPLETE         ] task=856 wf=8 vm=312(on-demand) actualCPU=4.6220s cost=$0.004183
[t=   2432.4578][DISPATCH              ] wf=8 task=880 vm=312
[t=   2432.9738][TASK-COMPLETE         ] task=1145 wf=11 vm=313(on-demand) actualCPU=5.1380s cost=$0.004650
[t=   2432.9738][DISPATCH              ] wf=11 task=1169 vm=313
[t=   2435.1158][TASK-COMPLETE         ] task=1160 wf=11 vm=11(reserved) actualCPU=4.9000s
[t=   2435.1158][DISPATCH              ] wf=13 task=1345 vm=11
[t=   2437.5918][TASK-COMPLETE         ] task=863 wf=8 vm=43(reserved) actualCPU=5.3480s
[t=   2437.5918][DISPATCH              ] wf=11 task=1184 vm=43
[t=   2440.1878][TASK-COMPLETE         ] task=1345 wf=13 vm=11(reserved) actualCPU=5.0720s
[t=   2440.1878][DISPATCH              ] wf=8 task=887 vm=11
[t=   2444.2158][TASK-COMPLETE         ] task=767 wf=7 vm=27(reserved) actualCPU=601.6540s
[t=   2444.2158][DISPATCH              ] wf=13 task=1369 vm=27
[t=   2448.1008][TASK-COMPLETE         ] task=866 wf=8 vm=23(reserved) actualCPU=559.0410s
[t=   2448.1008][DISPATCH              ] wf=13 task=1360 vm=23
[t=   2449.8768][TASK-COMPLETE         ] task=865 wf=8 vm=22(reserved) actualCPU=546.8460s
[t=   2449.8768][DISPATCH              ] wf=13 task=1344 vm=22
[t=   2452.6988][TASK-COMPLETE         ] task=1360 wf=13 vm=23(reserved) actualCPU=4.5980s
[t=   2452.6988][DISPATCH              ] wf=6 task=649 vm=23
[t=   2455.2438][TASK-COMPLETE         ] task=1344 wf=13 vm=22(reserved) actualCPU=5.3670s
[t=   2455.2438][DISPATCH              ] wf=13 task=1384 vm=22
[t=   2476.4208][TASK-COMPLETE         ] task=867 wf=8 vm=4(reserved) actualCPU=529.0050s
[t=   2476.4208][DISPATCH              ] wf=13 task=1368 vm=4
[t=   2505.0678][TASK-COMPLETE         ] task=1363 wf=13 vm=39(reserved) actualCPU=634.6440s
[t=   2505.0678][DISPATCH              ] wf=9 task=946 vm=39
[t=   2528.7888][TASK-COMPLETE         ] task=1375 wf=13 vm=14(reserved) actualCPU=601.3380s
[t=   2528.7888][DISPATCH              ] wf=9 task=981 vm=14
[t=   2529.5638][TASK-COMPLETE         ] task=873 wf=8 vm=2(reserved) actualCPU=519.7120s
[t=   2529.5638][DISPATCH              ] wf=14 task=1443 vm=2
[t=   2586.1848][TASK-COMPLETE         ] task=1374 wf=13 vm=41(reserved) actualCPU=575.3740s
[t=   2586.1848][DISPATCH              ] wf=6 task=684 vm=41
[t=   2592.2038][TASK-COMPLETE         ] task=868 wf=8 vm=21(reserved) actualCPU=503.7920s
[t=   2592.2038][DISPATCH              ] wf=14 task=1478 vm=21
[t=   2594.7718][TASK-COMPLETE         ] task=788 wf=7 vm=3(reserved) actualCPU=497.7110s
[t=   2594.7718][DISPATCH              ] wf=14 task=1412 vm=3
[t=   2620.9698][TASK-COMPLETE         ] task=583 wf=5 vm=44(reserved) actualCPU=331.7230s
[t=   2620.9698][DISPATCH              ] wf=6 task=618 vm=44
[t=   2624.8678][TASK-COMPLETE         ] task=587 wf=5 vm=32(reserved) actualCPU=295.3110s
[t=   2624.8678][DISPATCH              ] wf=6 task=615 vm=32
[t=   2628.9028][TASK-COMPLETE         ] task=578 wf=5 vm=48(reserved) actualCPU=380.5160s
[t=   2628.9028][DISPATCH              ] wf=14 task=1409 vm=48
[t=   2629.0238][TASK-COMPLETE         ] task=574 wf=5 vm=302(on-demand) actualCPU=251.4710s cost=$0.227581
[t=   2629.9878][TASK-COMPLETE         ] task=577 wf=5 vm=170(on-demand) actualCPU=379.9920s cost=$0.343893
[t=   2630.6688][TASK-COMPLETE         ] task=584 wf=5 vm=163(on-demand) actualCPU=392.3480s cost=$0.355075
[t=   2630.9738][TASK-COMPLETE         ] task=575 wf=5 vm=305(on-demand) actualCPU=259.5850s cost=$0.234924
[t=   2630.9738][DISPATCH              ] wf=5 task=592 vm=163
[t=   2633.2278][TASK-COMPLETE         ] task=586 wf=5 vm=12(reserved) actualCPU=323.9540s
[t=   2633.2278][DISPATCH              ] wf=6 task=681 vm=12
[t=   2633.2278][DISPATCH              ] wf=5 task=593 vm=170
[t=   2635.9998][TASK-COMPLETE         ] task=592 wf=5 vm=163(on-demand) actualCPU=5.0260s cost=$0.004549
[t=   2637.7168][TASK-COMPLETE         ] task=593 wf=5 vm=170(on-demand) actualCPU=4.4890s cost=$0.004063
[t=   2645.4388][TASK-COMPLETE         ] task=590 wf=5 vm=308(on-demand) actualCPU=274.1600s cost=$0.248115
[t=   2645.4388][DISPATCH              ] wf=5 task=594 vm=163
[t=   2650.9028][TASK-COMPLETE         ] task=594 wf=5 vm=163(on-demand) actualCPU=5.4640s cost=$0.004945
[t=   2650.9028][WF-COMPLETE           ] wf=5 completionTime=2650.9028 deadline=2753.9342 -> MET
[t=   2658.6448][TASK-COMPLETE         ] task=887 wf=8 vm=11(reserved) actualCPU=218.4570s
[t=   2658.6448][DISPATCH              ] wf=9 task=912 vm=11
[t=   2673.4078][TASK-COMPLETE         ] task=771 wf=7 vm=29(reserved) actualCPU=336.0520s
[t=   2673.4078][DISPATCH              ] wf=9 task=915 vm=29
[t=   2673.8558][TASK-COMPLETE         ] task=774 wf=7 vm=46(reserved) actualCPU=340.2330s
[t=   2673.8558][DISPATCH              ] wf=6 task=646 vm=46
[t=   2676.5918][TASK-COMPLETE         ] task=886 wf=8 vm=28(reserved) actualCPU=341.9110s
[t=   2676.5918][DISPATCH              ] wf=9 task=943 vm=28
[t=   2676.9978][TASK-COMPLETE         ] task=787 wf=7 vm=17(reserved) actualCPU=270.3000s
[t=   2676.9978][DISPATCH              ] wf=9 task=978 vm=17
[t=   2677.3928][TASK-COMPLETE         ] task=780 wf=7 vm=35(reserved) actualCPU=294.5270s
[t=   2677.3928][DISPATCH              ] wf=14 task=1475 vm=35
[t=   2677.4268][TASK-COMPLETE         ] task=884 wf=8 vm=33(reserved) actualCPU=337.2600s
[t=   2677.4268][DISPATCH              ] wf=14 task=1440 vm=33
[t=   2679.9408][TASK-COMPLETE         ] task=783 wf=7 vm=16(reserved) actualCPU=297.2950s
[t=   2679.9408][DISPATCH              ] wf=1 task=191 vm=16
[t=   2680.8308][TASK-COMPLETE         ] task=869 wf=8 vm=6(reserved) actualCPU=353.5950s
[t=   2680.8308][DISPATCH              ] wf=6 task=683 vm=6
[t=   2682.2438][TASK-COMPLETE         ] task=872 wf=8 vm=5(reserved) actualCPU=276.4870s
[t=   2682.2438][DISPATCH              ] wf=4 task=488 vm=5
[t=   2682.4518][TASK-COMPLETE         ] task=765 wf=7 vm=165(on-demand) actualCPU=445.6120s cost=$0.403279
[t=   2682.6158][TASK-COMPLETE         ] task=784 wf=7 vm=299(on-demand) actualCPU=373.3420s cost=$0.337875
[t=   2682.6158][DISPATCH              ] wf=7 task=790 vm=163
[t=   2682.7408][TASK-COMPLETE         ] task=775 wf=7 vm=171(on-demand) actualCPU=424.9970s cost=$0.384622
[t=   2683.3268][TASK-COMPLETE         ] task=875 wf=8 vm=9(reserved) actualCPU=365.1300s
[t=   2683.3268][DISPATCH              ] wf=6 task=682 vm=9
[t=   2684.2578][TASK-COMPLETE         ] task=772 wf=7 vm=306(on-demand) actualCPU=312.9470s cost=$0.283217
[t=   2684.2578][DISPATCH              ] wf=7 task=789 vm=165
[t=   2685.9238][TASK-COMPLETE         ] task=879 wf=8 vm=300(on-demand) actualCPU=363.5680s cost=$0.329029
[t=   2685.9838][TASK-COMPLETE         ] task=881 wf=8 vm=42(reserved) actualCPU=417.1210s
[t=   2685.9838][DISPATCH              ] wf=9 task=980 vm=42
[t=   2686.6578][TASK-COMPLETE         ] task=786 wf=7 vm=159(on-demand) actualCPU=468.9280s cost=$0.424380
[t=   2686.7468][TASK-COMPLETE         ] task=785 wf=7 vm=160(on-demand) actualCPU=472.6830s cost=$0.427778
[t=   2686.7468][DISPATCH              ] wf=7 task=791 vm=159
[t=   2687.2098][TASK-COMPLETE         ] task=876 wf=8 vm=174(on-demand) actualCPU=422.5950s cost=$0.382448
[t=   2688.0548][TASK-COMPLETE         ] task=790 wf=7 vm=163(on-demand) actualCPU=5.4390s cost=$0.004922
[t=   2688.5858][TASK-COMPLETE         ] task=888 wf=8 vm=167(on-demand) actualCPU=456.9730s cost=$0.413561
[t=   2688.5858][DISPATCH              ] wf=8 task=891 vm=160
[t=   2689.3668][TASK-COMPLETE         ] task=871 wf=8 vm=26(reserved) actualCPU=312.9270s
[t=   2689.3668][DISPATCH              ] wf=9 task=979 vm=26
[t=   2689.5228][TASK-COMPLETE         ] task=789 wf=7 vm=165(on-demand) actualCPU=5.2650s cost=$0.004765
[t=   2690.7308][TASK-COMPLETE         ] task=870 wf=8 vm=162(on-demand) actualCPU=478.2070s cost=$0.432777
[t=   2691.5088][TASK-COMPLETE         ] task=791 wf=7 vm=159(on-demand) actualCPU=4.7620s cost=$0.004310
[t=   2691.5088][WF-COMPLETE           ] wf=7 completionTime=2691.5088 deadline=2807.6368 -> MET
[t=   2694.1208][TASK-COMPLETE         ] task=880 wf=8 vm=312(on-demand) actualCPU=261.6630s cost=$0.236805
[t=   2694.1348][TASK-COMPLETE         ] task=891 wf=8 vm=160(on-demand) actualCPU=5.5490s cost=$0.005022
[t=   2695.3538][TASK-COMPLETE         ] task=883 wf=8 vm=310(on-demand) actualCPU=267.5180s cost=$0.242104
[t=   2695.3538][DISPATCH              ] wf=8 task=890 vm=159
[t=   2697.4038][TASK-COMPLETE         ] task=874 wf=8 vm=314(on-demand) actualCPU=265.1600s cost=$0.239970
[t=   2697.4038][DISPATCH              ] wf=8 task=889 vm=160
[t=   2698.4188][TASK-COMPLETE         ] task=1184 wf=11 vm=43(reserved) actualCPU=260.8270s
[t=   2698.4188][DISPATCH              ] wf=6 task=648 vm=43
[t=   2700.9308][TASK-COMPLETE         ] task=890 wf=8 vm=159(on-demand) actualCPU=5.5770s cost=$0.005047
[t=   2702.4988][TASK-COMPLETE         ] task=889 wf=8 vm=160(on-demand) actualCPU=5.0950s cost=$0.004611
[t=   2702.4988][WF-COMPLETE           ] wf=8 completionTime=2702.4988 deadline=2810.9094 -> MET
[t=   2706.8778][TASK-COMPLETE         ] task=1384 wf=13 vm=22(reserved) actualCPU=251.6340s
[t=   2706.8778][DISPATCH              ] wf=6 task=647 vm=22
[t=   2708.1168][TASK-COMPLETE         ] task=682 wf=6 vm=9(reserved) actualCPU=24.7900s
[t=   2708.1168][DISPATCH              ] wf=14 task=1411 vm=9
[t=   2709.5278][TASK-COMPLETE         ] task=1179 wf=11 vm=34(reserved) actualCPU=425.6660s
[t=   2709.5278][DISPATCH              ] wf=14 task=1410 vm=34
[t=   2709.7198][TASK-COMPLETE         ] task=979 wf=9 vm=26(reserved) actualCPU=20.3530s
[t=   2709.7198][DISPATCH              ] wf=14 task=1477 vm=26
[t=   2711.9478][TASK-COMPLETE         ] task=1172 wf=11 vm=45(reserved) actualCPU=433.3040s
[t=   2711.9478][DISPATCH              ] wf=9 task=945 vm=45
[t=   2712.6948][TASK-COMPLETE         ] task=1181 wf=11 vm=15(reserved) actualCPU=375.1120s
[t=   2712.6948][DISPATCH              ] wf=9 task=914 vm=15
[t=   2715.0308][TASK-COMPLETE         ] task=1368 wf=13 vm=4(reserved) actualCPU=238.6100s
[t=   2715.0308][DISPATCH              ] wf=4 task=422 vm=4
[t=   2717.0128][TASK-COMPLETE         ] task=1178 wf=11 vm=37(reserved) actualCPU=445.3790s
[t=   2717.0128][DISPATCH              ] wf=9 task=913 vm=37
[t=   2718.3498][TASK-COMPLETE         ] task=1182 wf=11 vm=25(reserved) actualCPU=452.0030s
[t=   2718.3498][DISPATCH              ] wf=14 task=1476 vm=25
[t=   2719.9838][TASK-COMPLETE         ] task=1168 wf=11 vm=10(reserved) actualCPU=338.3560s
[t=   2719.9838][DISPATCH              ] wf=9 task=944 vm=10
[t=   2720.5078][TASK-COMPLETE         ] task=1176 wf=11 vm=18(reserved) actualCPU=450.3840s
[t=   2720.5078][DISPATCH              ] wf=1 task=125 vm=18
[t=   2721.6728][TASK-COMPLETE         ] task=1369 wf=13 vm=27(reserved) actualCPU=277.4570s
[t=   2721.6728][DISPATCH              ] wf=14 task=1442 vm=27
[t=   2722.2188][TASK-COMPLETE         ] task=1173 wf=11 vm=166(on-demand) actualCPU=485.9160s cost=$0.439754
[t=   2722.8428][TASK-COMPLETE         ] task=1180 wf=11 vm=309(on-demand) actualCPU=346.4030s cost=$0.313495
[t=   2723.7808][TASK-COMPLETE         ] task=1183 wf=11 vm=30(reserved) actualCPU=460.7410s
[t=   2723.7808][DISPATCH              ] wf=6 task=617 vm=30
[t=   2723.7808][DISPATCH              ] wf=11 task=1188 vm=159
[t=   2725.9848][TASK-COMPLETE         ] task=1169 wf=11 vm=313(on-demand) actualCPU=293.0110s cost=$0.265175
[t=   2726.6538][TASK-COMPLETE         ] task=1167 wf=11 vm=47(reserved) actualCPU=495.0410s
[t=   2726.6538][DISPATCH              ] wf=14 task=1441 vm=47
[t=   2730.0448][TASK-COMPLETE         ] task=1188 wf=11 vm=159(on-demand) actualCPU=6.2640s cost=$0.005669
[t=   2730.8198][TASK-COMPLETE         ] task=1171 wf=11 vm=304(on-demand) actualCPU=361.0130s cost=$0.326717
[t=   2731.6618][TASK-COMPLETE         ] task=1177 wf=11 vm=311(on-demand) actualCPU=299.8680s cost=$0.271381
[t=   2731.6618][DISPATCH              ] wf=11 task=1187 vm=159
[t=   2733.0548][TASK-COMPLETE         ] task=683 wf=6 vm=6(reserved) actualCPU=52.2240s
[t=   2733.0548][DISPATCH              ] wf=6 task=616 vm=6
[t=   2733.8358][TASK-COMPLETE         ] task=647 wf=6 vm=22(reserved) actualCPU=26.9580s
[t=   2733.8358][DISPATCH              ] wf=6 task=665 vm=22
[t=   2734.7048][TASK-COMPLETE         ] task=1162 wf=11 vm=303(on-demand) actualCPU=364.5310s cost=$0.329901
[t=   2735.6178][TASK-COMPLETE         ] task=665 wf=6 vm=22(reserved) actualCPU=1.7820s
[t=   2735.6178][DISPATCH              ] wf=6 task=670 vm=22
[t=   2737.2548][TASK-COMPLETE         ] task=670 wf=6 vm=22(reserved) actualCPU=1.6370s
[t=   2737.2548][DISPATCH              ] wf=6 task=669 vm=22
[t=   2737.8858][TASK-COMPLETE         ] task=980 wf=9 vm=42(reserved) actualCPU=51.9020s
[t=   2737.8858][DISPATCH              ] wf=6 task=663 vm=42
[t=   2737.9338][TASK-COMPLETE         ] task=1187 wf=11 vm=159(on-demand) actualCPU=6.2720s cost=$0.005676
[t=   2738.8428][TASK-COMPLETE         ] task=669 wf=6 vm=22(reserved) actualCPU=1.5880s
[t=   2738.8428][DISPATCH              ] wf=6 task=671 vm=22
[t=   2739.2568][TASK-COMPLETE         ] task=1371 wf=13 vm=49(reserved) actualCPU=333.4090s
[t=   2739.2568][DISPATCH              ] wf=6 task=658 vm=49
[t=   2739.2818][TASK-COMPLETE         ] task=1380 wf=13 vm=7(reserved) actualCPU=340.4980s
[t=   2739.2818][DISPATCH              ] wf=6 task=661 vm=7
[t=   2739.4358][TASK-COMPLETE         ] task=663 wf=6 vm=42(reserved) actualCPU=1.5500s
[t=   2739.4358][DISPATCH              ] wf=6 task=666 vm=42
[t=   2740.2548][TASK-COMPLETE         ] task=1166 wf=11 vm=307(on-demand) actualCPU=369.2910s cost=$0.334208
[t=   2740.2548][DISPATCH              ] wf=11 task=1186 vm=159
[t=   2740.3658][TASK-COMPLETE         ] task=671 wf=6 vm=22(reserved) actualCPU=1.5230s
[t=   2740.3658][DISPATCH              ] wf=6 task=675 vm=22
[t=   2740.4458][TASK-COMPLETE         ] task=1381 wf=13 vm=13(reserved) actualCPU=333.0220s
[t=   2740.4458][DISPATCH              ] wf=6 task=639 vm=13
[t=   2740.7568][TASK-COMPLETE         ] task=661 wf=6 vm=7(reserved) actualCPU=1.4750s
[t=   2740.7568][TASK-COMPLETE         ] task=658 wf=6 vm=49(reserved) actualCPU=1.5000s
[t=   2740.7568][DISPATCH              ] wf=6 task=607 vm=7
[t=   2740.7568][DISPATCH              ] wf=6 task=668 vm=49
[t=   2740.8508][TASK-COMPLETE         ] task=666 wf=6 vm=42(reserved) actualCPU=1.4150s
[t=   2740.8508][DISPATCH              ] wf=6 task=641 vm=42
[t=   2740.9178][TASK-COMPLETE         ] task=1366 wf=13 vm=31(reserved) actualCPU=414.1220s
[t=   2740.9178][DISPATCH              ] wf=6 task=660 vm=31
[t=   2741.7438][TASK-COMPLETE         ] task=675 wf=6 vm=22(reserved) actualCPU=1.3780s
[t=   2741.7438][DISPATCH              ] wf=6 task=611 vm=22
[t=   2741.8598][TASK-COMPLETE         ] task=1476 wf=14 vm=25(reserved) actualCPU=23.5100s
[t=   2741.8598][DISPATCH              ] wf=6 task=645 vm=25
[t=   2741.9748][TASK-COMPLETE         ] task=1383 wf=13 vm=38(reserved) actualCPU=410.3680s
[t=   2741.9748][DISPATCH              ] wf=6 task=667 vm=38
[t=   2742.0618][TASK-COMPLETE         ] task=639 wf=6 vm=13(reserved) actualCPU=1.6160s
[t=   2742.0618][DISPATCH              ] wf=6 task=664 vm=13
[t=   2742.1008][TASK-COMPLETE         ] task=1378 wf=13 vm=40(reserved) actualCPU=471.3590s
[t=   2742.1008][DISPATCH              ] wf=6 task=644 vm=40
[t=   2742.1718][TASK-COMPLETE         ] task=668 wf=6 vm=49(reserved) actualCPU=1.4150s
[t=   2742.1718][DISPATCH              ] wf=6 task=677 vm=49
[t=   2742.2458][TASK-COMPLETE         ] task=660 wf=6 vm=31(reserved) actualCPU=1.3280s
[t=   2742.2458][DISPATCH              ] wf=6 task=632 vm=31
[t=   2742.4418][TASK-COMPLETE         ] task=641 wf=6 vm=42(reserved) actualCPU=1.5910s
[t=   2742.4418][DISPATCH              ] wf=6 task=608 vm=42
[t=   2742.5178][TASK-COMPLETE         ] task=1377 wf=13 vm=8(reserved) actualCPU=397.4280s
[t=   2742.5178][DISPATCH              ] wf=6 task=640 vm=8
[t=   2742.5718][TASK-COMPLETE         ] task=607 wf=6 vm=7(reserved) actualCPU=1.8150s
[t=   2742.5718][DISPATCH              ] wf=6 task=642 vm=7
[t=   2743.2218][TASK-COMPLETE         ] task=667 wf=6 vm=38(reserved) actualCPU=1.2470s
[t=   2743.2218][DISPATCH              ] wf=6 task=673 vm=38
[t=   2743.3078][TASK-COMPLETE         ] task=664 wf=6 vm=13(reserved) actualCPU=1.2460s
[t=   2743.3078][DISPATCH              ] wf=6 task=633 vm=13
[t=   2743.3518][TASK-COMPLETE         ] task=1382 wf=13 vm=0(reserved) actualCPU=465.2310s
[t=   2743.3518][DISPATCH              ] wf=6 task=599 vm=0
[t=   2743.3738][TASK-COMPLETE         ] task=645 wf=6 vm=25(reserved) actualCPU=1.5140s
[t=   2743.3738][DISPATCH              ] wf=6 task=643 vm=25
[t=   2743.3888][TASK-COMPLETE         ] task=677 wf=6 vm=49(reserved) actualCPU=1.2170s
[t=   2743.3888][DISPATCH              ] wf=6 task=662 vm=49
[t=   2743.5038][TASK-COMPLETE         ] task=611 wf=6 vm=22(reserved) actualCPU=1.7600s
[t=   2743.5038][DISPATCH              ] wf=6 task=636 vm=22
[t=   2743.5718][TASK-COMPLETE         ] task=644 wf=6 vm=40(reserved) actualCPU=1.4710s
[t=   2743.5718][DISPATCH              ] wf=6 task=601 vm=40
[t=   2743.6818][TASK-COMPLETE         ] task=632 wf=6 vm=31(reserved) actualCPU=1.4360s
[t=   2743.6818][DISPATCH              ] wf=6 task=628 vm=31
[t=   2743.9128][TASK-COMPLETE         ] task=640 wf=6 vm=8(reserved) actualCPU=1.3950s
[t=   2743.9128][DISPATCH              ] wf=6 task=680 vm=8
[t=   2743.9408][TASK-COMPLETE         ] task=642 wf=6 vm=7(reserved) actualCPU=1.3690s
[t=   2743.9408][DISPATCH              ] wf=6 task=637 vm=7
[t=   2744.0468][TASK-COMPLETE         ] task=608 wf=6 vm=42(reserved) actualCPU=1.6050s
[t=   2744.0468][DISPATCH              ] wf=6 task=630 vm=42
[t=   2744.3388][TASK-COMPLETE         ] task=673 wf=6 vm=38(reserved) actualCPU=1.1170s
[t=   2744.3388][DISPATCH              ] wf=6 task=614 vm=38
[t=   2744.4658][TASK-COMPLETE         ] task=662 wf=6 vm=49(reserved) actualCPU=1.0770s
[t=   2744.4658][DISPATCH              ] wf=6 task=631 vm=49
[t=   2744.6628][TASK-COMPLETE         ] task=633 wf=6 vm=13(reserved) actualCPU=1.3550s
[t=   2744.6628][DISPATCH              ] wf=6 task=676 vm=13
[t=   2744.6878][TASK-COMPLETE         ] task=1362 wf=13 vm=36(reserved) actualCPU=483.3670s
[t=   2744.6878][DISPATCH              ] wf=6 task=597 vm=36
[t=   2744.7128][TASK-COMPLETE         ] task=643 wf=6 vm=25(reserved) actualCPU=1.3390s
[t=   2744.7128][DISPATCH              ] wf=6 task=627 vm=25
[t=   2744.8238][TASK-COMPLETE         ] task=636 wf=6 vm=22(reserved) actualCPU=1.3200s
[t=   2744.8238][DISPATCH              ] wf=6 task=634 vm=22
[t=   2744.9058][TASK-COMPLETE         ] task=599 wf=6 vm=0(reserved) actualCPU=1.5540s
[t=   2744.9058][DISPATCH              ] wf=6 task=659 vm=0
[t=   2744.9668][TASK-COMPLETE         ] task=680 wf=6 vm=8(reserved) actualCPU=1.0540s
[t=   2744.9668][DISPATCH              ] wf=6 task=635 vm=8
[t=   2745.0158][TASK-COMPLETE         ] task=628 wf=6 vm=31(reserved) actualCPU=1.3340s
[t=   2745.0158][DISPATCH              ] wf=6 task=605 vm=31
[t=   2745.0998][TASK-COMPLETE         ] task=601 wf=6 vm=40(reserved) actualCPU=1.5280s
[t=   2745.0998][DISPATCH              ] wf=6 task=679 vm=40
[t=   2745.2198][TASK-COMPLETE         ] task=637 wf=6 vm=7(reserved) actualCPU=1.2790s
[t=   2745.2198][DISPATCH              ] wf=6 task=609 vm=7
[t=   2745.3228][TASK-COMPLETE         ] task=630 wf=6 vm=42(reserved) actualCPU=1.2760s
[t=   2745.3228][DISPATCH              ] wf=6 task=612 vm=42
[t=   2745.6208][TASK-COMPLETE         ] task=1365 wf=13 vm=169(on-demand) actualCPU=499.2320s cost=$0.451805
[t=   2745.6498][TASK-COMPLETE         ] task=676 wf=6 vm=13(reserved) actualCPU=0.9870s
[t=   2745.6498][DISPATCH              ] wf=6 task=672 vm=13
[t=   2745.7258][TASK-COMPLETE         ] task=631 wf=6 vm=49(reserved) actualCPU=1.2600s
[t=   2745.7258][DISPATCH              ] wf=6 task=602 vm=49
[t=   2745.8178][TASK-COMPLETE         ] task=659 wf=6 vm=0(reserved) actualCPU=0.9120s
[t=   2745.8178][DISPATCH              ] wf=6 task=674 vm=0
[t=   2745.8348][TASK-COMPLETE         ] task=614 wf=6 vm=38(reserved) actualCPU=1.4960s
[t=   2745.8348][TASK-COMPLETE         ] task=1372 wf=13 vm=173(on-demand) actualCPU=486.1170s cost=$0.439936
[t=   2745.8348][DISPATCH              ] wf=6 task=598 vm=38
[t=   2745.8898][TASK-COMPLETE         ] task=627 wf=6 vm=25(reserved) actualCPU=1.1770s
[t=   2745.8898][DISPATCH              ] wf=6 task=638 vm=25
[t=   2745.9448][TASK-COMPLETE         ] task=679 wf=6 vm=40(reserved) actualCPU=0.8450s
[t=   2745.9448][DISPATCH              ] wf=6 task=629 vm=40
[t=   2745.9688][TASK-COMPLETE         ] task=1186 wf=11 vm=159(on-demand) actualCPU=5.7140s cost=$0.005171
[t=   2745.9688][WF-COMPLETE           ] wf=11 completionTime=2745.9688 deadline=2848.4479 -> MET
[t=   2745.9688][TASK-COMPLETE         ] task=1370 wf=13 vm=168(on-demand) actualCPU=513.0610s cost=$0.464320
[t=   2745.9938][TASK-COMPLETE         ] task=634 wf=6 vm=22(reserved) actualCPU=1.1700s
[t=   2745.9938][DISPATCH              ] wf=6 task=678 vm=22
[t=   2746.1208][TASK-COMPLETE         ] task=635 wf=6 vm=8(reserved) actualCPU=1.1540s
[t=   2746.1208][DISPATCH              ] wf=6 task=596 vm=8
[t=   2746.1478][TASK-COMPLETE         ] task=597 wf=6 vm=36(reserved) actualCPU=1.4600s
[t=   2746.1478][DISPATCH              ] wf=6 task=606 vm=36
[t=   2746.3108][TASK-COMPLETE         ] task=605 wf=6 vm=31(reserved) actualCPU=1.2950s
[t=   2746.3108][DISPATCH              ] wf=6 task=603 vm=31
[t=   2746.3998][TASK-COMPLETE         ] task=672 wf=6 vm=13(reserved) actualCPU=0.7500s
[t=   2746.3998][DISPATCH              ] wf=6 task=600 vm=13
[t=   2746.5098][TASK-COMPLETE         ] task=674 wf=6 vm=0(reserved) actualCPU=0.6920s
[t=   2746.5098][TASK-COMPLETE         ] task=609 wf=6 vm=7(reserved) actualCPU=1.2900s
[t=   2746.5098][DISPATCH              ] wf=6 task=610 vm=0
[t=   2746.5098][DISPATCH              ] wf=6 task=613 vm=7
[t=   2746.5578][TASK-COMPLETE         ] task=612 wf=6 vm=42(reserved) actualCPU=1.2350s
[t=   2746.5578][DISPATCH              ] wf=6 task=604 vm=42
[t=   2746.6408][TASK-COMPLETE         ] task=678 wf=6 vm=22(reserved) actualCPU=0.6470s
[t=   2746.6408][DISPATCH              ] wf=9 task=963 vm=22
[t=   2746.6678][TASK-COMPLETE         ] task=1385 wf=13 vm=172(on-demand) actualCPU=485.8950s cost=$0.439735
[t=   2746.6678][DISPATCH              ] wf=13 task=1388 vm=159
[t=   2746.7928][TASK-COMPLETE         ] task=638 wf=6 vm=25(reserved) actualCPU=0.9030s
[t=   2746.7928][DISPATCH              ] wf=6 task=657 vm=25
[t=   2746.8218][TASK-COMPLETE         ] task=629 wf=6 vm=40(reserved) actualCPU=0.8770s
[t=   2746.8218][DISPATCH              ] wf=9 task=966 vm=40
[t=   2746.9228][TASK-COMPLETE         ] task=657 wf=6 vm=25(reserved) actualCPU=0.1300s
[t=   2746.9228][TASK-COMPLETE         ] task=602 wf=6 vm=49(reserved) actualCPU=1.1970s
[t=   2746.9228][DISPATCH              ] wf=6 task=626 vm=25
[t=   2746.9228][DISPATCH              ] wf=9 task=974 vm=49
[t=   2747.0128][TASK-COMPLETE         ] task=598 wf=6 vm=38(reserved) actualCPU=1.1780s
[t=   2747.0128][DISPATCH              ] wf=9 task=960 vm=38
[t=   2747.0328][TASK-COMPLETE         ] task=626 wf=6 vm=25(reserved) actualCPU=0.1100s
[t=   2747.0328][DISPATCH              ] wf=9 task=958 vm=25
[t=   2747.1888][TASK-COMPLETE         ] task=1373 wf=13 vm=164(on-demand) actualCPU=510.0100s cost=$0.461559
[t=   2747.2078][TASK-COMPLETE         ] task=596 wf=6 vm=8(reserved) actualCPU=1.0870s
[t=   2747.2078][TASK-COMPLETE         ] task=606 wf=6 vm=36(reserved) actualCPU=1.0600s
[t=   2747.2078][DISPATCH              ] wf=9 task=962 vm=8
[t=   2747.2078][DISPATCH              ] wf=9 task=955 vm=36
[t=   2747.3228][TASK-COMPLETE         ] task=603 wf=6 vm=31(reserved) actualCPU=1.0120s
[t=   2747.3228][DISPATCH              ] wf=9 task=967 vm=31
[t=   2747.3428][TASK-COMPLETE         ] task=604 wf=6 vm=42(reserved) actualCPU=0.7850s
[t=   2747.3428][DISPATCH              ] wf=9 task=968 vm=42
[t=   2747.3578][TASK-COMPLETE         ] task=1379 wf=13 vm=24(reserved) actualCPU=494.9330s
[t=   2747.3578][DISPATCH              ] wf=9 task=936 vm=24
[t=   2747.3928][TASK-COMPLETE         ] task=600 wf=6 vm=13(reserved) actualCPU=0.9930s
[t=   2747.3928][TASK-COMPLETE         ] task=1376 wf=13 vm=161(on-demand) actualCPU=530.1520s cost=$0.479788
[t=   2747.3928][DISPATCH              ] wf=9 task=924 vm=13
[t=   2747.3928][DISPATCH              ] wf=13 task=1387 vm=160
[t=   2747.4248][TASK-COMPLETE         ] task=613 wf=6 vm=7(reserved) actualCPU=0.9150s
[t=   2747.4248][DISPATCH              ] wf=9 task=905 vm=7
[t=   2747.4528][TASK-COMPLETE         ] task=610 wf=6 vm=0(reserved) actualCPU=0.9430s
[t=   2747.4528][DISPATCH              ] wf=9 task=965 vm=0
[t=   2748.4568][TASK-COMPLETE         ] task=963 wf=9 vm=22(reserved) actualCPU=1.8160s
[t=   2748.4568][DISPATCH              ] wf=6 task=595 vm=22
[t=   2748.5418][TASK-COMPLETE         ] task=958 wf=9 vm=25(reserved) actualCPU=1.5090s
[t=   2748.5418][DISPATCH              ] wf=9 task=940 vm=25
[t=   2748.5568][TASK-COMPLETE         ] task=595 wf=6 vm=22(reserved) actualCPU=0.1000s
[t=   2748.5568][DISPATCH              ] wf=9 task=957 vm=22
[t=   2748.6038][TASK-COMPLETE         ] task=966 wf=9 vm=40(reserved) actualCPU=1.7820s
[t=   2748.6038][DISPATCH              ] wf=9 task=896 vm=40
[t=   2748.6668][TASK-COMPLETE         ] task=955 wf=9 vm=36(reserved) actualCPU=1.4590s
[t=   2748.6668][TASK-COMPLETE         ] task=974 wf=9 vm=49(reserved) actualCPU=1.7440s
[t=   2748.6668][DISPATCH              ] wf=9 task=904 vm=36
[t=   2748.6668][DISPATCH              ] wf=9 task=929 vm=49
[t=   2748.6908][TASK-COMPLETE         ] task=962 wf=9 vm=8(reserved) actualCPU=1.4830s
[t=   2748.6908][TASK-COMPLETE         ] task=960 wf=9 vm=38(reserved) actualCPU=1.6780s
[t=   2748.6908][DISPATCH              ] wf=9 task=908 vm=8
[t=   2748.6908][DISPATCH              ] wf=9 task=972 vm=38
[t=   2748.7528][TASK-COMPLETE         ] task=967 wf=9 vm=31(reserved) actualCPU=1.4300s
[t=   2748.7528][DISPATCH              ] wf=9 task=964 vm=31
[t=   2748.7728][TASK-COMPLETE         ] task=965 wf=9 vm=0(reserved) actualCPU=1.3200s
[t=   2748.7728][TASK-COMPLETE         ] task=968 wf=9 vm=42(reserved) actualCPU=1.4300s
[t=   2748.7728][DISPATCH              ] wf=9 task=961 vm=0
[t=   2748.7728][DISPATCH              ] wf=9 task=977 vm=42
[t=   2749.1118][TASK-COMPLETE         ] task=924 wf=9 vm=13(reserved) actualCPU=1.7190s
[t=   2749.1118][DISPATCH              ] wf=9 task=941 vm=13
[t=   2749.1268][TASK-COMPLETE         ] task=936 wf=9 vm=24(reserved) actualCPU=1.7690s
[t=   2749.1268][DISPATCH              ] wf=9 task=937 vm=24
[t=   2749.2368][TASK-COMPLETE         ] task=905 wf=9 vm=7(reserved) actualCPU=1.8120s
[t=   2749.2368][DISPATCH              ] wf=9 task=973 vm=7
[t=   2749.8458][TASK-COMPLETE         ] task=957 wf=9 vm=22(reserved) actualCPU=1.2890s
[t=   2749.8458][DISPATCH              ] wf=9 task=956 vm=22
[t=   2749.8888][TASK-COMPLETE         ] task=972 wf=9 vm=38(reserved) actualCPU=1.1980s
[t=   2749.8888][DISPATCH              ] wf=9 task=931 vm=38
[t=   2749.9488][TASK-COMPLETE         ] task=964 wf=9 vm=31(reserved) actualCPU=1.1960s
[t=   2749.9488][DISPATCH              ] wf=9 task=939 vm=31
[t=   2749.9588][TASK-COMPLETE         ] task=961 wf=9 vm=0(reserved) actualCPU=1.1860s
[t=   2749.9588][TASK-COMPLETE         ] task=977 wf=9 vm=42(reserved) actualCPU=1.1860s
[t=   2749.9588][DISPATCH              ] wf=9 task=942 vm=0
[t=   2749.9588][DISPATCH              ] wf=9 task=971 vm=42
[t=   2750.1858][TASK-COMPLETE         ] task=940 wf=9 vm=25(reserved) actualCPU=1.6440s
[t=   2750.1858][DISPATCH              ] wf=9 task=938 vm=25
[t=   2750.2238][TASK-COMPLETE         ] task=929 wf=9 vm=49(reserved) actualCPU=1.5570s
[t=   2750.2238][DISPATCH              ] wf=9 task=959 vm=49
[t=   2750.2958][TASK-COMPLETE         ] task=973 wf=9 vm=7(reserved) actualCPU=1.0590s
[t=   2750.2958][DISPATCH              ] wf=9 task=909 vm=7
[t=   2750.3448][TASK-COMPLETE         ] task=896 wf=9 vm=40(reserved) actualCPU=1.7410s
[t=   2750.3448][DISPATCH              ] wf=9 task=902 vm=40
[t=   2750.3568][TASK-COMPLETE         ] task=908 wf=9 vm=8(reserved) actualCPU=1.6660s
[t=   2750.3568][DISPATCH              ] wf=9 task=932 vm=8
[t=   2750.3998][TASK-COMPLETE         ] task=904 wf=9 vm=36(reserved) actualCPU=1.7330s
[t=   2750.3998][DISPATCH              ] wf=9 task=976 vm=36
[t=   2750.5768][TASK-COMPLETE         ] task=937 wf=9 vm=24(reserved) actualCPU=1.4500s
[t=   2750.5768][DISPATCH              ] wf=9 task=930 vm=24
[t=   2750.6338][TASK-COMPLETE         ] task=941 wf=9 vm=13(reserved) actualCPU=1.5220s
[t=   2750.6338][DISPATCH              ] wf=9 task=899 vm=13
[t=   2750.8998][TASK-COMPLETE         ] task=956 wf=9 vm=22(reserved) actualCPU=1.0540s
[t=   2750.8998][DISPATCH              ] wf=9 task=934 vm=22
[t=   2750.9408][TASK-COMPLETE         ] task=1410 wf=14 vm=34(reserved) actualCPU=41.4130s
[t=   2750.9408][DISPATCH              ] wf=9 task=898 vm=34
[t=   2750.9798][TASK-COMPLETE         ] task=971 wf=9 vm=42(reserved) actualCPU=1.0210s
[t=   2750.9798][DISPATCH              ] wf=9 task=906 vm=42
[t=   2751.0818][TASK-COMPLETE         ] task=913 wf=9 vm=37(reserved) actualCPU=34.0690s
[t=   2751.0818][DISPATCH              ] wf=9 task=911 vm=37
[t=   2751.2128][TASK-COMPLETE         ] task=959 wf=9 vm=49(reserved) actualCPU=0.9890s
[t=   2751.2128][DISPATCH              ] wf=9 task=893 vm=49
[t=   2751.3118][TASK-COMPLETE         ] task=939 wf=9 vm=31(reserved) actualCPU=1.3630s
[t=   2751.3118][TASK-COMPLETE         ] task=931 wf=9 vm=38(reserved) actualCPU=1.4230s
[t=   2751.3118][DISPATCH              ] wf=9 task=928 vm=31
[t=   2751.3118][DISPATCH              ] wf=9 task=970 vm=38
[t=   2751.3228][TASK-COMPLETE         ] task=942 wf=9 vm=0(reserved) actualCPU=1.3640s
[t=   2751.3228][DISPATCH              ] wf=9 task=925 vm=0
[t=   2751.3648][TASK-COMPLETE         ] task=976 wf=9 vm=36(reserved) actualCPU=0.9650s
[t=   2751.3648][DISPATCH              ] wf=9 task=969 vm=36
[t=   2751.4218][TASK-COMPLETE         ] task=1388 wf=13 vm=159(on-demand) actualCPU=4.7540s cost=$0.004302
[t=   2751.5188][TASK-COMPLETE         ] task=938 wf=9 vm=25(reserved) actualCPU=1.3330s
[t=   2751.5188][DISPATCH              ] wf=9 task=894 vm=25
[t=   2751.6698][TASK-COMPLETE         ] task=932 wf=9 vm=8(reserved) actualCPU=1.3130s
[t=   2751.6698][DISPATCH              ] wf=9 task=895 vm=8
[t=   2751.7468][TASK-COMPLETE         ] task=909 wf=9 vm=7(reserved) actualCPU=1.4510s
[t=   2751.7468][DISPATCH              ] wf=9 task=935 vm=7
[t=   2751.7918][TASK-COMPLETE         ] task=902 wf=9 vm=40(reserved) actualCPU=1.4470s
[t=   2751.7918][DISPATCH              ] wf=9 task=926 vm=40
[t=   2751.8748][TASK-COMPLETE         ] task=930 wf=9 vm=24(reserved) actualCPU=1.2980s
[t=   2751.8748][DISPATCH              ] wf=9 task=927 vm=24
[t=   2752.0528][TASK-COMPLETE         ] task=899 wf=9 vm=13(reserved) actualCPU=1.4190s
[t=   2752.0528][DISPATCH              ] wf=9 task=933 vm=13
[t=   2752.1178][TASK-COMPLETE         ] task=970 wf=9 vm=38(reserved) actualCPU=0.8060s
[t=   2752.1178][DISPATCH              ] wf=9 task=975 vm=38
[t=   2752.1528][TASK-COMPLETE         ] task=969 wf=9 vm=36(reserved) actualCPU=0.7880s
[t=   2752.1528][DISPATCH              ] wf=9 task=907 vm=36
[t=   2752.1668][TASK-COMPLETE         ] task=934 wf=9 vm=22(reserved) actualCPU=1.2670s
[t=   2752.1668][DISPATCH              ] wf=9 task=900 vm=22
[t=   2752.3148][TASK-COMPLETE         ] task=898 wf=9 vm=34(reserved) actualCPU=1.3740s
[t=   2752.3148][DISPATCH              ] wf=9 task=903 vm=34
[t=   2752.3298][TASK-COMPLETE         ] task=906 wf=9 vm=42(reserved) actualCPU=1.3500s
[t=   2752.3298][DISPATCH              ] wf=9 task=901 vm=42
[t=   2752.4398][TASK-COMPLETE         ] task=911 wf=9 vm=37(reserved) actualCPU=1.3580s
[t=   2752.4398][DISPATCH              ] wf=9 task=897 vm=37
[t=   2752.4628][TASK-COMPLETE         ] task=925 wf=9 vm=0(reserved) actualCPU=1.1400s
[t=   2752.4628][DISPATCH              ] wf=9 task=910 vm=0
[t=   2752.4808][TASK-COMPLETE         ] task=928 wf=9 vm=31(reserved) actualCPU=1.1690s
[t=   2752.4808][DISPATCH              ] wf=14 task=1465 vm=31
[t=   2752.5108][TASK-COMPLETE         ] task=893 wf=9 vm=49(reserved) actualCPU=1.2980s
[t=   2752.5108][DISPATCH              ] wf=14 task=1460 vm=49
[t=   2752.7148][TASK-COMPLETE         ] task=1387 wf=13 vm=160(on-demand) actualCPU=5.3220s cost=$0.004816
[t=   2752.7658][TASK-COMPLETE         ] task=894 wf=9 vm=25(reserved) actualCPU=1.2470s
[t=   2752.7658][DISPATCH              ] wf=14 task=1401 vm=25
[t=   2752.7908][TASK-COMPLETE         ] task=975 wf=9 vm=38(reserved) actualCPU=0.6730s
[t=   2752.7908][DISPATCH              ] wf=14 task=1421 vm=38
[t=   2752.8568][TASK-COMPLETE         ] task=935 wf=9 vm=7(reserved) actualCPU=1.1100s
[t=   2752.8568][DISPATCH              ] wf=9 task=954 vm=7
[t=   2752.8898][TASK-COMPLETE         ] task=926 wf=9 vm=40(reserved) actualCPU=1.0980s
[t=   2752.8898][DISPATCH              ] wf=14 task=1455 vm=40
[t=   2752.9118][TASK-COMPLETE         ] task=895 wf=9 vm=8(reserved) actualCPU=1.2420s
[t=   2752.9118][DISPATCH              ] wf=14 task=1434 vm=8
[t=   2752.9628][TASK-COMPLETE         ] task=927 wf=9 vm=24(reserved) actualCPU=1.0880s
[t=   2752.9628][DISPATCH              ] wf=14 task=1463 vm=24
[t=   2752.9738][TASK-COMPLETE         ] task=954 wf=9 vm=7(reserved) actualCPU=0.1170s
[t=   2752.9738][DISPATCH              ] wf=14 task=1452 vm=7
[t=   2753.0838][TASK-COMPLETE         ] task=933 wf=9 vm=13(reserved) actualCPU=1.0310s
[t=   2753.0838][DISPATCH              ] wf=14 task=1469 vm=13
[t=   2753.1988][TASK-COMPLETE         ] task=907 wf=9 vm=36(reserved) actualCPU=1.0460s
[t=   2753.1988][DISPATCH              ] wf=9 task=923 vm=36
[t=   2753.2198][TASK-COMPLETE         ] task=900 wf=9 vm=22(reserved) actualCPU=1.0530s
[t=   2753.2198][TASK-COMPLETE         ] task=901 wf=9 vm=42(reserved) actualCPU=0.8900s
[t=   2753.2198][DISPATCH              ] wf=14 task=1425 vm=22
[t=   2753.2198][DISPATCH              ] wf=14 task=1471 vm=42
[t=   2753.2838][TASK-COMPLETE         ] task=897 wf=9 vm=37(reserved) actualCPU=0.8440s
[t=   2753.2838][DISPATCH              ] wf=14 task=1459 vm=37
[t=   2753.2988][TASK-COMPLETE         ] task=910 wf=9 vm=0(reserved) actualCPU=0.8360s
[t=   2753.2988][TASK-COMPLETE         ] task=923 wf=9 vm=36(reserved) actualCPU=0.1000s
[t=   2753.2988][DISPATCH              ] wf=14 task=1428 vm=0
[t=   2753.2988][DISPATCH              ] wf=14 task=1405 vm=36
[t=   2753.3228][TASK-COMPLETE         ] task=903 wf=9 vm=34(reserved) actualCPU=1.0080s
[t=   2753.3228][DISPATCH              ] wf=14 task=1438 vm=34
[t=   2754.2208][TASK-COMPLETE         ] task=1460 wf=14 vm=49(reserved) actualCPU=1.7100s
[t=   2754.2208][DISPATCH              ] wf=9 task=892 vm=49
[t=   2754.2648][TASK-COMPLETE         ] task=1465 wf=14 vm=31(reserved) actualCPU=1.7840s
[t=   2754.2648][DISPATCH              ] wf=14 task=1427 vm=31
[t=   2754.3208][TASK-COMPLETE         ] task=892 wf=9 vm=49(reserved) actualCPU=0.1000s
[t=   2754.3208][DISPATCH              ] wf=14 task=1457 vm=49
[t=   2754.4208][TASK-COMPLETE         ] task=1455 wf=14 vm=40(reserved) actualCPU=1.5310s
[t=   2754.4208][DISPATCH              ] wf=14 task=1423 vm=40
[t=   2754.4488][TASK-COMPLETE         ] task=1452 wf=14 vm=7(reserved) actualCPU=1.4750s
[t=   2754.4488][TASK-COMPLETE         ] task=1463 wf=14 vm=24(reserved) actualCPU=1.4860s
[t=   2754.4488][DISPATCH              ] wf=14 task=1437 vm=7
[t=   2754.4488][DISPATCH              ] wf=14 task=1464 vm=24
[t=   2754.4838][TASK-COMPLETE         ] task=1421 wf=14 vm=38(reserved) actualCPU=1.6930s
[t=   2754.4838][DISPATCH              ] wf=14 task=1402 vm=38
[t=   2754.5088][TASK-COMPLETE         ] task=1434 wf=14 vm=8(reserved) actualCPU=1.5970s
[t=   2754.5088][DISPATCH              ] wf=14 task=1439 vm=8
[t=   2754.5308][TASK-COMPLETE         ] task=1469 wf=14 vm=13(reserved) actualCPU=1.4470s
[t=   2754.5308][DISPATCH              ] wf=14 task=1433 vm=13
[t=   2754.6498][TASK-COMPLETE         ] task=1471 wf=14 vm=42(reserved) actualCPU=1.4300s
[t=   2754.6498][DISPATCH              ] wf=14 task=1426 vm=42
[t=   2754.7288][TASK-COMPLETE         ] task=1459 wf=14 vm=37(reserved) actualCPU=1.4450s
[t=   2754.7288][DISPATCH              ] wf=14 task=1474 vm=37
[t=   2754.7598][TASK-COMPLETE         ] task=1425 wf=14 vm=22(reserved) actualCPU=1.5400s
[t=   2754.7598][DISPATCH              ] wf=14 task=1432 vm=22
[t=   2754.7788][TASK-COMPLETE         ] task=1428 wf=14 vm=0(reserved) actualCPU=1.4800s
[t=   2754.7788][DISPATCH              ] wf=14 task=1393 vm=0
[t=   2754.8018][TASK-COMPLETE         ] task=1401 wf=14 vm=25(reserved) actualCPU=2.0360s
[t=   2754.8018][TASK-COMPLETE         ] task=1438 wf=14 vm=34(reserved) actualCPU=1.4790s
[t=   2754.8018][DISPATCH              ] wf=14 task=1430 vm=25
[t=   2754.8018][DISPATCH              ] wf=14 task=1461 vm=34
[t=   2755.0688][TASK-COMPLETE         ] task=1405 wf=14 vm=36(reserved) actualCPU=1.7700s
[t=   2755.0688][DISPATCH              ] wf=14 task=1436 vm=36
[t=   2755.6698][TASK-COMPLETE         ] task=1457 wf=14 vm=49(reserved) actualCPU=1.3490s
[t=   2755.6698][DISPATCH              ] wf=14 task=1429 vm=49
[t=   2755.7168][TASK-COMPLETE         ] task=1427 wf=14 vm=31(reserved) actualCPU=1.4520s
[t=   2755.7168][DISPATCH              ] wf=14 task=1408 vm=31
[t=   2755.7618][TASK-COMPLETE         ] task=1464 wf=14 vm=24(reserved) actualCPU=1.3130s
[t=   2755.7618][DISPATCH              ] wf=14 task=1454 vm=24
[t=   2755.7938][TASK-COMPLETE         ] task=944 wf=9 vm=10(reserved) actualCPU=35.8100s
[t=   2755.7938][DISPATCH              ] wf=14 task=1422 vm=10
[t=   2755.8548][TASK-COMPLETE         ] task=1437 wf=14 vm=7(reserved) actualCPU=1.4060s
[t=   2755.8548][TASK-COMPLETE         ] task=1423 wf=14 vm=40(reserved) actualCPU=1.4340s
[t=   2755.8548][DISPATCH              ] wf=14 task=1424 vm=7
[t=   2755.8548][DISPATCH              ] wf=14 task=1473 vm=40
[t=   2755.8898][TASK-COMPLETE         ] task=1439 wf=14 vm=8(reserved) actualCPU=1.3810s
[t=   2755.8898][DISPATCH              ] wf=14 task=1458 vm=8
[t=   2755.9038][TASK-COMPLETE         ] task=1433 wf=14 vm=13(reserved) actualCPU=1.3730s
[t=   2755.9038][DISPATCH              ] wf=14 task=1431 vm=13
[t=   2755.9968][TASK-COMPLETE         ] task=1474 wf=14 vm=37(reserved) actualCPU=1.2680s
[t=   2755.9968][DISPATCH              ] wf=14 task=1453 vm=37
[t=   2756.0078][TASK-COMPLETE         ] task=1426 wf=14 vm=42(reserved) actualCPU=1.3580s
[t=   2756.0078][DISPATCH              ] wf=14 task=1456 vm=42
[t=   2756.0268][TASK-COMPLETE         ] task=1461 wf=14 vm=34(reserved) actualCPU=1.2250s
[t=   2756.0268][DISPATCH              ] wf=14 task=1462 vm=34
[t=   2756.0748][TASK-COMPLETE         ] task=1432 wf=14 vm=22(reserved) actualCPU=1.3150s
[t=   2756.0748][DISPATCH              ] wf=14 task=1403 vm=22
[t=   2756.1178][TASK-COMPLETE         ] task=1430 wf=14 vm=25(reserved) actualCPU=1.3160s
[t=   2756.1178][DISPATCH              ] wf=14 task=1467 vm=25
[t=   2756.1538][TASK-COMPLETE         ] task=1402 wf=14 vm=38(reserved) actualCPU=1.6700s
[t=   2756.1538][DISPATCH              ] wf=14 task=1395 vm=38
[t=   2756.3708][TASK-COMPLETE         ] task=1436 wf=14 vm=36(reserved) actualCPU=1.3020s
[t=   2756.3708][DISPATCH              ] wf=14 task=1435 vm=36
[t=   2756.3878][TASK-COMPLETE         ] task=1393 wf=14 vm=0(reserved) actualCPU=1.6090s
[t=   2756.3878][DISPATCH              ] wf=14 task=1468 vm=0
[t=   2756.9408][TASK-COMPLETE         ] task=1454 wf=14 vm=24(reserved) actualCPU=1.1790s
[t=   2756.9408][DISPATCH              ] wf=14 task=1390 vm=24
[t=   2756.9668][TASK-COMPLETE         ] task=1473 wf=14 vm=40(reserved) actualCPU=1.1120s
[t=   2756.9668][DISPATCH              ] wf=14 task=1396 vm=40
[t=   2756.9918][TASK-COMPLETE         ] task=1458 wf=14 vm=8(reserved) actualCPU=1.1020s
[t=   2756.9918][TASK-COMPLETE         ] task=1429 wf=14 vm=49(reserved) actualCPU=1.3220s
[t=   2756.9918][DISPATCH              ] wf=14 task=1406 vm=8
[t=   2756.9918][DISPATCH              ] wf=14 task=1470 vm=49
[t=   2757.0418][TASK-COMPLETE         ] task=1422 wf=14 vm=10(reserved) actualCPU=1.2480s
[t=   2757.0418][DISPATCH              ] wf=14 task=1392 vm=10
[t=   2757.0738][TASK-COMPLETE         ] task=1453 wf=14 vm=37(reserved) actualCPU=1.0770s
[t=   2757.0738][DISPATCH              ] wf=14 task=1472 vm=37
[t=   2757.0888][TASK-COMPLETE         ] task=1431 wf=14 vm=13(reserved) actualCPU=1.1850s
[t=   2757.0888][TASK-COMPLETE         ] task=1462 wf=14 vm=34(reserved) actualCPU=1.0620s
[t=   2757.0888][TASK-COMPLETE         ] task=1456 wf=14 vm=42(reserved) actualCPU=1.0810s
[t=   2757.0888][DISPATCH              ] wf=14 task=1399 vm=13
[t=   2757.0888][DISPATCH              ] wf=14 task=1391 vm=34
[t=   2757.0888][DISPATCH              ] wf=14 task=1404 vm=42
[t=   2757.1018][TASK-COMPLETE         ] task=1424 wf=14 vm=7(reserved) actualCPU=1.2470s
[t=   2757.1018][DISPATCH              ] wf=14 task=1397 vm=7
[t=   2757.1518][TASK-COMPLETE         ] task=1467 wf=14 vm=25(reserved) actualCPU=1.0340s
[t=   2757.1518][DISPATCH              ] wf=14 task=1466 vm=25
[t=   2757.2988][TASK-COMPLETE         ] task=1408 wf=14 vm=31(reserved) actualCPU=1.5820s
[t=   2757.2988][DISPATCH              ] wf=14 task=1407 vm=31
[t=   2757.3488][TASK-COMPLETE         ] task=1468 wf=14 vm=0(reserved) actualCPU=0.9610s
[t=   2757.3488][DISPATCH              ] wf=14 task=1394 vm=0
[t=   2757.4318][TASK-COMPLETE         ] task=1435 wf=14 vm=36(reserved) actualCPU=1.0610s
[t=   2757.4318][DISPATCH              ] wf=14 task=1400 vm=36
[t=   2757.5188][TASK-COMPLETE         ] task=1403 wf=14 vm=22(reserved) actualCPU=1.4440s
[t=   2757.5188][TASK-COMPLETE         ] task=1395 wf=14 vm=38(reserved) actualCPU=1.3650s
[t=   2757.5188][DISPATCH              ] wf=14 task=1398 vm=22
[t=   2757.5188][DISPATCH              ] wf=14 task=1420 vm=38
[t=   2757.6188][TASK-COMPLETE         ] task=1420 wf=14 vm=38(reserved) actualCPU=0.1000s
[t=   2757.7988][TASK-COMPLETE         ] task=1470 wf=14 vm=49(reserved) actualCPU=0.8070s
[t=   2757.8148][TASK-COMPLETE         ] task=1466 wf=14 vm=25(reserved) actualCPU=0.6630s
[t=   2757.8518][TASK-COMPLETE         ] task=1472 wf=14 vm=37(reserved) actualCPU=0.7780s
[t=   2757.8518][DISPATCH              ] wf=14 task=1451 vm=25
[t=   2757.9518][TASK-COMPLETE         ] task=1451 wf=14 vm=25(reserved) actualCPU=0.1000s
[t=   2758.1708][TASK-COMPLETE         ] task=1404 wf=14 vm=42(reserved) actualCPU=1.0820s
[t=   2758.1958][TASK-COMPLETE         ] task=1397 wf=14 vm=7(reserved) actualCPU=1.0940s
[t=   2758.1958][TASK-COMPLETE         ] task=1406 wf=14 vm=8(reserved) actualCPU=1.2040s
[t=   2758.1958][TASK-COMPLETE         ] task=1391 wf=14 vm=34(reserved) actualCPU=1.1070s
[t=   2758.2118][TASK-COMPLETE         ] task=1392 wf=14 vm=10(reserved) actualCPU=1.1700s
[t=   2758.2338][TASK-COMPLETE         ] task=1396 wf=14 vm=40(reserved) actualCPU=1.2670s
[t=   2758.2598][TASK-COMPLETE         ] task=1399 wf=14 vm=13(reserved) actualCPU=1.1710s
[t=   2758.2598][TASK-COMPLETE         ] task=1390 wf=14 vm=24(reserved) actualCPU=1.3190s
[t=   2758.3048][TASK-COMPLETE         ] task=1407 wf=14 vm=31(reserved) actualCPU=1.0060s
[t=   2758.3348][TASK-COMPLETE         ] task=1394 wf=14 vm=0(reserved) actualCPU=0.9860s
[t=   2758.3568][TASK-COMPLETE         ] task=1398 wf=14 vm=22(reserved) actualCPU=0.8380s
[t=   2758.4318][TASK-COMPLETE         ] task=1400 wf=14 vm=36(reserved) actualCPU=1.0000s
[t=   2758.4318][DISPATCH              ] wf=14 task=1389 vm=0
[t=   2758.5548][TASK-COMPLETE         ] task=1389 wf=14 vm=0(reserved) actualCPU=0.1230s
[t=   2759.9688][TASK-COMPLETE         ] task=1477 wf=14 vm=26(reserved) actualCPU=50.2490s
[t=   2761.5128][TASK-COMPLETE         ] task=1364 wf=13 vm=20(reserved) actualCPU=553.7110s
[t=   2762.3338][TASK-COMPLETE         ] task=1367 wf=13 vm=301(on-demand) actualCPU=396.5330s cost=$0.358862
[t=   2762.3338][DISPATCH              ] wf=13 task=1386 vm=0
[t=   2764.3778][TASK-COMPLETE         ] task=648 wf=6 vm=43(reserved) actualCPU=65.9590s
[t=   2765.7848][TASK-COMPLETE         ] task=914 wf=9 vm=15(reserved) actualCPU=53.0900s
[t=   2766.3438][TASK-COMPLETE         ] task=1441 wf=14 vm=47(reserved) actualCPU=39.6900s
[t=   2766.8838][TASK-COMPLETE         ] task=1411 wf=14 vm=9(reserved) actualCPU=58.7670s
[t=   2768.0108][TASK-COMPLETE         ] task=1386 wf=13 vm=0(reserved) actualCPU=5.6770s
[t=   2768.0108][WF-COMPLETE           ] wf=13 completionTime=2768.0108 deadline=2870.8455 -> MET
[t=   2772.6908][TASK-COMPLETE         ] task=616 wf=6 vm=6(reserved) actualCPU=39.6360s
[t=   2773.6958][TASK-COMPLETE         ] task=945 wf=9 vm=45(reserved) actualCPU=61.7480s
[t=   2779.3728][TASK-COMPLETE         ] task=617 wf=6 vm=30(reserved) actualCPU=55.5920s
[t=   2791.7228][TASK-COMPLETE         ] task=1442 wf=14 vm=27(reserved) actualCPU=70.0500s
[t=   2967.5408][TASK-COMPLETE         ] task=155 wf=1 vm=1(reserved) actualCPU=2928.5061s
[t=   2967.5408][DISPATCH              ] wf=1 task=156 vm=0
[t=   3063.8958][TASK-COMPLETE         ] task=452 wf=4 vm=19(reserved) actualCPU=2986.5893s
[t=   3063.8958][DISPATCH              ] wf=4 task=453 vm=1
[t=   3094.9378][TASK-COMPLETE         ] task=422 wf=4 vm=4(reserved) actualCPU=379.9070s
[t=   3094.9378][DISPATCH              ] wf=4 task=425 vm=4
[t=   3094.9378][DISPATCH              ] wf=4 task=423 vm=6
[t=   3094.9378][DISPATCH              ] wf=4 task=427 vm=7
[t=   3094.9378][DISPATCH              ] wf=4 task=424 vm=8
[t=   3096.5278][TASK-COMPLETE         ] task=423 wf=4 vm=6(reserved) actualCPU=1.5900s
[t=   3096.5278][DISPATCH              ] wf=4 task=426 vm=6
[t=   3100.4108][TASK-COMPLETE         ] task=424 wf=4 vm=8(reserved) actualCPU=5.4730s
[t=   3100.7148][TASK-COMPLETE         ] task=427 wf=4 vm=7(reserved) actualCPU=5.7770s
[t=   3135.2028][TASK-COMPLETE         ] task=426 wf=4 vm=6(reserved) actualCPU=38.6750s
[t=   3160.6328][TASK-COMPLETE         ] task=191 wf=1 vm=16(reserved) actualCPU=480.6920s
[t=   3160.6328][DISPATCH              ] wf=1 task=194 vm=6
[t=   3160.6328][DISPATCH              ] wf=1 task=192 vm=7
[t=   3160.6328][DISPATCH              ] wf=1 task=193 vm=8
[t=   3160.6328][DISPATCH              ] wf=1 task=196 vm=9
[t=   3161.9818][TASK-COMPLETE         ] task=192 wf=1 vm=7(reserved) actualCPU=1.3490s
[t=   3161.9818][DISPATCH              ] wf=1 task=195 vm=7
[t=   3162.9808][TASK-COMPLETE         ] task=488 wf=4 vm=5(reserved) actualCPU=480.7370s
[t=   3162.9808][DISPATCH              ] wf=4 task=491 vm=5
[t=   3162.9808][DISPATCH              ] wf=4 task=489 vm=10
[t=   3162.9808][DISPATCH              ] wf=4 task=490 vm=13
[t=   3162.9808][DISPATCH              ] wf=4 task=493 vm=15
[t=   3164.4348][TASK-COMPLETE         ] task=489 wf=4 vm=10(reserved) actualCPU=1.4540s
[t=   3164.4348][DISPATCH              ] wf=4 task=492 vm=10
[t=   3164.4968][TASK-COMPLETE         ] task=196 wf=1 vm=9(reserved) actualCPU=3.8640s
[t=   3164.7768][TASK-COMPLETE         ] task=193 wf=1 vm=8(reserved) actualCPU=4.1440s
[t=   3166.6588][TASK-COMPLETE         ] task=493 wf=4 vm=15(reserved) actualCPU=3.6780s
[t=   3167.2538][TASK-COMPLETE         ] task=490 wf=4 vm=13(reserved) actualCPU=4.2730s
[t=   3172.5458][TASK-COMPLETE         ] task=125 wf=1 vm=18(reserved) actualCPU=452.0380s
[t=   3172.5458][DISPATCH              ] wf=1 task=128 vm=8
[t=   3172.5458][DISPATCH              ] wf=1 task=126 vm=9
[t=   3172.5458][DISPATCH              ] wf=1 task=130 vm=13
[t=   3172.5458][DISPATCH              ] wf=1 task=127 vm=15
[t=   3174.0888][TASK-COMPLETE         ] task=126 wf=1 vm=9(reserved) actualCPU=1.5430s
[t=   3174.0888][DISPATCH              ] wf=1 task=129 vm=9
[t=   3178.5588][TASK-COMPLETE         ] task=127 wf=1 vm=15(reserved) actualCPU=6.0130s
[t=   3178.7268][TASK-COMPLETE         ] task=130 wf=1 vm=13(reserved) actualCPU=6.1810s
[t=   3199.3168][TASK-COMPLETE         ] task=492 wf=4 vm=10(reserved) actualCPU=34.8820s
[t=   3201.1118][TASK-COMPLETE         ] task=195 wf=1 vm=7(reserved) actualCPU=39.1300s
[t=   3201.3288][TASK-COMPLETE         ] task=129 wf=1 vm=9(reserved) actualCPU=27.2400s
[t=   3331.4648][TASK-COMPLETE         ] task=156 wf=1 vm=0(reserved) actualCPU=363.9240s
[t=   3331.4648][DISPATCH              ] wf=1 task=159 vm=0
[t=   3331.4648][DISPATCH              ] wf=1 task=157 vm=7
[t=   3331.4648][DISPATCH              ] wf=1 task=158 vm=9
[t=   3331.4648][DISPATCH              ] wf=1 task=161 vm=10
[t=   3332.5388][TASK-COMPLETE         ] task=157 wf=1 vm=7(reserved) actualCPU=1.0740s
[t=   3332.5388][DISPATCH              ] wf=1 task=160 vm=7
[t=   3334.3858][TASK-COMPLETE         ] task=161 wf=1 vm=10(reserved) actualCPU=2.9210s
[t=   3336.7398][TASK-COMPLETE         ] task=158 wf=1 vm=9(reserved) actualCPU=5.2750s
[t=   3367.0778][TASK-COMPLETE         ] task=160 wf=1 vm=7(reserved) actualCPU=34.5390s
[t=   3390.6268][TASK-COMPLETE         ] task=453 wf=4 vm=1(reserved) actualCPU=326.7310s
[t=   3390.6268][DISPATCH              ] wf=4 task=456 vm=1
[t=   3390.6268][DISPATCH              ] wf=4 task=454 vm=7
[t=   3390.6268][DISPATCH              ] wf=4 task=455 vm=9
[t=   3390.6268][DISPATCH              ] wf=4 task=458 vm=10
[t=   3391.8248][TASK-COMPLETE         ] task=454 wf=4 vm=7(reserved) actualCPU=1.1980s
[t=   3391.8248][DISPATCH              ] wf=4 task=457 vm=7
[t=   3393.3208][TASK-COMPLETE         ] task=458 wf=4 vm=10(reserved) actualCPU=2.6940s
[t=   3396.6468][TASK-COMPLETE         ] task=455 wf=4 vm=9(reserved) actualCPU=6.0200s
[t=   3421.1288][TASK-COMPLETE         ] task=457 wf=4 vm=7(reserved) actualCPU=29.3040s
[t=   4034.4128][TASK-COMPLETE         ] task=1440 wf=14 vm=33(reserved) actualCPU=1356.9860s
[t=   4081.1438][TASK-COMPLETE         ] task=978 wf=9 vm=17(reserved) actualCPU=1404.1460s
[t=   4157.2608][TASK-COMPLETE         ] task=646 wf=6 vm=46(reserved) actualCPU=1483.4050s
[t=   4158.7768][TASK-COMPLETE         ] task=1475 wf=14 vm=35(reserved) actualCPU=1481.3840s
[t=   4246.8648][TASK-COMPLETE         ] task=943 wf=9 vm=28(reserved) actualCPU=1570.2730s
[t=   4266.0758][TASK-COMPLETE         ] task=128 wf=1 vm=8(reserved) actualCPU=1093.5300s
[t=   4266.0758][DISPATCH              ] wf=1 task=131 vm=7
[t=   4267.4978][TASK-COMPLETE         ] task=131 wf=1 vm=7(reserved) actualCPU=1.4220s
[t=   4333.8638][TASK-COMPLETE         ] task=681 wf=6 vm=12(reserved) actualCPU=1700.6360s
[t=   4336.8198][TASK-COMPLETE         ] task=425 wf=4 vm=4(reserved) actualCPU=1241.8820s
[t=   4336.8198][DISPATCH              ] wf=4 task=428 vm=4
[t=   4337.9708][TASK-COMPLETE         ] task=428 wf=4 vm=4(reserved) actualCPU=1.1510s
[t=   4375.5028][TASK-COMPLETE         ] task=915 wf=9 vm=29(reserved) actualCPU=1702.0950s
[t=   4394.7188][TASK-COMPLETE         ] task=912 wf=9 vm=11(reserved) actualCPU=1736.0740s
[t=   4394.7188][DISPATCH              ] wf=9 task=916 vm=4
[t=   4510.7068][TASK-COMPLETE         ] task=159 wf=1 vm=0(reserved) actualCPU=1179.2420s
[t=   4510.7068][DISPATCH              ] wf=1 task=162 vm=0
[t=   4511.9798][TASK-COMPLETE         ] task=162 wf=1 vm=0(reserved) actualCPU=1.2730s
[t=   4552.6738][TASK-COMPLETE         ] task=491 wf=4 vm=5(reserved) actualCPU=1389.6930s
[t=   4552.6738][DISPATCH              ] wf=4 task=494 vm=0
[t=   4554.1798][TASK-COMPLETE         ] task=494 wf=4 vm=0(reserved) actualCPU=1.5060s
[t=   4611.4468][TASK-COMPLETE         ] task=194 wf=1 vm=6(reserved) actualCPU=1450.8140s
[t=   4611.4468][DISPATCH              ] wf=1 task=197 vm=0
[t=   4612.9918][TASK-COMPLETE         ] task=197 wf=1 vm=0(reserved) actualCPU=1.5450s
[t=   4612.9918][WF-COMPLETE           ] wf=1 completionTime=4612.9918 deadline=8988.9719 -> MET
[t=   4624.6548][TASK-COMPLETE         ] task=1409 wf=14 vm=48(reserved) actualCPU=1995.7520s
[t=   4811.4078][TASK-COMPLETE         ] task=916 wf=9 vm=4(reserved) actualCPU=416.6890s
[t=   4811.4078][DISPATCH              ] wf=9 task=919 vm=0
[t=   4811.4078][DISPATCH              ] wf=9 task=917 vm=4
[t=   4811.4078][DISPATCH              ] wf=9 task=921 vm=5
[t=   4811.4078][DISPATCH              ] wf=9 task=918 vm=6
[t=   4813.1788][TASK-COMPLETE         ] task=917 wf=9 vm=4(reserved) actualCPU=1.7710s
[t=   4813.1788][DISPATCH              ] wf=9 task=920 vm=4
[t=   4816.2928][TASK-COMPLETE         ] task=918 wf=9 vm=6(reserved) actualCPU=4.8850s
[t=   4816.7568][TASK-COMPLETE         ] task=921 wf=9 vm=5(reserved) actualCPU=5.3490s
[t=   4842.8548][TASK-COMPLETE         ] task=920 wf=9 vm=4(reserved) actualCPU=29.6760s
[t=   4858.8188][TASK-COMPLETE         ] task=684 wf=6 vm=41(reserved) actualCPU=2272.6340s
[t=   4858.8188][DISPATCH              ] wf=6 task=685 vm=4
[t=   4868.3948][TASK-COMPLETE         ] task=615 wf=6 vm=32(reserved) actualCPU=2243.5270s
[t=   4880.3048][TASK-COMPLETE         ] task=1412 wf=14 vm=3(reserved) actualCPU=2285.5330s
[t=   4880.3048][DISPATCH              ] wf=14 task=1413 vm=3
[t=   4888.0188][TASK-COMPLETE         ] task=618 wf=6 vm=44(reserved) actualCPU=2267.0490s
[t=   4888.0188][DISPATCH              ] wf=6 task=619 vm=5
[t=   5015.8338][TASK-COMPLETE         ] task=456 wf=4 vm=1(reserved) actualCPU=1625.2070s
[t=   5015.8338][DISPATCH              ] wf=4 task=459 vm=1
[t=   5017.1898][TASK-COMPLETE         ] task=459 wf=4 vm=1(reserved) actualCPU=1.3560s
[t=   5017.1898][WF-COMPLETE           ] wf=4 completionTime=5017.1898 deadline=9027.2437 -> MET
[t=   5039.7978][TASK-COMPLETE         ] task=1478 wf=14 vm=21(reserved) actualCPU=2447.5940s
[t=   5039.7978][DISPATCH              ] wf=14 task=1479 vm=1
[t=   5096.7518][TASK-COMPLETE         ] task=981 wf=9 vm=14(reserved) actualCPU=2567.9630s
[t=   5096.7518][DISPATCH              ] wf=9 task=982 vm=6
[t=   5205.9398][TASK-COMPLETE         ] task=1443 wf=14 vm=2(reserved) actualCPU=2676.3760s
[t=   5205.9398][DISPATCH              ] wf=14 task=1444 vm=2
[t=   5363.1978][TASK-COMPLETE         ] task=1413 wf=14 vm=3(reserved) actualCPU=482.8930s
[t=   5363.1978][DISPATCH              ] wf=14 task=1416 vm=3
[t=   5363.1978][DISPATCH              ] wf=14 task=1414 vm=7
[t=   5363.1978][DISPATCH              ] wf=14 task=1415 vm=8
[t=   5363.1978][DISPATCH              ] wf=14 task=1418 vm=9
[t=   5364.6938][TASK-COMPLETE         ] task=1414 wf=14 vm=7(reserved) actualCPU=1.4960s
[t=   5364.6938][DISPATCH              ] wf=14 task=1417 vm=7
[t=   5369.4618][TASK-COMPLETE         ] task=1418 wf=14 vm=9(reserved) actualCPU=6.2640s
[t=   5369.5268][TASK-COMPLETE         ] task=1415 wf=14 vm=8(reserved) actualCPU=6.3290s
[t=   5375.8788][TASK-COMPLETE         ] task=946 wf=9 vm=39(reserved) actualCPU=2870.8110s
[t=   5375.8788][DISPATCH              ] wf=9 task=947 vm=8
[t=   5398.8738][TASK-COMPLETE         ] task=1417 wf=14 vm=7(reserved) actualCPU=34.1800s
[t=   5416.7338][TASK-COMPLETE         ] task=619 wf=6 vm=5(reserved) actualCPU=528.7150s
[t=   5416.7338][DISPATCH              ] wf=6 task=622 vm=5
[t=   5416.7338][DISPATCH              ] wf=6 task=620 vm=7
[t=   5416.7338][DISPATCH              ] wf=6 task=621 vm=9
[t=   5416.7338][DISPATCH              ] wf=6 task=624 vm=10
[t=   5418.0268][TASK-COMPLETE         ] task=620 wf=6 vm=7(reserved) actualCPU=1.2930s
[t=   5418.0268][DISPATCH              ] wf=6 task=623 vm=7
[t=   5422.6338][TASK-COMPLETE         ] task=624 wf=6 vm=10(reserved) actualCPU=5.9000s
[t=   5422.9148][TASK-COMPLETE         ] task=621 wf=6 vm=9(reserved) actualCPU=6.1810s
[t=   5426.6508][TASK-COMPLETE         ] task=685 wf=6 vm=4(reserved) actualCPU=567.8320s
[t=   5426.6508][DISPATCH              ] wf=6 task=688 vm=4
[t=   5426.6508][DISPATCH              ] wf=6 task=686 vm=9
[t=   5426.6508][DISPATCH              ] wf=6 task=687 vm=10
[t=   5426.6508][DISPATCH              ] wf=6 task=690 vm=11
[t=   5428.0588][TASK-COMPLETE         ] task=686 wf=6 vm=9(reserved) actualCPU=1.4080s
[t=   5428.0588][DISPATCH              ] wf=6 task=689 vm=9
[t=   5430.8078][TASK-COMPLETE         ] task=690 wf=6 vm=11(reserved) actualCPU=4.1570s
[t=   5431.0198][TASK-COMPLETE         ] task=687 wf=6 vm=10(reserved) actualCPU=4.3690s
[t=   5448.2488][TASK-COMPLETE         ] task=623 wf=6 vm=7(reserved) actualCPU=30.2220s
[t=   5460.1558][TASK-COMPLETE         ] task=689 wf=6 vm=9(reserved) actualCPU=32.0970s
[t=   5487.1248][TASK-COMPLETE         ] task=649 wf=6 vm=23(reserved) actualCPU=3034.4260s
[t=   5487.1248][DISPATCH              ] wf=6 task=650 vm=7
[t=   5543.8728][TASK-COMPLETE         ] task=1479 wf=14 vm=1(reserved) actualCPU=504.0750s
[t=   5543.8728][DISPATCH              ] wf=14 task=1482 vm=1
[t=   5543.8728][DISPATCH              ] wf=14 task=1480 vm=9
[t=   5543.8728][DISPATCH              ] wf=14 task=1481 vm=10
[t=   5543.8728][DISPATCH              ] wf=14 task=1484 vm=11
[t=   5545.6878][TASK-COMPLETE         ] task=1480 wf=14 vm=9(reserved) actualCPU=1.8150s
[t=   5545.6878][DISPATCH              ] wf=14 task=1483 vm=9
[t=   5547.3708][TASK-COMPLETE         ] task=1484 wf=14 vm=11(reserved) actualCPU=3.4980s
[t=   5547.7038][TASK-COMPLETE         ] task=1481 wf=14 vm=10(reserved) actualCPU=3.8310s
[t=   5557.0928][TASK-COMPLETE         ] task=1444 wf=14 vm=2(reserved) actualCPU=351.1530s
[t=   5557.0928][DISPATCH              ] wf=14 task=1447 vm=2
[t=   5557.0928][DISPATCH              ] wf=14 task=1445 vm=10
[t=   5557.0928][DISPATCH              ] wf=14 task=1446 vm=11
[t=   5557.0928][DISPATCH              ] wf=14 task=1449 vm=12
[t=   5558.3278][TASK-COMPLETE         ] task=1445 wf=14 vm=10(reserved) actualCPU=1.2350s
[t=   5558.3278][DISPATCH              ] wf=14 task=1448 vm=10
[t=   5560.0538][TASK-COMPLETE         ] task=1449 wf=14 vm=12(reserved) actualCPU=2.9610s
[t=   5562.0498][TASK-COMPLETE         ] task=1446 wf=14 vm=11(reserved) actualCPU=4.9570s
[t=   5562.8918][TASK-COMPLETE         ] task=982 wf=9 vm=6(reserved) actualCPU=466.1400s
[t=   5562.8918][DISPATCH              ] wf=9 task=985 vm=6
[t=   5562.8918][DISPATCH              ] wf=9 task=983 vm=11
[t=   5562.8918][DISPATCH              ] wf=9 task=984 vm=12
[t=   5562.8918][DISPATCH              ] wf=9 task=987 vm=13
[t=   5564.8718][TASK-COMPLETE         ] task=983 wf=9 vm=11(reserved) actualCPU=1.9800s
[t=   5564.8718][DISPATCH              ] wf=9 task=986 vm=11
[t=   5566.6238][TASK-COMPLETE         ] task=987 wf=9 vm=13(reserved) actualCPU=3.7320s
[t=   5566.7358][TASK-COMPLETE         ] task=984 wf=9 vm=12(reserved) actualCPU=3.8440s
[t=   5577.3198][TASK-COMPLETE         ] task=1483 wf=14 vm=9(reserved) actualCPU=31.6320s
[t=   5587.6458][TASK-COMPLETE         ] task=1448 wf=14 vm=10(reserved) actualCPU=29.3180s
[t=   5602.2288][TASK-COMPLETE         ] task=986 wf=9 vm=11(reserved) actualCPU=37.3570s
[t=   5745.5408][TASK-COMPLETE         ] task=947 wf=9 vm=8(reserved) actualCPU=369.6620s
[t=   5745.5408][DISPATCH              ] wf=9 task=950 vm=8
[t=   5745.5408][DISPATCH              ] wf=9 task=948 vm=9
[t=   5745.5408][DISPATCH              ] wf=9 task=949 vm=10
[t=   5745.5408][DISPATCH              ] wf=9 task=952 vm=11
[t=   5746.8588][TASK-COMPLETE         ] task=948 wf=9 vm=9(reserved) actualCPU=1.3180s
[t=   5746.8588][DISPATCH              ] wf=9 task=951 vm=9
[t=   5748.5358][TASK-COMPLETE         ] task=952 wf=9 vm=11(reserved) actualCPU=2.9950s
[t=   5750.8168][TASK-COMPLETE         ] task=949 wf=9 vm=10(reserved) actualCPU=5.2760s
[t=   5783.9218][TASK-COMPLETE         ] task=951 wf=9 vm=9(reserved) actualCPU=37.0630s
[t=   5870.3158][TASK-COMPLETE         ] task=650 wf=6 vm=7(reserved) actualCPU=383.1910s
[t=   5870.3158][DISPATCH              ] wf=6 task=653 vm=7
[t=   5870.3158][DISPATCH              ] wf=6 task=651 vm=9
[t=   5870.3158][DISPATCH              ] wf=6 task=652 vm=10
[t=   5870.3158][DISPATCH              ] wf=6 task=655 vm=11
[t=   5871.6518][TASK-COMPLETE         ] task=651 wf=6 vm=9(reserved) actualCPU=1.3360s
[t=   5871.6518][DISPATCH              ] wf=6 task=654 vm=9
[t=   5873.2278][TASK-COMPLETE         ] task=655 wf=6 vm=11(reserved) actualCPU=2.9120s
[t=   5875.5088][TASK-COMPLETE         ] task=652 wf=6 vm=10(reserved) actualCPU=5.1930s
[t=   5909.2298][TASK-COMPLETE         ] task=654 wf=6 vm=9(reserved) actualCPU=37.5780s
[t=   6052.1008][TASK-COMPLETE         ] task=919 wf=9 vm=0(reserved) actualCPU=1240.6930s
[t=   6052.1008][DISPATCH              ] wf=9 task=922 vm=0
[t=   6053.4518][TASK-COMPLETE         ] task=922 wf=9 vm=0(reserved) actualCPU=1.3510s
[t=   6457.0148][TASK-COMPLETE         ] task=622 wf=6 vm=5(reserved) actualCPU=1040.2810s
[t=   6457.0148][DISPATCH              ] wf=6 task=625 vm=0
[t=   6458.2418][TASK-COMPLETE         ] task=625 wf=6 vm=0(reserved) actualCPU=1.2270s
[t=   6614.9518][TASK-COMPLETE         ] task=1416 wf=14 vm=3(reserved) actualCPU=1251.7540s
[t=   6614.9518][DISPATCH              ] wf=14 task=1419 vm=0
[t=   6616.0788][TASK-COMPLETE         ] task=1419 wf=14 vm=0(reserved) actualCPU=1.1270s
[t=   6759.3848][TASK-COMPLETE         ] task=688 wf=6 vm=4(reserved) actualCPU=1332.7340s
[t=   6759.3848][DISPATCH              ] wf=6 task=691 vm=0
[t=   6760.6378][TASK-COMPLETE         ] task=1482 wf=14 vm=1(reserved) actualCPU=1216.7650s
[t=   6760.6378][DISPATCH              ] wf=14 task=1485 vm=1
[t=   6761.0488][TASK-COMPLETE         ] task=691 wf=6 vm=0(reserved) actualCPU=1.6640s
[t=   6762.1458][TASK-COMPLETE         ] task=1485 wf=14 vm=1(reserved) actualCPU=1.5080s
[t=   6854.9258][TASK-COMPLETE         ] task=1447 wf=14 vm=2(reserved) actualCPU=1297.8330s
[t=   6854.9258][DISPATCH              ] wf=14 task=1450 vm=0
[t=   6856.3478][TASK-COMPLETE         ] task=1450 wf=14 vm=0(reserved) actualCPU=1.4220s
[t=   6856.3478][WF-COMPLETE           ] wf=14 completionTime=6856.3478 deadline=9163.3595 -> MET
[t=   6912.5078][TASK-COMPLETE         ] task=985 wf=9 vm=6(reserved) actualCPU=1349.6160s
[t=   6912.5078][DISPATCH              ] wf=9 task=988 vm=0
[t=   6914.3048][TASK-COMPLETE         ] task=988 wf=9 vm=0(reserved) actualCPU=1.7970s
[t=   7026.2308][TASK-COMPLETE         ] task=950 wf=9 vm=8(reserved) actualCPU=1280.6900s
[t=   7026.2308][DISPATCH              ] wf=9 task=953 vm=0
[t=   7027.7048][TASK-COMPLETE         ] task=953 wf=9 vm=0(reserved) actualCPU=1.4740s
[t=   7027.7048][WF-COMPLETE           ] wf=9 completionTime=7027.7048 deadline=9107.1399 -> MET
[t=   7215.4968][TASK-COMPLETE         ] task=653 wf=6 vm=7(reserved) actualCPU=1345.1810s
[t=   7215.4968][DISPATCH              ] wf=6 task=656 vm=0
[t=   7216.9328][TASK-COMPLETE         ] task=656 wf=6 vm=0(reserved) actualCPU=1.4360s
[t=   7216.9328][WF-COMPLETE           ] wf=6 completionTime=7216.9328 deadline=9090.2262 -> MET
[t=      0.0000][CLOSE                 ] === CBMW detail log closed ===
