[t=      0.0000][INIT                  ] === CBMW detail log opened ===
[t=      0.0000][NEGOTIATE             ] wf=0 tasks=100 arrivalTime=0.0000 deadline=141.4400 cp=76.3550 BETA*cp=83.9905 slack=141.4400 -> ACCEPTED
[t=      0.1000][DISPATCH              ] wf=0 task=1 vm=0
[t=      0.1000][DISPATCH              ] wf=0 task=2 vm=1
[t=      0.1000][DISPATCH              ] wf=0 task=3 vm=2
[t=      0.1000][DISPATCH              ] wf=0 task=4 vm=3
[t=      0.1000][DISPATCH              ] wf=0 task=5 vm=4
[t=      0.1000][DISPATCH              ] wf=0 task=6 vm=5
[t=      0.1000][DISPATCH              ] wf=0 task=7 vm=6
[t=      0.1000][DISPATCH              ] wf=0 task=8 vm=7
[t=      0.1000][DISPATCH              ] wf=0 task=9 vm=8
[t=      0.1000][DISPATCH              ] wf=0 task=10 vm=9
[t=      0.1000][DISPATCH              ] wf=0 task=11 vm=10
[t=      0.1000][DISPATCH              ] wf=0 task=12 vm=11
[t=      0.1000][DISPATCH              ] wf=0 task=13 vm=12
[t=      0.1000][DISPATCH              ] wf=0 task=14 vm=13
[t=      0.1000][DISPATCH              ] wf=0 task=15 vm=14
[t=      0.1000][DISPATCH              ] wf=0 task=16 vm=15
[t=     12.1020][TASK-COMPLETE         ] task=5 wf=0 vm=4(reserved) actualCPU=12.0020s
[t=     12.8160][TASK-COMPLETE         ] task=15 wf=0 vm=14(reserved) actualCPU=12.7160s
[t=     12.8670][TASK-COMPLETE         ] task=6 wf=0 vm=5(reserved) actualCPU=12.7670s
[t=     12.9220][TASK-COMPLETE         ] task=2 wf=0 vm=1(reserved) actualCPU=12.8220s
[t=     12.9220][DISPATCH              ] wf=0 task=39 vm=38
[t=     12.9620][TASK-COMPLETE         ] task=7 wf=0 vm=6(reserved) actualCPU=12.8620s
[t=     12.9620][DISPATCH              ] wf=0 task=23 vm=22
[t=     12.9620][DISPATCH              ] wf=0 task=40 vm=39
[t=     12.9620][DISPATCH              ] wf=0 task=41 vm=40
[t=     13.1330][TASK-COMPLETE         ] task=14 wf=0 vm=13(reserved) actualCPU=13.0330s
[t=     13.1330][DISPATCH              ] wf=0 task=28 vm=27
[t=     13.1330][DISPATCH              ] wf=0 task=38 vm=37
[t=     13.1330][DISPATCH              ] wf=0 task=69 vm=18
[t=     13.1330][DISPATCH              ] wf=0 task=70 vm=19
[t=     13.1330][DISPATCH              ] wf=0 task=73 vm=1
[t=     13.2870][TASK-COMPLETE         ] task=1 wf=0 vm=0(reserved) actualCPU=13.1870s
[t=     13.2870][DISPATCH              ] wf=0 task=17 vm=16
[t=     13.2870][DISPATCH              ] wf=0 task=20 vm=0
[t=     13.2870][DISPATCH              ] wf=0 task=21 vm=20
[t=     14.1620][TASK-COMPLETE         ] task=3 wf=0 vm=2(reserved) actualCPU=14.0620s
[t=     14.1620][DISPATCH              ] wf=0 task=31 vm=30
[t=     14.1620][DISPATCH              ] wf=0 task=36 vm=35
[t=     14.2880][TASK-COMPLETE         ] task=12 wf=0 vm=11(reserved) actualCPU=14.1880s
[t=     14.2880][DISPATCH              ] wf=0 task=19 vm=2
[t=     14.2880][DISPATCH              ] wf=0 task=63 vm=4
[t=     14.2880][DISPATCH              ] wf=0 task=65 vm=14
[t=     14.4500][TASK-COMPLETE         ] task=16 wf=0 vm=15(reserved) actualCPU=14.3500s
[t=     14.4500][DISPATCH              ] wf=0 task=29 vm=28
[t=     14.4500][DISPATCH              ] wf=0 task=74 vm=23
[t=     14.4500][DISPATCH              ] wf=0 task=77 vm=26
[t=     14.4500][DISPATCH              ] wf=0 task=78 vm=5
[t=     14.6510][TASK-COMPLETE         ] task=4 wf=0 vm=3(reserved) actualCPU=14.5510s
[t=     14.6510][DISPATCH              ] wf=0 task=22 vm=21
[t=     14.6510][DISPATCH              ] wf=0 task=30 vm=29
[t=     14.6510][DISPATCH              ] wf=0 task=34 vm=33
[t=     14.6510][DISPATCH              ] wf=0 task=35 vm=34
[t=     14.6510][DISPATCH              ] wf=0 task=75 vm=24
[t=     15.1260][TASK-COMPLETE         ] task=13 wf=0 vm=12(reserved) actualCPU=15.0260s
[t=     15.1260][DISPATCH              ] wf=0 task=27 vm=3
[t=     15.1260][DISPATCH              ] wf=0 task=33 vm=32
[t=     15.1260][DISPATCH              ] wf=0 task=37 vm=36
[t=     15.1260][DISPATCH              ] wf=0 task=45 vm=44
[t=     15.1260][DISPATCH              ] wf=0 task=66 vm=15
[t=     15.1260][DISPATCH              ] wf=0 task=67 vm=6
[t=     15.1260][DISPATCH              ] wf=0 task=68 vm=17
[t=     15.1260][DISPATCH              ] wf=0 task=72 vm=11
[t=     15.1830][TASK-COMPLETE         ] task=9 wf=0 vm=8(reserved) actualCPU=15.0830s
[t=     15.1830][DISPATCH              ] wf=0 task=25 vm=8
[t=     15.1830][DISPATCH              ] wf=0 task=42 vm=41
[t=     15.1830][DISPATCH              ] wf=0 task=50 vm=49
[t=     15.1830][DISPATCH              ] wf=0 task=52 vm=12
[t=     15.1830][DISPATCH              ] wf=0 task=54 vm=13
[t=     15.1830][DISPATCH              ] wf=0 task=64 vm=25
[t=     15.1830][DISPATCH              ] wf=0 task=76 vm=31
[t=     15.2360][TASK-COMPLETE         ] task=8 wf=0 vm=7(reserved) actualCPU=15.1360s
[t=     15.2360][DISPATCH              ] wf=0 task=24 vm=7
[t=     15.2360][DISPATCH              ] wf=0 task=32 vm=42
[t=     15.2360][DISPATCH              ] wf=0 task=46 vm=45
[t=     15.2360][DISPATCH              ] wf=0 task=47 vm=46
[t=     15.2360][DISPATCH              ] wf=0 task=48 vm=47
[t=     15.2360][DISPATCH              ] wf=0 task=49 vm=48
[t=     15.2360][DISPATCH              ] wf=0 task=51 vm=43
[t=     15.6490][TASK-COMPLETE         ] task=11 wf=0 vm=10(reserved) actualCPU=15.5490s
[t=     15.6490][DISPATCH              ] wf=0 task=71 vm=10
[t=     16.0080][TASK-COMPLETE         ] task=10 wf=0 vm=9(reserved) actualCPU=15.9080s
[t=     16.0080][DISPATCH              ] wf=0 task=44 vm=9
[t=     22.1020][TASK-COMPLETE         ] task=28 wf=0 vm=27(reserved) actualCPU=8.9690s
[t=     22.1020][DISPATCH              ] wf=0 task=53 vm=27
[t=     22.8810][TASK-COMPLETE         ] task=20 wf=0 vm=0(reserved) actualCPU=9.5940s
[t=     22.8810][DISPATCH              ] wf=0 task=56 vm=0
[t=     22.9000][TASK-COMPLETE         ] task=39 wf=0 vm=38(reserved) actualCPU=9.9780s
[t=     22.9000][DISPATCH              ] wf=0 task=57 vm=38
[t=     22.9890][TASK-COMPLETE         ] task=22 wf=0 vm=21(reserved) actualCPU=8.3380s
[t=     22.9890][DISPATCH              ] wf=0 task=58 vm=21
[t=     23.1680][TASK-COMPLETE         ] task=38 wf=0 vm=37(reserved) actualCPU=10.0350s
[t=     23.1680][DISPATCH              ] wf=0 task=59 vm=37
[t=     23.3320][TASK-COMPLETE         ] task=21 wf=0 vm=20(reserved) actualCPU=10.0450s
[t=     23.3320][DISPATCH              ] wf=0 task=60 vm=20
[t=     23.3620][TASK-COMPLETE         ] task=63 wf=0 vm=4(reserved) actualCPU=9.0740s
[t=     23.3620][DISPATCH              ] wf=0 task=61 vm=4
[t=     23.4010][TASK-COMPLETE         ] task=23 wf=0 vm=22(reserved) actualCPU=10.4390s
[t=     23.4010][DISPATCH              ] wf=0 task=62 vm=22
[t=     23.5110][TASK-COMPLETE         ] task=70 wf=0 vm=19(reserved) actualCPU=10.3780s
[t=     23.5110][TASK-COMPLETE         ] task=41 wf=0 vm=40(reserved) actualCPU=10.5490s
[t=     23.5110][DISPATCH              ] wf=0 task=18 vm=19
[t=     23.5110][DISPATCH              ] wf=0 task=26 vm=40
[t=     23.7730][TASK-COMPLETE         ] task=34 wf=0 vm=33(reserved) actualCPU=9.1220s
[t=     23.7730][DISPATCH              ] wf=0 task=43 vm=33
[t=     23.8270][TASK-COMPLETE         ] task=69 wf=0 vm=18(reserved) actualCPU=10.6940s
[t=     23.8270][DISPATCH              ] wf=0 task=55 vm=18
[t=     24.2280][TASK-COMPLETE         ] task=44 wf=0 vm=9(reserved) actualCPU=8.2200s
[t=     24.3190][TASK-COMPLETE         ] task=67 wf=0 vm=6(reserved) actualCPU=9.1930s
[t=     24.3970][TASK-COMPLETE         ] task=78 wf=0 vm=5(reserved) actualCPU=9.9470s
[t=     24.4620][TASK-COMPLETE         ] task=77 wf=0 vm=26(reserved) actualCPU=10.0120s
[t=     24.5310][TASK-COMPLETE         ] task=32 wf=0 vm=42(reserved) actualCPU=9.2950s
[t=     24.6130][TASK-COMPLETE         ] task=40 wf=0 vm=39(reserved) actualCPU=11.6510s
[t=     24.6590][TASK-COMPLETE         ] task=19 wf=0 vm=2(reserved) actualCPU=10.3710s
[t=     24.7200][TASK-COMPLETE         ] task=52 wf=0 vm=12(reserved) actualCPU=9.5370s
[t=     24.7200][TASK-COMPLETE         ] task=36 wf=0 vm=35(reserved) actualCPU=10.5580s
[t=     24.8300][TASK-COMPLETE         ] task=48 wf=0 vm=47(reserved) actualCPU=9.5940s
[t=     24.8540][TASK-COMPLETE         ] task=66 wf=0 vm=15(reserved) actualCPU=9.7280s
[t=     24.9400][TASK-COMPLETE         ] task=29 wf=0 vm=28(reserved) actualCPU=10.4900s
[t=     25.0460][TASK-COMPLETE         ] task=17 wf=0 vm=16(reserved) actualCPU=11.7590s
[t=     25.1400][TASK-COMPLETE         ] task=47 wf=0 vm=46(reserved) actualCPU=9.9040s
[t=     25.2090][TASK-COMPLETE         ] task=27 wf=0 vm=3(reserved) actualCPU=10.0830s
[t=     25.2320][TASK-COMPLETE         ] task=73 wf=0 vm=1(reserved) actualCPU=12.0990s
[t=     25.3450][TASK-COMPLETE         ] task=33 wf=0 vm=32(reserved) actualCPU=10.2190s
[t=     25.5120][TASK-COMPLETE         ] task=49 wf=0 vm=48(reserved) actualCPU=10.2760s
[t=     25.5660][TASK-COMPLETE         ] task=65 wf=0 vm=14(reserved) actualCPU=11.2780s
[t=     25.6020][TASK-COMPLETE         ] task=72 wf=0 vm=11(reserved) actualCPU=10.4760s
[t=     25.7120][TASK-COMPLETE         ] task=37 wf=0 vm=36(reserved) actualCPU=10.5860s
[t=     25.7840][TASK-COMPLETE         ] task=50 wf=0 vm=49(reserved) actualCPU=10.6010s
[t=     25.9020][TASK-COMPLETE         ] task=75 wf=0 vm=24(reserved) actualCPU=11.2510s
[t=     25.9520][TASK-COMPLETE         ] task=64 wf=0 vm=25(reserved) actualCPU=10.7690s
[t=     26.1230][TASK-COMPLETE         ] task=68 wf=0 vm=17(reserved) actualCPU=10.9970s
[t=     26.1820][TASK-COMPLETE         ] task=51 wf=0 vm=43(reserved) actualCPU=10.9460s
[t=     26.3140][TASK-COMPLETE         ] task=46 wf=0 vm=45(reserved) actualCPU=11.0780s
[t=     26.3590][TASK-COMPLETE         ] task=31 wf=0 vm=30(reserved) actualCPU=12.1970s
[t=     26.3870][TASK-COMPLETE         ] task=30 wf=0 vm=29(reserved) actualCPU=11.7360s
[t=     26.5450][TASK-COMPLETE         ] task=76 wf=0 vm=31(reserved) actualCPU=11.3620s
[t=     26.6240][TASK-COMPLETE         ] task=42 wf=0 vm=41(reserved) actualCPU=11.4410s
[t=     26.7920][TASK-COMPLETE         ] task=45 wf=0 vm=44(reserved) actualCPU=11.6660s
[t=     26.8560][TASK-COMPLETE         ] task=24 wf=0 vm=7(reserved) actualCPU=11.6200s
[t=     26.9380][TASK-COMPLETE         ] task=71 wf=0 vm=10(reserved) actualCPU=11.2890s
[t=     27.0100][TASK-COMPLETE         ] task=74 wf=0 vm=23(reserved) actualCPU=12.5600s
[t=     27.0320][TASK-COMPLETE         ] task=54 wf=0 vm=13(reserved) actualCPU=11.8490s
[t=     27.3260][TASK-COMPLETE         ] task=35 wf=0 vm=34(reserved) actualCPU=12.6750s
[t=     27.5920][TASK-COMPLETE         ] task=25 wf=0 vm=8(reserved) actualCPU=12.4090s
[t=     31.3270][TASK-COMPLETE         ] task=53 wf=0 vm=27(reserved) actualCPU=9.2250s
[t=     32.1660][TASK-COMPLETE         ] task=62 wf=0 vm=22(reserved) actualCPU=8.7650s
[t=     32.5850][TASK-COMPLETE         ] task=56 wf=0 vm=0(reserved) actualCPU=9.7040s
[t=     32.8610][TASK-COMPLETE         ] task=60 wf=0 vm=20(reserved) actualCPU=9.5290s
[t=     33.0000][TASK-COMPLETE         ] task=43 wf=0 vm=33(reserved) actualCPU=9.2270s
[t=     34.2500][TASK-COMPLETE         ] task=58 wf=0 vm=21(reserved) actualCPU=11.2610s
[t=     34.6690][TASK-COMPLETE         ] task=59 wf=0 vm=37(reserved) actualCPU=11.5010s
[t=     34.8940][TASK-COMPLETE         ] task=61 wf=0 vm=4(reserved) actualCPU=11.5320s
[t=     35.2390][TASK-COMPLETE         ] task=26 wf=0 vm=40(reserved) actualCPU=11.7280s
[t=     35.4630][TASK-COMPLETE         ] task=18 wf=0 vm=19(reserved) actualCPU=11.9520s
[t=     35.5730][TASK-COMPLETE         ] task=57 wf=0 vm=38(reserved) actualCPU=12.6730s
[t=     36.6470][TASK-COMPLETE         ] task=55 wf=0 vm=18(reserved) actualCPU=12.8200s
[t=     36.6470][DISPATCH              ] wf=0 task=79 vm=28
[t=     39.0347][NEGOTIATE             ] wf=1 tasks=97 arrivalTime=39.0347 deadline=8988.9719 cp=4472.9460 BETA*cp=4920.2406 slack=8949.9372 -> ACCEPTED
[t=     39.0347][DISPATCH              ] wf=1 task=102 vm=1
[t=     39.0347][DISPATCH              ] wf=1 task=103 vm=2
[t=     39.0347][DISPATCH              ] wf=1 task=104 vm=3
[t=     39.0347][DISPATCH              ] wf=1 task=105 vm=4
[t=     39.0347][DISPATCH              ] wf=1 task=106 vm=5
[t=     39.0347][DISPATCH              ] wf=1 task=107 vm=6
[t=     39.0347][DISPATCH              ] wf=1 task=108 vm=7
[t=     39.0347][DISPATCH              ] wf=1 task=109 vm=8
[t=     39.0347][DISPATCH              ] wf=1 task=110 vm=9
[t=     39.0347][DISPATCH              ] wf=1 task=111 vm=10
[t=     39.0347][DISPATCH              ] wf=1 task=112 vm=11
[t=     39.0347][DISPATCH              ] wf=1 task=113 vm=12
[t=     39.0347][DISPATCH              ] wf=1 task=114 vm=13
[t=     39.0347][DISPATCH              ] wf=1 task=115 vm=14
[t=     39.0347][DISPATCH              ] wf=1 task=116 vm=15
[t=     39.0347][DISPATCH              ] wf=1 task=117 vm=16
[t=     39.0347][DISPATCH              ] wf=1 task=118 vm=17
[t=     39.0347][DISPATCH              ] wf=1 task=119 vm=18
[t=     39.0347][DISPATCH              ] wf=1 task=120 vm=19
[t=     39.0347][DISPATCH              ] wf=1 task=121 vm=20
[t=     39.0347][DISPATCH              ] wf=1 task=122 vm=21
[t=     39.0347][DISPATCH              ] wf=1 task=123 vm=22
[t=     39.0347][DISPATCH              ] wf=1 task=124 vm=23
[t=     39.0347][DISPATCH              ] wf=1 task=133 vm=32
[t=     39.0347][DISPATCH              ] wf=1 task=134 vm=33
[t=     39.0347][DISPATCH              ] wf=1 task=135 vm=34
[t=     39.0347][DISPATCH              ] wf=1 task=136 vm=35
[t=     39.0347][DISPATCH              ] wf=1 task=137 vm=36
[t=     39.0347][DISPATCH              ] wf=1 task=138 vm=37
[t=     39.0347][DISPATCH              ] wf=1 task=139 vm=38
[t=     39.0347][DISPATCH              ] wf=1 task=140 vm=39
[t=     39.0347][DISPATCH              ] wf=1 task=141 vm=40
[t=     39.0347][DISPATCH              ] wf=1 task=142 vm=41
[t=     39.0347][DISPATCH              ] wf=1 task=143 vm=42
[t=     39.0347][DISPATCH              ] wf=1 task=144 vm=43
[t=     39.0347][DISPATCH              ] wf=1 task=145 vm=44
[t=     39.0347][DISPATCH              ] wf=1 task=146 vm=45
[t=     39.0347][DISPATCH              ] wf=1 task=147 vm=46
[t=     39.0347][DISPATCH              ] wf=1 task=148 vm=47
[t=     39.0347][DISPATCH              ] wf=1 task=149 vm=48
[t=     39.0347][DISPATCH              ] wf=1 task=150 vm=49
[t=     39.0347][DISPATCH              ] wf=1 task=151 vm=0
[t=     39.0347][DISPATCH              ] wf=1 task=152 vm=24
[t=     39.0347][DISPATCH              ] wf=1 task=153 vm=25
[t=     39.0347][DISPATCH              ] wf=1 task=154 vm=26
[t=     39.0347][DISPATCH              ] wf=1 task=155 vm=27
[t=     39.0347][DISPATCH              ] wf=1 task=164 vm=29
[t=     39.0347][DISPATCH              ] wf=1 task=165 vm=30
[t=     39.0347][DISPATCH              ] wf=1 task=166 vm=31
[t=     39.7817][TASK-COMPLETE         ] task=119 wf=1 vm=18(reserved) actualCPU=0.7470s
[t=     39.7817][DISPATCH              ] wf=1 task=167 vm=18
[t=     39.8387][TASK-COMPLETE         ] task=110 wf=1 vm=9(reserved) actualCPU=0.8040s
[t=     39.8387][DISPATCH              ] wf=1 task=168 vm=9
[t=     39.9177][TASK-COMPLETE         ] task=104 wf=1 vm=3(reserved) actualCPU=0.8830s
[t=     39.9177][DISPATCH              ] wf=1 task=169 vm=3
[t=     39.9347][TASK-COMPLETE         ] task=106 wf=1 vm=5(reserved) actualCPU=0.9000s
[t=     39.9347][TASK-COMPLETE         ] task=109 wf=1 vm=8(reserved) actualCPU=0.9000s
[t=     39.9347][DISPATCH              ] wf=1 task=170 vm=5
[t=     39.9347][DISPATCH              ] wf=1 task=171 vm=8
[t=     39.9477][TASK-COMPLETE         ] task=165 wf=1 vm=30(reserved) actualCPU=0.9130s
[t=     39.9477][DISPATCH              ] wf=1 task=172 vm=30
[t=     39.9777][TASK-COMPLETE         ] task=112 wf=1 vm=11(reserved) actualCPU=0.9430s
[t=     39.9777][DISPATCH              ] wf=1 task=173 vm=11
[t=     40.0687][TASK-COMPLETE         ] task=116 wf=1 vm=15(reserved) actualCPU=1.0340s
[t=     40.0687][DISPATCH              ] wf=1 task=174 vm=15
[t=     40.0877][TASK-COMPLETE         ] task=135 wf=1 vm=34(reserved) actualCPU=1.0530s
[t=     40.0877][DISPATCH              ] wf=1 task=175 vm=34
[t=     40.2117][TASK-COMPLETE         ] task=148 wf=1 vm=47(reserved) actualCPU=1.1770s
[t=     40.2117][DISPATCH              ] wf=1 task=176 vm=47
[t=     40.2287][TASK-COMPLETE         ] task=108 wf=1 vm=7(reserved) actualCPU=1.1940s
[t=     40.2287][TASK-COMPLETE         ] task=140 wf=1 vm=39(reserved) actualCPU=1.1940s
[t=     40.2287][TASK-COMPLETE         ] task=141 wf=1 vm=40(reserved) actualCPU=1.1940s
[t=     40.2287][DISPATCH              ] wf=1 task=177 vm=7
[t=     40.2287][DISPATCH              ] wf=1 task=178 vm=39
[t=     40.2287][DISPATCH              ] wf=1 task=179 vm=40
[t=     40.2427][TASK-COMPLETE         ] task=115 wf=1 vm=14(reserved) actualCPU=1.2080s
[t=     40.2427][DISPATCH              ] wf=1 task=180 vm=14
[t=     40.2617][TASK-COMPLETE         ] task=166 wf=1 vm=31(reserved) actualCPU=1.2270s
[t=     40.2617][TASK-COMPLETE         ] task=147 wf=1 vm=46(reserved) actualCPU=1.2270s
[t=     40.2617][DISPATCH              ] wf=1 task=181 vm=31
[t=     40.2617][DISPATCH              ] wf=1 task=182 vm=46
[t=     40.2997][TASK-COMPLETE         ] task=164 wf=1 vm=29(reserved) actualCPU=1.2650s
[t=     40.2997][DISPATCH              ] wf=1 task=183 vm=29
[t=     40.3517][TASK-COMPLETE         ] task=111 wf=1 vm=10(reserved) actualCPU=1.3170s
[t=     40.3517][DISPATCH              ] wf=1 task=184 vm=10
[t=     40.3717][TASK-COMPLETE         ] task=143 wf=1 vm=42(reserved) actualCPU=1.3370s
[t=     40.3717][DISPATCH              ] wf=1 task=185 vm=42
[t=     40.3847][TASK-COMPLETE         ] task=102 wf=1 vm=1(reserved) actualCPU=1.3500s
[t=     40.3847][DISPATCH              ] wf=1 task=186 vm=1
[t=     40.3957][TASK-COMPLETE         ] task=103 wf=1 vm=2(reserved) actualCPU=1.3610s
[t=     40.3957][TASK-COMPLETE         ] task=134 wf=1 vm=33(reserved) actualCPU=1.3610s
[t=     40.3957][DISPATCH              ] wf=1 task=187 vm=2
[t=     40.3957][DISPATCH              ] wf=1 task=188 vm=33
[t=     40.4077][TASK-COMPLETE         ] task=118 wf=1 vm=17(reserved) actualCPU=1.3730s
[t=     40.4077][TASK-COMPLETE         ] task=145 wf=1 vm=44(reserved) actualCPU=1.3730s
[t=     40.4077][DISPATCH              ] wf=1 task=189 vm=17
[t=     40.4077][DISPATCH              ] wf=1 task=190 vm=44
[t=     40.4177][TASK-COMPLETE         ] task=136 wf=1 vm=35(reserved) actualCPU=1.3830s
[t=     40.4427][TASK-COMPLETE         ] task=137 wf=1 vm=36(reserved) actualCPU=1.4080s
[t=     40.4947][TASK-COMPLETE         ] task=107 wf=1 vm=6(reserved) actualCPU=1.4600s
[t=     40.5277][TASK-COMPLETE         ] task=144 wf=1 vm=43(reserved) actualCPU=1.4930s
[t=     40.5417][TASK-COMPLETE         ] task=151 wf=1 vm=0(reserved) actualCPU=1.5070s
[t=     40.5417][TASK-COMPLETE         ] task=142 wf=1 vm=41(reserved) actualCPU=1.5070s
[t=     40.5527][TASK-COMPLETE         ] task=149 wf=1 vm=48(reserved) actualCPU=1.5180s
[t=     40.5527][TASK-COMPLETE         ] task=150 wf=1 vm=49(reserved) actualCPU=1.5180s
[t=     40.5717][TASK-COMPLETE         ] task=105 wf=1 vm=4(reserved) actualCPU=1.5370s
[t=     40.5877][TASK-COMPLETE         ] task=120 wf=1 vm=19(reserved) actualCPU=1.5530s
[t=     40.5877][TASK-COMPLETE         ] task=139 wf=1 vm=38(reserved) actualCPU=1.5530s
[t=     40.6277][TASK-COMPLETE         ] task=146 wf=1 vm=45(reserved) actualCPU=1.5930s
[t=     40.7257][TASK-COMPLETE         ] task=133 wf=1 vm=32(reserved) actualCPU=1.6910s
[t=     40.7257][TASK-COMPLETE         ] task=138 wf=1 vm=37(reserved) actualCPU=1.6910s
[t=     40.7257][DISPATCH              ] wf=1 task=132 vm=0
[t=     40.7837][TASK-COMPLETE         ] task=117 wf=1 vm=16(reserved) actualCPU=1.7490s
[t=     40.8357][TASK-COMPLETE         ] task=132 wf=1 vm=0(reserved) actualCPU=0.1100s
[t=     40.8577][TASK-COMPLETE         ] task=168 wf=1 vm=9(reserved) actualCPU=1.0190s
[t=     40.8577][TASK-COMPLETE         ] task=114 wf=1 vm=13(reserved) actualCPU=1.8230s
[t=     40.9347][TASK-COMPLETE         ] task=180 wf=1 vm=14(reserved) actualCPU=0.6920s
[t=     40.9577][TASK-COMPLETE         ] task=113 wf=1 vm=12(reserved) actualCPU=1.9230s
[t=     40.9577][TASK-COMPLETE         ] task=178 wf=1 vm=39(reserved) actualCPU=0.7290s
[t=     40.9577][DISPATCH              ] wf=1 task=101 vm=0
[t=     41.0387][TASK-COMPLETE         ] task=184 wf=1 vm=10(reserved) actualCPU=0.6870s
[t=     41.0677][TASK-COMPLETE         ] task=101 wf=1 vm=0(reserved) actualCPU=0.1100s
[t=     41.2527][TASK-COMPLETE         ] task=170 wf=1 vm=5(reserved) actualCPU=1.3180s
[t=     41.2887][TASK-COMPLETE         ] task=173 wf=1 vm=11(reserved) actualCPU=1.3110s
[t=     41.2887][TASK-COMPLETE         ] task=174 wf=1 vm=15(reserved) actualCPU=1.2200s
[t=     41.2887][TASK-COMPLETE         ] task=182 wf=1 vm=46(reserved) actualCPU=1.0270s
[t=     41.3337][TASK-COMPLETE         ] task=185 wf=1 vm=42(reserved) actualCPU=0.9620s
[t=     41.4177][TASK-COMPLETE         ] task=167 wf=1 vm=18(reserved) actualCPU=1.6360s
[t=     41.4177][TASK-COMPLETE         ] task=172 wf=1 vm=30(reserved) actualCPU=1.4700s
[t=     41.4417][TASK-COMPLETE         ] task=169 wf=1 vm=3(reserved) actualCPU=1.5240s
[t=     41.4417][TASK-COMPLETE         ] task=179 wf=1 vm=40(reserved) actualCPU=1.2130s
[t=     41.4857][TASK-COMPLETE         ] task=171 wf=1 vm=8(reserved) actualCPU=1.5510s
[t=     41.5277][TASK-COMPLETE         ] task=186 wf=1 vm=1(reserved) actualCPU=1.1430s
[t=     41.5437][TASK-COMPLETE         ] task=177 wf=1 vm=7(reserved) actualCPU=1.3150s
[t=     41.5437][TASK-COMPLETE         ] task=175 wf=1 vm=34(reserved) actualCPU=1.4560s
[t=     41.5637][TASK-COMPLETE         ] task=183 wf=1 vm=29(reserved) actualCPU=1.2640s
[t=     41.5637][TASK-COMPLETE         ] task=181 wf=1 vm=31(reserved) actualCPU=1.3020s
[t=     41.6717][TASK-COMPLETE         ] task=79 wf=0 vm=28(reserved) actualCPU=5.0247s
[t=     41.6717][TASK-COMPLETE         ] task=176 wf=1 vm=47(reserved) actualCPU=1.4600s
[t=     41.6717][DISPATCH              ] wf=0 task=80 vm=29
[t=     41.6717][DISPATCH              ] wf=1 task=163 vm=12
[t=     41.7987][TASK-COMPLETE         ] task=163 wf=1 vm=12(reserved) actualCPU=0.1270s
[t=     47.4087][TASK-COMPLETE         ] task=80 wf=0 vm=29(reserved) actualCPU=5.7370s
[t=     47.4087][DISPATCH              ] wf=0 task=81 vm=30
[t=     47.4087][DISPATCH              ] wf=0 task=82 vm=31
[t=     47.4087][DISPATCH              ] wf=0 task=83 vm=32
[t=     47.4087][DISPATCH              ] wf=0 task=84 vm=0
[t=     47.4087][DISPATCH              ] wf=0 task=85 vm=34
[t=     47.4087][DISPATCH              ] wf=0 task=86 vm=35
[t=     47.4087][DISPATCH              ] wf=0 task=87 vm=36
[t=     47.4087][DISPATCH              ] wf=0 task=88 vm=37
[t=     47.4087][DISPATCH              ] wf=0 task=89 vm=38
[t=     47.4087][DISPATCH              ] wf=0 task=90 vm=39
[t=     47.4087][DISPATCH              ] wf=0 task=91 vm=40
[t=     47.4087][DISPATCH              ] wf=0 task=92 vm=41
[t=     47.4087][DISPATCH              ] wf=0 task=93 vm=42
[t=     47.4087][DISPATCH              ] wf=0 task=94 vm=43
[t=     47.4087][DISPATCH              ] wf=0 task=95 vm=1
[t=     47.4087][DISPATCH              ] wf=0 task=96 vm=45
[t=     48.8010][NEGOTIATE             ] wf=2 tasks=100 arrivalTime=48.8010 deadline=575.1210 cp=281.4280 BETA*cp=309.5708 slack=526.3200 -> ACCEPTED
[t=     48.8010][DISPATCH              ] wf=2 task=200 vm=3
[t=     48.8010][DISPATCH              ] wf=2 task=209 vm=11
[t=     48.8010][DISPATCH              ] wf=2 task=220 vm=4
[t=     48.8010][DISPATCH              ] wf=2 task=231 vm=5
[t=     48.8010][DISPATCH              ] wf=2 task=242 vm=6
[t=     48.8010][DISPATCH              ] wf=2 task=255 vm=7
[t=     48.8010][DISPATCH              ] wf=2 task=268 vm=8
[t=     48.8010][DISPATCH              ] wf=2 task=283 vm=9
[t=     56.6820][TASK-COMPLETE         ] task=90 wf=0 vm=39(reserved) actualCPU=9.2733s
[t=     57.0810][TASK-COMPLETE         ] task=91 wf=0 vm=40(reserved) actualCPU=9.6723s
[t=     57.3510][TASK-COMPLETE         ] task=87 wf=0 vm=36(reserved) actualCPU=9.9423s
[t=     57.5460][TASK-COMPLETE         ] task=84 wf=0 vm=0(reserved) actualCPU=10.1373s
[t=     57.5927][TASK-COMPLETE         ] task=96 wf=0 vm=45(reserved) actualCPU=10.1840s
[t=     57.7167][TASK-COMPLETE         ] task=94 wf=0 vm=43(reserved) actualCPU=10.3080s
[t=     58.0770][TASK-COMPLETE         ] task=82 wf=0 vm=31(reserved) actualCPU=10.6683s
[t=     58.1960][TASK-COMPLETE         ] task=86 wf=0 vm=35(reserved) actualCPU=10.7873s
[t=     58.3260][TASK-COMPLETE         ] task=83 wf=0 vm=32(reserved) actualCPU=10.9173s
[t=     58.3877][TASK-COMPLETE         ] task=95 wf=0 vm=1(reserved) actualCPU=10.9790s
[t=     58.6000][TASK-COMPLETE         ] task=81 wf=0 vm=30(reserved) actualCPU=11.1913s
[t=     58.7520][TASK-COMPLETE         ] task=85 wf=0 vm=34(reserved) actualCPU=11.3433s
[t=     59.0560][TASK-COMPLETE         ] task=93 wf=0 vm=42(reserved) actualCPU=11.6473s
[t=     59.3410][TASK-COMPLETE         ] task=88 wf=0 vm=37(reserved) actualCPU=11.9323s
[t=     59.6690][TASK-COMPLETE         ] task=89 wf=0 vm=38(reserved) actualCPU=12.2603s
[t=     60.2160][TASK-COMPLETE         ] task=92 wf=0 vm=41(reserved) actualCPU=12.8073s
[t=     60.2160][DISPATCH              ] wf=0 task=97 vm=46
[t=     66.9920][TASK-COMPLETE         ] task=153 wf=1 vm=25(reserved) actualCPU=27.9573s
[t=     67.2610][TASK-COMPLETE         ] task=97 wf=0 vm=46(reserved) actualCPU=7.0450s
[t=     67.2610][DISPATCH              ] wf=0 task=98 vm=47
[t=     69.0151][NEGOTIATE             ] wf=3 tasks=100 arrivalTime=69.0151 deadline=595.3351 cp=293.5760 BETA*cp=322.9336 slack=526.3200 -> ACCEPTED
[t=     69.0151][DISPATCH              ] wf=3 task=300 vm=0
[t=     69.0151][DISPATCH              ] wf=3 task=309 vm=1
[t=     69.0151][DISPATCH              ] wf=3 task=320 vm=10
[t=     69.0151][DISPATCH              ] wf=3 task=331 vm=12
[t=     69.0151][DISPATCH              ] wf=3 task=342 vm=13
[t=     69.0151][DISPATCH              ] wf=3 task=355 vm=14
[t=     69.0151][DISPATCH              ] wf=3 task=368 vm=15
[t=     69.0151][DISPATCH              ] wf=3 task=383 vm=35
[t=     69.6400][TASK-COMPLETE         ] task=188 wf=1 vm=33(reserved) actualCPU=29.2443s
[t=     75.6570][TASK-COMPLETE         ] task=98 wf=0 vm=47(reserved) actualCPU=8.3960s
[t=     75.6570][DISPATCH              ] wf=0 task=99 vm=48
[t=     77.3065][NEGOTIATE             ] wf=4 tasks=97 arrivalTime=77.3065 deadline=9027.2437 cp=4939.8840 BETA*cp=5433.8724 slack=8949.9372 -> ACCEPTED
[t=     77.3065][DISPATCH              ] wf=4 task=399 vm=16
[t=     77.3065][DISPATCH              ] wf=4 task=400 vm=18
[t=     77.3065][DISPATCH              ] wf=4 task=401 vm=19
[t=     77.3065][DISPATCH              ] wf=4 task=402 vm=25
[t=     77.3065][DISPATCH              ] wf=4 task=403 vm=28
[t=     77.3065][DISPATCH              ] wf=4 task=404 vm=29
[t=     77.3065][DISPATCH              ] wf=4 task=405 vm=30
[t=     77.3065][DISPATCH              ] wf=4 task=406 vm=31
[t=     77.3065][DISPATCH              ] wf=4 task=407 vm=32
[t=     77.3065][DISPATCH              ] wf=4 task=408 vm=33
[t=     77.3065][DISPATCH              ] wf=4 task=409 vm=34
[t=     77.3065][DISPATCH              ] wf=4 task=410 vm=36
[t=     77.3065][DISPATCH              ] wf=4 task=411 vm=37
[t=     77.3065][DISPATCH              ] wf=4 task=412 vm=38
[t=     77.3065][DISPATCH              ] wf=4 task=413 vm=39
[t=     77.3065][DISPATCH              ] wf=4 task=414 vm=40
[t=     77.3065][DISPATCH              ] wf=4 task=415 vm=41
[t=     77.3065][DISPATCH              ] wf=4 task=416 vm=42
[t=     77.3065][DISPATCH              ] wf=4 task=417 vm=43
[t=     77.3065][DISPATCH              ] wf=4 task=418 vm=45
[t=     77.3065][DISPATCH              ] wf=4 task=419 vm=46
[t=     77.3065][DISPATCH              ] wf=4 task=420 vm=47
[t=     77.3065][DISPATCH              ] wf=4 task=421 vm=49
[t=     78.0785][TASK-COMPLETE         ] task=407 wf=4 vm=32(reserved) actualCPU=0.7720s
[t=     78.0785][DISPATCH              ] wf=4 task=430 vm=32
[t=     78.2275][TASK-COMPLETE         ] task=416 wf=4 vm=42(reserved) actualCPU=0.9210s
[t=     78.2275][DISPATCH              ] wf=4 task=431 vm=42
[t=     78.2535][TASK-COMPLETE         ] task=406 wf=4 vm=31(reserved) actualCPU=0.9470s
[t=     78.2535][DISPATCH              ] wf=4 task=432 vm=31
[t=     78.3525][TASK-COMPLETE         ] task=403 wf=4 vm=28(reserved) actualCPU=1.0460s
[t=     78.3525][DISPATCH              ] wf=4 task=433 vm=28
[t=     78.3805][TASK-COMPLETE         ] task=405 wf=4 vm=30(reserved) actualCPU=1.0740s
[t=     78.3805][TASK-COMPLETE         ] task=409 wf=4 vm=34(reserved) actualCPU=1.0740s
[t=     78.3805][TASK-COMPLETE         ] task=412 wf=4 vm=38(reserved) actualCPU=1.0740s
[t=     78.3805][DISPATCH              ] wf=4 task=434 vm=30
[t=     78.3805][DISPATCH              ] wf=4 task=435 vm=34
[t=     78.3805][DISPATCH              ] wf=4 task=436 vm=38
[t=     78.3975][TASK-COMPLETE         ] task=415 wf=4 vm=41(reserved) actualCPU=1.0910s
[t=     78.3975][DISPATCH              ] wf=4 task=437 vm=41
[t=     78.4315][TASK-COMPLETE         ] task=400 wf=4 vm=18(reserved) actualCPU=1.1250s
[t=     78.4315][DISPATCH              ] wf=4 task=438 vm=18
[t=     78.4475][TASK-COMPLETE         ] task=413 wf=4 vm=39(reserved) actualCPU=1.1410s
[t=     78.4475][DISPATCH              ] wf=4 task=439 vm=39
[t=     78.5365][TASK-COMPLETE         ] task=401 wf=4 vm=19(reserved) actualCPU=1.2300s
[t=     78.5365][DISPATCH              ] wf=4 task=440 vm=19
[t=     78.5535][TASK-COMPLETE         ] task=399 wf=4 vm=16(reserved) actualCPU=1.2470s
[t=     78.5535][DISPATCH              ] wf=4 task=441 vm=16
[t=     78.5655][TASK-COMPLETE         ] task=417 wf=4 vm=43(reserved) actualCPU=1.2590s
[t=     78.5655][DISPATCH              ] wf=4 task=442 vm=43
[t=     78.8085][TASK-COMPLETE         ] task=411 wf=4 vm=37(reserved) actualCPU=1.5020s
[t=     78.8085][DISPATCH              ] wf=4 task=443 vm=37
[t=     78.8605][TASK-COMPLETE         ] task=414 wf=4 vm=40(reserved) actualCPU=1.5540s
[t=     78.8605][DISPATCH              ] wf=4 task=444 vm=40
[t=     78.8735][TASK-COMPLETE         ] task=404 wf=4 vm=29(reserved) actualCPU=1.5670s
[t=     78.8735][TASK-COMPLETE         ] task=408 wf=4 vm=33(reserved) actualCPU=1.5670s
[t=     78.8735][DISPATCH              ] wf=4 task=445 vm=29
[t=     78.8735][DISPATCH              ] wf=4 task=446 vm=33
[t=     79.0225][TASK-COMPLETE         ] task=402 wf=4 vm=25(reserved) actualCPU=1.7160s
[t=     79.0225][DISPATCH              ] wf=4 task=447 vm=25
[t=     79.2435][TASK-COMPLETE         ] task=432 wf=4 vm=31(reserved) actualCPU=0.9900s
[t=     79.2435][DISPATCH              ] wf=4 task=448 vm=31
[t=     79.3205][TASK-COMPLETE         ] task=410 wf=4 vm=36(reserved) actualCPU=2.0140s
[t=     79.3205][DISPATCH              ] wf=4 task=449 vm=36
[t=     79.4015][TASK-COMPLETE         ] task=431 wf=4 vm=42(reserved) actualCPU=1.1740s
[t=     79.4015][DISPATCH              ] wf=4 task=450 vm=42
[t=     79.5115][TASK-COMPLETE         ] task=433 wf=4 vm=28(reserved) actualCPU=1.1590s
[t=     79.5115][DISPATCH              ] wf=4 task=451 vm=28
[t=     79.5725][TASK-COMPLETE         ] task=430 wf=4 vm=32(reserved) actualCPU=1.4940s
[t=     79.5725][DISPATCH              ] wf=4 task=452 vm=32
[t=     79.5945][TASK-COMPLETE         ] task=438 wf=4 vm=18(reserved) actualCPU=1.1630s
[t=     79.5945][DISPATCH              ] wf=4 task=461 vm=18
[t=     79.6505][TASK-COMPLETE         ] task=436 wf=4 vm=38(reserved) actualCPU=1.2700s
[t=     79.6505][DISPATCH              ] wf=4 task=462 vm=38
[t=     79.6825][TASK-COMPLETE         ] task=439 wf=4 vm=39(reserved) actualCPU=1.2350s
[t=     79.6825][DISPATCH              ] wf=4 task=463 vm=39
[t=     79.8935][TASK-COMPLETE         ] task=434 wf=4 vm=30(reserved) actualCPU=1.5130s
[t=     79.8935][DISPATCH              ] wf=4 task=464 vm=30
[t=     79.9545][TASK-COMPLETE         ] task=440 wf=4 vm=19(reserved) actualCPU=1.4180s
[t=     79.9545][DISPATCH              ] wf=4 task=465 vm=19
[t=     79.9775][TASK-COMPLETE         ] task=435 wf=4 vm=34(reserved) actualCPU=1.5970s
[t=     79.9775][DISPATCH              ] wf=4 task=466 vm=34
[t=     80.0015][TASK-COMPLETE         ] task=441 wf=4 vm=16(reserved) actualCPU=1.4480s
[t=     80.0015][DISPATCH              ] wf=4 task=467 vm=16
[t=     80.0145][TASK-COMPLETE         ] task=437 wf=4 vm=41(reserved) actualCPU=1.6170s
[t=     80.0145][DISPATCH              ] wf=4 task=468 vm=41
[t=     80.0505][TASK-COMPLETE         ] task=447 wf=4 vm=25(reserved) actualCPU=1.0280s
[t=     80.0505][TASK-COMPLETE         ] task=443 wf=4 vm=37(reserved) actualCPU=1.2420s
[t=     80.0505][TASK-COMPLETE         ] task=444 wf=4 vm=40(reserved) actualCPU=1.1900s
[t=     80.0505][DISPATCH              ] wf=4 task=469 vm=25
[t=     80.0505][DISPATCH              ] wf=4 task=470 vm=37
[t=     80.0505][DISPATCH              ] wf=4 task=471 vm=40
[t=     80.2115][TASK-COMPLETE         ] task=445 wf=4 vm=29(reserved) actualCPU=1.3380s
[t=     80.2115][DISPATCH              ] wf=4 task=472 vm=29
[t=     80.2785][TASK-COMPLETE         ] task=446 wf=4 vm=33(reserved) actualCPU=1.4050s
[t=     80.2785][DISPATCH              ] wf=4 task=473 vm=33
[t=     80.5745][TASK-COMPLETE         ] task=442 wf=4 vm=43(reserved) actualCPU=2.0090s
[t=     80.5745][DISPATCH              ] wf=4 task=474 vm=43
[t=     80.5875][TASK-COMPLETE         ] task=448 wf=4 vm=31(reserved) actualCPU=1.3440s
[t=     80.5875][DISPATCH              ] wf=4 task=475 vm=31
[t=     80.6125][TASK-COMPLETE         ] task=462 wf=4 vm=38(reserved) actualCPU=0.9620s
[t=     80.6125][DISPATCH              ] wf=4 task=476 vm=38
[t=     80.9635][TASK-COMPLETE         ] task=465 wf=4 vm=19(reserved) actualCPU=1.0090s
[t=     80.9635][DISPATCH              ] wf=4 task=477 vm=19
[t=     80.9745][TASK-COMPLETE         ] task=467 wf=4 vm=16(reserved) actualCPU=0.9730s
[t=     80.9745][DISPATCH              ] wf=4 task=478 vm=16
[t=     81.0115][TASK-COMPLETE         ] task=463 wf=4 vm=39(reserved) actualCPU=1.3290s
[t=     81.0115][DISPATCH              ] wf=4 task=479 vm=39
[t=     81.2055][TASK-COMPLETE         ] task=461 wf=4 vm=18(reserved) actualCPU=1.6110s
[t=     81.2055][DISPATCH              ] wf=4 task=480 vm=18
[t=     81.2165][TASK-COMPLETE         ] task=475 wf=4 vm=31(reserved) actualCPU=0.6290s
[t=     81.2165][DISPATCH              ] wf=4 task=481 vm=31
[t=     81.3315][TASK-COMPLETE         ] task=470 wf=4 vm=37(reserved) actualCPU=1.2810s
[t=     81.3315][DISPATCH              ] wf=4 task=482 vm=37
[t=     81.3625][TASK-COMPLETE         ] task=469 wf=4 vm=25(reserved) actualCPU=1.3120s
[t=     81.3625][DISPATCH              ] wf=4 task=483 vm=25
[t=     81.3795][TASK-COMPLETE         ] task=464 wf=4 vm=30(reserved) actualCPU=1.4860s
[t=     81.3795][DISPATCH              ] wf=4 task=484 vm=30
[t=     81.4415][TASK-COMPLETE         ] task=471 wf=4 vm=40(reserved) actualCPU=1.3910s
[t=     81.4415][DISPATCH              ] wf=4 task=485 vm=40
[t=     81.5515][TASK-COMPLETE         ] task=468 wf=4 vm=41(reserved) actualCPU=1.5370s
[t=     81.5515][DISPATCH              ] wf=4 task=486 vm=41
[t=     81.6165][TASK-COMPLETE         ] task=472 wf=4 vm=29(reserved) actualCPU=1.4050s
[t=     81.6165][DISPATCH              ] wf=4 task=487 vm=29
[t=     81.6285][TASK-COMPLETE         ] task=122 wf=1 vm=21(reserved) actualCPU=42.5938s
[t=     81.6285][TASK-COMPLETE         ] task=473 wf=4 vm=33(reserved) actualCPU=1.3500s
[t=     81.6285][DISPATCH              ] wf=4 task=398 vm=21
[t=     81.6285][DISPATCH              ] wf=4 task=429 vm=33
[t=     81.6425][TASK-COMPLETE         ] task=466 wf=4 vm=34(reserved) actualCPU=1.6650s
[t=     81.6855][TASK-COMPLETE         ] task=476 wf=4 vm=38(reserved) actualCPU=1.0730s
[t=     81.7385][TASK-COMPLETE         ] task=398 wf=4 vm=21(reserved) actualCPU=0.1100s
[t=     81.7385][TASK-COMPLETE         ] task=429 wf=4 vm=33(reserved) actualCPU=0.1100s
[t=     81.8625][TASK-COMPLETE         ] task=479 wf=4 vm=39(reserved) actualCPU=0.8510s
[t=     81.9575][TASK-COMPLETE         ] task=477 wf=4 vm=19(reserved) actualCPU=0.9940s
[t=     82.0125][TASK-COMPLETE         ] task=474 wf=4 vm=43(reserved) actualCPU=1.4380s
[t=     82.1015][TASK-COMPLETE         ] task=481 wf=4 vm=31(reserved) actualCPU=0.8850s
[t=     82.2045][TASK-COMPLETE         ] task=482 wf=4 vm=37(reserved) actualCPU=0.8730s
[t=     82.4085][TASK-COMPLETE         ] task=478 wf=4 vm=16(reserved) actualCPU=1.4340s
[t=     82.7555][TASK-COMPLETE         ] task=483 wf=4 vm=25(reserved) actualCPU=1.3930s
[t=     82.9265][TASK-COMPLETE         ] task=480 wf=4 vm=18(reserved) actualCPU=1.7210s
[t=     82.9265][DISPATCH              ] wf=4 task=460 vm=16
[t=     83.0325][TASK-COMPLETE         ] task=460 wf=4 vm=16(reserved) actualCPU=0.1060s
[t=     83.5375][TASK-COMPLETE         ] task=99 wf=0 vm=48(reserved) actualCPU=7.8805s
[t=     83.5375][DISPATCH              ] wf=0 task=100 vm=16
[t=     84.2725][TASK-COMPLETE         ] task=100 wf=0 vm=16(reserved) actualCPU=0.7350s
[t=     84.2725][WF-COMPLETE           ] wf=0 completionTime=84.2725 deadline=141.4400 -> MET
[t=     88.4142][NEGOTIATE             ] wf=5 tasks=100 arrivalTime=88.4142 deadline=2753.9342 cp=1413.5610 BETA*cp=1554.9171 slack=2665.5200 -> ACCEPTED
[t=     88.4142][DISPATCH              ] wf=5 task=495 vm=16
[t=     88.4142][DISPATCH              ] wf=5 task=496 vm=18
[t=     88.4142][DISPATCH              ] wf=5 task=497 vm=19
[t=     88.4142][DISPATCH              ] wf=5 task=498 vm=21
[t=     88.4142][DISPATCH              ] wf=5 task=499 vm=25
[t=     88.4142][DISPATCH              ] wf=5 task=500 vm=31
[t=     88.4142][DISPATCH              ] wf=5 task=501 vm=33
[t=     88.4142][DISPATCH              ] wf=5 task=502 vm=34
[t=     88.4142][DISPATCH              ] wf=5 task=503 vm=37
[t=     88.4142][DISPATCH              ] wf=5 task=504 vm=38
[t=     88.4142][DISPATCH              ] wf=5 task=505 vm=39
[t=     88.4142][DISPATCH              ] wf=5 task=506 vm=43
[t=     88.4142][DISPATCH              ] wf=5 task=507 vm=48
[t=     88.9682][TASK-COMPLETE         ] task=123 wf=1 vm=22(reserved) actualCPU=49.9335s
[t=     88.9682][DISPATCH              ] wf=5 task=508 vm=22
[t=    102.0082][TASK-COMPLETE         ] task=189 wf=1 vm=17(reserved) actualCPU=61.6005s
[t=    102.0082][DISPATCH              ] wf=5 task=509 vm=17
[t=    102.4402][TASK-COMPLETE         ] task=507 wf=5 vm=48(reserved) actualCPU=14.0260s
[t=    102.4402][DISPATCH              ] wf=5 task=510 vm=48
[t=    102.6642][TASK-COMPLETE         ] task=154 wf=1 vm=26(reserved) actualCPU=63.6295s
[t=    102.6642][DISPATCH              ] wf=5 task=511 vm=26
[t=    103.4062][TASK-COMPLETE         ] task=498 wf=5 vm=21(reserved) actualCPU=14.9920s
[t=    103.4062][DISPATCH              ] wf=5 task=512 vm=21
[t=    103.8502][TASK-COMPLETE         ] task=506 wf=5 vm=43(reserved) actualCPU=15.4360s
[t=    103.8502][DISPATCH              ] wf=5 task=513 vm=43
[t=    105.8802][TASK-COMPLETE         ] task=485 wf=4 vm=40(reserved) actualCPU=24.4387s
[t=    105.8802][DISPATCH              ] wf=5 task=514 vm=40
[t=    105.9152][TASK-COMPLETE         ] task=500 wf=5 vm=31(reserved) actualCPU=17.5010s
[t=    105.9152][DISPATCH              ] wf=5 task=515 vm=31
[t=    106.0432][TASK-COMPLETE         ] task=505 wf=5 vm=39(reserved) actualCPU=17.6290s
[t=    106.0432][DISPATCH              ] wf=5 task=516 vm=39
[t=    106.3272][TASK-COMPLETE         ] task=501 wf=5 vm=33(reserved) actualCPU=17.9130s
[t=    106.3272][DISPATCH              ] wf=5 task=517 vm=33
[t=    106.3762][TASK-COMPLETE         ] task=496 wf=5 vm=18(reserved) actualCPU=17.9620s
[t=    106.3762][DISPATCH              ] wf=5 task=530 vm=18
[t=    106.5502][TASK-COMPLETE         ] task=495 wf=5 vm=16(reserved) actualCPU=18.1360s
[t=    106.5502][DISPATCH              ] wf=5 task=521 vm=16
[t=    106.6602][TASK-COMPLETE         ] task=504 wf=5 vm=38(reserved) actualCPU=18.2460s
[t=    106.6602][DISPATCH              ] wf=5 task=529 vm=38
[t=    107.6122][TASK-COMPLETE         ] task=499 wf=5 vm=25(reserved) actualCPU=19.1980s
[t=    107.6122][DISPATCH              ] wf=5 task=523 vm=25
[t=    108.2642][TASK-COMPLETE         ] task=502 wf=5 vm=34(reserved) actualCPU=19.8500s
[t=    108.2642][DISPATCH              ] wf=5 task=528 vm=34
[t=    108.3295][TASK-COMPLETE         ] task=450 wf=4 vm=42(reserved) actualCPU=28.9280s
[t=    108.3295][DISPATCH              ] wf=5 task=524 vm=42
[t=    109.7035][TASK-COMPLETE         ] task=503 wf=5 vm=37(reserved) actualCPU=21.2893s
[t=    109.7035][DISPATCH              ] wf=5 task=519 vm=37
[t=    110.1155][TASK-COMPLETE         ] task=508 wf=5 vm=22(reserved) actualCPU=21.1473s
[t=    110.1155][DISPATCH              ] wf=5 task=518 vm=22
[t=    110.5035][TASK-COMPLETE         ] task=497 wf=5 vm=19(reserved) actualCPU=22.0893s
[t=    110.5035][DISPATCH              ] wf=5 task=527 vm=19
[t=    113.6115][TASK-COMPLETE         ] task=419 wf=4 vm=46(reserved) actualCPU=36.3050s
[t=    113.6115][DISPATCH              ] wf=5 task=522 vm=46
[t=    117.7855][TASK-COMPLETE         ] task=511 wf=5 vm=26(reserved) actualCPU=15.1213s
[t=    117.7855][DISPATCH              ] wf=5 task=525 vm=26
[t=    119.0885][TASK-COMPLETE         ] task=509 wf=5 vm=17(reserved) actualCPU=17.0803s
[t=    119.0885][DISPATCH              ] wf=5 task=526 vm=17
[t=    121.1255][TASK-COMPLETE         ] task=515 wf=5 vm=31(reserved) actualCPU=15.2103s
[t=    121.1255][DISPATCH              ] wf=5 task=531 vm=31
[t=    121.1442][TASK-COMPLETE         ] task=516 wf=5 vm=39(reserved) actualCPU=15.1010s
[t=    121.1442][DISPATCH              ] wf=5 task=520 vm=39
[t=    121.2342][TASK-COMPLETE         ] task=512 wf=5 vm=21(reserved) actualCPU=17.8280s
[t=    121.2342][DISPATCH              ] wf=5 task=534 vm=21
[t=    123.4952][TASK-COMPLETE         ] task=510 wf=5 vm=48(reserved) actualCPU=21.0550s
[t=    123.4952][DISPATCH              ] wf=5 task=532 vm=48
[t=    123.6682][TASK-COMPLETE         ] task=517 wf=5 vm=33(reserved) actualCPU=17.3410s
[t=    123.6682][DISPATCH              ] wf=5 task=538 vm=33
[t=    123.7515][TASK-COMPLETE         ] task=420 wf=4 vm=47(reserved) actualCPU=46.4450s
[t=    123.7515][DISPATCH              ] wf=5 task=539 vm=47
[t=    124.4575][TASK-COMPLETE         ] task=514 wf=5 vm=40(reserved) actualCPU=18.5773s
[t=    124.4575][DISPATCH              ] wf=5 task=535 vm=40
[t=    125.1155][TASK-COMPLETE         ] task=513 wf=5 vm=43(reserved) actualCPU=21.2653s
[t=    125.1155][DISPATCH              ] wf=5 task=533 vm=43
[t=    140.2890][NEGOTIATE             ] wf=6 tasks=97 arrivalTime=140.2890 deadline=9090.2262 cp=4764.2340 BETA*cp=5240.6574 slack=8949.9372 -> ACCEPTED
[t=    140.4145][TASK-COMPLETE         ] task=486 wf=4 vm=41(reserved) actualCPU=58.8630s
[t=    140.4145][DISPATCH              ] wf=5 task=540 vm=41
[t=    142.1168][NEGOTIATE             ] wf=7 tasks=100 arrivalTime=142.1168 deadline=2807.6368 cp=1422.5140 BETA*cp=1564.7654 slack=2665.5200 -> ACCEPTED
[t=    143.5335][TASK-COMPLETE         ] task=331 wf=3 vm=12(reserved) actualCPU=74.5184s
[t=    143.5335][DISPATCH              ] wf=5 task=537 vm=12
[t=    143.7415][TASK-COMPLETE         ] task=231 wf=2 vm=5(reserved) actualCPU=94.9405s
[t=    143.7415][DISPATCH              ] wf=5 task=536 vm=5
[t=    145.3894][NEGOTIATE             ] wf=8 tasks=100 arrivalTime=145.3894 deadline=2810.9094 cp=1362.2020 BETA*cp=1498.4222 slack=2665.5200 -> ACCEPTED
[t=    149.9115][TASK-COMPLETE         ] task=451 wf=4 vm=28(reserved) actualCPU=70.4000s
[t=    149.9115][DISPATCH              ] wf=6 task=596 vm=28
[t=    150.9875][TASK-COMPLETE         ] task=596 wf=6 vm=28(reserved) actualCPU=1.0760s
[t=    150.9875][DISPATCH              ] wf=6 task=597 vm=28
[t=    152.4275][TASK-COMPLETE         ] task=597 wf=6 vm=28(reserved) actualCPU=1.4400s
[t=    152.4275][DISPATCH              ] wf=6 task=598 vm=28
[t=    153.5645][TASK-COMPLETE         ] task=598 wf=6 vm=28(reserved) actualCPU=1.1370s
[t=    153.5645][DISPATCH              ] wf=6 task=599 vm=28
[t=    155.1185][TASK-COMPLETE         ] task=599 wf=6 vm=28(reserved) actualCPU=1.5540s
[t=    155.1185][DISPATCH              ] wf=6 task=600 vm=28
[t=    156.1115][TASK-COMPLETE         ] task=600 wf=6 vm=28(reserved) actualCPU=0.9930s
[t=    156.1115][DISPATCH              ] wf=6 task=601 vm=28
[t=    156.6515][TASK-COMPLETE         ] task=209 wf=2 vm=11(reserved) actualCPU=107.8505s
[t=    156.6515][DISPATCH              ] wf=6 task=602 vm=11
[t=    157.2027][NEGOTIATE             ] wf=9 tasks=97 arrivalTime=157.2027 deadline=9107.1399 cp=4522.6370 BETA*cp=4974.9007 slack=8949.9372 -> ACCEPTED
[t=    157.6395][TASK-COMPLETE         ] task=601 wf=6 vm=28(reserved) actualCPU=1.5280s
[t=    157.6395][DISPATCH              ] wf=6 task=603 vm=28
[t=    157.8485][TASK-COMPLETE         ] task=602 wf=6 vm=11(reserved) actualCPU=1.1970s
[t=    157.8485][DISPATCH              ] wf=6 task=604 vm=11
[t=    158.6235][TASK-COMPLETE         ] task=604 wf=6 vm=11(reserved) actualCPU=0.7750s
[t=    158.6235][DISPATCH              ] wf=6 task=605 vm=11
[t=    158.6515][TASK-COMPLETE         ] task=603 wf=6 vm=28(reserved) actualCPU=1.0120s
[t=    158.6515][DISPATCH              ] wf=6 task=606 vm=28
[t=    159.7115][TASK-COMPLETE         ] task=606 wf=6 vm=28(reserved) actualCPU=1.0600s
[t=    159.7115][DISPATCH              ] wf=6 task=607 vm=28
[t=    159.9185][TASK-COMPLETE         ] task=605 wf=6 vm=11(reserved) actualCPU=1.2950s
[t=    159.9185][DISPATCH              ] wf=6 task=608 vm=11
[t=    161.5235][TASK-COMPLETE         ] task=608 wf=6 vm=11(reserved) actualCPU=1.6050s
[t=    161.5235][DISPATCH              ] wf=6 task=609 vm=11
[t=    161.6335][TASK-COMPLETE         ] task=607 wf=6 vm=28(reserved) actualCPU=1.9220s
[t=    161.6335][DISPATCH              ] wf=6 task=610 vm=28
[t=    162.3745][TASK-COMPLETE         ] task=220 wf=2 vm=4(reserved) actualCPU=113.5735s
[t=    162.3745][DISPATCH              ] wf=6 task=611 vm=4
[t=    162.5585][TASK-COMPLETE         ] task=610 wf=6 vm=28(reserved) actualCPU=0.9250s
[t=    162.5585][DISPATCH              ] wf=6 task=612 vm=28
[t=    162.7585][TASK-COMPLETE         ] task=609 wf=6 vm=11(reserved) actualCPU=1.2350s
[t=    162.7585][DISPATCH              ] wf=6 task=613 vm=11
[t=    163.6735][TASK-COMPLETE         ] task=613 wf=6 vm=11(reserved) actualCPU=0.9150s
[t=    163.6735][DISPATCH              ] wf=6 task=614 vm=11
[t=    163.7935][TASK-COMPLETE         ] task=612 wf=6 vm=28(reserved) actualCPU=1.2350s
[t=    163.7935][DISPATCH              ] wf=6 task=615 vm=28
[t=    164.1345][TASK-COMPLETE         ] task=611 wf=6 vm=4(reserved) actualCPU=1.7600s
[t=    164.1345][DISPATCH              ] wf=6 task=616 vm=4
[t=    165.1545][TASK-COMPLETE         ] task=614 wf=6 vm=11(reserved) actualCPU=1.4810s
[t=    165.1545][DISPATCH              ] wf=6 task=617 vm=11
[t=    168.8457][NEGOTIATE             ] wf=10 tasks=100 arrivalTime=168.8457 deadline=695.1657 cp=290.2230 BETA*cp=319.2453 slack=526.3200 -> ACCEPTED
[t=    182.9279][NEGOTIATE             ] wf=11 tasks=100 arrivalTime=182.9279 deadline=2848.4479 cp=1395.3530 BETA*cp=1534.8883 slack=2665.5200 -> ACCEPTED
[t=    186.4535][TASK-COMPLETE         ] task=320 wf=3 vm=10(reserved) actualCPU=117.4384s
[t=    186.4535][DISPATCH              ] wf=6 task=618 vm=10
[t=    189.7625][TASK-COMPLETE         ] task=200 wf=2 vm=3(reserved) actualCPU=140.9615s
[t=    189.7625][DISPATCH              ] wf=6 task=627 vm=3
[t=    190.9395][TASK-COMPLETE         ] task=627 wf=6 vm=3(reserved) actualCPU=1.1770s
[t=    190.9395][DISPATCH              ] wf=6 task=628 vm=3
[t=    192.2575][TASK-COMPLETE         ] task=628 wf=6 vm=3(reserved) actualCPU=1.3180s
[t=    192.2575][DISPATCH              ] wf=6 task=629 vm=3
[t=    193.1345][TASK-COMPLETE         ] task=629 wf=6 vm=3(reserved) actualCPU=0.8770s
[t=    193.1345][DISPATCH              ] wf=6 task=630 vm=3
[t=    194.4105][TASK-COMPLETE         ] task=630 wf=6 vm=3(reserved) actualCPU=1.2760s
[t=    194.4105][DISPATCH              ] wf=6 task=631 vm=3
[t=    195.6705][TASK-COMPLETE         ] task=631 wf=6 vm=3(reserved) actualCPU=1.2600s
[t=    195.6705][DISPATCH              ] wf=6 task=632 vm=3
[t=    196.8023][NEGOTIATE             ] wf=12 tasks=100 arrivalTime=196.8023 deadline=723.1223 cp=270.0550 BETA*cp=297.0605 slack=526.3200 -> ACCEPTED
[t=    197.0915][TASK-COMPLETE         ] task=632 wf=6 vm=3(reserved) actualCPU=1.4210s
[t=    197.0915][DISPATCH              ] wf=6 task=633 vm=3
[t=    198.4465][TASK-COMPLETE         ] task=633 wf=6 vm=3(reserved) actualCPU=1.3550s
[t=    198.4465][DISPATCH              ] wf=6 task=634 vm=3
[t=    199.6165][TASK-COMPLETE         ] task=634 wf=6 vm=3(reserved) actualCPU=1.1700s
[t=    199.6165][DISPATCH              ] wf=6 task=635 vm=3
[t=    200.0285][TASK-COMPLETE         ] task=355 wf=3 vm=14(reserved) actualCPU=131.0134s
[t=    200.0285][DISPATCH              ] wf=6 task=636 vm=14
[t=    200.7705][TASK-COMPLETE         ] task=635 wf=6 vm=3(reserved) actualCPU=1.1540s
[t=    200.7705][DISPATCH              ] wf=6 task=637 vm=3
[t=    201.3485][TASK-COMPLETE         ] task=636 wf=6 vm=14(reserved) actualCPU=1.3200s
[t=    201.3485][DISPATCH              ] wf=6 task=638 vm=14
[t=    202.0495][TASK-COMPLETE         ] task=637 wf=6 vm=3(reserved) actualCPU=1.2790s
[t=    202.0495][DISPATCH              ] wf=6 task=639 vm=3
[t=    202.1201][TASK-COMPLETE         ] task=309 wf=3 vm=1(reserved) actualCPU=133.1050s
[t=    202.1201][DISPATCH              ] wf=6 task=640 vm=1
[t=    202.2511][TASK-COMPLETE         ] task=638 wf=6 vm=14(reserved) actualCPU=0.9026s
[t=    202.2511][DISPATCH              ] wf=6 task=641 vm=14
[t=    202.4655][TASK-COMPLETE         ] task=300 wf=3 vm=0(reserved) actualCPU=133.4504s
[t=    202.4655][DISPATCH              ] wf=6 task=642 vm=0
[t=    203.5145][TASK-COMPLETE         ] task=640 wf=6 vm=1(reserved) actualCPU=1.3944s
[t=    203.5145][DISPATCH              ] wf=6 task=643 vm=1
[t=    203.6655][TASK-COMPLETE         ] task=639 wf=6 vm=3(reserved) actualCPU=1.6160s
[t=    203.6655][DISPATCH              ] wf=6 task=644 vm=3
[t=    203.7705][TASK-COMPLETE         ] task=616 wf=6 vm=4(reserved) actualCPU=39.6360s
[t=    203.7705][DISPATCH              ] wf=6 task=645 vm=4
[t=    203.8345][TASK-COMPLETE         ] task=642 wf=6 vm=0(reserved) actualCPU=1.3690s
[t=    203.8345][DISPATCH              ] wf=6 task=646 vm=0
[t=    203.8805][TASK-COMPLETE         ] task=641 wf=6 vm=14(reserved) actualCPU=1.6294s
[t=    203.8805][DISPATCH              ] wf=6 task=647 vm=14
[t=    204.8535][TASK-COMPLETE         ] task=643 wf=6 vm=1(reserved) actualCPU=1.3390s
[t=    204.8535][DISPATCH              ] wf=6 task=648 vm=1
[t=    205.1365][TASK-COMPLETE         ] task=644 wf=6 vm=3(reserved) actualCPU=1.4710s
[t=    205.1365][DISPATCH              ] wf=6 task=649 vm=3
[t=    205.2845][TASK-COMPLETE         ] task=645 wf=6 vm=4(reserved) actualCPU=1.5140s
[t=    205.2845][DISPATCH              ] wf=6 task=658 vm=4
[t=    205.3255][NEGOTIATE             ] wf=13 tasks=100 arrivalTime=205.3255 deadline=2870.8455 cp=1340.1940 BETA*cp=1474.2134 slack=2665.5200 -> ACCEPTED
[t=    206.7845][TASK-COMPLETE         ] task=658 wf=6 vm=4(reserved) actualCPU=1.5000s
[t=    206.7845][DISPATCH              ] wf=6 task=659 vm=4
[t=    207.6965][TASK-COMPLETE         ] task=659 wf=6 vm=4(reserved) actualCPU=0.9120s
[t=    207.6965][DISPATCH              ] wf=6 task=660 vm=4
[t=    209.0245][TASK-COMPLETE         ] task=660 wf=6 vm=4(reserved) actualCPU=1.3280s
[t=    209.0245][DISPATCH              ] wf=6 task=661 vm=4
[t=    210.4995][TASK-COMPLETE         ] task=661 wf=6 vm=4(reserved) actualCPU=1.4750s
[t=    210.4995][DISPATCH              ] wf=6 task=662 vm=4
[t=    211.5765][TASK-COMPLETE         ] task=662 wf=6 vm=4(reserved) actualCPU=1.0770s
[t=    211.5765][DISPATCH              ] wf=6 task=663 vm=4
[t=    213.1265][TASK-COMPLETE         ] task=663 wf=6 vm=4(reserved) actualCPU=1.5500s
[t=    213.1265][DISPATCH              ] wf=6 task=664 vm=4
[t=    213.4223][NEGOTIATE             ] wf=14 tasks=97 arrivalTime=213.4223 deadline=9163.3595 cp=4326.7840 BETA*cp=4759.4624 slack=8949.9372 -> ACCEPTED
[t=    213.8514][NEGOTIATE             ] wf=15 tasks=100 arrivalTime=213.8514 deadline=355.2914 cp=79.4090 BETA*cp=87.3499 slack=141.4400 -> ACCEPTED
[t=    214.3725][TASK-COMPLETE         ] task=664 wf=6 vm=4(reserved) actualCPU=1.2460s
[t=    214.3725][DISPATCH              ] wf=6 task=665 vm=4
[t=    216.1545][TASK-COMPLETE         ] task=665 wf=6 vm=4(reserved) actualCPU=1.7820s
[t=    216.1545][DISPATCH              ] wf=6 task=666 vm=4
[t=    217.5695][TASK-COMPLETE         ] task=666 wf=6 vm=4(reserved) actualCPU=1.4150s
[t=    217.5695][DISPATCH              ] wf=6 task=667 vm=4
[t=    218.8165][TASK-COMPLETE         ] task=667 wf=6 vm=4(reserved) actualCPU=1.2470s
[t=    218.8165][DISPATCH              ] wf=6 task=668 vm=4
[t=    220.1675][TASK-COMPLETE         ] task=668 wf=6 vm=4(reserved) actualCPU=1.3510s
[t=    220.1675][DISPATCH              ] wf=6 task=669 vm=4
[t=    220.7465][TASK-COMPLETE         ] task=617 wf=6 vm=11(reserved) actualCPU=55.5920s
[t=    220.7465][DISPATCH              ] wf=6 task=670 vm=11
[t=    221.7555][TASK-COMPLETE         ] task=669 wf=6 vm=4(reserved) actualCPU=1.5880s
[t=    221.7555][DISPATCH              ] wf=6 task=671 vm=4
[t=    222.3835][TASK-COMPLETE         ] task=670 wf=6 vm=11(reserved) actualCPU=1.6370s
[t=    222.3835][DISPATCH              ] wf=6 task=672 vm=11
[t=    223.1335][TASK-COMPLETE         ] task=672 wf=6 vm=11(reserved) actualCPU=0.7500s
[t=    223.1335][DISPATCH              ] wf=6 task=673 vm=11
[t=    223.2785][TASK-COMPLETE         ] task=671 wf=6 vm=4(reserved) actualCPU=1.5230s
[t=    223.2785][DISPATCH              ] wf=6 task=674 vm=4
[t=    223.9705][TASK-COMPLETE         ] task=674 wf=6 vm=4(reserved) actualCPU=0.6920s
[t=    223.9705][DISPATCH              ] wf=6 task=675 vm=4
[t=    224.2505][TASK-COMPLETE         ] task=673 wf=6 vm=11(reserved) actualCPU=1.1170s
[t=    224.2505][DISPATCH              ] wf=6 task=676 vm=11
[t=    225.2375][TASK-COMPLETE         ] task=676 wf=6 vm=11(reserved) actualCPU=0.9870s
[t=    225.2375][DISPATCH              ] wf=6 task=677 vm=11
[t=    225.3485][TASK-COMPLETE         ] task=675 wf=6 vm=4(reserved) actualCPU=1.3780s
[t=    225.3485][DISPATCH              ] wf=6 task=678 vm=4
[t=    225.9755][TASK-COMPLETE         ] task=678 wf=6 vm=4(reserved) actualCPU=0.6270s
[t=    225.9755][DISPATCH              ] wf=6 task=679 vm=4
[t=    226.4545][TASK-COMPLETE         ] task=677 wf=6 vm=11(reserved) actualCPU=1.2170s
[t=    226.4545][DISPATCH              ] wf=6 task=680 vm=11
[t=    226.8095][TASK-COMPLETE         ] task=679 wf=6 vm=4(reserved) actualCPU=0.8340s
[t=    226.8095][DISPATCH              ] wf=6 task=681 vm=4
[t=    227.5085][TASK-COMPLETE         ] task=680 wf=6 vm=11(reserved) actualCPU=1.0540s
[t=    227.5085][DISPATCH              ] wf=6 task=682 vm=11
[t=    230.5495][TASK-COMPLETE         ] task=383 wf=3 vm=35(reserved) actualCPU=161.5344s
[t=    230.5495][DISPATCH              ] wf=6 task=683 vm=35
[t=    230.8385][TASK-COMPLETE         ] task=647 wf=6 vm=14(reserved) actualCPU=26.9580s
[t=    230.8385][DISPATCH              ] wf=6 task=684 vm=14
[t=    245.7805][TASK-COMPLETE         ] task=242 wf=2 vm=6(reserved) actualCPU=196.9795s
[t=    245.7805][DISPATCH              ] wf=7 task=692 vm=6
[t=    252.2985][TASK-COMPLETE         ] task=682 wf=6 vm=11(reserved) actualCPU=24.7900s
[t=    252.2985][DISPATCH              ] wf=7 task=693 vm=11
[t=    253.0765][TASK-COMPLETE         ] task=255 wf=2 vm=7(reserved) actualCPU=204.2755s
[t=    253.0765][DISPATCH              ] wf=7 task=694 vm=7
[t=    255.0785][TASK-COMPLETE         ] task=283 wf=2 vm=9(reserved) actualCPU=206.2775s
[t=    255.0785][DISPATCH              ] wf=7 task=695 vm=9
[t=    264.2535][TASK-COMPLETE         ] task=368 wf=3 vm=15(reserved) actualCPU=195.2384s
[t=    264.2535][DISPATCH              ] wf=7 task=696 vm=15
[t=    265.3815][TASK-COMPLETE         ] task=692 wf=7 vm=6(reserved) actualCPU=19.6010s
[t=    265.3815][DISPATCH              ] wf=7 task=697 vm=6
[t=    269.2075][TASK-COMPLETE         ] task=693 wf=7 vm=11(reserved) actualCPU=16.9090s
[t=    269.2075][DISPATCH              ] wf=7 task=698 vm=11
[t=    270.8125][TASK-COMPLETE         ] task=648 wf=6 vm=1(reserved) actualCPU=65.9590s
[t=    270.8125][DISPATCH              ] wf=7 task=699 vm=1
[t=    272.6335][TASK-COMPLETE         ] task=268 wf=2 vm=8(reserved) actualCPU=223.8325s
[t=    272.6335][DISPATCH              ] wf=7 task=700 vm=8
[t=    273.5075][TASK-COMPLETE         ] task=694 wf=7 vm=7(reserved) actualCPU=20.4310s
[t=    273.5075][DISPATCH              ] wf=7 task=701 vm=7
[t=    275.4095][TASK-COMPLETE         ] task=695 wf=7 vm=9(reserved) actualCPU=20.3310s
[t=    275.4095][DISPATCH              ] wf=7 task=702 vm=9
[t=    281.8179][NEGOTIATE             ] wf=16 tasks=100 arrivalTime=281.8179 deadline=423.2579 cp=72.9290 BETA*cp=80.2219 slack=141.4400 -> ACCEPTED
[t=    282.0755][TASK-COMPLETE         ] task=696 wf=7 vm=15(reserved) actualCPU=17.8220s
[t=    282.0755][DISPATCH              ] wf=7 task=703 vm=15
[t=    282.7735][TASK-COMPLETE         ] task=683 wf=6 vm=35(reserved) actualCPU=52.2240s
[t=    282.7735][DISPATCH              ] wf=7 task=704 vm=35
[t=    283.1325][TASK-COMPLETE         ] task=697 wf=7 vm=6(reserved) actualCPU=17.7510s
[t=    283.1325][DISPATCH              ] wf=7 task=705 vm=6
[t=    287.5045][TASK-COMPLETE         ] task=700 wf=7 vm=8(reserved) actualCPU=14.8710s
[t=    287.5045][DISPATCH              ] wf=7 task=706 vm=8
[t=    288.9275][TASK-COMPLETE         ] task=698 wf=7 vm=11(reserved) actualCPU=19.7200s
[t=    288.9275][DISPATCH              ] wf=7 task=707 vm=11
[t=    291.2965][TASK-COMPLETE         ] task=699 wf=7 vm=1(reserved) actualCPU=20.4840s
[t=    291.2965][DISPATCH              ] wf=7 task=708 vm=1
[t=    291.4545][TASK-COMPLETE         ] task=701 wf=7 vm=7(reserved) actualCPU=17.9470s
[t=    291.4545][DISPATCH              ] wf=7 task=709 vm=7
[t=    292.6785][TASK-COMPLETE         ] task=342 wf=3 vm=13(reserved) actualCPU=223.6634s
[t=    292.6785][DISPATCH              ] wf=7 task=710 vm=13
[t=    294.3945][TASK-COMPLETE         ] task=702 wf=7 vm=9(reserved) actualCPU=18.9850s
[t=    294.3945][DISPATCH              ] wf=7 task=711 vm=9
[t=    297.3315][TASK-COMPLETE         ] task=703 wf=7 vm=15(reserved) actualCPU=15.2560s
[t=    297.3315][DISPATCH              ] wf=7 task=712 vm=15
[t=    297.3865][TASK-COMPLETE         ] task=705 wf=7 vm=6(reserved) actualCPU=14.2540s
[t=    297.3865][DISPATCH              ] wf=7 task=713 vm=6
[t=    299.8575][TASK-COMPLETE         ] task=704 wf=7 vm=35(reserved) actualCPU=17.0840s
[t=    299.8575][DISPATCH              ] wf=7 task=714 vm=35
[t=    300.0018][NEGOTIATE             ] wf=17 tasks=100 arrivalTime=300.0018 deadline=441.4418 cp=77.1860 BETA*cp=84.9046 slack=141.4400 -> ACCEPTED
[t=    306.2155][TASK-COMPLETE         ] task=706 wf=7 vm=8(reserved) actualCPU=18.7110s
[t=    306.2155][DISPATCH              ] wf=3 task=332 vm=8
[t=    308.5945][TASK-COMPLETE         ] task=709 wf=7 vm=7(reserved) actualCPU=17.1400s
[t=    308.5945][DISPATCH              ] wf=3 task=334 vm=7
[t=    309.0185][TASK-COMPLETE         ] task=708 wf=7 vm=1(reserved) actualCPU=17.7220s
[t=    309.0185][DISPATCH              ] wf=3 task=336 vm=1
[t=    309.1565][TASK-COMPLETE         ] task=707 wf=7 vm=11(reserved) actualCPU=20.2290s
[t=    309.1565][DISPATCH              ] wf=3 task=338 vm=11
[t=    310.1875][TASK-COMPLETE         ] task=710 wf=7 vm=13(reserved) actualCPU=17.5090s
[t=    310.1875][DISPATCH              ] wf=3 task=340 vm=13
[t=    313.8705][TASK-COMPLETE         ] task=711 wf=7 vm=9(reserved) actualCPU=19.4760s
[t=    313.8705][DISPATCH              ] wf=2 task=232 vm=9
[t=    314.6255][TASK-COMPLETE         ] task=713 wf=7 vm=6(reserved) actualCPU=17.2390s
[t=    314.6255][DISPATCH              ] wf=2 task=234 vm=6
[t=    316.6325][TASK-COMPLETE         ] task=712 wf=7 vm=15(reserved) actualCPU=19.3010s
[t=    316.6325][DISPATCH              ] wf=2 task=236 vm=15
[t=    318.3865][TASK-COMPLETE         ] task=714 wf=7 vm=35(reserved) actualCPU=18.5290s
[t=    318.3865][DISPATCH              ] wf=2 task=238 vm=35
[t=    320.3515][TASK-COMPLETE         ] task=524 wf=5 vm=42(reserved) actualCPU=212.0220s
[t=    320.3515][DISPATCH              ] wf=2 task=240 vm=42
[t=    324.6895][TASK-COMPLETE         ] task=523 wf=5 vm=25(reserved) actualCPU=217.0773s
[t=    324.6895][DISPATCH              ] wf=8 task=792 vm=25
[t=    331.1245][TASK-COMPLETE         ] task=338 wf=3 vm=11(reserved) actualCPU=21.9680s
[t=    331.1245][DISPATCH              ] wf=8 task=793 vm=11
[t=    342.9845][TASK-COMPLETE         ] task=792 wf=8 vm=25(reserved) actualCPU=18.2950s
[t=    342.9845][DISPATCH              ] wf=8 task=794 vm=25
[t=    345.5745][TASK-COMPLETE         ] task=238 wf=2 vm=35(reserved) actualCPU=27.1880s
[t=    345.5745][DISPATCH              ] wf=8 task=795 vm=35
[t=    345.8735][NEGOTIATE             ] wf=18 tasks=100 arrivalTime=345.8735 deadline=487.3135 cp=77.3740 BETA*cp=85.1114 slack=141.4400 -> ACCEPTED
[t=    346.7855][TASK-COMPLETE         ] task=340 wf=3 vm=13(reserved) actualCPU=36.5980s
[t=    346.7855][DISPATCH              ] wf=8 task=796 vm=13
[t=    348.1595][TASK-COMPLETE         ] task=332 wf=3 vm=8(reserved) actualCPU=41.9440s
[t=    348.1595][DISPATCH              ] wf=8 task=797 vm=8
[t=    349.1115][TASK-COMPLETE         ] task=336 wf=3 vm=1(reserved) actualCPU=40.0930s
[t=    349.1115][DISPATCH              ] wf=8 task=798 vm=1
[t=    349.8475][TASK-COMPLETE         ] task=793 wf=8 vm=11(reserved) actualCPU=18.7230s
[t=    349.8475][DISPATCH              ] wf=8 task=799 vm=11
[t=    352.0095][TASK-COMPLETE         ] task=232 wf=2 vm=9(reserved) actualCPU=38.1390s
[t=    352.0095][DISPATCH              ] wf=8 task=800 vm=9
[t=    353.4415][TASK-COMPLETE         ] task=236 wf=2 vm=15(reserved) actualCPU=36.8090s
[t=    353.4415][DISPATCH              ] wf=8 task=801 vm=15
[t=    354.1835][TASK-COMPLETE         ] task=334 wf=3 vm=7(reserved) actualCPU=45.5890s
[t=    354.1835][DISPATCH              ] wf=8 task=802 vm=7
[t=    354.3295][TASK-COMPLETE         ] task=234 wf=2 vm=6(reserved) actualCPU=39.7040s
[t=    354.3295][DISPATCH              ] wf=8 task=803 vm=6
[t=    357.2305][TASK-COMPLETE         ] task=240 wf=2 vm=42(reserved) actualCPU=36.8790s
[t=    357.2305][DISPATCH              ] wf=8 task=804 vm=42
[t=    362.3575][TASK-COMPLETE         ] task=794 wf=8 vm=25(reserved) actualCPU=19.3730s
[t=    362.3575][DISPATCH              ] wf=8 task=805 vm=25
[t=    363.0315][TASK-COMPLETE         ] task=795 wf=8 vm=35(reserved) actualCPU=17.4570s
[t=    363.0315][DISPATCH              ] wf=8 task=806 vm=35
[t=    364.3345][TASK-COMPLETE         ] task=796 wf=8 vm=13(reserved) actualCPU=17.5490s
[t=    364.3345][DISPATCH              ] wf=8 task=807 vm=13
[t=    364.9485][TASK-COMPLETE         ] task=526 wf=5 vm=17(reserved) actualCPU=245.8600s
[t=    364.9485][DISPATCH              ] wf=8 task=808 vm=17
[t=    366.0625][TASK-COMPLETE         ] task=799 wf=8 vm=11(reserved) actualCPU=16.2150s
[t=    366.0625][DISPATCH              ] wf=8 task=809 vm=11
[t=    368.7345][TASK-COMPLETE         ] task=797 wf=8 vm=8(reserved) actualCPU=20.5750s
[t=    368.7345][DISPATCH              ] wf=8 task=810 vm=8
[t=    368.9005][TASK-COMPLETE         ] task=798 wf=8 vm=1(reserved) actualCPU=19.7890s
[t=    368.9005][DISPATCH              ] wf=8 task=811 vm=1
[t=    370.6445][TASK-COMPLETE         ] task=801 wf=8 vm=15(reserved) actualCPU=17.2030s
[t=    370.6445][DISPATCH              ] wf=8 task=812 vm=15
[t=    371.7595][TASK-COMPLETE         ] task=803 wf=8 vm=6(reserved) actualCPU=17.4300s
[t=    371.7595][DISPATCH              ] wf=8 task=813 vm=6
[t=    372.2275][TASK-COMPLETE         ] task=800 wf=8 vm=9(reserved) actualCPU=20.2180s
[t=    372.2275][DISPATCH              ] wf=8 task=814 vm=9
[t=    372.7915][TASK-COMPLETE         ] task=804 wf=8 vm=42(reserved) actualCPU=15.5610s
[t=    372.7915][DISPATCH              ] wf=2 task=210 vm=42
[t=    373.6285][TASK-COMPLETE         ] task=802 wf=8 vm=7(reserved) actualCPU=19.4450s
[t=    373.6285][DISPATCH              ] wf=2 task=212 vm=7
[t=    378.6695][TASK-COMPLETE         ] task=805 wf=8 vm=25(reserved) actualCPU=16.3120s
[t=    378.6695][DISPATCH              ] wf=2 task=214 vm=25
[t=    381.2445][TASK-COMPLETE         ] task=806 wf=8 vm=35(reserved) actualCPU=18.2130s
[t=    381.2445][DISPATCH              ] wf=2 task=216 vm=35
[t=    382.5225][TASK-COMPLETE         ] task=808 wf=8 vm=17(reserved) actualCPU=17.5740s
[t=    382.5225][DISPATCH              ] wf=2 task=218 vm=17
[t=    382.7145][TASK-COMPLETE         ] task=807 wf=8 vm=13(reserved) actualCPU=18.3800s
[t=    382.7145][DISPATCH              ] wf=9 task=893 vm=13
[t=    384.0125][TASK-COMPLETE         ] task=893 wf=9 vm=13(reserved) actualCPU=1.2980s
[t=    384.0125][DISPATCH              ] wf=9 task=894 vm=13
[t=    385.2595][TASK-COMPLETE         ] task=894 wf=9 vm=13(reserved) actualCPU=1.2470s
[t=    385.2595][DISPATCH              ] wf=9 task=895 vm=13
[t=    385.6855][TASK-COMPLETE         ] task=810 wf=8 vm=8(reserved) actualCPU=16.9510s
[t=    385.6855][DISPATCH              ] wf=9 task=896 vm=8
[t=    386.3775][TASK-COMPLETE         ] task=811 wf=8 vm=1(reserved) actualCPU=17.4770s
[t=    386.3775][DISPATCH              ] wf=9 task=897 vm=1
[t=    386.5015][TASK-COMPLETE         ] task=895 wf=9 vm=13(reserved) actualCPU=1.2420s
[t=    386.5015][DISPATCH              ] wf=9 task=898 vm=13
[t=    387.2215][TASK-COMPLETE         ] task=897 wf=9 vm=1(reserved) actualCPU=0.8440s
[t=    387.2215][DISPATCH              ] wf=9 task=899 vm=1
[t=    387.4265][TASK-COMPLETE         ] task=896 wf=9 vm=8(reserved) actualCPU=1.7410s
[t=    387.4265][DISPATCH              ] wf=9 task=900 vm=8
[t=    387.5725][TASK-COMPLETE         ] task=809 wf=8 vm=11(reserved) actualCPU=21.5100s
[t=    387.5725][DISPATCH              ] wf=9 task=901 vm=11
[t=    387.8075][TASK-COMPLETE         ] task=814 wf=8 vm=9(reserved) actualCPU=15.5800s
[t=    387.8075][DISPATCH              ] wf=9 task=902 vm=9
[t=    387.8755][TASK-COMPLETE         ] task=898 wf=9 vm=13(reserved) actualCPU=1.3740s
[t=    387.8755][DISPATCH              ] wf=9 task=903 vm=13
[t=    388.4625][TASK-COMPLETE         ] task=901 wf=9 vm=11(reserved) actualCPU=0.8900s
[t=    388.4625][DISPATCH              ] wf=9 task=904 vm=11
[t=    388.5725][TASK-COMPLETE         ] task=900 wf=9 vm=8(reserved) actualCPU=1.1460s
[t=    388.5725][DISPATCH              ] wf=9 task=905 vm=8
[t=    388.6405][TASK-COMPLETE         ] task=899 wf=9 vm=1(reserved) actualCPU=1.4190s
[t=    388.6405][DISPATCH              ] wf=9 task=906 vm=1
[t=    388.8835][TASK-COMPLETE         ] task=903 wf=9 vm=13(reserved) actualCPU=1.0080s
[t=    388.8835][DISPATCH              ] wf=9 task=907 vm=13
[t=    389.1225][TASK-COMPLETE         ] task=812 wf=8 vm=15(reserved) actualCPU=18.4780s
[t=    389.1225][DISPATCH              ] wf=9 task=908 vm=15
[t=    389.2545][TASK-COMPLETE         ] task=902 wf=9 vm=9(reserved) actualCPU=1.4470s
[t=    389.2545][DISPATCH              ] wf=9 task=909 vm=9
[t=    389.9295][TASK-COMPLETE         ] task=907 wf=9 vm=13(reserved) actualCPU=1.0460s
[t=    389.9295][DISPATCH              ] wf=9 task=910 vm=13
[t=    389.9905][TASK-COMPLETE         ] task=906 wf=9 vm=1(reserved) actualCPU=1.3500s
[t=    389.9905][DISPATCH              ] wf=9 task=911 vm=1
[t=    390.1955][TASK-COMPLETE         ] task=904 wf=9 vm=11(reserved) actualCPU=1.7330s
[t=    390.1955][DISPATCH              ] wf=9 task=912 vm=11
[t=    390.3705][TASK-COMPLETE         ] task=905 wf=9 vm=8(reserved) actualCPU=1.7980s
[t=    390.3705][DISPATCH              ] wf=9 task=913 vm=8
[t=    390.7055][TASK-COMPLETE         ] task=909 wf=9 vm=9(reserved) actualCPU=1.4510s
[t=    390.7055][DISPATCH              ] wf=9 task=914 vm=9
[t=    390.7575][TASK-COMPLETE         ] task=910 wf=9 vm=13(reserved) actualCPU=0.8280s
[t=    390.7575][DISPATCH              ] wf=9 task=915 vm=13
[t=    390.7885][TASK-COMPLETE         ] task=908 wf=9 vm=15(reserved) actualCPU=1.6660s
[t=    390.7885][DISPATCH              ] wf=9 task=924 vm=15
[t=    391.3365][TASK-COMPLETE         ] task=911 wf=9 vm=1(reserved) actualCPU=1.3460s
[t=    391.3365][DISPATCH              ] wf=9 task=925 vm=1
[t=    391.6035][TASK-COMPLETE         ] task=813 wf=8 vm=6(reserved) actualCPU=19.8440s
[t=    391.6035][DISPATCH              ] wf=9 task=926 vm=6
[t=    392.4765][TASK-COMPLETE         ] task=925 wf=9 vm=1(reserved) actualCPU=1.1400s
[t=    392.4765][DISPATCH              ] wf=9 task=927 vm=1
[t=    392.5075][TASK-COMPLETE         ] task=924 wf=9 vm=15(reserved) actualCPU=1.7190s
[t=    392.5075][DISPATCH              ] wf=9 task=928 vm=15
[t=    392.7015][TASK-COMPLETE         ] task=926 wf=9 vm=6(reserved) actualCPU=1.0980s
[t=    392.7015][DISPATCH              ] wf=9 task=929 vm=6
[t=    393.5645][TASK-COMPLETE         ] task=927 wf=9 vm=1(reserved) actualCPU=1.0880s
[t=    393.5645][DISPATCH              ] wf=9 task=930 vm=1
[t=    393.6765][TASK-COMPLETE         ] task=928 wf=9 vm=15(reserved) actualCPU=1.1690s
[t=    393.6765][DISPATCH              ] wf=9 task=931 vm=15
[t=    394.2585][TASK-COMPLETE         ] task=929 wf=9 vm=6(reserved) actualCPU=1.5570s
[t=    394.2585][DISPATCH              ] wf=9 task=932 vm=6
[t=    394.8625][TASK-COMPLETE         ] task=930 wf=9 vm=1(reserved) actualCPU=1.2980s
[t=    394.8625][DISPATCH              ] wf=9 task=933 vm=1
[t=    395.0615][TASK-COMPLETE         ] task=931 wf=9 vm=15(reserved) actualCPU=1.3850s
[t=    395.0615][DISPATCH              ] wf=9 task=934 vm=15
[t=    395.5715][TASK-COMPLETE         ] task=932 wf=9 vm=6(reserved) actualCPU=1.3130s
[t=    395.5715][DISPATCH              ] wf=9 task=935 vm=6
[t=    395.8935][TASK-COMPLETE         ] task=933 wf=9 vm=1(reserved) actualCPU=1.0310s
[t=    395.8935][DISPATCH              ] wf=9 task=936 vm=1
[t=    396.3285][TASK-COMPLETE         ] task=934 wf=9 vm=15(reserved) actualCPU=1.2670s
[t=    396.3285][DISPATCH              ] wf=9 task=937 vm=15
[t=    396.6815][TASK-COMPLETE         ] task=935 wf=9 vm=6(reserved) actualCPU=1.1100s
[t=    396.6815][DISPATCH              ] wf=9 task=938 vm=6
[t=    397.6625][TASK-COMPLETE         ] task=936 wf=9 vm=1(reserved) actualCPU=1.7690s
[t=    397.6625][DISPATCH              ] wf=9 task=939 vm=1
[t=    397.7785][TASK-COMPLETE         ] task=937 wf=9 vm=15(reserved) actualCPU=1.4500s
[t=    397.7785][DISPATCH              ] wf=9 task=940 vm=15
[t=    398.0145][TASK-COMPLETE         ] task=938 wf=9 vm=6(reserved) actualCPU=1.3330s
[t=    398.0145][DISPATCH              ] wf=9 task=941 vm=6
[t=    399.0255][TASK-COMPLETE         ] task=939 wf=9 vm=1(reserved) actualCPU=1.3630s
[t=    399.0255][DISPATCH              ] wf=9 task=942 vm=1
[t=    399.3595][TASK-COMPLETE         ] task=212 wf=2 vm=7(reserved) actualCPU=25.7310s
[t=    399.3595][DISPATCH              ] wf=9 task=943 vm=7
[t=    399.4225][TASK-COMPLETE         ] task=940 wf=9 vm=15(reserved) actualCPU=1.6440s
[t=    399.4225][DISPATCH              ] wf=9 task=944 vm=15
[t=    399.5365][TASK-COMPLETE         ] task=941 wf=9 vm=6(reserved) actualCPU=1.5220s
[t=    399.5365][DISPATCH              ] wf=9 task=945 vm=6
[t=    400.3865][TASK-COMPLETE         ] task=942 wf=9 vm=1(reserved) actualCPU=1.3610s
[t=    400.3865][DISPATCH              ] wf=9 task=946 vm=1
[t=    400.5705][TASK-COMPLETE         ] task=210 wf=2 vm=42(reserved) actualCPU=27.7790s
[t=    400.5705][DISPATCH              ] wf=9 task=955 vm=42
[t=    402.0175][TASK-COMPLETE         ] task=955 wf=9 vm=42(reserved) actualCPU=1.4470s
[t=    402.0175][DISPATCH              ] wf=9 task=956 vm=42
[t=    402.9325][TASK-COMPLETE         ] task=528 wf=5 vm=34(reserved) actualCPU=294.6683s
[t=    402.9325][DISPATCH              ] wf=9 task=957 vm=34
[t=    403.0715][TASK-COMPLETE         ] task=956 wf=9 vm=42(reserved) actualCPU=1.0540s
[t=    403.0715][DISPATCH              ] wf=9 task=958 vm=42
[t=    404.2215][TASK-COMPLETE         ] task=957 wf=9 vm=34(reserved) actualCPU=1.2890s
[t=    404.2215][DISPATCH              ] wf=9 task=959 vm=34
[t=    404.5805][TASK-COMPLETE         ] task=958 wf=9 vm=42(reserved) actualCPU=1.5090s
[t=    404.5805][DISPATCH              ] wf=9 task=960 vm=42
[t=    405.2105][TASK-COMPLETE         ] task=959 wf=9 vm=34(reserved) actualCPU=0.9890s
[t=    405.2105][DISPATCH              ] wf=9 task=961 vm=34
[t=    406.2585][TASK-COMPLETE         ] task=960 wf=9 vm=42(reserved) actualCPU=1.6780s
[t=    406.2585][DISPATCH              ] wf=9 task=962 vm=42
[t=    406.3965][TASK-COMPLETE         ] task=961 wf=9 vm=34(reserved) actualCPU=1.1860s
[t=    406.3965][DISPATCH              ] wf=9 task=963 vm=34
[t=    407.0575][TASK-COMPLETE         ] task=214 wf=2 vm=25(reserved) actualCPU=28.3880s
[t=    407.0575][DISPATCH              ] wf=9 task=964 vm=25
[t=    407.7415][TASK-COMPLETE         ] task=962 wf=9 vm=42(reserved) actualCPU=1.4830s
[t=    407.7415][DISPATCH              ] wf=9 task=965 vm=42
[t=    408.2125][TASK-COMPLETE         ] task=963 wf=9 vm=34(reserved) actualCPU=1.8160s
[t=    408.2125][DISPATCH              ] wf=9 task=966 vm=34
[t=    408.2535][TASK-COMPLETE         ] task=964 wf=9 vm=25(reserved) actualCPU=1.1960s
[t=    408.2535][DISPATCH              ] wf=9 task=967 vm=25
[t=    409.0475][TASK-COMPLETE         ] task=965 wf=9 vm=42(reserved) actualCPU=1.3060s
[t=    409.0475][DISPATCH              ] wf=9 task=968 vm=42
[t=    409.6835][TASK-COMPLETE         ] task=967 wf=9 vm=25(reserved) actualCPU=1.4300s
[t=    409.6835][DISPATCH              ] wf=9 task=969 vm=25
[t=    409.9945][TASK-COMPLETE         ] task=966 wf=9 vm=34(reserved) actualCPU=1.7820s
[t=    409.9945][DISPATCH              ] wf=9 task=970 vm=34
[t=    410.4715][TASK-COMPLETE         ] task=969 wf=9 vm=25(reserved) actualCPU=0.7880s
[t=    410.4715][DISPATCH              ] wf=9 task=971 vm=25
[t=    410.5815][TASK-COMPLETE         ] task=968 wf=9 vm=42(reserved) actualCPU=1.5340s
[t=    410.5815][DISPATCH              ] wf=9 task=972 vm=42
[t=    410.8005][TASK-COMPLETE         ] task=970 wf=9 vm=34(reserved) actualCPU=0.8060s
[t=    410.8005][DISPATCH              ] wf=9 task=973 vm=34
[t=    411.4925][TASK-COMPLETE         ] task=971 wf=9 vm=25(reserved) actualCPU=1.0210s
[t=    411.4925][DISPATCH              ] wf=9 task=974 vm=25
[t=    411.7795][TASK-COMPLETE         ] task=972 wf=9 vm=42(reserved) actualCPU=1.1980s
[t=    411.7795][DISPATCH              ] wf=9 task=975 vm=42
[t=    411.8595][TASK-COMPLETE         ] task=973 wf=9 vm=34(reserved) actualCPU=1.0590s
[t=    411.8595][DISPATCH              ] wf=9 task=976 vm=34
[t=    412.3955][TASK-COMPLETE         ] task=519 wf=5 vm=37(reserved) actualCPU=302.6920s
[t=    412.3955][DISPATCH              ] wf=9 task=977 vm=37
[t=    412.4525][TASK-COMPLETE         ] task=975 wf=9 vm=42(reserved) actualCPU=0.6730s
[t=    412.4525][DISPATCH              ] wf=9 task=978 vm=42
[t=    412.8245][TASK-COMPLETE         ] task=976 wf=9 vm=34(reserved) actualCPU=0.9650s
[t=    412.8245][DISPATCH              ] wf=9 task=979 vm=34
[t=    413.2235][TASK-COMPLETE         ] task=974 wf=9 vm=25(reserved) actualCPU=1.7310s
[t=    413.2235][DISPATCH              ] wf=9 task=980 vm=25
[t=    413.5815][TASK-COMPLETE         ] task=977 wf=9 vm=37(reserved) actualCPU=1.1860s
[t=    413.5815][DISPATCH              ] wf=9 task=981 vm=37
[t=    419.6505][TASK-COMPLETE         ] task=216 wf=2 vm=35(reserved) actualCPU=38.4060s
[t=    419.6505][DISPATCH              ] wf=2 task=221 vm=35
[t=    424.4395][TASK-COMPLETE         ] task=913 wf=9 vm=8(reserved) actualCPU=34.0690s
[t=    424.4395][DISPATCH              ] wf=2 task=223 vm=8
[t=    426.9495][TASK-COMPLETE         ] task=218 wf=2 vm=17(reserved) actualCPU=44.4270s
[t=    426.9495][DISPATCH              ] wf=2 task=225 vm=17
[t=    428.9325][TASK-COMPLETE         ] task=529 wf=5 vm=38(reserved) actualCPU=322.2723s
[t=    428.9325][DISPATCH              ] wf=2 task=227 vm=38
[t=    433.1775][TASK-COMPLETE         ] task=979 wf=9 vm=34(reserved) actualCPU=20.3530s
[t=    433.1775][DISPATCH              ] wf=2 task=229 vm=34
[t=    433.2455][TASK-COMPLETE         ] task=535 wf=5 vm=40(reserved) actualCPU=308.7880s
[t=    433.2455][DISPATCH              ] wf=6 task=595 vm=40
[t=    433.3455][TASK-COMPLETE         ] task=595 wf=6 vm=40(reserved) actualCPU=0.1000s
[t=    433.3455][DISPATCH              ] wf=10 task=991 vm=40
[t=    435.2325][TASK-COMPLETE         ] task=944 wf=9 vm=15(reserved) actualCPU=35.8100s
[t=    435.2325][DISPATCH              ] wf=10 task=1000 vm=15
[t=    440.7075][TASK-COMPLETE         ] task=530 wf=5 vm=18(reserved) actualCPU=334.3313s
[t=    440.7075][DISPATCH              ] wf=10 task=1011 vm=18
[t=    443.7955][TASK-COMPLETE         ] task=914 wf=9 vm=9(reserved) actualCPU=53.0900s
[t=    443.7955][DISPATCH              ] wf=10 task=1022 vm=9
[t=    459.6565][TASK-COMPLETE         ] task=225 wf=2 vm=17(reserved) actualCPU=32.7070s
[t=    459.6565][DISPATCH              ] wf=10 task=1033 vm=17
[t=    461.2845][TASK-COMPLETE         ] task=945 wf=9 vm=6(reserved) actualCPU=61.7480s
[t=    461.2845][DISPATCH              ] wf=10 task=1046 vm=6
[t=    465.1255][TASK-COMPLETE         ] task=980 wf=9 vm=25(reserved) actualCPU=51.9020s
[t=    465.1255][DISPATCH              ] wf=10 task=1059 vm=25
[t=    470.1415][TASK-COMPLETE         ] task=229 wf=2 vm=34(reserved) actualCPU=36.9640s
[t=    470.1415][DISPATCH              ] wf=10 task=1074 vm=34
[t=    470.5765][TASK-COMPLETE         ] task=221 wf=2 vm=35(reserved) actualCPU=50.9260s
[t=    470.5765][DISPATCH              ] wf=11 task=1089 vm=35
[t=    471.5925][TASK-COMPLETE         ] task=223 wf=2 vm=8(reserved) actualCPU=47.1530s
[t=    471.5925][DISPATCH              ] wf=11 task=1090 vm=8
[t=    482.0495][TASK-COMPLETE         ] task=533 wf=5 vm=43(reserved) actualCPU=356.9340s
[t=    482.0495][DISPATCH              ] wf=11 task=1091 vm=43
[t=    483.9975][TASK-COMPLETE         ] task=227 wf=2 vm=38(reserved) actualCPU=55.0650s
[t=    483.9975][DISPATCH              ] wf=11 task=1092 vm=38
[t=    485.6975][TASK-COMPLETE         ] task=522 wf=5 vm=46(reserved) actualCPU=372.0860s
[t=    485.6975][DISPATCH              ] wf=11 task=1093 vm=46
[t=    488.5325][TASK-COMPLETE         ] task=1089 wf=11 vm=35(reserved) actualCPU=17.9560s
[t=    488.5325][DISPATCH              ] wf=11 task=1094 vm=35
[t=    488.8675][TASK-COMPLETE         ] task=1090 wf=11 vm=8(reserved) actualCPU=17.2750s
[t=    488.8675][DISPATCH              ] wf=11 task=1095 vm=8
[t=    500.0000][NEGOTIATE             ] wf=19 tasks=100 arrivalTime=500.0000 deadline=1026.3200 cp=285.8740 BETA*cp=314.4614 slack=526.3200 -> ACCEPTED
[t=    500.2265][TASK-COMPLETE         ] task=1092 wf=11 vm=38(reserved) actualCPU=16.2290s
[t=    500.2265][DISPATCH              ] wf=11 task=1096 vm=38
[t=    502.0795][TASK-COMPLETE         ] task=1093 wf=11 vm=46(reserved) actualCPU=16.3820s
[t=    502.0795][DISPATCH              ] wf=11 task=1097 vm=46
[t=    502.1285][TASK-COMPLETE         ] task=1091 wf=11 vm=43(reserved) actualCPU=20.0790s
[t=    502.1285][DISPATCH              ] wf=11 task=1098 vm=43
[t=    503.8195][TASK-COMPLETE         ] task=1094 wf=11 vm=35(reserved) actualCPU=15.2870s
[t=    503.8195][DISPATCH              ] wf=11 task=1099 vm=35
[t=    506.5215][TASK-COMPLETE         ] task=1095 wf=11 vm=8(reserved) actualCPU=17.6540s
[t=    506.5215][DISPATCH              ] wf=11 task=1100 vm=8
[t=    510.1765][TASK-COMPLETE         ] task=527 wf=5 vm=19(reserved) actualCPU=399.6730s
[t=    510.1765][DISPATCH              ] wf=11 task=1101 vm=19
[t=    516.4645][TASK-COMPLETE         ] task=539 wf=5 vm=47(reserved) actualCPU=392.7130s
[t=    516.4645][DISPATCH              ] wf=11 task=1102 vm=47
[t=    517.7775][TASK-COMPLETE         ] task=1098 wf=11 vm=43(reserved) actualCPU=15.6490s
[t=    517.7775][DISPATCH              ] wf=11 task=1103 vm=43
[t=    520.5615][TASK-COMPLETE         ] task=1096 wf=11 vm=38(reserved) actualCPU=20.3350s
[t=    520.5615][DISPATCH              ] wf=11 task=1104 vm=38
[t=    521.9245][TASK-COMPLETE         ] task=1099 wf=11 vm=35(reserved) actualCPU=18.1050s
[t=    521.9245][DISPATCH              ] wf=11 task=1105 vm=35
[t=    522.0725][TASK-COMPLETE         ] task=1097 wf=11 vm=46(reserved) actualCPU=19.9930s
[t=    522.0725][DISPATCH              ] wf=11 task=1106 vm=46
[t=    522.4635][TASK-COMPLETE         ] task=1022 wf=10 vm=9(reserved) actualCPU=78.6680s
[t=    522.4635][DISPATCH              ] wf=11 task=1107 vm=9
[t=    523.4435][TASK-COMPLETE         ] task=1100 wf=11 vm=8(reserved) actualCPU=16.9220s
[t=    523.4435][DISPATCH              ] wf=11 task=1108 vm=8
[t=    529.5565][TASK-COMPLETE         ] task=1101 wf=11 vm=19(reserved) actualCPU=19.3800s
[t=    529.5565][DISPATCH              ] wf=11 task=1109 vm=19
[t=    533.3315][TASK-COMPLETE         ] task=1102 wf=11 vm=47(reserved) actualCPU=16.8670s
[t=    533.3315][DISPATCH              ] wf=11 task=1110 vm=47
[t=    537.4725][TASK-COMPLETE         ] task=1103 wf=11 vm=43(reserved) actualCPU=19.6950s
[t=    537.4725][DISPATCH              ] wf=11 task=1111 vm=43
[t=    539.6295][TASK-COMPLETE         ] task=1104 wf=11 vm=38(reserved) actualCPU=19.0680s
[t=    539.6295][DISPATCH              ] wf=3 task=321 vm=38
[t=    541.2185][TASK-COMPLETE         ] task=1107 wf=11 vm=9(reserved) actualCPU=18.7550s
[t=    541.2185][DISPATCH              ] wf=3 task=323 vm=9
[t=    541.7725][TASK-COMPLETE         ] task=1105 wf=11 vm=35(reserved) actualCPU=19.8480s
[t=    541.7725][DISPATCH              ] wf=3 task=325 vm=35
[t=    541.9335][TASK-COMPLETE         ] task=1106 wf=11 vm=46(reserved) actualCPU=19.8610s
[t=    541.9335][DISPATCH              ] wf=3 task=327 vm=46
[t=    542.9655][TASK-COMPLETE         ] task=1108 wf=11 vm=8(reserved) actualCPU=19.5220s
[t=    542.9655][DISPATCH              ] wf=3 task=329 vm=8
[t=    545.0545][TASK-COMPLETE         ] task=521 wf=5 vm=16(reserved) actualCPU=438.5043s
[t=    545.0545][DISPATCH              ] wf=2 task=201 vm=16
[t=    548.5125][TASK-COMPLETE         ] task=1110 wf=11 vm=47(reserved) actualCPU=15.1810s
[t=    548.5125][DISPATCH              ] wf=2 task=203 vm=47
[t=    550.4775][TASK-COMPLETE         ] task=1109 wf=11 vm=19(reserved) actualCPU=20.9210s
[t=    550.4775][DISPATCH              ] wf=2 task=205 vm=19
[t=    554.0515][TASK-COMPLETE         ] task=1000 wf=10 vm=15(reserved) actualCPU=118.8190s
[t=    554.0515][DISPATCH              ] wf=2 task=207 vm=15
[t=    556.6115][TASK-COMPLETE         ] task=1111 wf=11 vm=43(reserved) actualCPU=19.1390s
[t=    556.6115][DISPATCH              ] wf=12 task=1191 vm=43
[t=    558.3715][TASK-COMPLETE         ] task=1011 wf=10 vm=18(reserved) actualCPU=117.6640s
[t=    558.3715][DISPATCH              ] wf=12 task=1200 vm=18
[t=    569.0535][TASK-COMPLETE         ] task=991 wf=10 vm=40(reserved) actualCPU=135.7080s
[t=    569.0535][DISPATCH              ] wf=12 task=1211 vm=40
[t=    574.5535][TASK-COMPLETE         ] task=325 wf=3 vm=35(reserved) actualCPU=32.7810s
[t=    574.5535][DISPATCH              ] wf=12 task=1222 vm=35
[t=    579.8085][TASK-COMPLETE         ] task=323 wf=3 vm=9(reserved) actualCPU=38.5900s
[t=    579.8085][DISPATCH              ] wf=12 task=1233 vm=9
[t=    586.6445][TASK-COMPLETE         ] task=321 wf=3 vm=38(reserved) actualCPU=47.0150s
[t=    586.6445][DISPATCH              ] wf=12 task=1246 vm=38
[t=    587.2225][TASK-COMPLETE         ] task=329 wf=3 vm=8(reserved) actualCPU=44.2570s
[t=    587.2225][DISPATCH              ] wf=12 task=1259 vm=8
[t=    593.4445][TASK-COMPLETE         ] task=201 wf=2 vm=16(reserved) actualCPU=48.3900s
[t=    593.4445][DISPATCH              ] wf=12 task=1274 vm=16
[t=    597.8425][TASK-COMPLETE         ] task=205 wf=2 vm=19(reserved) actualCPU=47.3650s
[t=    597.8425][DISPATCH              ] wf=3 task=356 vm=19
[t=    600.2345][TASK-COMPLETE         ] task=203 wf=2 vm=47(reserved) actualCPU=51.7220s
[t=    600.2345][DISPATCH              ] wf=3 task=358 vm=47
[t=    602.0635][TASK-COMPLETE         ] task=207 wf=2 vm=15(reserved) actualCPU=48.0120s
[t=    602.0635][DISPATCH              ] wf=3 task=360 vm=15
[t=    603.8985][TASK-COMPLETE         ] task=327 wf=3 vm=46(reserved) actualCPU=61.9650s
[t=    603.8985][DISPATCH              ] wf=3 task=362 vm=46
[t=    614.8455][TASK-COMPLETE         ] task=536 wf=5 vm=5(reserved) actualCPU=471.1040s
[t=    614.8455][DISPATCH              ] wf=3 task=364 vm=5
[t=    625.0035][TASK-COMPLETE         ] task=356 wf=3 vm=19(reserved) actualCPU=27.1610s
[t=    625.0035][DISPATCH              ] wf=3 task=366 vm=19
[t=    628.3345][TASK-COMPLETE         ] task=1046 wf=10 vm=6(reserved) actualCPU=167.0500s
[t=    628.3345][DISPATCH              ] wf=3 task=310 vm=6
[t=    629.8215][TASK-COMPLETE         ] task=1074 wf=10 vm=34(reserved) actualCPU=159.6800s
[t=    629.8215][DISPATCH              ] wf=3 task=312 vm=34
[t=    634.9285][TASK-COMPLETE         ] task=358 wf=3 vm=47(reserved) actualCPU=34.6940s
[t=    634.9285][DISPATCH              ] wf=3 task=314 vm=47
[t=    636.4615][TASK-COMPLETE         ] task=518 wf=5 vm=22(reserved) actualCPU=526.3460s
[t=    636.4615][DISPATCH              ] wf=3 task=316 vm=22
[t=    649.0605][TASK-COMPLETE         ] task=1222 wf=12 vm=35(reserved) actualCPU=74.5070s
[t=    649.0605][DISPATCH              ] wf=3 task=318 vm=35
[t=    649.6725][TASK-COMPLETE         ] task=366 wf=3 vm=19(reserved) actualCPU=24.6690s
[t=    649.6725][DISPATCH              ] wf=3 task=301 vm=19
[t=    650.5275][TASK-COMPLETE         ] task=540 wf=5 vm=41(reserved) actualCPU=510.1130s
[t=    650.5275][DISPATCH              ] wf=3 task=303 vm=41
[t=    651.1605][TASK-COMPLETE         ] task=362 wf=3 vm=46(reserved) actualCPU=47.2620s
[t=    651.1605][DISPATCH              ] wf=3 task=305 vm=46
[t=    656.0175][TASK-COMPLETE         ] task=310 wf=3 vm=6(reserved) actualCPU=27.6830s
[t=    656.0175][DISPATCH              ] wf=3 task=307 vm=6
[t=    657.4305][TASK-COMPLETE         ] task=312 wf=3 vm=34(reserved) actualCPU=27.6090s
[t=    657.4305][DISPATCH              ] wf=6 task=626 vm=34
[t=    657.5305][TASK-COMPLETE         ] task=626 wf=6 vm=34(reserved) actualCPU=0.1000s
[t=    657.5305][DISPATCH              ] wf=13 task=1289 vm=34
[t=    658.1535][TASK-COMPLETE         ] task=364 wf=3 vm=5(reserved) actualCPU=43.3080s
[t=    658.1535][DISPATCH              ] wf=13 task=1290 vm=5
[t=    660.4165][TASK-COMPLETE         ] task=360 wf=3 vm=15(reserved) actualCPU=58.3530s
[t=    660.4165][DISPATCH              ] wf=13 task=1291 vm=15
[t=    662.6725][TASK-COMPLETE         ] task=532 wf=5 vm=48(reserved) actualCPU=539.1773s
[t=    662.6725][DISPATCH              ] wf=13 task=1292 vm=48
[t=    663.6535][TASK-COMPLETE         ] task=314 wf=3 vm=47(reserved) actualCPU=28.7250s
[t=    663.6535][DISPATCH              ] wf=13 task=1293 vm=47
[t=    669.5435][TASK-COMPLETE         ] task=1059 wf=10 vm=25(reserved) actualCPU=204.4180s
[t=    669.5435][DISPATCH              ] wf=13 task=1294 vm=25
[t=    673.5815][TASK-COMPLETE         ] task=1211 wf=12 vm=40(reserved) actualCPU=104.5280s
[t=    673.5815][DISPATCH              ] wf=13 task=1295 vm=40
[t=    676.2175][TASK-COMPLETE         ] task=1290 wf=13 vm=5(reserved) actualCPU=18.0640s
[t=    676.2175][DISPATCH              ] wf=13 task=1296 vm=5
[t=    676.2535][TASK-COMPLETE         ] task=1289 wf=13 vm=34(reserved) actualCPU=18.7230s
[t=    676.2535][DISPATCH              ] wf=13 task=1297 vm=34
[t=    678.7525][TASK-COMPLETE         ] task=316 wf=3 vm=22(reserved) actualCPU=42.2910s
[t=    678.7525][DISPATCH              ] wf=13 task=1298 vm=22
[t=    679.7595][TASK-COMPLETE         ] task=1292 wf=13 vm=48(reserved) actualCPU=17.0870s
[t=    679.7595][DISPATCH              ] wf=13 task=1299 vm=48
[t=    679.9355][TASK-COMPLETE         ] task=1293 wf=13 vm=47(reserved) actualCPU=16.2820s
[t=    679.9355][DISPATCH              ] wf=13 task=1300 vm=47
[t=    682.6105][TASK-COMPLETE         ] task=1033 wf=10 vm=17(reserved) actualCPU=222.9540s
[t=    682.6105][DISPATCH              ] wf=13 task=1301 vm=17
[t=    684.0375][TASK-COMPLETE         ] task=1291 wf=13 vm=15(reserved) actualCPU=23.6210s
[t=    684.0375][DISPATCH              ] wf=13 task=1302 vm=15
[t=    684.5065][TASK-COMPLETE         ] task=1200 wf=12 vm=18(reserved) actualCPU=126.1350s
[t=    684.5065][DISPATCH              ] wf=13 task=1303 vm=18
[t=    685.0235][TASK-COMPLETE         ] task=537 wf=5 vm=12(reserved) actualCPU=541.4900s
[t=    685.0235][DISPATCH              ] wf=13 task=1304 vm=12
[t=    687.3925][TASK-COMPLETE         ] task=525 wf=5 vm=26(reserved) actualCPU=569.6070s
[t=    687.3925][DISPATCH              ] wf=13 task=1305 vm=26
[t=    688.8295][TASK-COMPLETE         ] task=318 wf=3 vm=35(reserved) actualCPU=39.7690s
[t=    688.8295][DISPATCH              ] wf=13 task=1306 vm=35
[t=    689.3705][TASK-COMPLETE         ] task=1294 wf=13 vm=25(reserved) actualCPU=19.8270s
[t=    689.3705][DISPATCH              ] wf=13 task=1307 vm=25
[t=    691.8705][TASK-COMPLETE         ] task=1295 wf=13 vm=40(reserved) actualCPU=18.2890s
[t=    691.8705][DISPATCH              ] wf=13 task=1308 vm=40
[t=    694.2635][TASK-COMPLETE         ] task=1297 wf=13 vm=34(reserved) actualCPU=18.0100s
[t=    694.2635][DISPATCH              ] wf=13 task=1309 vm=34
[t=    695.6705][TASK-COMPLETE         ] task=305 wf=3 vm=46(reserved) actualCPU=44.5100s
[t=    695.6705][DISPATCH              ] wf=13 task=1310 vm=46
[t=    697.2575][TASK-COMPLETE         ] task=1296 wf=13 vm=5(reserved) actualCPU=21.0400s
[t=    697.2575][DISPATCH              ] wf=13 task=1311 vm=5
[t=    697.4725][TASK-COMPLETE         ] task=1298 wf=13 vm=22(reserved) actualCPU=18.7200s
[t=    697.4725][DISPATCH              ] wf=14 task=1390 vm=22
[t=    697.5235][TASK-COMPLETE         ] task=1300 wf=13 vm=47(reserved) actualCPU=17.5880s
[t=    697.5235][DISPATCH              ] wf=14 task=1391 vm=47
[t=    697.8875][TASK-COMPLETE         ] task=1299 wf=13 vm=48(reserved) actualCPU=18.1280s
[t=    697.8875][DISPATCH              ] wf=14 task=1392 vm=48
[t=    698.2815][TASK-COMPLETE         ] task=1301 wf=13 vm=17(reserved) actualCPU=15.6710s
[t=    698.2815][DISPATCH              ] wf=14 task=1393 vm=17
[t=    698.6145][TASK-COMPLETE         ] task=1391 wf=14 vm=47(reserved) actualCPU=1.0910s
[t=    698.6145][DISPATCH              ] wf=14 task=1394 vm=47
[t=    698.7915][TASK-COMPLETE         ] task=1390 wf=14 vm=22(reserved) actualCPU=1.3190s
[t=    698.7915][DISPATCH              ] wf=14 task=1395 vm=22
[t=    699.0575][TASK-COMPLETE         ] task=1392 wf=14 vm=48(reserved) actualCPU=1.1700s
[t=    699.0575][DISPATCH              ] wf=14 task=1396 vm=48
[t=    699.6005][TASK-COMPLETE         ] task=1394 wf=14 vm=47(reserved) actualCPU=0.9860s
[t=    699.6005][DISPATCH              ] wf=14 task=1397 vm=47
[t=    699.8905][TASK-COMPLETE         ] task=1393 wf=14 vm=17(reserved) actualCPU=1.6090s
[t=    699.8905][DISPATCH              ] wf=14 task=1398 vm=17
[t=    700.1565][TASK-COMPLETE         ] task=1395 wf=14 vm=22(reserved) actualCPU=1.3650s
[t=    700.1565][DISPATCH              ] wf=14 task=1399 vm=22
[t=    700.3245][TASK-COMPLETE         ] task=1396 wf=14 vm=48(reserved) actualCPU=1.2670s
[t=    700.3245][DISPATCH              ] wf=14 task=1400 vm=48
[t=    700.6775][TASK-COMPLETE         ] task=1397 wf=14 vm=47(reserved) actualCPU=1.0770s
[t=    700.6775][DISPATCH              ] wf=14 task=1401 vm=47
[t=    700.7285][TASK-COMPLETE         ] task=1398 wf=14 vm=17(reserved) actualCPU=0.8380s
[t=    700.7285][DISPATCH              ] wf=14 task=1402 vm=17
[t=    701.3035][TASK-COMPLETE         ] task=1399 wf=14 vm=22(reserved) actualCPU=1.1470s
[t=    701.3035][DISPATCH              ] wf=14 task=1403 vm=22
[t=    701.4135][TASK-COMPLETE         ] task=1400 wf=14 vm=48(reserved) actualCPU=1.0890s
[t=    701.4135][DISPATCH              ] wf=14 task=1404 vm=48
[t=    702.2785][TASK-COMPLETE         ] task=1304 wf=13 vm=12(reserved) actualCPU=17.2550s
[t=    702.2785][DISPATCH              ] wf=14 task=1405 vm=12
[t=    702.3985][TASK-COMPLETE         ] task=1402 wf=14 vm=17(reserved) actualCPU=1.6700s
[t=    702.3985][DISPATCH              ] wf=14 task=1406 vm=17
[t=    702.4955][TASK-COMPLETE         ] task=1404 wf=14 vm=48(reserved) actualCPU=1.0820s
[t=    702.4955][DISPATCH              ] wf=14 task=1407 vm=48
[t=    702.6145][TASK-COMPLETE         ] task=1302 wf=13 vm=15(reserved) actualCPU=18.5770s
[t=    702.6145][DISPATCH              ] wf=14 task=1408 vm=15
[t=    702.6895][TASK-COMPLETE         ] task=1403 wf=14 vm=22(reserved) actualCPU=1.3860s
[t=    702.6895][DISPATCH              ] wf=14 task=1409 vm=22
[t=    702.7135][TASK-COMPLETE         ] task=1401 wf=14 vm=47(reserved) actualCPU=2.0360s
[t=    702.7135][DISPATCH              ] wf=14 task=1410 vm=47
[t=    703.5015][TASK-COMPLETE         ] task=1407 wf=14 vm=48(reserved) actualCPU=1.0060s
[t=    703.5015][DISPATCH              ] wf=14 task=1411 vm=48
[t=    703.6025][TASK-COMPLETE         ] task=1406 wf=14 vm=17(reserved) actualCPU=1.2040s
[t=    703.6025][DISPATCH              ] wf=14 task=1412 vm=17
[t=    704.0485][TASK-COMPLETE         ] task=1405 wf=14 vm=12(reserved) actualCPU=1.7700s
[t=    704.0485][DISPATCH              ] wf=14 task=1421 vm=12
[t=    704.1965][TASK-COMPLETE         ] task=1408 wf=14 vm=15(reserved) actualCPU=1.5820s
[t=    704.1965][DISPATCH              ] wf=14 task=1422 vm=15
[t=    704.2815][TASK-COMPLETE         ] task=1303 wf=13 vm=18(reserved) actualCPU=19.7750s
[t=    704.2815][DISPATCH              ] wf=14 task=1423 vm=18
[t=    704.3485][TASK-COMPLETE         ] task=1307 wf=13 vm=25(reserved) actualCPU=14.9780s
[t=    704.3485][DISPATCH              ] wf=14 task=1424 vm=25
[t=    705.4445][TASK-COMPLETE         ] task=1422 wf=14 vm=15(reserved) actualCPU=1.2480s
[t=    705.4445][DISPATCH              ] wf=14 task=1425 vm=15
[t=    705.5875][TASK-COMPLETE         ] task=1424 wf=14 vm=25(reserved) actualCPU=1.2390s
[t=    705.5875][DISPATCH              ] wf=14 task=1426 vm=25
[t=    705.6965][TASK-COMPLETE         ] task=1423 wf=14 vm=18(reserved) actualCPU=1.4150s
[t=    705.6965][DISPATCH              ] wf=14 task=1427 vm=18
[t=    705.7415][TASK-COMPLETE         ] task=1421 wf=14 vm=12(reserved) actualCPU=1.6930s
[t=    705.7415][DISPATCH              ] wf=14 task=1428 vm=12
[t=    706.9455][TASK-COMPLETE         ] task=1426 wf=14 vm=25(reserved) actualCPU=1.3580s
[t=    706.9455][DISPATCH              ] wf=14 task=1429 vm=25
[t=    706.9615][TASK-COMPLETE         ] task=1425 wf=14 vm=15(reserved) actualCPU=1.5170s
[t=    706.9615][DISPATCH              ] wf=14 task=1430 vm=15
[t=    707.1485][TASK-COMPLETE         ] task=1427 wf=14 vm=18(reserved) actualCPU=1.4520s
[t=    707.1485][DISPATCH              ] wf=14 task=1431 vm=18
[t=    707.2215][TASK-COMPLETE         ] task=1428 wf=14 vm=12(reserved) actualCPU=1.4800s
[t=    707.2215][DISPATCH              ] wf=14 task=1432 vm=12
[t=    707.2755][TASK-COMPLETE         ] task=1305 wf=13 vm=26(reserved) actualCPU=19.8830s
[t=    707.2755][DISPATCH              ] wf=14 task=1433 vm=26
[t=    708.2465][TASK-COMPLETE         ] task=1429 wf=14 vm=25(reserved) actualCPU=1.3010s
[t=    708.2465][DISPATCH              ] wf=14 task=1434 vm=25
[t=    708.2755][TASK-COMPLETE         ] task=1430 wf=14 vm=15(reserved) actualCPU=1.3140s
[t=    708.2755][DISPATCH              ] wf=14 task=1435 vm=15
[t=    708.3275][TASK-COMPLETE         ] task=1431 wf=14 vm=18(reserved) actualCPU=1.1790s
[t=    708.3275][DISPATCH              ] wf=14 task=1436 vm=18
[t=    708.4455][TASK-COMPLETE         ] task=1306 wf=13 vm=35(reserved) actualCPU=19.6160s
[t=    708.4455][DISPATCH              ] wf=14 task=1437 vm=35
[t=    708.5365][TASK-COMPLETE         ] task=1432 wf=14 vm=12(reserved) actualCPU=1.3150s
[t=    708.5365][DISPATCH              ] wf=14 task=1438 vm=12
[t=    708.6425][TASK-COMPLETE         ] task=1433 wf=14 vm=26(reserved) actualCPU=1.3670s
[t=    708.6425][DISPATCH              ] wf=14 task=1439 vm=26
[t=    708.7065][TASK-COMPLETE         ] task=303 wf=3 vm=41(reserved) actualCPU=58.1790s
[t=    708.7065][DISPATCH              ] wf=14 task=1440 vm=41
[t=    708.7525][TASK-COMPLETE         ] task=301 wf=3 vm=19(reserved) actualCPU=59.0800s
[t=    708.7525][DISPATCH              ] wf=14 task=1441 vm=19
[t=    709.3225][TASK-COMPLETE         ] task=1435 wf=14 vm=15(reserved) actualCPU=1.0470s
[t=    709.3225][DISPATCH              ] wf=14 task=1442 vm=15
[t=    709.3835][TASK-COMPLETE         ] task=1191 wf=12 vm=43(reserved) actualCPU=152.7720s
[t=    709.3835][DISPATCH              ] wf=14 task=1443 vm=43
[t=    709.6295][TASK-COMPLETE         ] task=1436 wf=14 vm=18(reserved) actualCPU=1.3020s
[t=    709.6295][DISPATCH              ] wf=14 task=1452 vm=18
[t=    709.8435][TASK-COMPLETE         ] task=1434 wf=14 vm=25(reserved) actualCPU=1.5970s
[t=    709.8435][DISPATCH              ] wf=14 task=1453 vm=25
[t=    709.9535][TASK-COMPLETE         ] task=1437 wf=14 vm=35(reserved) actualCPU=1.5080s
[t=    709.9535][DISPATCH              ] wf=14 task=1454 vm=35
[t=    710.0015][TASK-COMPLETE         ] task=1438 wf=14 vm=12(reserved) actualCPU=1.4650s
[t=    710.0015][DISPATCH              ] wf=14 task=1455 vm=12
[t=    710.0135][TASK-COMPLETE         ] task=1439 wf=14 vm=26(reserved) actualCPU=1.3710s
[t=    710.0135][DISPATCH              ] wf=14 task=1456 vm=26
[t=    710.0835][TASK-COMPLETE         ] task=307 wf=3 vm=6(reserved) actualCPU=54.0660s
[t=    710.0835][DISPATCH              ] wf=14 task=1457 vm=6
[t=    710.9205][TASK-COMPLETE         ] task=1453 wf=14 vm=25(reserved) actualCPU=1.0770s
[t=    710.9205][DISPATCH              ] wf=14 task=1458 vm=25
[t=    711.0465][TASK-COMPLETE         ] task=1309 wf=13 vm=34(reserved) actualCPU=16.7830s
[t=    711.0465][DISPATCH              ] wf=14 task=1459 vm=34
[t=    711.0795][TASK-COMPLETE         ] task=1452 wf=14 vm=18(reserved) actualCPU=1.4500s
[t=    711.0795][DISPATCH              ] wf=14 task=1460 vm=18
[t=    711.1325][TASK-COMPLETE         ] task=1456 wf=14 vm=26(reserved) actualCPU=1.1190s
[t=    711.1325][TASK-COMPLETE         ] task=1454 wf=14 vm=35(reserved) actualCPU=1.1790s
[t=    711.1325][DISPATCH              ] wf=14 task=1461 vm=26
[t=    711.1325][DISPATCH              ] wf=14 task=1462 vm=35
[t=    711.4325][TASK-COMPLETE         ] task=1457 wf=14 vm=6(reserved) actualCPU=1.3490s
[t=    711.4325][DISPATCH              ] wf=14 task=1463 vm=6
[t=    711.5325][TASK-COMPLETE         ] task=1455 wf=14 vm=12(reserved) actualCPU=1.5310s
[t=    711.5325][DISPATCH              ] wf=14 task=1464 vm=12
[t=    712.0225][TASK-COMPLETE         ] task=1458 wf=14 vm=25(reserved) actualCPU=1.1020s
[t=    712.0225][DISPATCH              ] wf=14 task=1465 vm=25
[t=    712.1945][TASK-COMPLETE         ] task=1462 wf=14 vm=35(reserved) actualCPU=1.0620s
[t=    712.1945][DISPATCH              ] wf=14 task=1466 vm=35
[t=    712.3575][TASK-COMPLETE         ] task=1461 wf=14 vm=26(reserved) actualCPU=1.2250s
[t=    712.3575][DISPATCH              ] wf=14 task=1467 vm=26
[t=    712.4725][TASK-COMPLETE         ] task=1459 wf=14 vm=34(reserved) actualCPU=1.4260s
[t=    712.4725][DISPATCH              ] wf=14 task=1468 vm=34
[t=    712.7895][TASK-COMPLETE         ] task=1460 wf=14 vm=18(reserved) actualCPU=1.7100s
[t=    712.7895][DISPATCH              ] wf=14 task=1469 vm=18
[t=    712.8455][TASK-COMPLETE         ] task=1464 wf=14 vm=12(reserved) actualCPU=1.3130s
[t=    712.8455][DISPATCH              ] wf=14 task=1470 vm=12
[t=    712.8575][TASK-COMPLETE         ] task=1466 wf=14 vm=35(reserved) actualCPU=0.6630s
[t=    712.8575][DISPATCH              ] wf=14 task=1471 vm=35
[t=    712.9185][TASK-COMPLETE         ] task=1463 wf=14 vm=6(reserved) actualCPU=1.4860s
[t=    712.9185][DISPATCH              ] wf=14 task=1472 vm=6
[t=    713.3425][TASK-COMPLETE         ] task=1467 wf=14 vm=26(reserved) actualCPU=0.9850s
[t=    713.3425][DISPATCH              ] wf=14 task=1473 vm=26
[t=    713.4335][TASK-COMPLETE         ] task=1468 wf=14 vm=34(reserved) actualCPU=0.9610s
[t=    713.4335][DISPATCH              ] wf=14 task=1474 vm=34
[t=    713.6525][TASK-COMPLETE         ] task=1470 wf=14 vm=12(reserved) actualCPU=0.8070s
[t=    713.6525][DISPATCH              ] wf=14 task=1475 vm=12
[t=    713.6965][TASK-COMPLETE         ] task=1472 wf=14 vm=6(reserved) actualCPU=0.7780s
[t=    713.6965][DISPATCH              ] wf=14 task=1476 vm=6
[t=    713.7195][TASK-COMPLETE         ] task=1310 wf=13 vm=46(reserved) actualCPU=18.0490s
[t=    713.7195][DISPATCH              ] wf=14 task=1477 vm=46
[t=    713.8065][TASK-COMPLETE         ] task=1465 wf=14 vm=25(reserved) actualCPU=1.7840s
[t=    713.8065][DISPATCH              ] wf=14 task=1478 vm=25
[t=    713.9625][TASK-COMPLETE         ] task=1308 wf=13 vm=40(reserved) actualCPU=22.0920s
[t=    713.9625][DISPATCH              ] wf=15 task=1486 vm=40
[t=    714.2215][TASK-COMPLETE         ] task=1469 wf=14 vm=18(reserved) actualCPU=1.4320s
[t=    714.2215][DISPATCH              ] wf=15 task=1487 vm=18
[t=    714.2875][TASK-COMPLETE         ] task=1471 wf=14 vm=35(reserved) actualCPU=1.4300s
[t=    714.2875][DISPATCH              ] wf=15 task=1488 vm=35
[t=    714.4545][TASK-COMPLETE         ] task=1473 wf=14 vm=26(reserved) actualCPU=1.1120s
[t=    714.4545][DISPATCH              ] wf=15 task=1489 vm=26
[t=    714.7015][TASK-COMPLETE         ] task=1474 wf=14 vm=34(reserved) actualCPU=1.2680s
[t=    714.7015][DISPATCH              ] wf=15 task=1490 vm=34
[t=    715.8925][TASK-COMPLETE         ] task=1311 wf=13 vm=5(reserved) actualCPU=18.6350s
[t=    715.8925][DISPATCH              ] wf=15 task=1491 vm=5
[t=    726.3525][TASK-COMPLETE         ] task=538 wf=5 vm=33(reserved) actualCPU=602.6843s
[t=    726.3525][DISPATCH              ] wf=15 task=1492 vm=33
[t=    726.5365][TASK-COMPLETE         ] task=1488 wf=15 vm=35(reserved) actualCPU=12.2490s
[t=    726.5365][DISPATCH              ] wf=15 task=1493 vm=35
[t=    726.6465][TASK-COMPLETE         ] task=1486 wf=15 vm=40(reserved) actualCPU=12.6840s
[t=    726.6465][DISPATCH              ] wf=15 task=1494 vm=40
[t=    727.4165][TASK-COMPLETE         ] task=1487 wf=15 vm=18(reserved) actualCPU=13.1950s
[t=    727.4165][DISPATCH              ] wf=15 task=1495 vm=18
[t=    727.4425][TASK-COMPLETE         ] task=1490 wf=15 vm=34(reserved) actualCPU=12.7410s
[t=    727.4425][DISPATCH              ] wf=15 task=1496 vm=34
[t=    729.3425][TASK-COMPLETE         ] task=1491 wf=15 vm=5(reserved) actualCPU=13.4500s
[t=    729.3425][DISPATCH              ] wf=15 task=1497 vm=5
[t=    729.8785][TASK-COMPLETE         ] task=1489 wf=15 vm=26(reserved) actualCPU=15.4240s
[t=    729.8785][DISPATCH              ] wf=15 task=1498 vm=26
[t=    737.2065][TASK-COMPLETE         ] task=1476 wf=14 vm=6(reserved) actualCPU=23.5100s
[t=    737.2065][DISPATCH              ] wf=15 task=1499 vm=6
[t=    738.4835][TASK-COMPLETE         ] task=1493 wf=15 vm=35(reserved) actualCPU=11.9470s
[t=    738.4835][DISPATCH              ] wf=15 task=1500 vm=35
[t=    738.5185][TASK-COMPLETE         ] task=1494 wf=15 vm=40(reserved) actualCPU=11.8720s
[t=    738.5185][DISPATCH              ] wf=15 task=1501 vm=40
[t=    741.0855][TASK-COMPLETE         ] task=1496 wf=15 vm=34(reserved) actualCPU=13.6430s
[t=    741.0855][DISPATCH              ] wf=6 task=657 vm=34
[t=    741.2045][TASK-COMPLETE         ] task=657 wf=6 vm=34(reserved) actualCPU=0.1190s
[t=    741.2045][DISPATCH              ] wf=3 task=384 vm=34
[t=    741.4675][TASK-COMPLETE         ] task=1492 wf=15 vm=33(reserved) actualCPU=15.1150s
[t=    741.4675][DISPATCH              ] wf=3 task=386 vm=33
[t=    742.7895][TASK-COMPLETE         ] task=1497 wf=15 vm=5(reserved) actualCPU=13.4470s
[t=    742.7895][DISPATCH              ] wf=3 task=388 vm=5
[t=    743.4645][TASK-COMPLETE         ] task=1495 wf=15 vm=18(reserved) actualCPU=16.0480s
[t=    743.4645][DISPATCH              ] wf=3 task=390 vm=18
[t=    744.1265][TASK-COMPLETE         ] task=1410 wf=14 vm=47(reserved) actualCPU=41.4130s
[t=    744.1265][DISPATCH              ] wf=3 task=392 vm=47
[t=    745.3025][TASK-COMPLETE         ] task=1498 wf=15 vm=26(reserved) actualCPU=15.4240s
[t=    745.3025][DISPATCH              ] wf=3 task=394 vm=26
[t=    748.4425][TASK-COMPLETE         ] task=1441 wf=14 vm=19(reserved) actualCPU=39.6900s
[t=    748.4425][DISPATCH              ] wf=3 task=396 vm=19
[t=    748.6435][TASK-COMPLETE         ] task=1274 wf=12 vm=16(reserved) actualCPU=155.1990s
[t=    748.6435][DISPATCH              ] wf=2 task=243 vm=16
[t=    750.6975][TASK-COMPLETE         ] task=1499 wf=15 vm=6(reserved) actualCPU=13.4910s
[t=    750.6975][DISPATCH              ] wf=2 task=245 vm=6
[t=    752.8455][TASK-COMPLETE         ] task=1500 wf=15 vm=35(reserved) actualCPU=14.3620s
[t=    752.8455][DISPATCH              ] wf=2 task=247 vm=35
[t=    753.4905][TASK-COMPLETE         ] task=1501 wf=15 vm=40(reserved) actualCPU=14.9720s
[t=    753.4905][DISPATCH              ] wf=2 task=249 vm=40
[t=    762.2685][TASK-COMPLETE         ] task=1411 wf=14 vm=48(reserved) actualCPU=58.7670s
[t=    762.2685][DISPATCH              ] wf=2 task=251 vm=48
[t=    763.9685][TASK-COMPLETE         ] task=1477 wf=14 vm=46(reserved) actualCPU=50.2490s
[t=    763.9685][DISPATCH              ] wf=2 task=253 vm=46
[t=    766.8645][TASK-COMPLETE         ] task=1259 wf=12 vm=8(reserved) actualCPU=179.6420s
[t=    766.8645][DISPATCH              ] wf=2 task=256 vm=8
[t=    770.9485][TASK-COMPLETE         ] task=520 wf=5 vm=39(reserved) actualCPU=649.8043s
[t=    770.9485][DISPATCH              ] wf=2 task=258 vm=39
[t=    772.2005][TASK-COMPLETE         ] task=1246 wf=12 vm=38(reserved) actualCPU=185.5560s
[t=    772.2005][DISPATCH              ] wf=2 task=260 vm=38
[t=    774.2465][TASK-COMPLETE         ] task=243 wf=2 vm=16(reserved) actualCPU=25.6030s
[t=    774.2465][DISPATCH              ] wf=2 task=262 vm=16
[t=    776.8935][TASK-COMPLETE         ] task=245 wf=2 vm=6(reserved) actualCPU=26.1960s
[t=    776.8935][DISPATCH              ] wf=2 task=264 vm=6
[t=    779.3725][TASK-COMPLETE         ] task=1442 wf=14 vm=15(reserved) actualCPU=70.0500s
[t=    779.3725][DISPATCH              ] wf=2 task=266 vm=15
[t=    785.4835][TASK-COMPLETE         ] task=392 wf=3 vm=47(reserved) actualCPU=41.3570s
[t=    785.4835][DISPATCH              ] wf=2 task=284 vm=47
[t=    790.5125][TASK-COMPLETE         ] task=256 wf=2 vm=8(reserved) actualCPU=23.6480s
[t=    790.5125][DISPATCH              ] wf=2 task=286 vm=8
[t=    790.5525][TASK-COMPLETE         ] task=1233 wf=12 vm=9(reserved) actualCPU=210.7440s
[t=    790.5525][DISPATCH              ] wf=2 task=288 vm=9
[t=    791.9115][TASK-COMPLETE         ] task=531 wf=5 vm=31(reserved) actualCPU=670.7860s
[t=    791.9115][DISPATCH              ] wf=2 task=290 vm=31
[t=    794.6465][TASK-COMPLETE         ] task=384 wf=3 vm=34(reserved) actualCPU=53.4420s
[t=    794.6465][DISPATCH              ] wf=2 task=292 vm=34
[t=    796.8315][TASK-COMPLETE         ] task=247 wf=2 vm=35(reserved) actualCPU=43.9860s
[t=    796.8315][DISPATCH              ] wf=2 task=294 vm=35
[t=    800.9855][TASK-COMPLETE         ] task=390 wf=3 vm=18(reserved) actualCPU=57.5210s
[t=    800.9855][DISPATCH              ] wf=2 task=296 vm=18
[t=    801.1235][TASK-COMPLETE         ] task=253 wf=2 vm=46(reserved) actualCPU=37.1550s
[t=    801.1235][DISPATCH              ] wf=3 task=369 vm=46
[t=    802.0865][TASK-COMPLETE         ] task=251 wf=2 vm=48(reserved) actualCPU=39.8180s
[t=    802.0865][DISPATCH              ] wf=3 task=371 vm=48
[t=    803.4245][TASK-COMPLETE         ] task=386 wf=3 vm=33(reserved) actualCPU=61.9570s
[t=    803.4245][DISPATCH              ] wf=3 task=373 vm=33
[t=    805.1155][TASK-COMPLETE         ] task=396 wf=3 vm=19(reserved) actualCPU=56.6730s
[t=    805.1155][DISPATCH              ] wf=3 task=375 vm=19
[t=    806.1575][TASK-COMPLETE         ] task=266 wf=2 vm=15(reserved) actualCPU=26.7850s
[t=    806.1575][DISPATCH              ] wf=3 task=377 vm=15
[t=    807.1975][TASK-COMPLETE         ] task=394 wf=3 vm=26(reserved) actualCPU=61.8950s
[t=    807.1975][DISPATCH              ] wf=3 task=379 vm=26
[t=    808.5475][TASK-COMPLETE         ] task=388 wf=3 vm=5(reserved) actualCPU=65.7580s
[t=    808.5475][DISPATCH              ] wf=3 task=381 vm=5
[t=    810.0735][TASK-COMPLETE         ] task=258 wf=2 vm=39(reserved) actualCPU=39.1250s
[t=    810.0735][DISPATCH              ] wf=7 task=715 vm=39
[t=    814.6245][TASK-COMPLETE         ] task=249 wf=2 vm=40(reserved) actualCPU=61.1340s
[t=    814.6245][DISPATCH              ] wf=7 task=716 vm=40
[t=    821.4785][TASK-COMPLETE         ] task=260 wf=2 vm=38(reserved) actualCPU=49.2780s
[t=    821.4785][DISPATCH              ] wf=2 task=269 vm=38
[t=    823.1825][TASK-COMPLETE         ] task=534 wf=5 vm=21(reserved) actualCPU=701.9483s
[t=    823.1825][DISPATCH              ] wf=2 task=271 vm=21
[t=    827.9565][TASK-COMPLETE         ] task=369 wf=3 vm=46(reserved) actualCPU=26.8330s
[t=    827.9565][DISPATCH              ] wf=2 task=273 vm=46
[t=    830.6225][TASK-COMPLETE         ] task=264 wf=2 vm=6(reserved) actualCPU=53.7290s
[t=    830.6225][DISPATCH              ] wf=2 task=275 vm=6
[t=    834.3855][TASK-COMPLETE         ] task=262 wf=2 vm=16(reserved) actualCPU=60.1390s
[t=    834.3855][DISPATCH              ] wf=2 task=277 vm=16
[t=    834.5355][TASK-COMPLETE         ] task=373 wf=3 vm=33(reserved) actualCPU=31.1110s
[t=    834.5355][DISPATCH              ] wf=2 task=279 vm=33
[t=    841.4655][TASK-COMPLETE         ] task=296 wf=2 vm=18(reserved) actualCPU=40.4800s
[t=    841.4655][DISPATCH              ] wf=2 task=281 vm=18
[t=    843.3445][TASK-COMPLETE         ] task=379 wf=3 vm=26(reserved) actualCPU=36.1470s
[t=    843.3445][DISPATCH              ] wf=7 task=717 vm=26
[t=    845.0595][TASK-COMPLETE         ] task=292 wf=2 vm=34(reserved) actualCPU=50.4130s
[t=    845.0595][DISPATCH              ] wf=7 task=718 vm=34
[t=    848.9745][TASK-COMPLETE         ] task=288 wf=2 vm=9(reserved) actualCPU=58.4220s
[t=    848.9745][DISPATCH              ] wf=16 task=1586 vm=9
[t=    849.7645][TASK-COMPLETE         ] task=269 wf=2 vm=38(reserved) actualCPU=28.2860s
[t=    849.7645][DISPATCH              ] wf=16 task=1587 vm=38
[t=    851.1265][TASK-COMPLETE         ] task=284 wf=2 vm=47(reserved) actualCPU=65.6430s
[t=    851.1265][DISPATCH              ] wf=16 task=1588 vm=47
[t=    852.4905][TASK-COMPLETE         ] task=375 wf=3 vm=19(reserved) actualCPU=47.3750s
[t=    852.4905][DISPATCH              ] wf=16 task=1589 vm=19
[t=    852.6135][TASK-COMPLETE         ] task=371 wf=3 vm=48(reserved) actualCPU=50.5270s
[t=    852.6135][DISPATCH              ] wf=16 task=1590 vm=48
[t=    854.1935][TASK-COMPLETE         ] task=290 wf=2 vm=31(reserved) actualCPU=62.2820s
[t=    854.1935][DISPATCH              ] wf=16 task=1591 vm=31
[t=    858.7725][TASK-COMPLETE         ] task=294 wf=2 vm=35(reserved) actualCPU=61.9410s
[t=    858.7725][DISPATCH              ] wf=16 task=1592 vm=35
[t=    859.1675][TASK-COMPLETE         ] task=286 wf=2 vm=8(reserved) actualCPU=68.6550s
[t=    859.1675][DISPATCH              ] wf=16 task=1593 vm=8
[t=    859.6355][TASK-COMPLETE         ] task=377 wf=3 vm=15(reserved) actualCPU=53.4780s
[t=    859.6355][DISPATCH              ] wf=16 task=1594 vm=15
[t=    861.2795][TASK-COMPLETE         ] task=1586 wf=16 vm=9(reserved) actualCPU=12.3050s
[t=    861.2795][DISPATCH              ] wf=16 task=1595 vm=9
[t=    862.1975][TASK-COMPLETE         ] task=273 wf=2 vm=46(reserved) actualCPU=34.2410s
[t=    862.1975][DISPATCH              ] wf=16 task=1596 vm=46
[t=    863.3895][TASK-COMPLETE         ] task=1587 wf=16 vm=38(reserved) actualCPU=13.6250s
[t=    863.3895][DISPATCH              ] wf=16 task=1597 vm=38
[t=    865.1625][TASK-COMPLETE         ] task=271 wf=2 vm=21(reserved) actualCPU=41.9800s
[t=    865.1625][DISPATCH              ] wf=16 task=1598 vm=21
[t=    865.2545][TASK-COMPLETE         ] task=1588 wf=16 vm=47(reserved) actualCPU=14.1280s
[t=    865.2545][DISPATCH              ] wf=16 task=1599 vm=47
[t=    865.3375][TASK-COMPLETE         ] task=1589 wf=16 vm=19(reserved) actualCPU=12.8470s
[t=    865.3375][DISPATCH              ] wf=16 task=1600 vm=19
[t=    866.4665][TASK-COMPLETE         ] task=1591 wf=16 vm=31(reserved) actualCPU=12.2730s
[t=    866.4665][DISPATCH              ] wf=16 task=1601 vm=31
[t=    868.0065][TASK-COMPLETE         ] task=279 wf=2 vm=33(reserved) actualCPU=33.4710s
[t=    868.0065][DISPATCH              ] wf=7 task=719 vm=33
[t=    868.2455][TASK-COMPLETE         ] task=1590 wf=16 vm=48(reserved) actualCPU=15.6320s
[t=    868.2455][DISPATCH              ] wf=7 task=720 vm=48
[t=    870.9315][TASK-COMPLETE         ] task=1594 wf=16 vm=15(reserved) actualCPU=11.2960s
[t=    870.9315][DISPATCH              ] wf=7 task=723 vm=15
[t=    871.9685][TASK-COMPLETE         ] task=1592 wf=16 vm=35(reserved) actualCPU=13.1960s
[t=    871.9685][DISPATCH              ] wf=7 task=721 vm=35
[t=    872.0275][TASK-COMPLETE         ] task=1593 wf=16 vm=8(reserved) actualCPU=12.8600s
[t=    872.0275][DISPATCH              ] wf=7 task=722 vm=8
[t=    873.3105][TASK-COMPLETE         ] task=1595 wf=16 vm=9(reserved) actualCPU=12.0310s
[t=    873.3105][DISPATCH              ] wf=7 task=724 vm=9
[t=    874.7705][TASK-COMPLETE         ] task=1596 wf=16 vm=46(reserved) actualCPU=12.5730s
[t=    874.7705][DISPATCH              ] wf=3 task=343 vm=46
[t=    875.9085][TASK-COMPLETE         ] task=1597 wf=16 vm=38(reserved) actualCPU=12.5190s
[t=    875.9085][DISPATCH              ] wf=3 task=345 vm=38
[t=    877.0565][TASK-COMPLETE         ] task=381 wf=3 vm=5(reserved) actualCPU=68.5090s
[t=    877.0565][DISPATCH              ] wf=3 task=347 vm=5
[t=    877.6775][TASK-COMPLETE         ] task=1600 wf=16 vm=19(reserved) actualCPU=12.3400s
[t=    877.6775][DISPATCH              ] wf=3 task=349 vm=19
[t=    878.4345][TASK-COMPLETE         ] task=1599 wf=16 vm=47(reserved) actualCPU=13.1800s
[t=    878.4345][DISPATCH              ] wf=3 task=351 vm=47
[t=    880.1565][TASK-COMPLETE         ] task=1601 wf=16 vm=31(reserved) actualCPU=13.6900s
[t=    880.1565][DISPATCH              ] wf=3 task=353 vm=31
[t=    880.2015][TASK-COMPLETE         ] task=1598 wf=16 vm=21(reserved) actualCPU=15.0390s
[t=    880.2015][DISPATCH              ] wf=7 task=725 vm=21
[t=    881.9415][TASK-COMPLETE         ] task=277 wf=2 vm=16(reserved) actualCPU=47.5560s
[t=    881.9415][DISPATCH              ] wf=7 task=726 vm=16
[t=    885.8285][TASK-COMPLETE         ] task=275 wf=2 vm=6(reserved) actualCPU=55.2060s
[t=    885.8285][DISPATCH              ] wf=7 task=728 vm=6
[t=    897.8775][TASK-COMPLETE         ] task=281 wf=2 vm=18(reserved) actualCPU=56.4120s
[t=    897.8775][DISPATCH              ] wf=7 task=727 vm=18
[t=    898.7055][TASK-COMPLETE         ] task=343 wf=3 vm=46(reserved) actualCPU=23.9350s
[t=    898.7055][DISPATCH              ] wf=17 task=1686 vm=46
[t=    901.7285][TASK-COMPLETE         ] task=345 wf=3 vm=38(reserved) actualCPU=25.8200s
[t=    901.7285][DISPATCH              ] wf=17 task=1687 vm=38
[t=    910.8515][TASK-COMPLETE         ] task=353 wf=3 vm=31(reserved) actualCPU=30.6950s
[t=    910.8515][DISPATCH              ] wf=17 task=1688 vm=31
[t=    913.1605][TASK-COMPLETE         ] task=347 wf=3 vm=5(reserved) actualCPU=36.1040s
[t=    913.1605][DISPATCH              ] wf=17 task=1689 vm=5
[t=    913.4355][TASK-COMPLETE         ] task=1686 wf=17 vm=46(reserved) actualCPU=14.7300s
[t=    913.4355][DISPATCH              ] wf=17 task=1690 vm=46
[t=    915.4785][TASK-COMPLETE         ] task=351 wf=3 vm=47(reserved) actualCPU=37.0440s
[t=    915.4785][DISPATCH              ] wf=17 task=1691 vm=47
[t=    916.4355][TASK-COMPLETE         ] task=1687 wf=17 vm=38(reserved) actualCPU=14.7070s
[t=    916.4355][DISPATCH              ] wf=17 task=1692 vm=38
[t=    923.3805][TASK-COMPLETE         ] task=1688 wf=17 vm=31(reserved) actualCPU=12.5290s
[t=    923.3805][DISPATCH              ] wf=17 task=1693 vm=31
[t=    925.8575][TASK-COMPLETE         ] task=1690 wf=17 vm=46(reserved) actualCPU=12.4220s
[t=    925.8575][DISPATCH              ] wf=17 task=1694 vm=46
[t=    927.5895][TASK-COMPLETE         ] task=1689 wf=17 vm=5(reserved) actualCPU=14.4290s
[t=    927.5895][DISPATCH              ] wf=17 task=1695 vm=5
[t=    928.4595][TASK-COMPLETE         ] task=1691 wf=17 vm=47(reserved) actualCPU=12.9810s
[t=    928.4595][DISPATCH              ] wf=17 task=1696 vm=47
[t=    929.2875][TASK-COMPLETE         ] task=1692 wf=17 vm=38(reserved) actualCPU=12.8520s
[t=    929.2875][DISPATCH              ] wf=17 task=1697 vm=38
[t=    936.9295][TASK-COMPLETE         ] task=1693 wf=17 vm=31(reserved) actualCPU=13.5490s
[t=    936.9295][DISPATCH              ] wf=17 task=1698 vm=31
[t=    938.5325][TASK-COMPLETE         ] task=1694 wf=17 vm=46(reserved) actualCPU=12.6750s
[t=    938.5325][DISPATCH              ] wf=17 task=1699 vm=46
[t=    940.4665][TASK-COMPLETE         ] task=1695 wf=17 vm=5(reserved) actualCPU=12.8770s
[t=    940.4665][DISPATCH              ] wf=17 task=1700 vm=5
[t=    940.7265][TASK-COMPLETE         ] task=1696 wf=17 vm=47(reserved) actualCPU=12.2670s
[t=    940.7265][DISPATCH              ] wf=17 task=1701 vm=47
[t=    943.1475][TASK-COMPLETE         ] task=1697 wf=17 vm=38(reserved) actualCPU=13.8600s
[t=    943.1475][DISPATCH              ] wf=7 task=729 vm=38
[t=    946.3025][TASK-COMPLETE         ] task=349 wf=3 vm=19(reserved) actualCPU=68.6250s
[t=    946.3025][DISPATCH              ] wf=7 task=732 vm=19
[t=    950.8585][TASK-COMPLETE         ] task=1699 wf=17 vm=46(reserved) actualCPU=12.3260s
[t=    950.8585][DISPATCH              ] wf=7 task=731 vm=46
[t=    951.7055][TASK-COMPLETE         ] task=1698 wf=17 vm=31(reserved) actualCPU=14.7760s
[t=    951.7055][DISPATCH              ] wf=7 task=730 vm=31
[t=    954.5705][TASK-COMPLETE         ] task=1700 wf=17 vm=5(reserved) actualCPU=14.1040s
[t=    954.5705][DISPATCH              ] wf=7 task=733 vm=5
[t=    956.6535][TASK-COMPLETE         ] task=1701 wf=17 vm=47(reserved) actualCPU=15.9270s
[t=    956.6535][DISPATCH              ] wf=7 task=734 vm=47
[t=   1081.4785][TASK-COMPLETE         ] task=720 wf=7 vm=48(reserved) actualCPU=213.2330s
[t=   1081.4785][DISPATCH              ] wf=7 task=736 vm=48
[t=   1110.9165][TASK-COMPLETE         ] task=716 wf=7 vm=40(reserved) actualCPU=296.2920s
[t=   1110.9165][DISPATCH              ] wf=7 task=735 vm=40
[t=   1111.0335][TASK-COMPLETE         ] task=723 wf=7 vm=15(reserved) actualCPU=240.1020s
[t=   1111.0335][DISPATCH              ] wf=7 task=737 vm=15
[t=   1133.3385][TASK-COMPLETE         ] task=721 wf=7 vm=35(reserved) actualCPU=261.3700s
[t=   1133.3385][DISPATCH              ] wf=3 task=339 vm=35
[t=   1134.3655][TASK-COMPLETE         ] task=339 wf=3 vm=35(reserved) actualCPU=1.0270s
[t=   1134.3655][DISPATCH              ] wf=8 task=815 vm=35
[t=   1171.1535][TASK-COMPLETE         ] task=725 wf=7 vm=21(reserved) actualCPU=290.9520s
[t=   1171.1535][DISPATCH              ] wf=2 task=239 vm=21
[t=   1172.2645][TASK-COMPLETE         ] task=239 wf=2 vm=21(reserved) actualCPU=1.1110s
[t=   1172.2645][DISPATCH              ] wf=18 task=1786 vm=21
[t=   1185.2525][TASK-COMPLETE         ] task=1786 wf=18 vm=21(reserved) actualCPU=12.9880s
[t=   1185.2525][DISPATCH              ] wf=18 task=1787 vm=21
[t=   1197.8525][TASK-COMPLETE         ] task=726 wf=7 vm=16(reserved) actualCPU=315.9110s
[t=   1197.8525][DISPATCH              ] wf=18 task=1788 vm=16
[t=   1198.4135][TASK-COMPLETE         ] task=1787 wf=18 vm=21(reserved) actualCPU=13.1610s
[t=   1198.4135][DISPATCH              ] wf=18 task=1789 vm=21
[t=   1209.9805][TASK-COMPLETE         ] task=1788 wf=18 vm=16(reserved) actualCPU=12.1280s
[t=   1209.9805][DISPATCH              ] wf=18 task=1790 vm=16
[t=   1215.1215][TASK-COMPLETE         ] task=1789 wf=18 vm=21(reserved) actualCPU=16.7080s
[t=   1215.1215][DISPATCH              ] wf=18 task=1791 vm=21
[t=   1221.4855][TASK-COMPLETE         ] task=1790 wf=18 vm=16(reserved) actualCPU=11.5050s
[t=   1221.4855][DISPATCH              ] wf=18 task=1792 vm=16
[t=   1222.6135][TASK-COMPLETE         ] task=724 wf=7 vm=9(reserved) actualCPU=349.3030s
[t=   1222.6135][DISPATCH              ] wf=18 task=1793 vm=9
[t=   1225.8345][TASK-COMPLETE         ] task=1791 wf=18 vm=21(reserved) actualCPU=10.7130s
[t=   1225.8345][DISPATCH              ] wf=18 task=1794 vm=21
[t=   1236.2335][TASK-COMPLETE         ] task=1792 wf=18 vm=16(reserved) actualCPU=14.7480s
[t=   1236.2335][DISPATCH              ] wf=18 task=1795 vm=16
[t=   1237.7145][TASK-COMPLETE         ] task=1793 wf=18 vm=9(reserved) actualCPU=15.1010s
[t=   1237.7145][DISPATCH              ] wf=18 task=1796 vm=9
[t=   1240.5365][TASK-COMPLETE         ] task=1794 wf=18 vm=21(reserved) actualCPU=14.7020s
[t=   1240.5365][DISPATCH              ] wf=18 task=1797 vm=21
[t=   1249.3755][TASK-COMPLETE         ] task=1795 wf=18 vm=16(reserved) actualCPU=13.1420s
[t=   1249.3755][DISPATCH              ] wf=18 task=1798 vm=16
[t=   1253.4035][TASK-COMPLETE         ] task=1797 wf=18 vm=21(reserved) actualCPU=12.8670s
[t=   1253.4035][DISPATCH              ] wf=18 task=1799 vm=21
[t=   1253.9495][TASK-COMPLETE         ] task=727 wf=7 vm=18(reserved) actualCPU=356.0720s
[t=   1253.9495][DISPATCH              ] wf=18 task=1800 vm=18
[t=   1255.3395][TASK-COMPLETE         ] task=1796 wf=18 vm=9(reserved) actualCPU=17.6250s
[t=   1255.3395][DISPATCH              ] wf=18 task=1801 vm=9
[t=   1255.4425][TASK-COMPLETE         ] task=719 wf=7 vm=33(reserved) actualCPU=387.4360s
[t=   1255.4425][DISPATCH              ] wf=3 task=341 vm=33
[t=   1256.7965][TASK-COMPLETE         ] task=341 wf=3 vm=33(reserved) actualCPU=1.3540s
[t=   1256.7965][DISPATCH              ] wf=3 task=333 vm=33
[t=   1257.8695][TASK-COMPLETE         ] task=333 wf=3 vm=33(reserved) actualCPU=1.0730s
[t=   1257.8695][DISPATCH              ] wf=3 task=337 vm=33
[t=   1258.5425][TASK-COMPLETE         ] task=337 wf=3 vm=33(reserved) actualCPU=0.6730s
[t=   1258.5425][DISPATCH              ] wf=8 task=816 vm=33
[t=   1265.1065][TASK-COMPLETE         ] task=1798 wf=18 vm=16(reserved) actualCPU=15.7310s
[t=   1265.1065][DISPATCH              ] wf=2 task=233 vm=16
[t=   1266.1605][TASK-COMPLETE         ] task=233 wf=2 vm=16(reserved) actualCPU=1.0540s
[t=   1266.1605][DISPATCH              ] wf=2 task=237 vm=16
[t=   1266.5225][TASK-COMPLETE         ] task=1799 wf=18 vm=21(reserved) actualCPU=13.1190s
[t=   1266.5225][DISPATCH              ] wf=3 task=335 vm=21
[t=   1266.7875][TASK-COMPLETE         ] task=237 wf=2 vm=16(reserved) actualCPU=0.6270s
[t=   1266.7875][DISPATCH              ] wf=2 task=235 vm=16
[t=   1266.8685][TASK-COMPLETE         ] task=1800 wf=18 vm=18(reserved) actualCPU=12.9190s
[t=   1266.8685][DISPATCH              ] wf=2 task=241 vm=18
[t=   1267.5995][TASK-COMPLETE         ] task=1801 wf=18 vm=9(reserved) actualCPU=12.2600s
[t=   1267.5995][DISPATCH              ] wf=8 task=817 vm=9
[t=   1267.7805][TASK-COMPLETE         ] task=335 wf=3 vm=21(reserved) actualCPU=1.2580s
[t=   1267.7805][DISPATCH              ] wf=8 task=818 vm=21
[t=   1268.0525][TASK-COMPLETE         ] task=241 wf=2 vm=18(reserved) actualCPU=1.1840s
[t=   1268.0525][DISPATCH              ] wf=8 task=819 vm=18
[t=   1268.1625][TASK-COMPLETE         ] task=235 wf=2 vm=16(reserved) actualCPU=1.3750s
[t=   1268.1625][DISPATCH              ] wf=8 task=822 vm=16
[t=   1286.2945][TASK-COMPLETE         ] task=484 wf=4 vm=30(reserved) actualCPU=1204.9150s
[t=   1286.2945][DISPATCH              ] wf=8 task=820 vm=30
[t=   1290.3505][TASK-COMPLETE         ] task=730 wf=7 vm=31(reserved) actualCPU=338.6450s
[t=   1290.3505][DISPATCH              ] wf=8 task=821 vm=31
[t=   1300.1915][TASK-COMPLETE         ] task=715 wf=7 vm=39(reserved) actualCPU=490.1180s
[t=   1300.1915][DISPATCH              ] wf=8 task=824 vm=39
[t=   1306.4665][TASK-COMPLETE         ] task=732 wf=7 vm=19(reserved) actualCPU=360.1640s
[t=   1306.4665][DISPATCH              ] wf=8 task=826 vm=19
[t=   1360.9665][TASK-COMPLETE         ] task=718 wf=7 vm=34(reserved) actualCPU=515.9070s
[t=   1360.9665][DISPATCH              ] wf=8 task=823 vm=34
[t=   1412.2915][TASK-COMPLETE         ] task=717 wf=7 vm=26(reserved) actualCPU=568.9470s
[t=   1412.2915][DISPATCH              ] wf=8 task=827 vm=26
[t=   1413.8275][TASK-COMPLETE         ] task=733 wf=7 vm=5(reserved) actualCPU=459.2570s
[t=   1413.8275][DISPATCH              ] wf=8 task=825 vm=5
[t=   1421.0975][TASK-COMPLETE         ] task=722 wf=7 vm=8(reserved) actualCPU=549.0700s
[t=   1421.0975][DISPATCH              ] wf=8 task=828 vm=8
[t=   1452.7305][TASK-COMPLETE         ] task=187 wf=1 vm=2(reserved) actualCPU=1412.3348s
[t=   1452.7305][DISPATCH              ] wf=8 task=829 vm=2
[t=   1469.8985][TASK-COMPLETE         ] task=736 wf=7 vm=48(reserved) actualCPU=388.4200s
[t=   1469.8985][DISPATCH              ] wf=8 task=831 vm=48
[t=   1502.5395][TASK-COMPLETE         ] task=820 wf=8 vm=30(reserved) actualCPU=216.2450s
[t=   1502.5395][DISPATCH              ] wf=8 task=830 vm=30
[t=   1518.4025][TASK-COMPLETE         ] task=734 wf=7 vm=47(reserved) actualCPU=561.7490s
[t=   1518.4025][DISPATCH              ] wf=8 task=833 vm=47
[t=   1525.5525][TASK-COMPLETE         ] task=729 wf=7 vm=38(reserved) actualCPU=582.4050s
[t=   1525.5525][DISPATCH              ] wf=8 task=834 vm=38
[t=   1534.2345][TASK-COMPLETE         ] task=821 wf=8 vm=31(reserved) actualCPU=243.8840s
[t=   1534.2345][DISPATCH              ] wf=8 task=832 vm=31
[t=   1545.7915][TASK-COMPLETE         ] task=728 wf=7 vm=6(reserved) actualCPU=659.9630s
[t=   1545.7915][DISPATCH              ] wf=8 task=837 vm=6
[t=   1551.9055][TASK-COMPLETE         ] task=152 wf=1 vm=24(reserved) actualCPU=1512.8708s
[t=   1551.9055][DISPATCH              ] wf=8 task=835 vm=24
[t=   1568.9645][TASK-COMPLETE         ] task=449 wf=4 vm=36(reserved) actualCPU=1489.6440s
[t=   1568.9645][DISPATCH              ] wf=9 task=892 vm=36
[t=   1569.0645][TASK-COMPLETE         ] task=892 wf=9 vm=36(reserved) actualCPU=0.1000s
[t=   1569.0645][DISPATCH              ] wf=8 task=836 vm=36
[t=   1569.6545][TASK-COMPLETE         ] task=816 wf=8 vm=33(reserved) actualCPU=311.1120s
[t=   1569.6545][DISPATCH              ] wf=2 task=213 vm=33
[t=   1571.4635][TASK-COMPLETE         ] task=213 wf=2 vm=33(reserved) actualCPU=1.8090s
[t=   1571.4635][DISPATCH              ] wf=9 task=923 vm=33
[t=   1571.5635][TASK-COMPLETE         ] task=923 wf=9 vm=33(reserved) actualCPU=0.1000s
[t=   1571.5635][DISPATCH              ] wf=2 task=211 vm=33
[t=   1572.2895][TASK-COMPLETE         ] task=211 wf=2 vm=33(reserved) actualCPU=0.7260s
[t=   1572.2895][DISPATCH              ] wf=2 task=215 vm=33
[t=   1574.0025][TASK-COMPLETE         ] task=215 wf=2 vm=33(reserved) actualCPU=1.7130s
[t=   1574.0025][DISPATCH              ] wf=9 task=954 vm=33
[t=   1574.1195][TASK-COMPLETE         ] task=954 wf=9 vm=33(reserved) actualCPU=0.1170s
[t=   1574.1195][DISPATCH              ] wf=2 task=217 vm=33
[t=   1575.9265][TASK-COMPLETE         ] task=217 wf=2 vm=33(reserved) actualCPU=1.8070s
[t=   1575.9265][DISPATCH              ] wf=2 task=219 vm=33
[t=   1576.8905][TASK-COMPLETE         ] task=219 wf=2 vm=33(reserved) actualCPU=0.9640s
[t=   1576.8905][DISPATCH              ] wf=2 task=226 vm=33
[t=   1578.0555][TASK-COMPLETE         ] task=226 wf=2 vm=33(reserved) actualCPU=1.1650s
[t=   1578.0555][DISPATCH              ] wf=2 task=230 vm=33
[t=   1579.5585][TASK-COMPLETE         ] task=230 wf=2 vm=33(reserved) actualCPU=1.5030s
[t=   1579.5585][DISPATCH              ] wf=2 task=222 vm=33
[t=   1581.1695][TASK-COMPLETE         ] task=222 wf=2 vm=33(reserved) actualCPU=1.6110s
[t=   1581.1695][DISPATCH              ] wf=2 task=224 vm=33
[t=   1582.4175][TASK-COMPLETE         ] task=224 wf=2 vm=33(reserved) actualCPU=1.2480s
[t=   1582.4175][DISPATCH              ] wf=2 task=228 vm=33
[t=   1583.0785][TASK-COMPLETE         ] task=228 wf=2 vm=33(reserved) actualCPU=0.6610s
[t=   1583.0785][DISPATCH              ] wf=11 task=1112 vm=33
[t=   1595.9775][TASK-COMPLETE         ] task=826 wf=8 vm=19(reserved) actualCPU=289.5110s
[t=   1595.9775][DISPATCH              ] wf=11 task=1113 vm=19
[t=   1600.4355][TASK-COMPLETE         ] task=823 wf=8 vm=34(reserved) actualCPU=239.4690s
[t=   1600.4355][DISPATCH              ] wf=19 task=1888 vm=34
[t=   1605.3825][TASK-COMPLETE         ] task=815 wf=8 vm=35(reserved) actualCPU=471.0170s
[t=   1605.3825][DISPATCH              ] wf=19 task=1897 vm=35
[t=   1607.0015][TASK-COMPLETE         ] task=737 wf=7 vm=15(reserved) actualCPU=495.9680s
[t=   1607.0015][DISPATCH              ] wf=19 task=1908 vm=15
[t=   1614.4255][TASK-COMPLETE         ] task=819 wf=8 vm=18(reserved) actualCPU=346.3730s
[t=   1614.4255][DISPATCH              ] wf=19 task=1919 vm=18
[t=   1619.4755][TASK-COMPLETE         ] task=735 wf=7 vm=40(reserved) actualCPU=508.5590s
[t=   1619.4755][DISPATCH              ] wf=19 task=1930 vm=40
[t=   1687.2395][TASK-COMPLETE         ] task=646 wf=6 vm=0(reserved) actualCPU=1483.4050s
[t=   1687.2395][DISPATCH              ] wf=19 task=1943 vm=0
[t=   1699.6885][TASK-COMPLETE         ] task=818 wf=8 vm=21(reserved) actualCPU=431.9080s
[t=   1699.6885][DISPATCH              ] wf=19 task=1956 vm=21
[t=   1700.2495][TASK-COMPLETE         ] task=825 wf=8 vm=5(reserved) actualCPU=286.4220s
[t=   1700.2495][DISPATCH              ] wf=19 task=1971 vm=5
[t=   1709.6945][TASK-COMPLETE         ] task=1919 wf=19 vm=18(reserved) actualCPU=95.2690s
[t=   1709.6945][DISPATCH              ] wf=11 task=1115 vm=18
[t=   1713.2545][TASK-COMPLETE         ] task=822 wf=8 vm=16(reserved) actualCPU=445.0920s
[t=   1713.2545][DISPATCH              ] wf=11 task=1116 vm=16
[t=   1719.4865][TASK-COMPLETE         ] task=731 wf=7 vm=46(reserved) actualCPU=768.6280s
[t=   1719.4865][DISPATCH              ] wf=11 task=1114 vm=46
[t=   1719.5695][TASK-COMPLETE         ] task=1908 wf=19 vm=15(reserved) actualCPU=112.5680s
[t=   1719.5695][DISPATCH              ] wf=11 task=1117 vm=15
[t=   1720.5555][TASK-COMPLETE         ] task=824 wf=8 vm=39(reserved) actualCPU=420.3640s
[t=   1720.5555][DISPATCH              ] wf=11 task=1118 vm=39
[t=   1732.1695][TASK-COMPLETE         ] task=1897 wf=19 vm=35(reserved) actualCPU=126.7870s
[t=   1732.1695][DISPATCH              ] wf=11 task=1121 vm=35
[t=   1741.1895][TASK-COMPLETE         ] task=827 wf=8 vm=26(reserved) actualCPU=328.8980s
[t=   1741.1895][DISPATCH              ] wf=11 task=1119 vm=26
[t=   1754.0365][TASK-COMPLETE         ] task=1888 wf=19 vm=34(reserved) actualCPU=153.6010s
[t=   1754.0365][DISPATCH              ] wf=11 task=1122 vm=34
[t=   1791.0275][TASK-COMPLETE         ] task=817 wf=8 vm=9(reserved) actualCPU=523.4280s
[t=   1791.0275][DISPATCH              ] wf=11 task=1120 vm=9
[t=   1816.5985][TASK-COMPLETE         ] task=978 wf=9 vm=42(reserved) actualCPU=1404.1460s
[t=   1816.5985][DISPATCH              ] wf=10 task=1023 vm=42
[t=   1838.0205][TASK-COMPLETE         ] task=1930 wf=19 vm=40(reserved) actualCPU=218.5450s
[t=   1838.0205][DISPATCH              ] wf=10 task=1025 vm=40
[t=   1840.8495][TASK-COMPLETE         ] task=1971 wf=19 vm=5(reserved) actualCPU=140.6000s
[t=   1840.8495][DISPATCH              ] wf=10 task=1027 vm=5
[t=   1841.5625][TASK-COMPLETE         ] task=1943 wf=19 vm=0(reserved) actualCPU=154.3230s
[t=   1841.5625][DISPATCH              ] wf=10 task=1029 vm=0
[t=   1852.1855][TASK-COMPLETE         ] task=1023 wf=10 vm=42(reserved) actualCPU=35.5870s
[t=   1852.1855][DISPATCH              ] wf=10 task=1031 vm=42
[t=   1866.5455][TASK-COMPLETE         ] task=830 wf=8 vm=30(reserved) actualCPU=364.0060s
[t=   1866.5455][DISPATCH              ] wf=11 task=1123 vm=30
[t=   1866.7745][TASK-COMPLETE         ] task=1029 wf=10 vm=0(reserved) actualCPU=25.2120s
[t=   1866.7745][DISPATCH              ] wf=11 task=1124 vm=0
[t=   1877.4495][TASK-COMPLETE         ] task=1025 wf=10 vm=40(reserved) actualCPU=39.4290s
[t=   1877.4495][DISPATCH              ] wf=11 task=1125 vm=40
[t=   1881.4935][TASK-COMPLETE         ] task=1027 wf=10 vm=5(reserved) actualCPU=40.6440s
[t=   1881.4935][DISPATCH              ] wf=11 task=1126 vm=5
[t=   1887.5325][TASK-COMPLETE         ] task=832 wf=8 vm=31(reserved) actualCPU=353.2980s
[t=   1887.5325][DISPATCH              ] wf=11 task=1127 vm=31
[t=   1888.1455][TASK-COMPLETE         ] task=1031 wf=10 vm=42(reserved) actualCPU=35.9600s
[t=   1888.1455][DISPATCH              ] wf=11 task=1130 vm=42
[t=   1889.9585][TASK-COMPLETE         ] task=1956 wf=19 vm=21(reserved) actualCPU=190.2700s
[t=   1889.9585][DISPATCH              ] wf=11 task=1128 vm=21
[t=   1903.0315][TASK-COMPLETE         ] task=421 wf=4 vm=49(reserved) actualCPU=1825.7250s
[t=   1903.0315][DISPATCH              ] wf=11 task=1129 vm=49
[t=   1917.9975][TASK-COMPLETE         ] task=833 wf=8 vm=47(reserved) actualCPU=399.5950s
[t=   1917.9975][DISPATCH              ] wf=11 task=1131 vm=47
[t=   1927.4455][TASK-COMPLETE         ] task=681 wf=6 vm=4(reserved) actualCPU=1700.6360s
[t=   1927.4455][DISPATCH              ] wf=11 task=1133 vm=4
[t=   1941.5865][TASK-COMPLETE         ] task=1117 wf=11 vm=15(reserved) actualCPU=222.0170s
[t=   1941.5865][DISPATCH              ] wf=11 task=1132 vm=15
[t=   1943.8455][TASK-COMPLETE         ] task=829 wf=8 vm=2(reserved) actualCPU=491.1150s
[t=   1943.8455][DISPATCH              ] wf=10 task=1001 vm=2
[t=   1947.4165][TASK-COMPLETE         ] task=124 wf=1 vm=23(reserved) actualCPU=1908.3818s
[t=   1947.4165][DISPATCH              ] wf=10 task=1003 vm=23
[t=   1954.3055][TASK-COMPLETE         ] task=1113 wf=11 vm=19(reserved) actualCPU=358.3280s
[t=   1954.3055][DISPATCH              ] wf=10 task=1005 vm=19
[t=   1969.1165][TASK-COMPLETE         ] task=1001 wf=10 vm=2(reserved) actualCPU=25.2710s
[t=   1969.1165][DISPATCH              ] wf=10 task=1007 vm=2
[t=   1969.6325][TASK-COMPLETE         ] task=943 wf=9 vm=7(reserved) actualCPU=1570.2730s
[t=   1969.6325][DISPATCH              ] wf=10 task=1009 vm=7
[t=   1974.5175][TASK-COMPLETE         ] task=1003 wf=10 vm=23(reserved) actualCPU=27.1010s
[t=   1974.5175][DISPATCH              ] wf=11 task=1134 vm=23
[t=   1975.1815][TASK-COMPLETE         ] task=1118 wf=11 vm=39(reserved) actualCPU=254.6260s
[t=   1975.1815][DISPATCH              ] wf=10 task=1012 vm=39
[t=   1980.5365][TASK-COMPLETE         ] task=1005 wf=10 vm=19(reserved) actualCPU=26.2310s
[t=   1980.5365][DISPATCH              ] wf=10 task=1014 vm=19
[t=   1989.0985][TASK-COMPLETE         ] task=828 wf=8 vm=8(reserved) actualCPU=568.0010s
[t=   1989.0985][DISPATCH              ] wf=10 task=1016 vm=8
[t=   1994.1765][TASK-COMPLETE         ] task=836 wf=8 vm=36(reserved) actualCPU=425.1120s
[t=   1994.1765][DISPATCH              ] wf=10 task=1018 vm=36
[t=   2002.6875][TASK-COMPLETE         ] task=1009 wf=10 vm=7(reserved) actualCPU=33.0550s
[t=   2002.6875][DISPATCH              ] wf=10 task=1020 vm=7
[t=   2002.7395][TASK-COMPLETE         ] task=1007 wf=10 vm=2(reserved) actualCPU=33.6230s
[t=   2002.7395][DISPATCH              ] wf=10 task=992 vm=2
[t=   2007.7615][TASK-COMPLETE         ] task=190 wf=1 vm=44(reserved) actualCPU=1967.3538s
[t=   2007.7615][DISPATCH              ] wf=10 task=994 vm=44
[t=   2018.7885][TASK-COMPLETE         ] task=1016 wf=10 vm=8(reserved) actualCPU=29.6900s
[t=   2018.7885][DISPATCH              ] wf=10 task=996 vm=8
[t=   2021.0065][TASK-COMPLETE         ] task=837 wf=8 vm=6(reserved) actualCPU=475.2150s
[t=   2021.0065][DISPATCH              ] wf=10 task=998 vm=6
[t=   2022.3835][TASK-COMPLETE         ] task=1012 wf=10 vm=39(reserved) actualCPU=47.2020s
[t=   2022.3835][DISPATCH              ] wf=3 task=326 vm=39
[t=   2023.6425][TASK-COMPLETE         ] task=326 wf=3 vm=39(reserved) actualCPU=1.2590s
[t=   2023.6425][DISPATCH              ] wf=3 task=324 vm=39
[t=   2025.1515][TASK-COMPLETE         ] task=324 wf=3 vm=39(reserved) actualCPU=1.5090s
[t=   2025.1515][DISPATCH              ] wf=3 task=322 vm=39
[t=   2026.8235][TASK-COMPLETE         ] task=322 wf=3 vm=39(reserved) actualCPU=1.6720s
[t=   2026.8235][DISPATCH              ] wf=3 task=330 vm=39
[t=   2028.2745][TASK-COMPLETE         ] task=330 wf=3 vm=39(reserved) actualCPU=1.4510s
[t=   2028.2745][DISPATCH              ] wf=2 task=202 vm=39
[t=   2028.7835][TASK-COMPLETE         ] task=1014 wf=10 vm=19(reserved) actualCPU=48.2470s
[t=   2028.7835][DISPATCH              ] wf=2 task=206 vm=19
[t=   2029.3485][TASK-COMPLETE         ] task=206 wf=2 vm=19(reserved) actualCPU=0.5650s
[t=   2029.3485][DISPATCH              ] wf=2 task=204 vm=19
[t=   2029.4115][TASK-COMPLETE         ] task=202 wf=2 vm=39(reserved) actualCPU=1.1370s
[t=   2029.4115][DISPATCH              ] wf=2 task=208 vm=39
[t=   2029.8765][TASK-COMPLETE         ] task=204 wf=2 vm=19(reserved) actualCPU=0.5280s
[t=   2029.8765][DISPATCH              ] wf=3 task=328 vm=19
[t=   2030.2535][TASK-COMPLETE         ] task=208 wf=2 vm=39(reserved) actualCPU=0.8420s
[t=   2030.2535][DISPATCH              ] wf=3 task=357 vm=39
[t=   2030.6895][TASK-COMPLETE         ] task=328 wf=3 vm=19(reserved) actualCPU=0.8130s
[t=   2030.6895][DISPATCH              ] wf=10 task=1047 vm=19
[t=   2031.1145][TASK-COMPLETE         ] task=357 wf=3 vm=39(reserved) actualCPU=0.8610s
[t=   2031.1145][DISPATCH              ] wf=10 task=1049 vm=39
[t=   2031.2445][TASK-COMPLETE         ] task=1112 wf=11 vm=33(reserved) actualCPU=448.1660s
[t=   2031.2445][DISPATCH              ] wf=10 task=1051 vm=33
[t=   2035.3175][TASK-COMPLETE         ] task=835 wf=8 vm=24(reserved) actualCPU=483.4120s
[t=   2035.3175][DISPATCH              ] wf=10 task=1053 vm=24
[t=   2043.7355][TASK-COMPLETE         ] task=1020 wf=10 vm=7(reserved) actualCPU=41.0480s
[t=   2043.7355][DISPATCH              ] wf=10 task=1055 vm=7
[t=   2043.9845][TASK-COMPLETE         ] task=1018 wf=10 vm=36(reserved) actualCPU=49.8080s
[t=   2043.9845][DISPATCH              ] wf=10 task=1057 vm=36
[t=   2049.9565][TASK-COMPLETE         ] task=992 wf=10 vm=2(reserved) actualCPU=47.2170s
[t=   2049.9565][DISPATCH              ] wf=10 task=1075 vm=2
[t=   2051.9865][TASK-COMPLETE         ] task=1047 wf=10 vm=19(reserved) actualCPU=21.2970s
[t=   2051.9865][DISPATCH              ] wf=10 task=1077 vm=19
[t=   2055.8075][TASK-COMPLETE         ] task=1120 wf=11 vm=9(reserved) actualCPU=264.7800s
[t=   2055.8075][DISPATCH              ] wf=10 task=1079 vm=9
[t=   2065.6925][TASK-COMPLETE         ] task=1440 wf=14 vm=41(reserved) actualCPU=1356.9860s
[t=   2065.6925][DISPATCH              ] wf=10 task=1081 vm=41
[t=   2066.7565][TASK-COMPLETE         ] task=994 wf=10 vm=44(reserved) actualCPU=58.9950s
[t=   2066.7565][DISPATCH              ] wf=10 task=1083 vm=44
[t=   2068.5265][TASK-COMPLETE         ] task=1057 wf=10 vm=36(reserved) actualCPU=24.5420s
[t=   2068.5265][DISPATCH              ] wf=10 task=1085 vm=36
[t=   2071.4655][TASK-COMPLETE         ] task=996 wf=10 vm=8(reserved) actualCPU=52.6770s
[t=   2071.4655][DISPATCH              ] wf=10 task=1087 vm=8
[t=   2072.3025][TASK-COMPLETE         ] task=998 wf=10 vm=6(reserved) actualCPU=51.2960s
[t=   2072.3025][DISPATCH              ] wf=3 task=359 vm=6
[t=   2072.5265][TASK-COMPLETE         ] task=1049 wf=10 vm=39(reserved) actualCPU=41.4120s
[t=   2072.5265][DISPATCH              ] wf=12 task=1223 vm=39
[t=   2073.6365][TASK-COMPLETE         ] task=359 wf=3 vm=6(reserved) actualCPU=1.3340s
[t=   2073.6365][DISPATCH              ] wf=12 task=1225 vm=6
[t=   2082.0405][TASK-COMPLETE         ] task=121 wf=1 vm=20(reserved) actualCPU=2043.0058s
[t=   2082.0405][DISPATCH              ] wf=12 task=1227 vm=20
[t=   2085.3725][TASK-COMPLETE         ] task=1051 wf=10 vm=33(reserved) actualCPU=54.1280s
[t=   2085.3725][DISPATCH              ] wf=12 task=1229 vm=33
[t=   2087.8885][TASK-COMPLETE         ] task=1053 wf=10 vm=24(reserved) actualCPU=52.5710s
[t=   2087.8885][DISPATCH              ] wf=12 task=1231 vm=24
[t=   2088.4125][TASK-COMPLETE         ] task=418 wf=4 vm=45(reserved) actualCPU=2011.1060s
[t=   2088.4125][DISPATCH              ] wf=3 task=367 vm=45
[t=   2089.4215][TASK-COMPLETE         ] task=367 wf=3 vm=45(reserved) actualCPU=1.0090s
[t=   2089.4215][DISPATCH              ] wf=3 task=363 vm=45
[t=   2090.7875][TASK-COMPLETE         ] task=363 wf=3 vm=45(reserved) actualCPU=1.3660s
[t=   2090.7875][DISPATCH              ] wf=3 task=311 vm=45
[t=   2091.1145][TASK-COMPLETE         ] task=1055 wf=10 vm=7(reserved) actualCPU=47.3790s
[t=   2091.1145][DISPATCH              ] wf=3 task=313 vm=7
[t=   2091.5235][TASK-COMPLETE         ] task=311 wf=3 vm=45(reserved) actualCPU=0.7360s
[t=   2091.5235][DISPATCH              ] wf=3 task=365 vm=45
[t=   2092.5595][TASK-COMPLETE         ] task=365 wf=3 vm=45(reserved) actualCPU=1.0360s
[t=   2092.5595][DISPATCH              ] wf=3 task=361 vm=45
[t=   2092.8525][TASK-COMPLETE         ] task=915 wf=9 vm=13(reserved) actualCPU=1702.0950s
[t=   2092.8525][DISPATCH              ] wf=3 task=315 vm=13
[t=   2092.9155][TASK-COMPLETE         ] task=313 wf=3 vm=7(reserved) actualCPU=1.8010s
[t=   2092.9155][DISPATCH              ] wf=10 task=1060 vm=7
[t=   2093.9225][TASK-COMPLETE         ] task=361 wf=3 vm=45(reserved) actualCPU=1.3630s
[t=   2093.9225][DISPATCH              ] wf=10 task=1062 vm=45
[t=   2094.3135][TASK-COMPLETE         ] task=315 wf=3 vm=13(reserved) actualCPU=1.4610s
[t=   2094.3135][DISPATCH              ] wf=10 task=1064 vm=13
[t=   2099.3265][TASK-COMPLETE         ] task=1075 wf=10 vm=2(reserved) actualCPU=49.3700s
[t=   2099.3265][DISPATCH              ] wf=10 task=1066 vm=2
[t=   2101.0935][TASK-COMPLETE         ] task=1116 wf=11 vm=16(reserved) actualCPU=387.8390s
[t=   2101.0935][DISPATCH              ] wf=10 task=1068 vm=16
[t=   2108.1225][TASK-COMPLETE         ] task=1077 wf=10 vm=19(reserved) actualCPU=56.1360s
[t=   2108.1225][DISPATCH              ] wf=10 task=1070 vm=19
[t=   2109.8405][TASK-COMPLETE         ] task=1225 wf=12 vm=6(reserved) actualCPU=36.2040s
[t=   2109.8405][DISPATCH              ] wf=10 task=1072 vm=6
[t=   2111.1135][TASK-COMPLETE         ] task=1229 wf=12 vm=33(reserved) actualCPU=25.7410s
[t=   2111.1135][DISPATCH              ] wf=12 task=1212 vm=33
[t=   2115.0845][TASK-COMPLETE         ] task=1223 wf=12 vm=39(reserved) actualCPU=42.5580s
[t=   2115.0845][DISPATCH              ] wf=12 task=1214 vm=39
[t=   2116.9665][TASK-COMPLETE         ] task=1083 wf=10 vm=44(reserved) actualCPU=50.2100s
[t=   2116.9665][DISPATCH              ] wf=12 task=1216 vm=44
[t=   2119.4865][TASK-COMPLETE         ] task=1085 wf=10 vm=36(reserved) actualCPU=50.9600s
[t=   2119.4865][DISPATCH              ] wf=12 task=1218 vm=36
[t=   2119.6695][TASK-COMPLETE         ] task=1122 wf=11 vm=34(reserved) actualCPU=365.6330s
[t=   2119.6695][DISPATCH              ] wf=12 task=1220 vm=34
[t=   2122.9425][TASK-COMPLETE         ] task=1231 wf=12 vm=24(reserved) actualCPU=35.0540s
[t=   2122.9425][DISPATCH              ] wf=13 task=1313 vm=24
[t=   2123.7515][TASK-COMPLETE         ] task=1060 wf=10 vm=7(reserved) actualCPU=30.8360s
[t=   2123.7515][DISPATCH              ] wf=13 task=1312 vm=7
[t=   2124.6295][TASK-COMPLETE         ] task=1227 wf=12 vm=20(reserved) actualCPU=42.5890s
[t=   2124.6295][DISPATCH              ] wf=3 task=317 vm=20
[t=   2126.0635][TASK-COMPLETE         ] task=317 wf=3 vm=20(reserved) actualCPU=1.4340s
[t=   2126.0635][DISPATCH              ] wf=13 task=1315 vm=20
[t=   2126.2695][TASK-COMPLETE         ] task=912 wf=9 vm=11(reserved) actualCPU=1736.0740s
[t=   2126.2695][DISPATCH              ] wf=13 task=1316 vm=11
[t=   2127.0575][TASK-COMPLETE         ] task=1087 wf=10 vm=8(reserved) actualCPU=55.5920s
[t=   2127.0575][DISPATCH              ] wf=10 task=1034 vm=8
[t=   2129.4065][TASK-COMPLETE         ] task=1079 wf=10 vm=9(reserved) actualCPU=73.5990s
[t=   2129.4065][DISPATCH              ] wf=10 task=1036 vm=9
[t=   2129.4695][TASK-COMPLETE         ] task=1081 wf=10 vm=41(reserved) actualCPU=63.7770s
[t=   2129.4695][DISPATCH              ] wf=10 task=1038 vm=41
[t=   2138.1025][TASK-COMPLETE         ] task=1064 wf=10 vm=13(reserved) actualCPU=43.7890s
[t=   2138.1025][DISPATCH              ] wf=10 task=1040 vm=13
[t=   2141.3065][TASK-COMPLETE         ] task=1062 wf=10 vm=45(reserved) actualCPU=47.3840s
[t=   2141.3065][DISPATCH              ] wf=10 task=1042 vm=45
[t=   2145.3595][TASK-COMPLETE         ] task=1070 wf=10 vm=19(reserved) actualCPU=37.2370s
[t=   2145.3595][DISPATCH              ] wf=10 task=1044 vm=19
[t=   2148.4005][TASK-COMPLETE         ] task=1034 wf=10 vm=8(reserved) actualCPU=21.3430s
[t=   2148.4005][DISPATCH              ] wf=13 task=1314 vm=8
[t=   2150.2425][TASK-COMPLETE         ] task=1066 wf=10 vm=2(reserved) actualCPU=50.9160s
[t=   2150.2425][DISPATCH              ] wf=12 task=1201 vm=2
[t=   2152.1705][TASK-COMPLETE         ] task=1216 wf=12 vm=44(reserved) actualCPU=35.2040s
[t=   2152.1705][DISPATCH              ] wf=12 task=1203 vm=44
[t=   2153.7855][TASK-COMPLETE         ] task=1036 wf=10 vm=9(reserved) actualCPU=24.3790s
[t=   2153.7855][DISPATCH              ] wf=12 task=1205 vm=9
[t=   2155.7005][TASK-COMPLETE         ] task=1068 wf=10 vm=16(reserved) actualCPU=54.6070s
[t=   2155.7005][DISPATCH              ] wf=12 task=1207 vm=16
[t=   2156.7575][TASK-COMPLETE         ] task=1214 wf=12 vm=39(reserved) actualCPU=41.6730s
[t=   2156.7575][DISPATCH              ] wf=12 task=1209 vm=39
[t=   2156.9375][TASK-COMPLETE         ] task=1220 wf=12 vm=34(reserved) actualCPU=37.2680s
[t=   2156.9375][DISPATCH              ] wf=3 task=319 vm=34
[t=   2157.0635][TASK-COMPLETE         ] task=1212 wf=12 vm=33(reserved) actualCPU=45.9500s
[t=   2157.0635][DISPATCH              ] wf=13 task=1317 vm=33
[t=   2157.8245][TASK-COMPLETE         ] task=319 wf=3 vm=34(reserved) actualCPU=0.8870s
[t=   2157.8245][DISPATCH              ] wf=13 task=1318 vm=34
[t=   2160.6305][TASK-COMPLETE         ] task=1038 wf=10 vm=41(reserved) actualCPU=31.1610s
[t=   2160.6305][DISPATCH              ] wf=13 task=1320 vm=41
[t=   2163.1845][TASK-COMPLETE         ] task=1124 wf=11 vm=0(reserved) actualCPU=296.4100s
[t=   2163.1845][DISPATCH              ] wf=3 task=306 vm=0
[t=   2163.8055][TASK-COMPLETE         ] task=306 wf=3 vm=0(reserved) actualCPU=0.6210s
[t=   2163.8055][DISPATCH              ] wf=13 task=1319 vm=0
[t=   2165.9535][TASK-COMPLETE         ] task=1218 wf=12 vm=36(reserved) actualCPU=46.4670s
[t=   2165.9535][DISPATCH              ] wf=13 task=1321 vm=36
[t=   2171.9515][TASK-COMPLETE         ] task=1115 wf=11 vm=18(reserved) actualCPU=462.2570s
[t=   2171.9515][DISPATCH              ] wf=13 task=1323 vm=18
[t=   2175.3525][TASK-COMPLETE         ] task=1072 wf=10 vm=6(reserved) actualCPU=65.5120s
[t=   2175.3525][DISPATCH              ] wf=13 task=1322 vm=6
[t=   2177.6705][TASK-COMPLETE         ] task=1203 wf=12 vm=44(reserved) actualCPU=25.5000s
[t=   2177.6705][DISPATCH              ] wf=13 task=1324 vm=44
[t=   2180.0695][TASK-COMPLETE         ] task=1201 wf=12 vm=2(reserved) actualCPU=29.8270s
[t=   2180.0695][DISPATCH              ] wf=13 task=1327 vm=2
[t=   2182.1995][TASK-COMPLETE         ] task=1044 wf=10 vm=19(reserved) actualCPU=36.8400s
[t=   2182.1995][DISPATCH              ] wf=13 task=1325 vm=19
[t=   2184.0845][TASK-COMPLETE         ] task=1205 wf=12 vm=9(reserved) actualCPU=30.2990s
[t=   2184.0845][DISPATCH              ] wf=14 task=1389 vm=9
[t=   2184.1845][TASK-COMPLETE         ] task=1389 wf=14 vm=9(reserved) actualCPU=0.1000s
[t=   2184.1845][DISPATCH              ] wf=13 task=1326 vm=9
[t=   2185.1185][TASK-COMPLETE         ] task=1042 wf=10 vm=45(reserved) actualCPU=43.8120s
[t=   2185.1185][DISPATCH              ] wf=13 task=1330 vm=45
[t=   2195.0365][TASK-COMPLETE         ] task=1475 wf=14 vm=12(reserved) actualCPU=1481.3840s
[t=   2195.0365][DISPATCH              ] wf=13 task=1328 vm=12
[t=   2196.0025][TASK-COMPLETE         ] task=834 wf=8 vm=38(reserved) actualCPU=670.4500s
[t=   2196.0025][DISPATCH              ] wf=13 task=1329 vm=38
[t=   2197.4775][TASK-COMPLETE         ] task=1207 wf=12 vm=16(reserved) actualCPU=41.7770s
[t=   2197.4775][DISPATCH              ] wf=3 task=304 vm=16
[t=   2198.1875][TASK-COMPLETE         ] task=304 wf=3 vm=16(reserved) actualCPU=0.7100s
[t=   2198.1875][DISPATCH              ] wf=3 task=302 vm=16
[t=   2199.4045][TASK-COMPLETE         ] task=302 wf=3 vm=16(reserved) actualCPU=1.2170s
[t=   2199.4045][DISPATCH              ] wf=12 task=1192 vm=16
[t=   2199.7155][TASK-COMPLETE         ] task=1121 wf=11 vm=35(reserved) actualCPU=467.5460s
[t=   2199.7155][DISPATCH              ] wf=12 task=1194 vm=35
[t=   2201.0455][TASK-COMPLETE         ] task=1209 wf=12 vm=39(reserved) actualCPU=44.2880s
[t=   2201.0455][DISPATCH              ] wf=12 task=1196 vm=39
[t=   2204.1055][TASK-COMPLETE         ] task=1040 wf=10 vm=13(reserved) actualCPU=66.0030s
[t=   2204.1055][DISPATCH              ] wf=12 task=1198 vm=13
[t=   2212.1125][TASK-COMPLETE         ] task=487 wf=4 vm=29(reserved) actualCPU=2130.4960s
[t=   2212.1125][DISPATCH              ] wf=14 task=1420 vm=29
[t=   2212.2125][TASK-COMPLETE         ] task=1420 wf=14 vm=29(reserved) actualCPU=0.1000s
[t=   2212.2125][DISPATCH              ] wf=3 task=308 vm=29
[t=   2213.0245][TASK-COMPLETE         ] task=308 wf=3 vm=29(reserved) actualCPU=0.8120s
[t=   2213.0245][DISPATCH              ] wf=13 task=1332 vm=29
[t=   2219.8915][TASK-COMPLETE         ] task=1123 wf=11 vm=30(reserved) actualCPU=353.3460s
[t=   2219.8915][DISPATCH              ] wf=13 task=1333 vm=30
[t=   2234.5905][TASK-COMPLETE         ] task=1119 wf=11 vm=26(reserved) actualCPU=493.4010s
[t=   2234.5905][DISPATCH              ] wf=13 task=1331 vm=26
[t=   2237.3165][TASK-COMPLETE         ] task=831 wf=8 vm=48(reserved) actualCPU=767.4180s
[t=   2237.3165][DISPATCH              ] wf=14 task=1451 vm=48
[t=   2237.4165][TASK-COMPLETE         ] task=1451 wf=14 vm=48(reserved) actualCPU=0.1000s
[t=   2237.4165][DISPATCH              ] wf=13 task=1334 vm=48
[t=   2240.9315][TASK-COMPLETE         ] task=1127 wf=11 vm=31(reserved) actualCPU=353.3990s
[t=   2240.9315][DISPATCH              ] wf=5 task=543 vm=31
[t=   2242.5615][TASK-COMPLETE         ] task=1129 wf=11 vm=49(reserved) actualCPU=339.5300s
[t=   2242.5615][DISPATCH              ] wf=15 task=1502 vm=49
[t=   2242.9665][TASK-COMPLETE         ] task=1196 wf=12 vm=39(reserved) actualCPU=41.9210s
[t=   2242.9665][DISPATCH              ] wf=15 task=1506 vm=39
[t=   2245.4165][TASK-COMPLETE         ] task=543 wf=5 vm=31(reserved) actualCPU=4.4850s
[t=   2245.4165][DISPATCH              ] wf=15 task=1521 vm=31
[t=   2253.0245][TASK-COMPLETE         ] task=1502 wf=15 vm=49(reserved) actualCPU=10.4630s
[t=   2253.0245][DISPATCH              ] wf=15 task=1524 vm=49
[t=   2254.5045][TASK-COMPLETE         ] task=1506 wf=15 vm=39(reserved) actualCPU=11.5380s
[t=   2254.5045][DISPATCH              ] wf=15 task=1507 vm=39
[t=   2256.1455][TASK-COMPLETE         ] task=1192 wf=12 vm=16(reserved) actualCPU=56.7410s
[t=   2256.1455][DISPATCH              ] wf=15 task=1515 vm=16
[t=   2256.9975][TASK-COMPLETE         ] task=1521 wf=15 vm=31(reserved) actualCPU=11.5810s
[t=   2256.9975][DISPATCH              ] wf=15 task=1509 vm=31
[t=   2261.4545][TASK-COMPLETE         ] task=1198 wf=12 vm=13(reserved) actualCPU=57.3490s
[t=   2261.4545][DISPATCH              ] wf=15 task=1517 vm=13
[t=   2263.6065][TASK-COMPLETE         ] task=1524 wf=15 vm=49(reserved) actualCPU=10.5820s
[t=   2263.6065][DISPATCH              ] wf=15 task=1531 vm=49
[t=   2264.2395][TASK-COMPLETE         ] task=1194 wf=12 vm=35(reserved) actualCPU=64.5240s
[t=   2264.2395][DISPATCH              ] wf=15 task=1532 vm=35
[t=   2266.2775][TASK-COMPLETE         ] task=1507 wf=15 vm=39(reserved) actualCPU=11.7730s
[t=   2266.2775][DISPATCH              ] wf=15 task=1533 vm=39
[t=   2266.4475][TASK-COMPLETE         ] task=1515 wf=15 vm=16(reserved) actualCPU=10.3020s
[t=   2266.4475][DISPATCH              ] wf=15 task=1510 vm=16
[t=   2267.5115][TASK-COMPLETE         ] task=1509 wf=15 vm=31(reserved) actualCPU=10.5140s
[t=   2267.5115][DISPATCH              ] wf=15 task=1535 vm=31
[t=   2272.2535][TASK-COMPLETE         ] task=1517 wf=15 vm=13(reserved) actualCPU=10.7990s
[t=   2272.2535][DISPATCH              ] wf=15 task=1536 vm=13
[t=   2273.8115][TASK-COMPLETE         ] task=1531 wf=15 vm=49(reserved) actualCPU=10.2050s
[t=   2273.8115][DISPATCH              ] wf=15 task=1537 vm=49
[t=   2274.1555][TASK-COMPLETE         ] task=1114 wf=11 vm=46(reserved) actualCPU=554.6690s
[t=   2274.1555][DISPATCH              ] wf=15 task=1538 vm=46
[t=   2276.0865][TASK-COMPLETE         ] task=1533 wf=15 vm=39(reserved) actualCPU=9.8090s
[t=   2276.0865][DISPATCH              ] wf=15 task=1541 vm=39
[t=   2276.5845][TASK-COMPLETE         ] task=1510 wf=15 vm=16(reserved) actualCPU=10.1370s
[t=   2276.5845][DISPATCH              ] wf=15 task=1542 vm=16
[t=   2277.6925][TASK-COMPLETE         ] task=1535 wf=15 vm=31(reserved) actualCPU=10.1810s
[t=   2277.6925][DISPATCH              ] wf=15 task=1543 vm=31
[t=   2278.1415][TASK-COMPLETE         ] task=1532 wf=15 vm=35(reserved) actualCPU=13.9020s
[t=   2278.1415][DISPATCH              ] wf=15 task=1544 vm=35
[t=   2284.3925][TASK-COMPLETE         ] task=1536 wf=15 vm=13(reserved) actualCPU=12.1390s
[t=   2284.3925][DISPATCH              ] wf=15 task=1545 vm=13
[t=   2284.4935][TASK-COMPLETE         ] task=1537 wf=15 vm=49(reserved) actualCPU=10.6820s
[t=   2284.4935][DISPATCH              ] wf=15 task=1508 vm=49
[t=   2285.0135][TASK-COMPLETE         ] task=1538 wf=15 vm=46(reserved) actualCPU=10.8580s
[t=   2285.0135][DISPATCH              ] wf=15 task=1516 vm=46
[t=   2285.9745][TASK-COMPLETE         ] task=1541 wf=15 vm=39(reserved) actualCPU=9.8880s
[t=   2285.9745][DISPATCH              ] wf=15 task=1525 vm=39
[t=   2288.2715][TASK-COMPLETE         ] task=1543 wf=15 vm=31(reserved) actualCPU=10.5790s
[t=   2288.2715][DISPATCH              ] wf=15 task=1526 vm=31
[t=   2288.9835][TASK-COMPLETE         ] task=1542 wf=15 vm=16(reserved) actualCPU=12.3990s
[t=   2288.9835][DISPATCH              ] wf=15 task=1527 vm=16
[t=   2291.1485][TASK-COMPLETE         ] task=1544 wf=15 vm=35(reserved) actualCPU=13.0070s
[t=   2291.1485][DISPATCH              ] wf=15 task=1529 vm=35
[t=   2294.2985][TASK-COMPLETE         ] task=1516 wf=15 vm=46(reserved) actualCPU=9.2850s
[t=   2294.2985][DISPATCH              ] wf=15 task=1504 vm=46
[t=   2294.5445][TASK-COMPLETE         ] task=1545 wf=15 vm=13(reserved) actualCPU=10.1520s
[t=   2294.5445][DISPATCH              ] wf=15 task=1534 vm=13
[t=   2295.8255][TASK-COMPLETE         ] task=1525 wf=15 vm=39(reserved) actualCPU=9.8510s
[t=   2295.8255][DISPATCH              ] wf=15 task=1539 vm=39
[t=   2296.2415][TASK-COMPLETE         ] task=1508 wf=15 vm=49(reserved) actualCPU=11.7480s
[t=   2296.2415][DISPATCH              ] wf=15 task=1548 vm=49
[t=   2300.0035][TASK-COMPLETE         ] task=1527 wf=15 vm=16(reserved) actualCPU=11.0200s
[t=   2300.0035][DISPATCH              ] wf=15 task=1549 vm=16
[t=   2300.1035][TASK-COMPLETE         ] task=1526 wf=15 vm=31(reserved) actualCPU=11.8320s
[t=   2300.1035][DISPATCH              ] wf=15 task=1503 vm=31
[t=   2301.5535][TASK-COMPLETE         ] task=1529 wf=15 vm=35(reserved) actualCPU=10.4050s
[t=   2301.5535][DISPATCH              ] wf=15 task=1511 vm=35
[t=   2304.5075][TASK-COMPLETE         ] task=1504 wf=15 vm=46(reserved) actualCPU=10.2090s
[t=   2304.5075][DISPATCH              ] wf=15 task=1528 vm=46
[t=   2304.7835][TASK-COMPLETE         ] task=1534 wf=15 vm=13(reserved) actualCPU=10.2390s
[t=   2304.7835][DISPATCH              ] wf=15 task=1540 vm=13
[t=   2306.0405][TASK-COMPLETE         ] task=1548 wf=15 vm=49(reserved) actualCPU=9.7990s
[t=   2306.0405][DISPATCH              ] wf=15 task=1512 vm=49
[t=   2306.6555][TASK-COMPLETE         ] task=1539 wf=15 vm=39(reserved) actualCPU=10.8300s
[t=   2306.6555][DISPATCH              ] wf=15 task=1518 vm=39
[t=   2309.0795][TASK-COMPLETE         ] task=1503 wf=15 vm=31(reserved) actualCPU=8.9760s
[t=   2309.0795][DISPATCH              ] wf=15 task=1522 vm=31
[t=   2310.4655][TASK-COMPLETE         ] task=1549 wf=15 vm=16(reserved) actualCPU=10.4620s
[t=   2310.4655][DISPATCH              ] wf=15 task=1530 vm=16
[t=   2311.7605][TASK-COMPLETE         ] task=1511 wf=15 vm=35(reserved) actualCPU=10.2070s
[t=   2311.7605][DISPATCH              ] wf=15 task=1551 vm=35
[t=   2314.7185][TASK-COMPLETE         ] task=1528 wf=15 vm=46(reserved) actualCPU=10.2110s
[t=   2314.7185][DISPATCH              ] wf=15 task=1552 vm=46
[t=   2315.5765][TASK-COMPLETE         ] task=1512 wf=15 vm=49(reserved) actualCPU=9.5360s
[t=   2315.5765][DISPATCH              ] wf=12 task=1275 vm=49
[t=   2315.6185][TASK-COMPLETE         ] task=1540 wf=15 vm=13(reserved) actualCPU=10.8350s
[t=   2315.6185][DISPATCH              ] wf=12 task=1277 vm=13
[t=   2316.4275][TASK-COMPLETE         ] task=1518 wf=15 vm=39(reserved) actualCPU=9.7720s
[t=   2316.4275][DISPATCH              ] wf=12 task=1279 vm=39
[t=   2318.1085][TASK-COMPLETE         ] task=1130 wf=11 vm=42(reserved) actualCPU=429.9630s
[t=   2318.1085][DISPATCH              ] wf=12 task=1281 vm=42
[t=   2320.0475][TASK-COMPLETE         ] task=1530 wf=15 vm=16(reserved) actualCPU=9.5820s
[t=   2320.0475][DISPATCH              ] wf=12 task=1283 vm=16
[t=   2320.6485][TASK-COMPLETE         ] task=1522 wf=15 vm=31(reserved) actualCPU=11.5690s
[t=   2320.6485][DISPATCH              ] wf=12 task=1285 vm=31
[t=   2320.9025][TASK-COMPLETE         ] task=1551 wf=15 vm=35(reserved) actualCPU=9.1420s
[t=   2320.9025][DISPATCH              ] wf=12 task=1287 vm=35
[t=   2327.0715][TASK-COMPLETE         ] task=1552 wf=15 vm=46(reserved) actualCPU=12.3530s
[t=   2327.0715][DISPATCH              ] wf=15 task=1505 vm=46
[t=   2338.4885][TASK-COMPLETE         ] task=1505 wf=15 vm=46(reserved) actualCPU=11.4170s
[t=   2338.4885][DISPATCH              ] wf=15 task=1513 vm=46
[t=   2346.6945][TASK-COMPLETE         ] task=1133 wf=11 vm=4(reserved) actualCPU=419.2490s
[t=   2346.6945][DISPATCH              ] wf=15 task=1519 vm=4
[t=   2350.8995][TASK-COMPLETE         ] task=1513 wf=15 vm=46(reserved) actualCPU=12.4110s
[t=   2350.8995][DISPATCH              ] wf=15 task=1523 vm=46
[t=   2356.8745][TASK-COMPLETE         ] task=1519 wf=15 vm=4(reserved) actualCPU=10.1800s
[t=   2356.8745][DISPATCH              ] wf=15 task=1546 vm=4
[t=   2362.6125][TASK-COMPLETE         ] task=1320 wf=13 vm=41(reserved) actualCPU=201.9820s
[t=   2362.6125][DISPATCH              ] wf=15 task=1554 vm=41
[t=   2363.1825][TASK-COMPLETE         ] task=1523 wf=15 vm=46(reserved) actualCPU=12.2830s
[t=   2363.1825][DISPATCH              ] wf=15 task=1555 vm=46
[t=   2368.7655][TASK-COMPLETE         ] task=1546 wf=15 vm=4(reserved) actualCPU=11.8910s
[t=   2368.7655][DISPATCH              ] wf=15 task=1556 vm=4
[t=   2370.5385][TASK-COMPLETE         ] task=1317 wf=13 vm=33(reserved) actualCPU=213.4750s
[t=   2370.5385][DISPATCH              ] wf=15 task=1557 vm=33
[t=   2372.4435][TASK-COMPLETE         ] task=1281 wf=12 vm=42(reserved) actualCPU=54.3350s
[t=   2372.4435][DISPATCH              ] wf=15 task=1558 vm=42
[t=   2373.3075][TASK-COMPLETE         ] task=1555 wf=15 vm=46(reserved) actualCPU=10.1250s
[t=   2373.3075][DISPATCH              ] wf=15 task=1547 vm=46
[t=   2373.6475][TASK-COMPLETE         ] task=1283 wf=12 vm=16(reserved) actualCPU=53.6000s
[t=   2373.6475][DISPATCH              ] wf=15 task=1550 vm=16
[t=   2374.2305][TASK-COMPLETE         ] task=1554 wf=15 vm=41(reserved) actualCPU=11.6180s
[t=   2374.2305][DISPATCH              ] wf=15 task=1514 vm=41
[t=   2376.9205][TASK-COMPLETE         ] task=1287 wf=12 vm=35(reserved) actualCPU=56.0180s
[t=   2376.9205][DISPATCH              ] wf=15 task=1520 vm=35
[t=   2379.1805][TASK-COMPLETE         ] task=1285 wf=12 vm=31(reserved) actualCPU=58.5320s
[t=   2379.1805][DISPATCH              ] wf=15 task=1553 vm=31
[t=   2379.4675][TASK-COMPLETE         ] task=1275 wf=12 vm=49(reserved) actualCPU=63.8910s
[t=   2379.4675][DISPATCH              ] wf=15 task=1559 vm=49
[t=   2380.4215][TASK-COMPLETE         ] task=1556 wf=15 vm=4(reserved) actualCPU=11.6560s
[t=   2380.4215][DISPATCH              ] wf=15 task=1560 vm=4
[t=   2380.7015][TASK-COMPLETE         ] task=1557 wf=15 vm=33(reserved) actualCPU=10.1630s
[t=   2380.7015][DISPATCH              ] wf=15 task=1561 vm=33
[t=   2382.6665][TASK-COMPLETE         ] task=1547 wf=15 vm=46(reserved) actualCPU=9.3590s
[t=   2382.6665][DISPATCH              ] wf=15 task=1562 vm=46
[t=   2383.8315][TASK-COMPLETE         ] task=1318 wf=13 vm=34(reserved) actualCPU=226.0070s
[t=   2383.8315][DISPATCH              ] wf=15 task=1563 vm=34
[t=   2384.0455][TASK-COMPLETE         ] task=1550 wf=15 vm=16(reserved) actualCPU=10.3980s
[t=   2384.0455][DISPATCH              ] wf=12 task=1260 vm=16
[t=   2384.2505][TASK-COMPLETE         ] task=1558 wf=15 vm=42(reserved) actualCPU=11.8070s
[t=   2384.2505][DISPATCH              ] wf=12 task=1262 vm=42
[t=   2384.7605][TASK-COMPLETE         ] task=1279 wf=12 vm=39(reserved) actualCPU=68.3330s
[t=   2384.7605][DISPATCH              ] wf=12 task=1264 vm=39
[t=   2384.9045][TASK-COMPLETE         ] task=1514 wf=15 vm=41(reserved) actualCPU=10.6740s
[t=   2384.9045][DISPATCH              ] wf=12 task=1266 vm=41
[t=   2386.8095][TASK-COMPLETE         ] task=1277 wf=12 vm=13(reserved) actualCPU=71.1910s
[t=   2386.8095][DISPATCH              ] wf=12 task=1268 vm=13
[t=   2388.2125][TASK-COMPLETE         ] task=1520 wf=15 vm=35(reserved) actualCPU=11.2920s
[t=   2388.2125][DISPATCH              ] wf=12 task=1270 vm=35
[t=   2388.5295][TASK-COMPLETE         ] task=1559 wf=15 vm=49(reserved) actualCPU=9.0620s
[t=   2388.5295][DISPATCH              ] wf=12 task=1272 vm=49
[t=   2390.1365][TASK-COMPLETE         ] task=1561 wf=15 vm=33(reserved) actualCPU=9.4350s
[t=   2390.1365][DISPATCH              ] wf=5 task=541 vm=33
[t=   2390.4085][TASK-COMPLETE         ] task=1553 wf=15 vm=31(reserved) actualCPU=11.2280s
[t=   2390.4085][DISPATCH              ] wf=12 task=1247 vm=31
[t=   2393.3815][TASK-COMPLETE         ] task=1560 wf=15 vm=4(reserved) actualCPU=12.9600s
[t=   2393.3815][DISPATCH              ] wf=12 task=1249 vm=4
[t=   2394.0305][TASK-COMPLETE         ] task=1562 wf=15 vm=46(reserved) actualCPU=11.3640s
[t=   2394.0305][DISPATCH              ] wf=12 task=1251 vm=46
[t=   2394.1235][TASK-COMPLETE         ] task=1563 wf=15 vm=34(reserved) actualCPU=10.2920s
[t=   2394.1235][DISPATCH              ] wf=12 task=1253 vm=34
[t=   2395.3705][TASK-COMPLETE         ] task=541 wf=5 vm=33(reserved) actualCPU=5.2340s
[t=   2395.3705][DISPATCH              ] wf=12 task=1255 vm=33
[t=   2403.3815][TASK-COMPLETE         ] task=1125 wf=11 vm=40(reserved) actualCPU=525.9320s
[t=   2403.3815][DISPATCH              ] wf=12 task=1257 vm=40
[t=   2407.3205][TASK-COMPLETE         ] task=615 wf=6 vm=28(reserved) actualCPU=2243.5270s
[t=   2407.3205][DISPATCH              ] wf=2 task=244 vm=28
[t=   2407.9185][TASK-COMPLETE         ] task=244 wf=2 vm=28(reserved) actualCPU=0.5980s
[t=   2407.9185][DISPATCH              ] wf=2 task=246 vm=28
[t=   2408.8005][TASK-COMPLETE         ] task=246 wf=2 vm=28(reserved) actualCPU=0.8820s
[t=   2408.8005][DISPATCH              ] wf=3 task=393 vm=28
[t=   2409.5565][TASK-COMPLETE         ] task=393 wf=3 vm=28(reserved) actualCPU=0.7560s
[t=   2409.5565][DISPATCH              ] wf=2 task=257 vm=28
[t=   2410.5675][TASK-COMPLETE         ] task=257 wf=2 vm=28(reserved) actualCPU=1.0110s
[t=   2410.5675][DISPATCH              ] wf=12 task=1234 vm=28
[t=   2413.7625][TASK-COMPLETE         ] task=1316 wf=13 vm=11(reserved) actualCPU=287.4930s
[t=   2413.7625][DISPATCH              ] wf=12 task=1236 vm=11
[t=   2414.8865][TASK-COMPLETE         ] task=1260 wf=12 vm=16(reserved) actualCPU=30.8410s
[t=   2414.8865][DISPATCH              ] wf=12 task=1238 vm=16
[t=   2414.9235][TASK-COMPLETE         ] task=1247 wf=12 vm=31(reserved) actualCPU=24.5150s
[t=   2414.9235][DISPATCH              ] wf=12 task=1240 vm=31
[t=   2417.4565][TASK-COMPLETE         ] task=1322 wf=13 vm=6(reserved) actualCPU=242.1040s
[t=   2417.4565][DISPATCH              ] wf=12 task=1242 vm=6
[t=   2426.4235][TASK-COMPLETE         ] task=1257 wf=12 vm=40(reserved) actualCPU=23.0420s
[t=   2426.4235][DISPATCH              ] wf=12 task=1244 vm=40
[t=   2428.3405][TASK-COMPLETE         ] task=1270 wf=12 vm=35(reserved) actualCPU=40.1280s
[t=   2428.3405][DISPATCH              ] wf=3 task=385 vm=35
[t=   2429.7325][TASK-COMPLETE         ] task=385 wf=3 vm=35(reserved) actualCPU=1.3920s
[t=   2429.7325][DISPATCH              ] wf=2 task=248 vm=35
[t=   2430.5385][TASK-COMPLETE         ] task=248 wf=2 vm=35(reserved) actualCPU=0.8060s
[t=   2430.5385][DISPATCH              ] wf=3 task=391 vm=35
[t=   2430.6355][TASK-COMPLETE         ] task=1264 wf=12 vm=39(reserved) actualCPU=45.8750s
[t=   2430.6355][DISPATCH              ] wf=2 task=254 vm=39
[t=   2431.1785][TASK-COMPLETE         ] task=391 wf=3 vm=35(reserved) actualCPU=0.6400s
[t=   2431.1785][DISPATCH              ] wf=2 task=252 vm=35
[t=   2431.7645][TASK-COMPLETE         ] task=254 wf=2 vm=39(reserved) actualCPU=1.1290s
[t=   2431.7645][TASK-COMPLETE         ] task=1262 wf=12 vm=42(reserved) actualCPU=47.5140s
[t=   2431.7645][DISPATCH              ] wf=3 task=387 vm=39
[t=   2431.7645][DISPATCH              ] wf=3 task=397 vm=42
[t=   2432.4445][TASK-COMPLETE         ] task=252 wf=2 vm=35(reserved) actualCPU=1.2660s
[t=   2432.4445][DISPATCH              ] wf=2 task=267 vm=35
[t=   2432.7135][TASK-COMPLETE         ] task=397 wf=3 vm=42(reserved) actualCPU=0.9490s
[t=   2432.7135][DISPATCH              ] wf=3 task=395 vm=42
[t=   2432.8185][TASK-COMPLETE         ] task=387 wf=3 vm=39(reserved) actualCPU=1.0540s
[t=   2432.8185][DISPATCH              ] wf=3 task=389 vm=39
[t=   2433.2825][TASK-COMPLETE         ] task=1131 wf=11 vm=47(reserved) actualCPU=515.2850s
[t=   2433.2825][DISPATCH              ] wf=2 task=259 vm=47
[t=   2433.4885][TASK-COMPLETE         ] task=267 wf=2 vm=35(reserved) actualCPU=1.0440s
[t=   2433.4885][DISPATCH              ] wf=2 task=250 vm=35
[t=   2433.6735][TASK-COMPLETE         ] task=395 wf=3 vm=42(reserved) actualCPU=0.9600s
[t=   2433.6735][DISPATCH              ] wf=2 task=261 vm=42
[t=   2433.9675][TASK-COMPLETE         ] task=389 wf=3 vm=39(reserved) actualCPU=1.1490s
[t=   2433.9675][DISPATCH              ] wf=5 task=542 vm=39
[t=   2434.0285][TASK-COMPLETE         ] task=1234 wf=12 vm=28(reserved) actualCPU=23.4610s
[t=   2434.0285][DISPATCH              ] wf=3 task=370 vm=28
[t=   2434.5655][TASK-COMPLETE         ] task=250 wf=2 vm=35(reserved) actualCPU=1.0770s
[t=   2434.5655][DISPATCH              ] wf=2 task=265 vm=35
[t=   2434.7565][TASK-COMPLETE         ] task=259 wf=2 vm=47(reserved) actualCPU=1.4740s
[t=   2434.7565][DISPATCH              ] wf=2 task=263 vm=47
[t=   2434.8375][TASK-COMPLETE         ] task=261 wf=2 vm=42(reserved) actualCPU=1.1640s
[t=   2434.8375][DISPATCH              ] wf=3 task=374 vm=42
[t=   2435.4115][TASK-COMPLETE         ] task=370 wf=3 vm=28(reserved) actualCPU=1.3830s
[t=   2435.4115][DISPATCH              ] wf=2 task=297 vm=28
[t=   2435.4865][TASK-COMPLETE         ] task=265 wf=2 vm=35(reserved) actualCPU=0.9210s
[t=   2435.4865][DISPATCH              ] wf=3 task=380 vm=35
[t=   2435.7165][TASK-COMPLETE         ] task=374 wf=3 vm=42(reserved) actualCPU=0.8790s
[t=   2435.7165][DISPATCH              ] wf=2 task=293 vm=42
[t=   2436.2805][TASK-COMPLETE         ] task=297 wf=2 vm=28(reserved) actualCPU=0.8690s
[t=   2436.2805][DISPATCH              ] wf=2 task=289 vm=28
[t=   2436.2935][TASK-COMPLETE         ] task=263 wf=2 vm=47(reserved) actualCPU=1.5370s
[t=   2436.2935][DISPATCH              ] wf=2 task=270 vm=47
[t=   2436.5025][TASK-COMPLETE         ] task=293 wf=2 vm=42(reserved) actualCPU=0.7860s
[t=   2436.5025][DISPATCH              ] wf=2 task=285 vm=42
[t=   2436.5885][TASK-COMPLETE         ] task=380 wf=3 vm=35(reserved) actualCPU=1.1020s
[t=   2436.5885][DISPATCH              ] wf=3 task=376 vm=35
[t=   2437.5085][TASK-COMPLETE         ] task=285 wf=2 vm=42(reserved) actualCPU=1.0060s
[t=   2437.5085][TASK-COMPLETE         ] task=270 wf=2 vm=47(reserved) actualCPU=1.2150s
[t=   2437.5085][DISPATCH              ] wf=3 task=372 vm=42
[t=   2437.5085][DISPATCH              ] wf=2 task=291 vm=47
[t=   2437.5505][TASK-COMPLETE         ] task=289 wf=2 vm=28(reserved) actualCPU=1.2700s
[t=   2437.5505][DISPATCH              ] wf=2 task=295 vm=28
[t=   2437.6575][TASK-COMPLETE         ] task=1249 wf=12 vm=4(reserved) actualCPU=44.2760s
[t=   2437.6575][DISPATCH              ] wf=2 task=287 vm=4
[t=   2437.7915][TASK-COMPLETE         ] task=376 wf=3 vm=35(reserved) actualCPU=1.2030s
[t=   2437.7915][DISPATCH              ] wf=3 task=378 vm=35
[t=   2437.9895][TASK-COMPLETE         ] task=1268 wf=12 vm=13(reserved) actualCPU=51.1800s
[t=   2437.9895][DISPATCH              ] wf=2 task=274 vm=13
[t=   2438.0575][TASK-COMPLETE         ] task=291 wf=2 vm=47(reserved) actualCPU=0.5490s
[t=   2438.0575][DISPATCH              ] wf=16 task=1602 vm=47
[t=   2438.5205][TASK-COMPLETE         ] task=295 wf=2 vm=28(reserved) actualCPU=0.9700s
[t=   2438.5205][DISPATCH              ] wf=16 task=1606 vm=28
[t=   2438.5575][TASK-COMPLETE         ] task=372 wf=3 vm=42(reserved) actualCPU=1.0490s
[t=   2438.5575][DISPATCH              ] wf=2 task=272 vm=42
[t=   2438.6785][TASK-COMPLETE         ] task=378 wf=3 vm=35(reserved) actualCPU=0.8870s
[t=   2438.6785][DISPATCH              ] wf=16 task=1607 vm=35
[t=   2438.7205][TASK-COMPLETE         ] task=287 wf=2 vm=4(reserved) actualCPU=1.0630s
[t=   2438.7205][DISPATCH              ] wf=16 task=1615 vm=4
[t=   2438.9115][TASK-COMPLETE         ] task=274 wf=2 vm=13(reserved) actualCPU=0.9220s
[t=   2438.9115][DISPATCH              ] wf=16 task=1624 vm=13
[t=   2439.7015][TASK-COMPLETE         ] task=272 wf=2 vm=42(reserved) actualCPU=1.1440s
[t=   2439.7015][DISPATCH              ] wf=2 task=280 vm=42
[t=   2439.8195][TASK-COMPLETE         ] task=542 wf=5 vm=39(reserved) actualCPU=5.8520s
[t=   2439.8195][DISPATCH              ] wf=16 task=1621 vm=39
[t=   2440.9895][TASK-COMPLETE         ] task=280 wf=2 vm=42(reserved) actualCPU=1.2880s
[t=   2440.9895][DISPATCH              ] wf=16 task=1610 vm=42
[t=   2441.8325][TASK-COMPLETE         ] task=1266 wf=12 vm=41(reserved) actualCPU=56.9280s
[t=   2441.8325][DISPATCH              ] wf=16 task=1635 vm=41
[t=   2442.4875][TASK-COMPLETE         ] task=1251 wf=12 vm=46(reserved) actualCPU=48.4570s
[t=   2442.4875][DISPATCH              ] wf=16 task=1637 vm=46
[t=   2442.5975][TASK-COMPLETE         ] task=1236 wf=12 vm=11(reserved) actualCPU=28.8350s
[t=   2442.5975][DISPATCH              ] wf=16 task=1608 vm=11
[t=   2443.1775][TASK-COMPLETE         ] task=1132 wf=11 vm=15(reserved) actualCPU=501.5910s
[t=   2443.1775][DISPATCH              ] wf=16 task=1616 vm=15
[t=   2448.6195][TASK-COMPLETE         ] task=1602 wf=16 vm=47(reserved) actualCPU=10.5620s
[t=   2448.6195][DISPATCH              ] wf=16 task=1625 vm=47
[t=   2448.8605][TASK-COMPLETE         ] task=1624 wf=16 vm=13(reserved) actualCPU=9.9490s
[t=   2448.8605][DISPATCH              ] wf=16 task=1626 vm=13
[t=   2449.1465][TASK-COMPLETE         ] task=1621 wf=16 vm=39(reserved) actualCPU=9.3270s
[t=   2449.1465][DISPATCH              ] wf=16 task=1627 vm=39
[t=   2449.2195][TASK-COMPLETE         ] task=1615 wf=16 vm=4(reserved) actualCPU=10.4990s
[t=   2449.2195][DISPATCH              ] wf=16 task=1609 vm=4
[t=   2449.2415][TASK-COMPLETE         ] task=1255 wf=12 vm=33(reserved) actualCPU=53.8710s
[t=   2449.2415][DISPATCH              ] wf=16 task=1617 vm=33
[t=   2449.3175][TASK-COMPLETE         ] task=1606 wf=16 vm=28(reserved) actualCPU=10.7970s
[t=   2449.3175][DISPATCH              ] wf=16 task=1631 vm=28
[t=   2450.4535][TASK-COMPLETE         ] task=1607 wf=16 vm=35(reserved) actualCPU=11.7750s
[t=   2450.4535][DISPATCH              ] wf=16 task=1632 vm=35
[t=   2450.6585][TASK-COMPLETE         ] task=1238 wf=12 vm=16(reserved) actualCPU=35.7720s
[t=   2450.6585][DISPATCH              ] wf=16 task=1633 vm=16
[t=   2451.2675][TASK-COMPLETE         ] task=1635 wf=16 vm=41(reserved) actualCPU=9.4350s
[t=   2451.2675][DISPATCH              ] wf=16 task=1636 vm=41
[t=   2451.4825][TASK-COMPLETE         ] task=1610 wf=16 vm=42(reserved) actualCPU=10.4930s
[t=   2451.4825][DISPATCH              ] wf=16 task=1603 vm=42
[t=   2452.7875][TASK-COMPLETE         ] task=1608 wf=16 vm=11(reserved) actualCPU=10.1900s
[t=   2452.7875][DISPATCH              ] wf=16 task=1611 vm=11
[t=   2453.5025][TASK-COMPLETE         ] task=618 wf=6 vm=10(reserved) actualCPU=2267.0490s
[t=   2453.5025][DISPATCH              ] wf=16 task=1628 vm=10
[t=   2454.0165][TASK-COMPLETE         ] task=1253 wf=12 vm=34(reserved) actualCPU=59.8930s
[t=   2454.0165][DISPATCH              ] wf=16 task=1640 vm=34
[t=   2454.5935][TASK-COMPLETE         ] task=1272 wf=12 vm=49(reserved) actualCPU=66.0640s
[t=   2454.5935][DISPATCH              ] wf=16 task=1629 vm=49
[t=   2454.6735][TASK-COMPLETE         ] task=1637 wf=16 vm=46(reserved) actualCPU=12.1860s
[t=   2454.6735][DISPATCH              ] wf=16 task=1638 vm=46
[t=   2455.0605][TASK-COMPLETE         ] task=1616 wf=16 vm=15(reserved) actualCPU=11.8830s
[t=   2455.0605][DISPATCH              ] wf=16 task=1641 vm=15
[t=   2458.4615][TASK-COMPLETE         ] task=1626 wf=16 vm=13(reserved) actualCPU=9.6010s
[t=   2458.4615][DISPATCH              ] wf=16 task=1642 vm=13
[t=   2459.4665][TASK-COMPLETE         ] task=1625 wf=16 vm=47(reserved) actualCPU=10.8470s
[t=   2459.4665][DISPATCH              ] wf=16 task=1643 vm=47
[t=   2460.1225][TASK-COMPLETE         ] task=1633 wf=16 vm=16(reserved) actualCPU=9.4640s
[t=   2460.1225][DISPATCH              ] wf=16 task=1644 vm=16
[t=   2460.6295][TASK-COMPLETE         ] task=1242 wf=12 vm=6(reserved) actualCPU=43.1730s
[t=   2460.6295][DISPATCH              ] wf=16 task=1645 vm=6
[t=   2460.9185][TASK-COMPLETE         ] task=1631 wf=16 vm=28(reserved) actualCPU=11.6010s
[t=   2460.9185][DISPATCH              ] wf=16 task=1604 vm=28
[t=   2461.3165][TASK-COMPLETE         ] task=1617 wf=16 vm=33(reserved) actualCPU=12.0750s
[t=   2461.3165][DISPATCH              ] wf=16 task=1634 vm=33
[t=   2461.6325][TASK-COMPLETE         ] task=1609 wf=16 vm=4(reserved) actualCPU=12.4130s
[t=   2461.6325][DISPATCH              ] wf=16 task=1639 vm=4
[t=   2461.8765][TASK-COMPLETE         ] task=1632 wf=16 vm=35(reserved) actualCPU=11.4230s
[t=   2461.8765][DISPATCH              ] wf=16 task=1648 vm=35
[t=   2461.9545][TASK-COMPLETE         ] task=1627 wf=16 vm=39(reserved) actualCPU=12.8080s
[t=   2461.9545][DISPATCH              ] wf=16 task=1649 vm=39
[t=   2462.5105][TASK-COMPLETE         ] task=1244 wf=12 vm=40(reserved) actualCPU=36.0870s
[t=   2462.5105][DISPATCH              ] wf=3 task=382 vm=40
[t=   2462.7765][TASK-COMPLETE         ] task=1636 wf=16 vm=41(reserved) actualCPU=11.5090s
[t=   2462.7765][DISPATCH              ] wf=16 task=1647 vm=41
[t=   2462.9865][TASK-COMPLETE         ] task=1603 wf=16 vm=42(reserved) actualCPU=11.5040s
[t=   2462.9865][DISPATCH              ] wf=16 task=1650 vm=42
[t=   2463.2355][TASK-COMPLETE         ] task=1611 wf=16 vm=11(reserved) actualCPU=10.4480s
[t=   2463.2355][DISPATCH              ] wf=16 task=1605 vm=11
[t=   2463.4235][TASK-COMPLETE         ] task=382 wf=3 vm=40(reserved) actualCPU=0.9130s
[t=   2463.4235][DISPATCH              ] wf=16 task=1613 vm=40
[t=   2464.2595][TASK-COMPLETE         ] task=1640 wf=16 vm=34(reserved) actualCPU=10.2430s
[t=   2464.2595][DISPATCH              ] wf=16 task=1619 vm=34
[t=   2464.5725][TASK-COMPLETE         ] task=1629 wf=16 vm=49(reserved) actualCPU=9.9790s
[t=   2464.5725][DISPATCH              ] wf=16 task=1623 vm=49
[t=   2465.7905][TASK-COMPLETE         ] task=1628 wf=16 vm=10(reserved) actualCPU=12.2880s
[t=   2465.7905][DISPATCH              ] wf=16 task=1646 vm=10
[t=   2465.8055][TASK-COMPLETE         ] task=1641 wf=16 vm=15(reserved) actualCPU=10.7450s
[t=   2465.8055][DISPATCH              ] wf=16 task=1654 vm=15
[t=   2465.9675][TASK-COMPLETE         ] task=1126 wf=11 vm=5(reserved) actualCPU=584.4740s
[t=   2465.9675][DISPATCH              ] wf=16 task=1655 vm=5
[t=   2466.2865][TASK-COMPLETE         ] task=1638 wf=16 vm=46(reserved) actualCPU=11.6130s
[t=   2466.2865][DISPATCH              ] wf=16 task=1656 vm=46
[t=   2468.8915][TASK-COMPLETE         ] task=1642 wf=16 vm=13(reserved) actualCPU=10.4300s
[t=   2468.8915][DISPATCH              ] wf=16 task=1658 vm=13
[t=   2470.2775][TASK-COMPLETE         ] task=1643 wf=16 vm=47(reserved) actualCPU=10.8110s
[t=   2470.2775][DISPATCH              ] wf=16 task=1614 vm=47
[t=   2471.2565][TASK-COMPLETE         ] task=1639 wf=16 vm=4(reserved) actualCPU=9.6240s
[t=   2471.2565][DISPATCH              ] wf=16 task=1620 vm=4
[t=   2471.8425][TASK-COMPLETE         ] task=1644 wf=16 vm=16(reserved) actualCPU=11.7200s
[t=   2471.8425][DISPATCH              ] wf=16 task=1659 vm=16
[t=   2471.9525][TASK-COMPLETE         ] task=1604 wf=16 vm=28(reserved) actualCPU=11.0340s
[t=   2471.9525][DISPATCH              ] wf=16 task=1660 vm=28
[t=   2472.0385][TASK-COMPLETE         ] task=1634 wf=16 vm=33(reserved) actualCPU=10.7220s
[t=   2472.0385][DISPATCH              ] wf=16 task=1661 vm=33
[t=   2472.3265][TASK-COMPLETE         ] task=1240 wf=12 vm=31(reserved) actualCPU=57.4030s
[t=   2472.3265][DISPATCH              ] wf=16 task=1662 vm=31
[t=   2472.4195][TASK-COMPLETE         ] task=1605 wf=16 vm=11(reserved) actualCPU=9.1840s
[t=   2472.4195][DISPATCH              ] wf=16 task=1663 vm=11
[t=   2472.8845][TASK-COMPLETE         ] task=1645 wf=16 vm=6(reserved) actualCPU=12.2550s
[t=   2472.8845][DISPATCH              ] wf=16 task=1612 vm=6
[t=   2472.9125][TASK-COMPLETE         ] task=1647 wf=16 vm=41(reserved) actualCPU=10.1360s
[t=   2472.9125][DISPATCH              ] wf=16 task=1618 vm=41
[t=   2473.0565][TASK-COMPLETE         ] task=1648 wf=16 vm=35(reserved) actualCPU=11.1800s
[t=   2473.0565][DISPATCH              ] wf=16 task=1622 vm=35
[t=   2473.4165][TASK-COMPLETE         ] task=1649 wf=16 vm=39(reserved) actualCPU=11.4620s
[t=   2473.4165][DISPATCH              ] wf=16 task=1630 vm=39
[t=   2474.2395][TASK-COMPLETE         ] task=1650 wf=16 vm=42(reserved) actualCPU=11.2530s
[t=   2474.2395][DISPATCH              ] wf=16 task=1651 vm=42
[t=   2474.9895][TASK-COMPLETE         ] task=1646 wf=16 vm=10(reserved) actualCPU=9.1990s
[t=   2474.9895][DISPATCH              ] wf=16 task=1652 vm=10
[t=   2475.1295][TASK-COMPLETE         ] task=1619 wf=16 vm=34(reserved) actualCPU=10.8700s
[t=   2475.1295][DISPATCH              ] wf=16 task=1653 vm=34
[t=   2475.1635][TASK-COMPLETE         ] task=1613 wf=16 vm=40(reserved) actualCPU=11.7400s
[t=   2475.1635][DISPATCH              ] wf=16 task=1657 vm=40
[t=   2475.6035][TASK-COMPLETE         ] task=1623 wf=16 vm=49(reserved) actualCPU=11.0310s
[t=   2475.6035][DISPATCH              ] wf=2 task=278 vm=49
[t=   2475.9695][TASK-COMPLETE         ] task=1656 wf=16 vm=46(reserved) actualCPU=9.6830s
[t=   2475.9695][DISPATCH              ] wf=2 task=276 vm=46
[t=   2476.2555][TASK-COMPLETE         ] task=1654 wf=16 vm=15(reserved) actualCPU=10.4500s
[t=   2476.2555][DISPATCH              ] wf=2 task=199 vm=15
[t=   2476.6255][TASK-COMPLETE         ] task=278 wf=2 vm=49(reserved) actualCPU=1.0220s
[t=   2476.6255][DISPATCH              ] wf=2 task=282 vm=49
[t=   2476.6875][TASK-COMPLETE         ] task=1655 wf=16 vm=5(reserved) actualCPU=10.7200s
[t=   2476.6875][DISPATCH              ] wf=3 task=344 vm=5
[t=   2476.9575][TASK-COMPLETE         ] task=199 wf=2 vm=15(reserved) actualCPU=0.7020s
[t=   2476.9575][DISPATCH              ] wf=3 task=346 vm=15
[t=   2477.1445][TASK-COMPLETE         ] task=276 wf=2 vm=46(reserved) actualCPU=1.1750s
[t=   2477.1445][DISPATCH              ] wf=3 task=354 vm=46
[t=   2477.4245][TASK-COMPLETE         ] task=344 wf=3 vm=5(reserved) actualCPU=0.7370s
[t=   2477.4245][DISPATCH              ] wf=3 task=348 vm=5
[t=   2477.4415][TASK-COMPLETE         ] task=282 wf=2 vm=49(reserved) actualCPU=0.8160s
[t=   2477.4415][DISPATCH              ] wf=3 task=352 vm=49
[t=   2477.8735][TASK-COMPLETE         ] task=346 wf=3 vm=15(reserved) actualCPU=0.9160s
[t=   2477.8735][DISPATCH              ] wf=17 task=1702 vm=15
[t=   2478.0255][TASK-COMPLETE         ] task=348 wf=3 vm=5(reserved) actualCPU=0.6010s
[t=   2478.0255][DISPATCH              ] wf=17 task=1706 vm=5
[t=   2478.1255][TASK-COMPLETE         ] task=1658 wf=16 vm=13(reserved) actualCPU=9.2340s
[t=   2478.1255][DISPATCH              ] wf=17 task=1721 vm=13
[t=   2478.1425][TASK-COMPLETE         ] task=354 wf=3 vm=46(reserved) actualCPU=0.9980s
[t=   2478.1425][DISPATCH              ] wf=17 task=1707 vm=46
[t=   2478.1575][TASK-COMPLETE         ] task=1313 wf=13 vm=24(reserved) actualCPU=355.2150s
[t=   2478.1575][DISPATCH              ] wf=17 task=1715 vm=24
[t=   2478.5285][TASK-COMPLETE         ] task=352 wf=3 vm=49(reserved) actualCPU=1.0870s
[t=   2478.5285][DISPATCH              ] wf=17 task=1724 vm=49
[t=   2479.4005][TASK-COMPLETE         ] task=1659 wf=16 vm=16(reserved) actualCPU=7.5580s
[t=   2479.4005][DISPATCH              ] wf=17 task=1708 vm=16
[t=   2480.9615][TASK-COMPLETE         ] task=1620 wf=16 vm=4(reserved) actualCPU=9.7050s
[t=   2480.9615][DISPATCH              ] wf=17 task=1716 vm=4
[t=   2481.5255][TASK-COMPLETE         ] task=1614 wf=16 vm=47(reserved) actualCPU=11.2480s
[t=   2481.5255][DISPATCH              ] wf=17 task=1725 vm=47
[t=   2481.6375][TASK-COMPLETE         ] task=1663 wf=16 vm=11(reserved) actualCPU=9.2180s
[t=   2481.6375][DISPATCH              ] wf=17 task=1726 vm=11
[t=   2482.1875][TASK-COMPLETE         ] task=1661 wf=16 vm=33(reserved) actualCPU=10.1490s
[t=   2482.1875][DISPATCH              ] wf=17 task=1709 vm=33
[t=   2483.0715][TASK-COMPLETE         ] task=1630 wf=16 vm=39(reserved) actualCPU=9.6550s
[t=   2483.0715][DISPATCH              ] wf=17 task=1717 vm=39
[t=   2483.1785][TASK-COMPLETE         ] task=1660 wf=16 vm=28(reserved) actualCPU=11.2260s
[t=   2483.1785][DISPATCH              ] wf=17 task=1731 vm=28
[t=   2483.6595][TASK-COMPLETE         ] task=1651 wf=16 vm=42(reserved) actualCPU=9.4200s
[t=   2483.6595][DISPATCH              ] wf=17 task=1732 vm=42
[t=   2484.2765][TASK-COMPLETE         ] task=1323 wf=13 vm=18(reserved) actualCPU=312.3250s
[t=   2484.2765][DISPATCH              ] wf=17 task=1733 vm=18
[t=   2484.5805][TASK-COMPLETE         ] task=1662 wf=16 vm=31(reserved) actualCPU=12.2540s
[t=   2484.5805][DISPATCH              ] wf=17 task=1710 vm=31
[t=   2484.6015][TASK-COMPLETE         ] task=1612 wf=16 vm=6(reserved) actualCPU=11.7170s
[t=   2484.6015][DISPATCH              ] wf=17 task=1727 vm=6
[t=   2485.2395][TASK-COMPLETE         ] task=1618 wf=16 vm=41(reserved) actualCPU=12.3270s
[t=   2485.2395][DISPATCH              ] wf=17 task=1735 vm=41
[t=   2485.3525][TASK-COMPLETE         ] task=1622 wf=16 vm=35(reserved) actualCPU=12.2960s
[t=   2485.3525][DISPATCH              ] wf=17 task=1736 vm=35
[t=   2485.4415][TASK-COMPLETE         ] task=1653 wf=16 vm=34(reserved) actualCPU=10.3120s
[t=   2485.4415][DISPATCH              ] wf=17 task=1737 vm=34
[t=   2486.4895][TASK-COMPLETE         ] task=1652 wf=16 vm=10(reserved) actualCPU=11.5000s
[t=   2486.4895][DISPATCH              ] wf=17 task=1703 vm=10
[t=   2486.8165][TASK-COMPLETE         ] task=1657 wf=16 vm=40(reserved) actualCPU=11.6530s
[t=   2486.8165][DISPATCH              ] wf=17 task=1711 vm=40
[t=   2486.9405][TASK-COMPLETE         ] task=1702 wf=17 vm=15(reserved) actualCPU=9.0670s
[t=   2486.9405][DISPATCH              ] wf=17 task=1728 vm=15
[t=   2487.2055][TASK-COMPLETE         ] task=1724 wf=17 vm=49(reserved) actualCPU=8.6770s
[t=   2487.2055][DISPATCH              ] wf=17 task=1740 vm=49
[t=   2488.0455][TASK-COMPLETE         ] task=1707 wf=17 vm=46(reserved) actualCPU=9.9030s
[t=   2488.0455][DISPATCH              ] wf=17 task=1729 vm=46
[t=   2489.2965][TASK-COMPLETE         ] task=1721 wf=17 vm=13(reserved) actualCPU=11.1710s
[t=   2489.2965][DISPATCH              ] wf=17 task=1738 vm=13
[t=   2489.7495][TASK-COMPLETE         ] task=1706 wf=17 vm=5(reserved) actualCPU=11.7240s
[t=   2489.7495][DISPATCH              ] wf=17 task=1741 vm=5
[t=   2489.8585][TASK-COMPLETE         ] task=1715 wf=17 vm=24(reserved) actualCPU=11.7010s
[t=   2489.8585][DISPATCH              ] wf=17 task=1742 vm=24
[t=   2489.9725][TASK-COMPLETE         ] task=1708 wf=17 vm=16(reserved) actualCPU=10.5720s
[t=   2489.9725][DISPATCH              ] wf=17 task=1743 vm=16
[t=   2491.7285][TASK-COMPLETE         ] task=1709 wf=17 vm=33(reserved) actualCPU=9.5410s
[t=   2491.7285][DISPATCH              ] wf=17 task=1744 vm=33
[t=   2492.2755][TASK-COMPLETE         ] task=1725 wf=17 vm=47(reserved) actualCPU=10.7500s
[t=   2492.2755][DISPATCH              ] wf=17 task=1745 vm=47
[t=   2492.5445][TASK-COMPLETE         ] task=1716 wf=17 vm=4(reserved) actualCPU=11.5830s
[t=   2492.5445][DISPATCH              ] wf=17 task=1704 vm=4
[t=   2492.8845][TASK-COMPLETE         ] task=1726 wf=17 vm=11(reserved) actualCPU=11.2470s
[t=   2492.8845][DISPATCH              ] wf=17 task=1734 vm=11
[t=   2493.0945][TASK-COMPLETE         ] task=1717 wf=17 vm=39(reserved) actualCPU=10.0230s
[t=   2493.0945][DISPATCH              ] wf=17 task=1739 vm=39
[t=   2494.4355][TASK-COMPLETE         ] task=1735 wf=17 vm=41(reserved) actualCPU=9.1960s
[t=   2494.4355][DISPATCH              ] wf=17 task=1748 vm=41
[t=   2494.4545][TASK-COMPLETE         ] task=1732 wf=17 vm=42(reserved) actualCPU=10.7950s
[t=   2494.4545][DISPATCH              ] wf=17 task=1749 vm=42
[t=   2495.2175][TASK-COMPLETE         ] task=1731 wf=17 vm=28(reserved) actualCPU=12.0390s
[t=   2495.2175][DISPATCH              ] wf=3 task=299 vm=28
[t=   2495.6315][TASK-COMPLETE         ] task=1727 wf=17 vm=6(reserved) actualCPU=11.0300s
[t=   2495.6315][DISPATCH              ] wf=3 task=350 vm=6
[t=   2496.0075][TASK-COMPLETE         ] task=299 wf=3 vm=28(reserved) actualCPU=0.7900s
[t=   2496.0075][DISPATCH              ] wf=17 task=1705 vm=28
[t=   2496.1235][TASK-COMPLETE         ] task=1703 wf=17 vm=10(reserved) actualCPU=9.6340s
[t=   2496.1235][DISPATCH              ] wf=17 task=1713 vm=10
[t=   2496.1745][TASK-COMPLETE         ] task=1728 wf=17 vm=15(reserved) actualCPU=9.2340s
[t=   2496.1745][DISPATCH              ] wf=17 task=1719 vm=15
[t=   2496.2875][TASK-COMPLETE         ] task=1737 wf=17 vm=34(reserved) actualCPU=10.8460s
[t=   2496.2875][DISPATCH              ] wf=17 task=1723 vm=34
[t=   2496.3045][TASK-COMPLETE         ] task=1710 wf=17 vm=31(reserved) actualCPU=11.7240s
[t=   2496.3045][DISPATCH              ] wf=17 task=1746 vm=31
[t=   2496.6085][TASK-COMPLETE         ] task=1733 wf=17 vm=18(reserved) actualCPU=12.3320s
[t=   2496.6085][DISPATCH              ] wf=17 task=1754 vm=18
[t=   2496.6285][TASK-COMPLETE         ] task=350 wf=3 vm=6(reserved) actualCPU=0.9970s
[t=   2496.6285][DISPATCH              ] wf=17 task=1755 vm=6
[t=   2496.8655][TASK-COMPLETE         ] task=1711 wf=17 vm=40(reserved) actualCPU=10.0490s
[t=   2496.8655][DISPATCH              ] wf=17 task=1756 vm=40
[t=   2496.8835][TASK-COMPLETE         ] task=1740 wf=17 vm=49(reserved) actualCPU=9.6780s
[t=   2496.8835][DISPATCH              ] wf=17 task=1758 vm=49
[t=   2497.1925][TASK-COMPLETE         ] task=1736 wf=17 vm=35(reserved) actualCPU=11.8400s
[t=   2497.1925][DISPATCH              ] wf=17 task=1712 vm=35
[t=   2497.6085][TASK-COMPLETE         ] task=1729 wf=17 vm=46(reserved) actualCPU=9.5630s
[t=   2497.6085][DISPATCH              ] wf=17 task=1718 vm=46
[t=   2498.2875][TASK-COMPLETE         ] task=1743 wf=17 vm=16(reserved) actualCPU=8.3150s
[t=   2498.2875][DISPATCH              ] wf=17 task=1722 vm=16
[t=   2499.7505][TASK-COMPLETE         ] task=1738 wf=17 vm=13(reserved) actualCPU=10.4540s
[t=   2499.7505][DISPATCH              ] wf=17 task=1730 vm=13
[t=   2500.0215][TASK-COMPLETE         ] task=1741 wf=17 vm=5(reserved) actualCPU=10.2720s
[t=   2500.0215][DISPATCH              ] wf=17 task=1751 vm=5
[t=   2500.9355][TASK-COMPLETE         ] task=1742 wf=17 vm=24(reserved) actualCPU=11.0770s
[t=   2500.9355][DISPATCH              ] wf=17 task=1752 vm=24
[t=   2501.6165][TASK-COMPLETE         ] task=1744 wf=17 vm=33(reserved) actualCPU=9.8880s
[t=   2501.6165][DISPATCH              ] wf=17 task=1757 vm=33
[t=   2502.2195][TASK-COMPLETE         ] task=1704 wf=17 vm=4(reserved) actualCPU=9.6750s
[t=   2502.2195][DISPATCH              ] wf=17 task=1747 vm=4
[t=   2502.2405][TASK-COMPLETE         ] task=1745 wf=17 vm=47(reserved) actualCPU=9.9650s
[t=   2502.2405][DISPATCH              ] wf=17 task=1750 vm=47
[t=   2503.4725][TASK-COMPLETE         ] task=684 wf=6 vm=14(reserved) actualCPU=2272.6340s
[t=   2503.4725][DISPATCH              ] wf=17 task=1714 vm=14
[t=   2503.8175][TASK-COMPLETE         ] task=1734 wf=17 vm=11(reserved) actualCPU=10.9330s
[t=   2503.8175][DISPATCH              ] wf=17 task=1720 vm=11
[t=   2504.7395][TASK-COMPLETE         ] task=1739 wf=17 vm=39(reserved) actualCPU=11.6450s
[t=   2504.7395][DISPATCH              ] wf=17 task=1753 vm=39
[t=   2505.5475][TASK-COMPLETE         ] task=1748 wf=17 vm=41(reserved) actualCPU=11.1120s
[t=   2505.5475][DISPATCH              ] wf=17 task=1759 vm=41
[t=   2505.5955][TASK-COMPLETE         ] task=1746 wf=17 vm=31(reserved) actualCPU=9.2910s
[t=   2505.5955][DISPATCH              ] wf=17 task=1760 vm=31
[t=   2505.8365][TASK-COMPLETE         ] task=1719 wf=17 vm=15(reserved) actualCPU=9.6620s
[t=   2505.8365][DISPATCH              ] wf=17 task=1761 vm=15
[t=   2506.4625][TASK-COMPLETE         ] task=1705 wf=17 vm=28(reserved) actualCPU=10.4550s
[t=   2506.4625][DISPATCH              ] wf=17 task=1762 vm=28
[t=   2506.8375][TASK-COMPLETE         ] task=1755 wf=17 vm=6(reserved) actualCPU=10.2090s
[t=   2506.8375][DISPATCH              ] wf=17 task=1763 vm=6
[t=   2507.0195][TASK-COMPLETE         ] task=1723 wf=17 vm=34(reserved) actualCPU=10.7320s
[t=   2507.0195][DISPATCH              ] wf=18 task=1802 vm=34
[t=   2507.0715][TASK-COMPLETE         ] task=1749 wf=17 vm=42(reserved) actualCPU=12.6170s
[t=   2507.0715][DISPATCH              ] wf=18 task=1806 vm=42
[t=   2507.8035][TASK-COMPLETE         ] task=1713 wf=17 vm=10(reserved) actualCPU=11.6800s
[t=   2507.8035][DISPATCH              ] wf=18 task=1807 vm=10
[t=   2508.1125][TASK-COMPLETE         ] task=1718 wf=17 vm=46(reserved) actualCPU=10.5040s
[t=   2508.1125][DISPATCH              ] wf=18 task=1815 vm=46
[t=   2508.3995][TASK-COMPLETE         ] task=1722 wf=17 vm=16(reserved) actualCPU=10.1120s
[t=   2508.3995][DISPATCH              ] wf=18 task=1821 vm=16
[t=   2508.5095][TASK-COMPLETE         ] task=1712 wf=17 vm=35(reserved) actualCPU=11.3170s
[t=   2508.5095][DISPATCH              ] wf=18 task=1824 vm=35
[t=   2508.5675][TASK-COMPLETE         ] task=1758 wf=17 vm=49(reserved) actualCPU=11.6840s
[t=   2508.5675][DISPATCH              ] wf=18 task=1808 vm=49
[t=   2508.8875][TASK-COMPLETE         ] task=1754 wf=17 vm=18(reserved) actualCPU=12.2790s
[t=   2508.8875][DISPATCH              ] wf=18 task=1816 vm=18
[t=   2508.9455][TASK-COMPLETE         ] task=1730 wf=17 vm=13(reserved) actualCPU=9.1950s
[t=   2508.9455][DISPATCH              ] wf=18 task=1825 vm=13
[t=   2509.2905][TASK-COMPLETE         ] task=1756 wf=17 vm=40(reserved) actualCPU=12.4250s
[t=   2509.2905][DISPATCH              ] wf=18 task=1826 vm=40
[t=   2511.2715][TASK-COMPLETE         ] task=1757 wf=17 vm=33(reserved) actualCPU=9.6550s
[t=   2511.2715][DISPATCH              ] wf=18 task=1809 vm=33
[t=   2511.4525][TASK-COMPLETE         ] task=1751 wf=17 vm=5(reserved) actualCPU=11.4310s
[t=   2511.4525][DISPATCH              ] wf=18 task=1817 vm=5
[t=   2511.8485][TASK-COMPLETE         ] task=1752 wf=17 vm=24(reserved) actualCPU=10.9130s
[t=   2511.8485][DISPATCH              ] wf=18 task=1831 vm=24
[t=   2512.4305][TASK-COMPLETE         ] task=1750 wf=17 vm=47(reserved) actualCPU=10.1900s
[t=   2512.4305][DISPATCH              ] wf=18 task=1832 vm=47
[t=   2512.9595][TASK-COMPLETE         ] task=1720 wf=17 vm=11(reserved) actualCPU=9.1420s
[t=   2512.9595][DISPATCH              ] wf=18 task=1833 vm=11
[t=   2514.4825][TASK-COMPLETE         ] task=1747 wf=17 vm=4(reserved) actualCPU=12.2630s
[t=   2514.4825][DISPATCH              ] wf=18 task=1810 vm=4
[t=   2514.7115][TASK-COMPLETE         ] task=1753 wf=17 vm=39(reserved) actualCPU=9.9720s
[t=   2514.7115][DISPATCH              ] wf=18 task=1827 vm=39
[t=   2515.1775][TASK-COMPLETE         ] task=1714 wf=17 vm=14(reserved) actualCPU=11.7050s
[t=   2515.1775][DISPATCH              ] wf=18 task=1835 vm=14
[t=   2515.7195][TASK-COMPLETE         ] task=1760 wf=17 vm=31(reserved) actualCPU=10.1240s
[t=   2515.7195][DISPATCH              ] wf=18 task=1836 vm=31
[t=   2515.7315][TASK-COMPLETE         ] task=1802 wf=18 vm=34(reserved) actualCPU=8.7120s
[t=   2515.7315][DISPATCH              ] wf=18 task=1837 vm=34
[t=   2515.9745][TASK-COMPLETE         ] task=1761 wf=17 vm=15(reserved) actualCPU=10.1380s
[t=   2515.9745][DISPATCH              ] wf=18 task=1803 vm=15
[t=   2516.2375][TASK-COMPLETE         ] task=1762 wf=17 vm=28(reserved) actualCPU=9.7750s
[t=   2516.2375][DISPATCH              ] wf=18 task=1811 vm=28
[t=   2516.6395][TASK-COMPLETE         ] task=1763 wf=17 vm=6(reserved) actualCPU=9.8020s
[t=   2516.6395][DISPATCH              ] wf=18 task=1828 vm=6
[t=   2516.8965][TASK-COMPLETE         ] task=1759 wf=17 vm=41(reserved) actualCPU=11.3490s
[t=   2516.8965][DISPATCH              ] wf=18 task=1840 vm=41
[t=   2517.5415][TASK-COMPLETE         ] task=1806 wf=18 vm=42(reserved) actualCPU=10.4700s
[t=   2517.5415][DISPATCH              ] wf=18 task=1804 vm=42
[t=   2517.9105][TASK-COMPLETE         ] task=1807 wf=18 vm=10(reserved) actualCPU=10.1070s
[t=   2517.9105][DISPATCH              ] wf=18 task=1834 vm=10
[t=   2518.5235][TASK-COMPLETE         ] task=1815 wf=18 vm=46(reserved) actualCPU=10.4110s
[t=   2518.5235][DISPATCH              ] wf=18 task=1839 vm=46
[t=   2518.8675][TASK-COMPLETE         ] task=1808 wf=18 vm=49(reserved) actualCPU=10.3000s
[t=   2518.8675][DISPATCH              ] wf=18 task=1848 vm=49
[t=   2518.9755][TASK-COMPLETE         ] task=1826 wf=18 vm=40(reserved) actualCPU=9.6850s
[t=   2518.9755][DISPATCH              ] wf=18 task=1849 vm=40
[t=   2519.3265][TASK-COMPLETE         ] task=1821 wf=18 vm=16(reserved) actualCPU=10.9270s
[t=   2519.3265][DISPATCH              ] wf=18 task=1829 vm=16
[t=   2520.4815][TASK-COMPLETE         ] task=1825 wf=18 vm=13(reserved) actualCPU=11.5360s
[t=   2520.4815][DISPATCH              ] wf=18 task=1838 vm=13
[t=   2520.5195][TASK-COMPLETE         ] task=1824 wf=18 vm=35(reserved) actualCPU=12.0100s
[t=   2520.5195][DISPATCH              ] wf=18 task=1841 vm=35
[t=   2520.6755][TASK-COMPLETE         ] task=1816 wf=18 vm=18(reserved) actualCPU=11.7880s
[t=   2520.6755][DISPATCH              ] wf=18 task=1842 vm=18
[t=   2520.9825][TASK-COMPLETE         ] task=1809 wf=18 vm=33(reserved) actualCPU=9.7110s
[t=   2520.9825][DISPATCH              ] wf=18 task=1843 vm=33
[t=   2522.1235][TASK-COMPLETE         ] task=1817 wf=18 vm=5(reserved) actualCPU=10.6710s
[t=   2522.1235][DISPATCH              ] wf=18 task=1844 vm=5
[t=   2522.9045][TASK-COMPLETE         ] task=1831 wf=18 vm=24(reserved) actualCPU=11.0560s
[t=   2522.9045][DISPATCH              ] wf=18 task=1845 vm=24
[t=   2522.9785][TASK-COMPLETE         ] task=1832 wf=18 vm=47(reserved) actualCPU=10.5480s
[t=   2522.9785][DISPATCH              ] wf=18 task=1812 vm=47
[t=   2523.5595][TASK-COMPLETE         ] task=1833 wf=18 vm=11(reserved) actualCPU=10.6000s
[t=   2523.5595][DISPATCH              ] wf=18 task=1818 vm=11
[t=   2524.8165][TASK-COMPLETE         ] task=1810 wf=18 vm=4(reserved) actualCPU=10.3340s
[t=   2524.8165][DISPATCH              ] wf=18 task=1822 vm=4
[t=   2525.2985][TASK-COMPLETE         ] task=1835 wf=18 vm=14(reserved) actualCPU=10.1210s
[t=   2525.2985][DISPATCH              ] wf=18 task=1830 vm=14
[t=   2525.3545][TASK-COMPLETE         ] task=1827 wf=18 vm=39(reserved) actualCPU=10.6430s
[t=   2525.3545][DISPATCH              ] wf=18 task=1851 vm=39
[t=   2525.5255][TASK-COMPLETE         ] task=1837 wf=18 vm=34(reserved) actualCPU=9.7940s
[t=   2525.5255][DISPATCH              ] wf=18 task=1852 vm=34
[t=   2525.6145][TASK-COMPLETE         ] task=1828 wf=18 vm=6(reserved) actualCPU=8.9750s
[t=   2525.6145][DISPATCH              ] wf=18 task=1805 vm=6
[t=   2526.1445][TASK-COMPLETE         ] task=1803 wf=18 vm=15(reserved) actualCPU=10.1700s
[t=   2526.1445][DISPATCH              ] wf=18 task=1813 vm=15
[t=   2526.2355][TASK-COMPLETE         ] task=1836 wf=18 vm=31(reserved) actualCPU=10.5160s
[t=   2526.2355][DISPATCH              ] wf=18 task=1819 vm=31
[t=   2526.4635][TASK-COMPLETE         ] task=1811 wf=18 vm=28(reserved) actualCPU=10.2260s
[t=   2526.4635][DISPATCH              ] wf=18 task=1823 vm=28
[t=   2526.7295][TASK-COMPLETE         ] task=1840 wf=18 vm=41(reserved) actualCPU=9.8330s
[t=   2526.7295][DISPATCH              ] wf=18 task=1846 vm=41
[t=   2527.6045][TASK-COMPLETE         ] task=1834 wf=18 vm=10(reserved) actualCPU=9.6940s
[t=   2527.6045][DISPATCH              ] wf=18 task=1854 vm=10
[t=   2528.2535][TASK-COMPLETE         ] task=1848 wf=18 vm=49(reserved) actualCPU=9.3860s
[t=   2528.2535][DISPATCH              ] wf=18 task=1855 vm=49
[t=   2528.8635][TASK-COMPLETE         ] task=1839 wf=18 vm=46(reserved) actualCPU=10.3400s
[t=   2528.8635][DISPATCH              ] wf=18 task=1856 vm=46
[t=   2529.4035][TASK-COMPLETE         ] task=1804 wf=18 vm=42(reserved) actualCPU=11.8620s
[t=   2529.4035][DISPATCH              ] wf=18 task=1857 vm=42
[t=   2529.4205][TASK-COMPLETE         ] task=1842 wf=18 vm=18(reserved) actualCPU=8.7450s
[t=   2529.4205][DISPATCH              ] wf=18 task=1858 vm=18
[t=   2529.6005][TASK-COMPLETE         ] task=1315 wf=13 vm=20(reserved) actualCPU=403.5370s
[t=   2529.6005][DISPATCH              ] wf=18 task=1847 vm=20
[t=   2529.7585][TASK-COMPLETE         ] task=1849 wf=18 vm=40(reserved) actualCPU=10.7830s
[t=   2529.7585][DISPATCH              ] wf=18 task=1850 vm=40
[t=   2530.4615][TASK-COMPLETE         ] task=1829 wf=18 vm=16(reserved) actualCPU=11.1350s
[t=   2530.4615][DISPATCH              ] wf=18 task=1814 vm=16
[t=   2531.3715][TASK-COMPLETE         ] task=1841 wf=18 vm=35(reserved) actualCPU=10.8520s
[t=   2531.3715][DISPATCH              ] wf=18 task=1820 vm=35
[t=   2531.6525][TASK-COMPLETE         ] task=1844 wf=18 vm=5(reserved) actualCPU=9.5290s
[t=   2531.6525][DISPATCH              ] wf=18 task=1853 vm=5
[t=   2531.8755][TASK-COMPLETE         ] task=1838 wf=18 vm=13(reserved) actualCPU=11.3940s
[t=   2531.8755][DISPATCH              ] wf=18 task=1859 vm=13
[t=   2532.5085][TASK-COMPLETE         ] task=1845 wf=18 vm=24(reserved) actualCPU=9.6040s
[t=   2532.5085][DISPATCH              ] wf=18 task=1860 vm=24
[t=   2532.7315][TASK-COMPLETE         ] task=1843 wf=18 vm=33(reserved) actualCPU=11.7490s
[t=   2532.7315][DISPATCH              ] wf=18 task=1861 vm=33
[t=   2533.4875][TASK-COMPLETE         ] task=1818 wf=18 vm=11(reserved) actualCPU=9.9280s
[t=   2533.4875][DISPATCH              ] wf=18 task=1862 vm=11
[t=   2534.8845][TASK-COMPLETE         ] task=1805 wf=18 vm=6(reserved) actualCPU=9.2700s
[t=   2534.8845][DISPATCH              ] wf=18 task=1863 vm=6
[t=   2534.9175][TASK-COMPLETE         ] task=1812 wf=18 vm=47(reserved) actualCPU=11.9390s
[t=   2534.9175][DISPATCH              ] wf=7 task=738 vm=47
[t=   2535.1155][TASK-COMPLETE         ] task=1852 wf=18 vm=34(reserved) actualCPU=9.5900s
[t=   2535.1155][DISPATCH              ] wf=7 task=740 vm=34
[t=   2535.5325][TASK-COMPLETE         ] task=1851 wf=18 vm=39(reserved) actualCPU=10.1780s
[t=   2535.5325][DISPATCH              ] wf=19 task=1920 vm=39
[t=   2535.6985][TASK-COMPLETE         ] task=1830 wf=18 vm=14(reserved) actualCPU=10.4000s
[t=   2535.6985][DISPATCH              ] wf=19 task=1922 vm=14
[t=   2536.0905][TASK-COMPLETE         ] task=1846 wf=18 vm=41(reserved) actualCPU=9.3610s
[t=   2536.0905][DISPATCH              ] wf=19 task=1924 vm=41
[t=   2536.9735][TASK-COMPLETE         ] task=1819 wf=18 vm=31(reserved) actualCPU=10.7380s
[t=   2536.9735][DISPATCH              ] wf=19 task=1926 vm=31
[t=   2537.2545][TASK-COMPLETE         ] task=1822 wf=18 vm=4(reserved) actualCPU=12.4380s
[t=   2537.2545][DISPATCH              ] wf=19 task=1928 vm=4
[t=   2538.3375][TASK-COMPLETE         ] task=1823 wf=18 vm=28(reserved) actualCPU=11.8740s
[t=   2538.3375][DISPATCH              ] wf=7 task=739 vm=28
[t=   2538.5835][TASK-COMPLETE         ] task=1813 wf=18 vm=15(reserved) actualCPU=12.4390s
[t=   2538.5835][DISPATCH              ] wf=19 task=1909 vm=15
[t=   2538.8785][TASK-COMPLETE         ] task=1856 wf=18 vm=46(reserved) actualCPU=10.0150s
[t=   2538.8785][DISPATCH              ] wf=19 task=1911 vm=46
[t=   2538.9225][TASK-COMPLETE         ] task=1854 wf=18 vm=10(reserved) actualCPU=11.3180s
[t=   2538.9225][DISPATCH              ] wf=19 task=1913 vm=10
[t=   2539.1725][TASK-COMPLETE         ] task=740 wf=7 vm=34(reserved) actualCPU=4.0570s
[t=   2539.1725][DISPATCH              ] wf=19 task=1915 vm=34
[t=   2539.4455][TASK-COMPLETE         ] task=1855 wf=18 vm=49(reserved) actualCPU=11.1920s
[t=   2539.4455][DISPATCH              ] wf=19 task=1917 vm=49
[t=   2539.8695][TASK-COMPLETE         ] task=1857 wf=18 vm=42(reserved) actualCPU=10.4660s
[t=   2539.8695][DISPATCH              ] wf=19 task=1898 vm=42
[t=   2540.4665][TASK-COMPLETE         ] task=738 wf=7 vm=47(reserved) actualCPU=5.5490s
[t=   2540.4665][DISPATCH              ] wf=19 task=1900 vm=47
[t=   2540.8485][TASK-COMPLETE         ] task=1847 wf=18 vm=20(reserved) actualCPU=11.2480s
[t=   2540.8485][DISPATCH              ] wf=19 task=1902 vm=20
[t=   2540.9035][TASK-COMPLETE         ] task=1324 wf=13 vm=44(reserved) actualCPU=363.2330s
[t=   2540.9035][DISPATCH              ] wf=19 task=1904 vm=44
[t=   2540.9735][TASK-COMPLETE         ] task=1858 wf=18 vm=18(reserved) actualCPU=11.5530s
[t=   2540.9735][DISPATCH              ] wf=19 task=1906 vm=18
[t=   2541.1945][TASK-COMPLETE         ] task=1850 wf=18 vm=40(reserved) actualCPU=11.4360s
[t=   2541.1945][DISPATCH              ] wf=19 task=1889 vm=40
[t=   2541.2065][TASK-COMPLETE         ] task=1814 wf=18 vm=16(reserved) actualCPU=10.7450s
[t=   2541.2065][DISPATCH              ] wf=19 task=1891 vm=16
[t=   2541.7285][TASK-COMPLETE         ] task=1853 wf=18 vm=5(reserved) actualCPU=10.0760s
[t=   2541.7285][DISPATCH              ] wf=19 task=1893 vm=5
[t=   2541.7905][TASK-COMPLETE         ] task=1861 wf=18 vm=33(reserved) actualCPU=9.0590s
[t=   2541.7905][DISPATCH              ] wf=19 task=1895 vm=33
[t=   2542.0095][TASK-COMPLETE         ] task=1321 wf=13 vm=36(reserved) actualCPU=376.0560s
[t=   2542.0095][DISPATCH              ] wf=8 task=838 vm=36
[t=   2542.4965][TASK-COMPLETE         ] task=1859 wf=18 vm=13(reserved) actualCPU=10.6210s
[t=   2542.4965][DISPATCH              ] wf=19 task=1931 vm=13
[t=   2543.3835][TASK-COMPLETE         ] task=1327 wf=13 vm=2(reserved) actualCPU=363.3140s
[t=   2543.3835][DISPATCH              ] wf=19 task=1933 vm=2
[t=   2543.5275][TASK-COMPLETE         ] task=1820 wf=18 vm=35(reserved) actualCPU=12.1560s
[t=   2543.5275][DISPATCH              ] wf=19 task=1935 vm=35
[t=   2543.6345][TASK-COMPLETE         ] task=1860 wf=18 vm=24(reserved) actualCPU=11.1260s
[t=   2543.6345][DISPATCH              ] wf=19 task=1937 vm=24
[t=   2544.6405][TASK-COMPLETE         ] task=739 wf=7 vm=28(reserved) actualCPU=6.3030s
[t=   2544.6405][DISPATCH              ] wf=19 task=1939 vm=28
[t=   2544.8035][TASK-COMPLETE         ] task=1862 wf=18 vm=11(reserved) actualCPU=11.3160s
[t=   2544.8035][DISPATCH              ] wf=19 task=1941 vm=11
[t=   2547.6605][TASK-COMPLETE         ] task=1863 wf=18 vm=6(reserved) actualCPU=12.7760s
[t=   2547.6605][DISPATCH              ] wf=19 task=1972 vm=6
[t=   2547.8805][TASK-COMPLETE         ] task=838 wf=8 vm=36(reserved) actualCPU=5.8710s
[t=   2547.8805][DISPATCH              ] wf=19 task=1974 vm=36
[t=   2555.6765][TASK-COMPLETE         ] task=1329 wf=13 vm=38(reserved) actualCPU=359.6740s
[t=   2555.6765][DISPATCH              ] wf=19 task=1976 vm=38
[t=   2557.0235][TASK-COMPLETE         ] task=1134 wf=11 vm=23(reserved) actualCPU=582.5060s
[t=   2557.0235][DISPATCH              ] wf=19 task=1978 vm=23
[t=   2562.7105][TASK-COMPLETE         ] task=1926 wf=19 vm=31(reserved) actualCPU=25.7370s
[t=   2562.7105][DISPATCH              ] wf=19 task=1980 vm=31
[t=   2565.6055][TASK-COMPLETE         ] task=1900 wf=19 vm=47(reserved) actualCPU=25.1390s
[t=   2565.6055][DISPATCH              ] wf=19 task=1982 vm=47
[t=   2566.4605][TASK-COMPLETE         ] task=1931 wf=19 vm=13(reserved) actualCPU=23.9640s
[t=   2566.4605][DISPATCH              ] wf=19 task=1984 vm=13
[t=   2567.7845][TASK-COMPLETE         ] task=1913 wf=19 vm=10(reserved) actualCPU=28.8620s
[t=   2567.7845][DISPATCH              ] wf=19 task=1944 vm=10
[t=   2568.1025][TASK-COMPLETE         ] task=1933 wf=19 vm=2(reserved) actualCPU=24.7190s
[t=   2568.1025][DISPATCH              ] wf=19 task=1946 vm=2
[t=   2569.2535][TASK-COMPLETE         ] task=1333 wf=13 vm=30(reserved) actualCPU=349.3620s
[t=   2569.2535][DISPATCH              ] wf=19 task=1948 vm=30
[t=   2569.2645][TASK-COMPLETE         ] task=1902 wf=19 vm=20(reserved) actualCPU=28.4160s
[t=   2569.2645][DISPATCH              ] wf=19 task=1950 vm=20
[t=   2569.4205][TASK-COMPLETE         ] task=1928 wf=19 vm=4(reserved) actualCPU=32.1660s
[t=   2569.4205][DISPATCH              ] wf=19 task=1952 vm=4
[t=   2569.4525][TASK-COMPLETE         ] task=1898 wf=19 vm=42(reserved) actualCPU=29.5830s
[t=   2569.4525][DISPATCH              ] wf=19 task=1954 vm=42
[t=   2570.2265][TASK-COMPLETE         ] task=1920 wf=19 vm=39(reserved) actualCPU=34.6940s
[t=   2570.2265][DISPATCH              ] wf=10 task=1024 vm=39
[t=   2571.3485][TASK-COMPLETE         ] task=1024 wf=10 vm=39(reserved) actualCPU=1.1220s
[t=   2571.3485][DISPATCH              ] wf=10 task=1030 vm=39
[t=   2572.2155][TASK-COMPLETE         ] task=1917 wf=19 vm=49(reserved) actualCPU=32.7700s
[t=   2572.2155][DISPATCH              ] wf=10 task=1026 vm=49
[t=   2572.4665][TASK-COMPLETE         ] task=1030 wf=10 vm=39(reserved) actualCPU=1.1180s
[t=   2572.4665][DISPATCH              ] wf=10 task=1028 vm=39
[t=   2572.4985][TASK-COMPLETE         ] task=1922 wf=19 vm=14(reserved) actualCPU=36.8000s
[t=   2572.4985][DISPATCH              ] wf=10 task=1032 vm=14
[t=   2573.1135][TASK-COMPLETE         ] task=1028 wf=10 vm=39(reserved) actualCPU=0.6470s
[t=   2573.1135][DISPATCH              ] wf=19 task=1957 vm=39
[t=   2573.3025][TASK-COMPLETE         ] task=1026 wf=10 vm=49(reserved) actualCPU=1.0870s
[t=   2573.3025][DISPATCH              ] wf=19 task=1959 vm=49
[t=   2573.5725][TASK-COMPLETE         ] task=1032 wf=10 vm=14(reserved) actualCPU=1.0740s
[t=   2573.5725][DISPATCH              ] wf=19 task=1961 vm=14
[t=   2577.1415][TASK-COMPLETE         ] task=1911 wf=19 vm=46(reserved) actualCPU=38.2630s
[t=   2577.1415][DISPATCH              ] wf=19 task=1963 vm=46
[t=   2577.6385][TASK-COMPLETE         ] task=1941 wf=19 vm=11(reserved) actualCPU=32.8350s
[t=   2577.6385][DISPATCH              ] wf=19 task=1965 vm=11
[t=   2578.0165][TASK-COMPLETE         ] task=1924 wf=19 vm=41(reserved) actualCPU=41.9260s
[t=   2578.0165][DISPATCH              ] wf=19 task=1967 vm=41
[t=   2580.5525][TASK-COMPLETE         ] task=1935 wf=19 vm=35(reserved) actualCPU=37.0250s
[t=   2580.5525][DISPATCH              ] wf=19 task=1969 vm=35
[t=   2580.8805][TASK-COMPLETE         ] task=1904 wf=19 vm=44(reserved) actualCPU=39.9770s
[t=   2580.8805][DISPATCH              ] wf=10 task=1002 vm=44
[t=   2581.3085][TASK-COMPLETE         ] task=1906 wf=19 vm=18(reserved) actualCPU=40.3350s
[t=   2581.3085][DISPATCH              ] wf=10 task=1004 vm=18
[t=   2581.5295][TASK-COMPLETE         ] task=1002 wf=10 vm=44(reserved) actualCPU=0.6490s
[t=   2581.5295][DISPATCH              ] wf=10 task=1006 vm=44
[t=   2582.0265][TASK-COMPLETE         ] task=1909 wf=19 vm=15(reserved) actualCPU=43.4430s
[t=   2582.0265][DISPATCH              ] wf=10 task=1010 vm=15
[t=   2582.7305][TASK-COMPLETE         ] task=1004 wf=10 vm=18(reserved) actualCPU=1.4220s
[t=   2582.7305][DISPATCH              ] wf=10 task=1008 vm=18
[t=   2582.8755][TASK-COMPLETE         ] task=1006 wf=10 vm=44(reserved) actualCPU=1.3460s
[t=   2582.8755][DISPATCH              ] wf=1 task=191 vm=44
[t=   2583.1405][TASK-COMPLETE         ] task=1010 wf=10 vm=15(reserved) actualCPU=1.1140s
[t=   2583.1405][DISPATCH              ] wf=10 task=1017 vm=15
[t=   2583.9585][TASK-COMPLETE         ] task=1312 wf=13 vm=7(reserved) actualCPU=460.2070s
[t=   2583.9585][DISPATCH              ] wf=10 task=1013 vm=7
[t=   2584.3385][TASK-COMPLETE         ] task=1017 wf=10 vm=15(reserved) actualCPU=1.1980s
[t=   2584.3385][DISPATCH              ] wf=10 task=1015 vm=15
[t=   2584.3665][TASK-COMPLETE         ] task=1008 wf=10 vm=18(reserved) actualCPU=1.6360s
[t=   2584.3665][DISPATCH              ] wf=10 task=1021 vm=18
[t=   2585.8155][TASK-COMPLETE         ] task=1013 wf=10 vm=7(reserved) actualCPU=1.8570s
[t=   2585.8155][DISPATCH              ] wf=10 task=1019 vm=7
[t=   2585.8545][TASK-COMPLETE         ] task=1015 wf=10 vm=15(reserved) actualCPU=1.5160s
[t=   2585.8545][DISPATCH              ] wf=10 task=993 vm=15
[t=   2585.9185][TASK-COMPLETE         ] task=1021 wf=10 vm=18(reserved) actualCPU=1.5520s
[t=   2585.9185][DISPATCH              ] wf=10 task=1048 vm=18
[t=   2586.6405][TASK-COMPLETE         ] task=1019 wf=10 vm=7(reserved) actualCPU=0.8250s
[t=   2586.6405][DISPATCH              ] wf=10 task=995 vm=7
[t=   2586.7865][TASK-COMPLETE         ] task=993 wf=10 vm=15(reserved) actualCPU=0.9320s
[t=   2586.7865][DISPATCH              ] wf=10 task=1058 vm=15
[t=   2586.9695][TASK-COMPLETE         ] task=1048 wf=10 vm=18(reserved) actualCPU=1.0510s
[t=   2586.9695][DISPATCH              ] wf=10 task=997 vm=18
[t=   2587.2445][TASK-COMPLETE         ] task=995 wf=10 vm=7(reserved) actualCPU=0.6040s
[t=   2587.2445][DISPATCH              ] wf=10 task=999 vm=7
[t=   2587.6935][TASK-COMPLETE         ] task=997 wf=10 vm=18(reserved) actualCPU=0.7240s
[t=   2587.6935][DISPATCH              ] wf=10 task=1050 vm=18
[t=   2587.9155][TASK-COMPLETE         ] task=999 wf=10 vm=7(reserved) actualCPU=0.6710s
[t=   2587.9155][DISPATCH              ] wf=1 task=125 vm=7
[t=   2588.0125][TASK-COMPLETE         ] task=1058 wf=10 vm=15(reserved) actualCPU=1.2260s
[t=   2588.0125][DISPATCH              ] wf=10 task=1052 vm=15
[t=   2588.4885][TASK-COMPLETE         ] task=1939 wf=19 vm=28(reserved) actualCPU=43.8480s
[t=   2588.4885][DISPATCH              ] wf=10 task=1054 vm=28
[t=   2589.0515][TASK-COMPLETE         ] task=1050 wf=10 vm=18(reserved) actualCPU=1.3580s
[t=   2589.0515][DISPATCH              ] wf=4 task=422 vm=18
[t=   2589.3495][TASK-COMPLETE         ] task=1052 wf=10 vm=15(reserved) actualCPU=1.3370s
[t=   2589.3495][DISPATCH              ] wf=10 task=1056 vm=15
[t=   2589.8395][TASK-COMPLETE         ] task=1054 wf=10 vm=28(reserved) actualCPU=1.3510s
[t=   2589.8395][DISPATCH              ] wf=10 task=1076 vm=28
[t=   2590.4175][TASK-COMPLETE         ] task=1056 wf=10 vm=15(reserved) actualCPU=1.0680s
[t=   2590.4175][DISPATCH              ] wf=10 task=1078 vm=15
[t=   2590.4805][TASK-COMPLETE         ] task=1954 wf=19 vm=42(reserved) actualCPU=21.0280s
[t=   2590.4805][DISPATCH              ] wf=12 task=1226 vm=42
[t=   2591.1415][TASK-COMPLETE         ] task=1076 wf=10 vm=28(reserved) actualCPU=1.3020s
[t=   2591.1415][DISPATCH              ] wf=12 task=1230 vm=28
[t=   2591.6615][TASK-COMPLETE         ] task=1078 wf=10 vm=15(reserved) actualCPU=1.2440s
[t=   2591.6615][DISPATCH              ] wf=12 task=1224 vm=15
[t=   2591.7295][TASK-COMPLETE         ] task=1226 wf=12 vm=42(reserved) actualCPU=1.2490s
[t=   2591.7295][DISPATCH              ] wf=10 task=1084 vm=42
[t=   2592.2975][TASK-COMPLETE         ] task=1230 wf=12 vm=28(reserved) actualCPU=1.1560s
[t=   2592.2975][DISPATCH              ] wf=10 task=1086 vm=28
[t=   2592.3865][TASK-COMPLETE         ] task=1084 wf=10 vm=42(reserved) actualCPU=0.6570s
[t=   2592.3865][DISPATCH              ] wf=12 task=1232 vm=42
[t=   2592.4555][TASK-COMPLETE         ] task=1224 wf=12 vm=15(reserved) actualCPU=0.7940s
[t=   2592.4555][DISPATCH              ] wf=10 task=1061 vm=15
[t=   2593.3575][TASK-COMPLETE         ] task=1086 wf=10 vm=28(reserved) actualCPU=1.0600s
[t=   2593.3575][DISPATCH              ] wf=12 task=1228 vm=28
[t=   2593.5535][TASK-COMPLETE         ] task=1232 wf=12 vm=42(reserved) actualCPU=1.1670s
[t=   2593.5535][DISPATCH              ] wf=9 task=916 vm=42
[t=   2593.6555][TASK-COMPLETE         ] task=1889 wf=19 vm=40(reserved) actualCPU=52.4610s
[t=   2593.6555][DISPATCH              ] wf=10 task=1088 vm=40
[t=   2593.7655][TASK-COMPLETE         ] task=1061 wf=10 vm=15(reserved) actualCPU=1.3100s
[t=   2593.7655][DISPATCH              ] wf=10 task=1080 vm=15
[t=   2593.9755][TASK-COMPLETE         ] task=1228 wf=12 vm=28(reserved) actualCPU=0.6180s
[t=   2593.9755][DISPATCH              ] wf=10 task=1082 vm=28
[t=   2594.2295][TASK-COMPLETE         ] task=1893 wf=19 vm=5(reserved) actualCPU=52.5010s
[t=   2594.2295][DISPATCH              ] wf=10 task=1065 vm=5
[t=   2594.2795][TASK-COMPLETE         ] task=1944 wf=19 vm=10(reserved) actualCPU=26.4950s
[t=   2594.2795][DISPATCH              ] wf=10 task=1063 vm=10
[t=   2594.5695][TASK-COMPLETE         ] task=1082 wf=10 vm=28(reserved) actualCPU=0.5940s
[t=   2594.5695][DISPATCH              ] wf=10 task=1071 vm=28
[t=   2594.6635][TASK-COMPLETE         ] task=1088 wf=10 vm=40(reserved) actualCPU=1.0080s
[t=   2594.6635][DISPATCH              ] wf=10 task=1035 vm=40
[t=   2594.8015][TASK-COMPLETE         ] task=1080 wf=10 vm=15(reserved) actualCPU=1.0360s
[t=   2594.8015][DISPATCH              ] wf=10 task=1067 vm=15
[t=   2595.0185][TASK-COMPLETE         ] task=1065 wf=10 vm=5(reserved) actualCPU=0.7890s
[t=   2595.0185][DISPATCH              ] wf=12 task=1217 vm=5
[t=   2595.1975][TASK-COMPLETE         ] task=1063 wf=10 vm=10(reserved) actualCPU=0.9180s
[t=   2595.1975][DISPATCH              ] wf=10 task=1037 vm=10
[t=   2595.3295][TASK-COMPLETE         ] task=1035 wf=10 vm=40(reserved) actualCPU=0.6660s
[t=   2595.3295][DISPATCH              ] wf=10 task=1069 vm=40
[t=   2595.3735][TASK-COMPLETE         ] task=1915 wf=19 vm=34(reserved) actualCPU=56.2010s
[t=   2595.3735][DISPATCH              ] wf=12 task=1215 vm=34
[t=   2595.8705][TASK-COMPLETE         ] task=1071 wf=10 vm=28(reserved) actualCPU=1.3010s
[t=   2595.8705][DISPATCH              ] wf=12 task=1221 vm=28
[t=   2595.9665][TASK-COMPLETE         ] task=1067 wf=10 vm=15(reserved) actualCPU=1.1650s
[t=   2595.9665][DISPATCH              ] wf=12 task=1213 vm=15
[t=   2596.0735][TASK-COMPLETE         ] task=1037 wf=10 vm=10(reserved) actualCPU=0.8760s
[t=   2596.0735][DISPATCH              ] wf=10 task=1039 vm=10
[t=   2596.2035][TASK-COMPLETE         ] task=1128 wf=11 vm=21(reserved) actualCPU=706.2450s
[t=   2596.2035][DISPATCH              ] wf=12 task=1219 vm=21
[t=   2596.2985][TASK-COMPLETE         ] task=1217 wf=12 vm=5(reserved) actualCPU=1.2800s
[t=   2596.2985][DISPATCH              ] wf=10 task=1073 vm=5
[t=   2596.4455][TASK-COMPLETE         ] task=1069 wf=10 vm=40(reserved) actualCPU=1.1160s
[t=   2596.4455][DISPATCH              ] wf=12 task=1204 vm=40
[t=   2596.5865][TASK-COMPLETE         ] task=1215 wf=12 vm=34(reserved) actualCPU=1.2130s
[t=   2596.5865][DISPATCH              ] wf=12 task=1202 vm=34
[t=   2596.7915][TASK-COMPLETE         ] task=1039 wf=10 vm=10(reserved) actualCPU=0.7180s
[t=   2596.7915][DISPATCH              ] wf=10 task=1045 vm=10
[t=   2596.8365][TASK-COMPLETE         ] task=1895 wf=19 vm=33(reserved) actualCPU=55.0460s
[t=   2596.8365][DISPATCH              ] wf=12 task=1206 vm=33
[t=   2596.9845][TASK-COMPLETE         ] task=1219 wf=12 vm=21(reserved) actualCPU=0.7810s
[t=   2596.9845][DISPATCH              ] wf=10 task=1043 vm=21
[t=   2597.0735][TASK-COMPLETE         ] task=1073 wf=10 vm=5(reserved) actualCPU=0.7750s
[t=   2597.0735][DISPATCH              ] wf=8 task=840 vm=5
[t=   2597.2935][TASK-COMPLETE         ] task=1202 wf=12 vm=34(reserved) actualCPU=0.7070s
[t=   2597.2935][DISPATCH              ] wf=12 task=1208 vm=34
[t=   2597.3735][TASK-COMPLETE         ] task=1213 wf=12 vm=15(reserved) actualCPU=1.4070s
[t=   2597.3735][DISPATCH              ] wf=12 task=1210 vm=15
[t=   2597.6185][TASK-COMPLETE         ] task=1221 wf=12 vm=28(reserved) actualCPU=1.7480s
[t=   2597.6185][DISPATCH              ] wf=10 task=990 vm=28
[t=   2598.0085][TASK-COMPLETE         ] task=1204 wf=12 vm=40(reserved) actualCPU=1.5630s
[t=   2598.0085][DISPATCH              ] wf=10 task=1041 vm=40
[t=   2598.1115][TASK-COMPLETE         ] task=1045 wf=10 vm=10(reserved) actualCPU=1.3200s
[t=   2598.1115][DISPATCH              ] wf=4 task=488 vm=10
[t=   2598.3405][TASK-COMPLETE         ] task=1043 wf=10 vm=21(reserved) actualCPU=1.3560s
[t=   2598.3405][DISPATCH              ] wf=8 task=839 vm=21
[t=   2598.4765][TASK-COMPLETE         ] task=990 wf=10 vm=28(reserved) actualCPU=0.8580s
[t=   2598.4765][DISPATCH              ] wf=12 task=1197 vm=28
[t=   2598.5675][TASK-COMPLETE         ] task=1206 wf=12 vm=33(reserved) actualCPU=1.7310s
[t=   2598.5675][DISPATCH              ] wf=5 task=564 vm=33
[t=   2598.6215][TASK-COMPLETE         ] task=1210 wf=12 vm=15(reserved) actualCPU=1.2480s
[t=   2598.6215][DISPATCH              ] wf=5 task=565 vm=15
[t=   2598.6345][TASK-COMPLETE         ] task=1208 wf=12 vm=34(reserved) actualCPU=1.3410s
[t=   2598.6345][DISPATCH              ] wf=5 task=566 vm=34
[t=   2598.9935][TASK-COMPLETE         ] task=1041 wf=10 vm=40(reserved) actualCPU=0.9850s
[t=   2598.9935][DISPATCH              ] wf=5 task=567 vm=40
[t=   2599.1395][TASK-COMPLETE         ] task=1197 wf=12 vm=28(reserved) actualCPU=0.6630s
[t=   2599.1395][DISPATCH              ] wf=12 task=1193 vm=28
[t=   2600.3705][TASK-COMPLETE         ] task=1193 wf=12 vm=28(reserved) actualCPU=1.2310s
[t=   2600.3705][DISPATCH              ] wf=12 task=1199 vm=28
[t=   2600.6745][TASK-COMPLETE         ] task=1972 wf=19 vm=6(reserved) actualCPU=53.0140s
[t=   2600.6745][DISPATCH              ] wf=12 task=1195 vm=6
[t=   2601.1475][TASK-COMPLETE         ] task=1199 wf=12 vm=28(reserved) actualCPU=0.7770s
[t=   2601.1475][DISPATCH              ] wf=11 task=1135 vm=28
[t=   2601.1955][TASK-COMPLETE         ] task=1195 wf=12 vm=6(reserved) actualCPU=0.5210s
[t=   2601.1955][DISPATCH              ] wf=12 task=1282 vm=6
[t=   2601.8575][TASK-COMPLETE         ] task=1282 wf=12 vm=6(reserved) actualCPU=0.6620s
[t=   2601.8575][DISPATCH              ] wf=12 task=1284 vm=6
[t=   2601.8965][TASK-COMPLETE         ] task=1891 wf=19 vm=16(reserved) actualCPU=60.6900s
[t=   2601.8965][DISPATCH              ] wf=12 task=1288 vm=16
[t=   2602.1965][TASK-COMPLETE         ] task=840 wf=8 vm=5(reserved) actualCPU=5.1230s
[t=   2602.1965][DISPATCH              ] wf=12 task=1286 vm=5
[t=   2602.5585][TASK-COMPLETE         ] task=1284 wf=12 vm=6(reserved) actualCPU=0.7010s
[t=   2602.5585][DISPATCH              ] wf=12 task=1276 vm=6
[t=   2602.9875][TASK-COMPLETE         ] task=1286 wf=12 vm=5(reserved) actualCPU=0.7910s
[t=   2602.9875][DISPATCH              ] wf=12 task=1280 vm=5
[t=   2603.1735][TASK-COMPLETE         ] task=1288 wf=12 vm=16(reserved) actualCPU=1.2770s
[t=   2603.1735][DISPATCH              ] wf=12 task=1278 vm=16
[t=   2603.4595][TASK-COMPLETE         ] task=1330 wf=13 vm=45(reserved) actualCPU=418.3410s
[t=   2603.4595][DISPATCH              ] wf=15 task=1564 vm=45
[t=   2603.6195][TASK-COMPLETE         ] task=1957 wf=19 vm=39(reserved) actualCPU=30.5060s
[t=   2603.6195][DISPATCH              ] wf=5 task=544 vm=39
[t=   2603.8655][TASK-COMPLETE         ] task=839 wf=8 vm=21(reserved) actualCPU=5.5250s
[t=   2603.8655][DISPATCH              ] wf=5 task=545 vm=21
[t=   2603.9375][TASK-COMPLETE         ] task=1276 wf=12 vm=6(reserved) actualCPU=1.3790s
[t=   2603.9375][DISPATCH              ] wf=5 task=546 vm=6
[t=   2604.1125][TASK-COMPLETE         ] task=566 wf=5 vm=34(reserved) actualCPU=5.4780s
[t=   2604.1125][DISPATCH              ] wf=5 task=547 vm=34
[t=   2604.3105][TASK-COMPLETE         ] task=1280 wf=12 vm=5(reserved) actualCPU=1.3230s
[t=   2604.3105][DISPATCH              ] wf=5 task=548 vm=5
[t=   2604.3305][TASK-COMPLETE         ] task=565 wf=5 vm=15(reserved) actualCPU=5.7090s
[t=   2604.3305][DISPATCH              ] wf=5 task=549 vm=15
[t=   2604.4075][TASK-COMPLETE         ] task=1278 wf=12 vm=16(reserved) actualCPU=1.2340s
[t=   2604.4075][DISPATCH              ] wf=5 task=550 vm=16
[t=   2604.5555][TASK-COMPLETE         ] task=564 wf=5 vm=33(reserved) actualCPU=5.9880s
[t=   2604.5555][DISPATCH              ] wf=5 task=551 vm=33
[t=   2604.5845][TASK-COMPLETE         ] task=567 wf=5 vm=40(reserved) actualCPU=5.5910s
[t=   2604.5845][DISPATCH              ] wf=5 task=552 vm=40
[t=   2605.7975][TASK-COMPLETE         ] task=1967 wf=19 vm=41(reserved) actualCPU=27.7810s
[t=   2605.7975][DISPATCH              ] wf=5 task=553 vm=41
[t=   2606.8325][TASK-COMPLETE         ] task=1135 wf=11 vm=28(reserved) actualCPU=5.6850s
[t=   2606.8325][DISPATCH              ] wf=5 task=554 vm=28
[t=   2607.2735][TASK-COMPLETE         ] task=1980 wf=19 vm=31(reserved) actualCPU=44.5630s
[t=   2607.2735][DISPATCH              ] wf=12 task=1261 vm=31
[t=   2608.4585][TASK-COMPLETE         ] task=544 wf=5 vm=39(reserved) actualCPU=4.8390s
[t=   2608.4585][DISPATCH              ] wf=12 task=1248 vm=39
[t=   2608.5935][TASK-COMPLETE         ] task=548 wf=5 vm=5(reserved) actualCPU=4.2830s
[t=   2608.5935][DISPATCH              ] wf=12 task=1258 vm=5
[t=   2608.8005][TASK-COMPLETE         ] task=1261 wf=12 vm=31(reserved) actualCPU=1.5270s
[t=   2608.8005][DISPATCH              ] wf=12 task=1271 vm=31
[t=   2609.1205][TASK-COMPLETE         ] task=547 wf=5 vm=34(reserved) actualCPU=5.0080s
[t=   2609.1205][DISPATCH              ] wf=12 task=1265 vm=34
[t=   2609.1595][TASK-COMPLETE         ] task=549 wf=5 vm=15(reserved) actualCPU=4.8290s
[t=   2609.1595][DISPATCH              ] wf=12 task=1263 vm=15
[t=   2609.2305][TASK-COMPLETE         ] task=546 wf=5 vm=6(reserved) actualCPU=5.2930s
[t=   2609.2305][DISPATCH              ] wf=12 task=1235 vm=6
[t=   2609.3365][TASK-COMPLETE         ] task=1248 wf=12 vm=39(reserved) actualCPU=0.8780s
[t=   2609.3365][DISPATCH              ] wf=12 task=1250 vm=39
[t=   2609.4045][TASK-COMPLETE         ] task=553 wf=5 vm=41(reserved) actualCPU=3.6070s
[t=   2609.4045][DISPATCH              ] wf=12 task=1269 vm=41
[t=   2609.4875][TASK-COMPLETE         ] task=1937 wf=19 vm=24(reserved) actualCPU=65.8530s
[t=   2609.4875][TASK-COMPLETE         ] task=1564 wf=15 vm=45(reserved) actualCPU=6.0280s
[t=   2609.4875][DISPATCH              ] wf=5 task=555 vm=24
[t=   2609.4875][DISPATCH              ] wf=5 task=556 vm=45
[t=   2609.5825][TASK-COMPLETE         ] task=1946 wf=19 vm=2(reserved) actualCPU=41.4800s
[t=   2609.5825][DISPATCH              ] wf=5 task=557 vm=2
[t=   2609.5945][TASK-COMPLETE         ] task=545 wf=5 vm=21(reserved) actualCPU=5.7290s
[t=   2609.5945][DISPATCH              ] wf=5 task=558 vm=21
[t=   2609.6245][TASK-COMPLETE         ] task=1258 wf=12 vm=5(reserved) actualCPU=1.0310s
[t=   2609.6245][DISPATCH              ] wf=5 task=559 vm=5
[t=   2609.8095][TASK-COMPLETE         ] task=1265 wf=12 vm=34(reserved) actualCPU=0.6890s
[t=   2609.8095][DISPATCH              ] wf=5 task=560 vm=34
[t=   2609.8785][TASK-COMPLETE         ] task=1984 wf=19 vm=13(reserved) actualCPU=43.4180s
[t=   2609.8785][DISPATCH              ] wf=5 task=561 vm=13
[t=   2609.9025][TASK-COMPLETE         ] task=1235 wf=12 vm=6(reserved) actualCPU=0.6720s
[t=   2609.9025][DISPATCH              ] wf=5 task=562 vm=6
[t=   2609.9885][TASK-COMPLETE         ] task=552 wf=5 vm=40(reserved) actualCPU=5.4040s
[t=   2609.9885][DISPATCH              ] wf=5 task=563 vm=40
[t=   2610.0435][TASK-COMPLETE         ] task=1271 wf=12 vm=31(reserved) actualCPU=1.2430s
[t=   2610.0435][DISPATCH              ] wf=12 task=1267 vm=31
[t=   2610.1535][TASK-COMPLETE         ] task=551 wf=5 vm=33(reserved) actualCPU=5.5980s
[t=   2610.1535][DISPATCH              ] wf=12 task=1252 vm=33
[t=   2610.2235][TASK-COMPLETE         ] task=1263 wf=12 vm=15(reserved) actualCPU=1.0640s
[t=   2610.2235][DISPATCH              ] wf=12 task=1237 vm=15
[t=   2610.2845][TASK-COMPLETE         ] task=1978 wf=19 vm=23(reserved) actualCPU=53.2610s
[t=   2610.2845][DISPATCH              ] wf=12 task=1256 vm=23
[t=   2610.6335][TASK-COMPLETE         ] task=1269 wf=12 vm=41(reserved) actualCPU=1.2290s
[t=   2610.6335][DISPATCH              ] wf=12 task=1239 vm=41
[t=   2610.6815][TASK-COMPLETE         ] task=550 wf=5 vm=16(reserved) actualCPU=6.2740s
[t=   2610.6815][DISPATCH              ] wf=6 task=619 vm=16
[t=   2610.8515][TASK-COMPLETE         ] task=1250 wf=12 vm=39(reserved) actualCPU=1.5150s
[t=   2610.8515][DISPATCH              ] wf=12 task=1254 vm=39
[t=   2611.2295][TASK-COMPLETE         ] task=1237 wf=12 vm=15(reserved) actualCPU=1.0060s
[t=   2611.2295][DISPATCH              ] wf=12 task=1273 vm=15
[t=   2611.2765][TASK-COMPLETE         ] task=1256 wf=12 vm=23(reserved) actualCPU=0.9920s
[t=   2611.2765][DISPATCH              ] wf=12 task=1243 vm=23
[t=   2611.3715][TASK-COMPLETE         ] task=1239 wf=12 vm=41(reserved) actualCPU=0.7380s
[t=   2611.3715][DISPATCH              ] wf=12 task=1245 vm=41
[t=   2611.4315][TASK-COMPLETE         ] task=1267 wf=12 vm=31(reserved) actualCPU=1.3880s
[t=   2611.4315][TASK-COMPLETE         ] task=1252 wf=12 vm=33(reserved) actualCPU=1.2780s
[t=   2611.4315][DISPATCH              ] wf=12 task=1190 vm=31
[t=   2611.4315][DISPATCH              ] wf=12 task=1241 vm=33
[t=   2612.0655][TASK-COMPLETE         ] task=1961 wf=19 vm=14(reserved) actualCPU=38.4930s
[t=   2612.0655][DISPATCH              ] wf=2 task=198 vm=14
[t=   2612.0985][TASK-COMPLETE         ] task=1190 wf=12 vm=31(reserved) actualCPU=0.6670s
[t=   2612.0985][DISPATCH              ] wf=16 task=1664 vm=31
[t=   2612.1315][TASK-COMPLETE         ] task=1254 wf=12 vm=39(reserved) actualCPU=1.2800s
[t=   2612.1315][DISPATCH              ] wf=3 task=298 vm=39
[t=   2612.1755][TASK-COMPLETE         ] task=1273 wf=12 vm=15(reserved) actualCPU=0.9460s
[t=   2612.1755][DISPATCH              ] wf=6 task=685 vm=15
[t=   2612.4215][TASK-COMPLETE         ] task=298 wf=3 vm=39(reserved) actualCPU=0.2900s
[t=   2612.4215][WF-COMPLETE           ] wf=3 completionTime=2612.4215 deadline=595.3351 -> MISSED
[t=   2612.4215][DISPATCH              ] wf=17 task=1764 vm=39
[t=   2612.4325][TASK-COMPLETE         ] task=198 wf=2 vm=14(reserved) actualCPU=0.3670s
[t=   2612.4325][WF-COMPLETE           ] wf=2 completionTime=2612.4325 deadline=575.1210 -> MISSED
[t=   2612.4325][DISPATCH              ] wf=7 task=761 vm=14
[t=   2612.5645][TASK-COMPLETE         ] task=554 wf=5 vm=28(reserved) actualCPU=5.7320s
[t=   2612.5645][DISPATCH              ] wf=7 task=762 vm=28
[t=   2612.6135][TASK-COMPLETE         ] task=1243 wf=12 vm=23(reserved) actualCPU=1.3370s
[t=   2612.6135][DISPATCH              ] wf=7 task=763 vm=23
[t=   2612.8075][TASK-COMPLETE         ] task=1245 wf=12 vm=41(reserved) actualCPU=1.4360s
[t=   2612.8075][DISPATCH              ] wf=7 task=764 vm=41
[t=   2612.9145][TASK-COMPLETE         ] task=1241 wf=12 vm=33(reserved) actualCPU=1.4830s
[t=   2612.9145][DISPATCH              ] wf=7 task=741 vm=33
[t=   2613.3005][TASK-COMPLETE         ] task=557 wf=5 vm=2(reserved) actualCPU=3.7180s
[t=   2613.3005][DISPATCH              ] wf=7 task=742 vm=2
[t=   2613.5525][TASK-COMPLETE         ] task=555 wf=5 vm=24(reserved) actualCPU=4.0650s
[t=   2613.5525][DISPATCH              ] wf=7 task=743 vm=24
[t=   2613.6005][TASK-COMPLETE         ] task=556 wf=5 vm=45(reserved) actualCPU=4.1130s
[t=   2613.6005][DISPATCH              ] wf=7 task=744 vm=45
[t=   2614.3525][TASK-COMPLETE         ] task=559 wf=5 vm=5(reserved) actualCPU=4.7280s
[t=   2614.3525][DISPATCH              ] wf=7 task=745 vm=5
[t=   2614.3705][TASK-COMPLETE         ] task=561 wf=5 vm=13(reserved) actualCPU=4.4920s
[t=   2614.3705][DISPATCH              ] wf=7 task=746 vm=13
[t=   2614.7595][TASK-COMPLETE         ] task=562 wf=5 vm=6(reserved) actualCPU=4.8570s
[t=   2614.7595][DISPATCH              ] wf=7 task=747 vm=6
[t=   2615.2225][TASK-COMPLETE         ] task=560 wf=5 vm=34(reserved) actualCPU=5.4130s
[t=   2615.2225][DISPATCH              ] wf=7 task=748 vm=34
[t=   2615.2375][TASK-COMPLETE         ] task=558 wf=5 vm=21(reserved) actualCPU=5.6430s
[t=   2615.2375][DISPATCH              ] wf=7 task=749 vm=21
[t=   2615.3965][TASK-COMPLETE         ] task=1974 wf=19 vm=36(reserved) actualCPU=67.5160s
[t=   2615.3965][DISPATCH              ] wf=7 task=750 vm=36
[t=   2616.0985][TASK-COMPLETE         ] task=563 wf=5 vm=40(reserved) actualCPU=6.1100s
[t=   2616.0985][DISPATCH              ] wf=7 task=751 vm=40
[t=   2616.9335][TASK-COMPLETE         ] task=1664 wf=16 vm=31(reserved) actualCPU=4.8350s
[t=   2616.9335][DISPATCH              ] wf=7 task=752 vm=31
[t=   2617.0785][TASK-COMPLETE         ] task=1764 wf=17 vm=39(reserved) actualCPU=4.6570s
[t=   2617.0785][DISPATCH              ] wf=7 task=753 vm=39
[t=   2617.5955][TASK-COMPLETE         ] task=1952 wf=19 vm=4(reserved) actualCPU=48.1750s
[t=   2617.5955][DISPATCH              ] wf=7 task=754 vm=4
[t=   2617.7705][TASK-COMPLETE         ] task=762 wf=7 vm=28(reserved) actualCPU=5.2060s
[t=   2617.7705][DISPATCH              ] wf=7 task=755 vm=28
[t=   2617.8975][TASK-COMPLETE         ] task=1982 wf=19 vm=47(reserved) actualCPU=52.2920s
[t=   2617.8975][DISPATCH              ] wf=7 task=756 vm=47
[t=   2618.1415][TASK-COMPLETE         ] task=741 wf=7 vm=33(reserved) actualCPU=5.2270s
[t=   2618.1415][DISPATCH              ] wf=7 task=757 vm=33
[t=   2618.3245][TASK-COMPLETE         ] task=764 wf=7 vm=41(reserved) actualCPU=5.5170s
[t=   2618.3245][DISPATCH              ] wf=7 task=758 vm=41
[t=   2618.3805][TASK-COMPLETE         ] task=744 wf=7 vm=45(reserved) actualCPU=4.7800s
[t=   2618.3805][DISPATCH              ] wf=7 task=759 vm=45
[t=   2618.4725][TASK-COMPLETE         ] task=747 wf=7 vm=6(reserved) actualCPU=3.7130s
[t=   2618.4725][DISPATCH              ] wf=7 task=760 vm=6
[t=   2618.6925][TASK-COMPLETE         ] task=763 wf=7 vm=23(reserved) actualCPU=6.0790s
[t=   2618.6925][DISPATCH              ] wf=18 task=1864 vm=23
[t=   2618.8025][TASK-COMPLETE         ] task=761 wf=7 vm=14(reserved) actualCPU=6.3700s
[t=   2618.8025][DISPATCH              ] wf=8 task=841 vm=14
[t=   2618.9015][TASK-COMPLETE         ] task=742 wf=7 vm=2(reserved) actualCPU=5.6010s
[t=   2618.9015][DISPATCH              ] wf=8 task=842 vm=2
[t=   2618.9665][TASK-COMPLETE         ] task=745 wf=7 vm=5(reserved) actualCPU=4.6140s
[t=   2618.9665][DISPATCH              ] wf=8 task=843 vm=5
[t=   2619.2665][TASK-COMPLETE         ] task=750 wf=7 vm=36(reserved) actualCPU=3.8700s
[t=   2619.2665][DISPATCH              ] wf=8 task=844 vm=36
[t=   2619.3565][TASK-COMPLETE         ] task=746 wf=7 vm=13(reserved) actualCPU=4.9860s
[t=   2619.3565][DISPATCH              ] wf=8 task=845 vm=13
[t=   2619.7705][TASK-COMPLETE         ] task=743 wf=7 vm=24(reserved) actualCPU=6.2180s
[t=   2619.7705][DISPATCH              ] wf=8 task=846 vm=24
[t=   2620.2205][TASK-COMPLETE         ] task=1950 wf=19 vm=20(reserved) actualCPU=50.9560s
[t=   2620.2205][DISPATCH              ] wf=8 task=847 vm=20
[t=   2620.5305][TASK-COMPLETE         ] task=749 wf=7 vm=21(reserved) actualCPU=5.2930s
[t=   2620.5305][DISPATCH              ] wf=8 task=848 vm=21
[t=   2620.7325][TASK-COMPLETE         ] task=748 wf=7 vm=34(reserved) actualCPU=5.5100s
[t=   2620.7325][DISPATCH              ] wf=8 task=849 vm=34
[t=   2621.4175][TASK-COMPLETE         ] task=751 wf=7 vm=40(reserved) actualCPU=5.3190s
[t=   2621.4175][DISPATCH              ] wf=8 task=850 vm=40
[t=   2621.4805][TASK-COMPLETE         ] task=752 wf=7 vm=31(reserved) actualCPU=4.5470s
[t=   2621.4805][DISPATCH              ] wf=8 task=851 vm=31
[t=   2621.5775][TASK-COMPLETE         ] task=753 wf=7 vm=39(reserved) actualCPU=4.4990s
[t=   2621.5775][DISPATCH              ] wf=11 task=1137 vm=39
[t=   2621.8935][TASK-COMPLETE         ] task=754 wf=7 vm=4(reserved) actualCPU=4.2980s
[t=   2621.8935][DISPATCH              ] wf=19 task=1927 vm=4
[t=   2622.0865][TASK-COMPLETE         ] task=758 wf=7 vm=41(reserved) actualCPU=3.7620s
[t=   2622.0865][DISPATCH              ] wf=19 task=1901 vm=41
[t=   2622.5145][TASK-COMPLETE         ] task=1319 wf=13 vm=0(reserved) actualCPU=458.7090s
[t=   2622.5145][DISPATCH              ] wf=19 task=1932 vm=0
[t=   2622.5695][TASK-COMPLETE         ] task=759 wf=7 vm=45(reserved) actualCPU=4.1890s
[t=   2622.5695][DISPATCH              ] wf=19 task=1914 vm=45
[t=   2622.9065][TASK-COMPLETE         ] task=1927 wf=19 vm=4(reserved) actualCPU=1.0130s
[t=   2622.9065][DISPATCH              ] wf=19 task=1934 vm=4
[t=   2623.0165][TASK-COMPLETE         ] task=756 wf=7 vm=47(reserved) actualCPU=5.1190s
[t=   2623.0165][DISPATCH              ] wf=19 task=1903 vm=47
[t=   2623.2105][TASK-COMPLETE         ] task=1932 wf=19 vm=0(reserved) actualCPU=0.6960s
[t=   2623.2105][DISPATCH              ] wf=19 task=1929 vm=0
[t=   2623.2725][TASK-COMPLETE         ] task=1959 wf=19 vm=49(reserved) actualCPU=49.9700s
[t=   2623.2725][DISPATCH              ] wf=19 task=1899 vm=49
[t=   2623.4095][TASK-COMPLETE         ] task=760 wf=7 vm=6(reserved) actualCPU=4.9370s
[t=   2623.4095][DISPATCH              ] wf=19 task=1921 vm=6
[t=   2623.4865][TASK-COMPLETE         ] task=757 wf=7 vm=33(reserved) actualCPU=5.3450s
[t=   2623.4865][DISPATCH              ] wf=19 task=1918 vm=33
[t=   2623.4995][TASK-COMPLETE         ] task=844 wf=8 vm=36(reserved) actualCPU=4.2330s
[t=   2623.4995][DISPATCH              ] wf=19 task=1923 vm=36
[t=   2623.5685][TASK-COMPLETE         ] task=755 wf=7 vm=28(reserved) actualCPU=5.7980s
[t=   2623.5685][DISPATCH              ] wf=19 task=1912 vm=28
[t=   2623.5835][TASK-COMPLETE         ] task=1914 wf=19 vm=45(reserved) actualCPU=1.0140s
[t=   2623.5835][DISPATCH              ] wf=19 task=1942 vm=45
[t=   2623.6505][TASK-COMPLETE         ] task=1901 wf=19 vm=41(reserved) actualCPU=1.5640s
[t=   2623.6505][DISPATCH              ] wf=19 task=1925 vm=41
[t=   2623.7965][TASK-COMPLETE         ] task=845 wf=8 vm=13(reserved) actualCPU=4.4400s
[t=   2623.7965][DISPATCH              ] wf=19 task=1936 vm=13
[t=   2623.8165][TASK-COMPLETE         ] task=1934 wf=19 vm=4(reserved) actualCPU=0.9100s
[t=   2623.8165][DISPATCH              ] wf=19 task=1905 vm=4
[t=   2623.8465][TASK-COMPLETE         ] task=1899 wf=19 vm=49(reserved) actualCPU=0.5740s
[t=   2623.8465][DISPATCH              ] wf=19 task=1907 vm=49
[t=   2623.8665][TASK-COMPLETE         ] task=1948 wf=19 vm=30(reserved) actualCPU=54.6130s
[t=   2623.8665][DISPATCH              ] wf=19 task=1910 vm=30
[t=   2623.8855][TASK-COMPLETE         ] task=1864 wf=18 vm=23(reserved) actualCPU=5.1930s
[t=   2623.8855][DISPATCH              ] wf=19 task=1940 vm=23
[t=   2624.1735][TASK-COMPLETE         ] task=841 wf=8 vm=14(reserved) actualCPU=5.3710s
[t=   2624.1735][DISPATCH              ] wf=19 task=1955 vm=14
[t=   2624.2075][TASK-COMPLETE         ] task=1925 wf=19 vm=41(reserved) actualCPU=0.5570s
[t=   2624.2075][DISPATCH              ] wf=19 task=1890 vm=41
[t=   2624.3395][TASK-COMPLETE         ] task=1903 wf=19 vm=47(reserved) actualCPU=1.3230s
[t=   2624.3395][DISPATCH              ] wf=19 task=1894 vm=47
[t=   2624.4925][TASK-COMPLETE         ] task=846 wf=8 vm=24(reserved) actualCPU=4.7220s
[t=   2624.4925][DISPATCH              ] wf=19 task=1945 vm=24
[t=   2624.5035][TASK-COMPLETE         ] task=843 wf=8 vm=5(reserved) actualCPU=5.5370s
[t=   2624.5035][DISPATCH              ] wf=19 task=1916 vm=5
[t=   2624.6025][TASK-COMPLETE         ] task=1921 wf=19 vm=6(reserved) actualCPU=1.1930s
[t=   2624.6025][TASK-COMPLETE         ] task=1936 wf=19 vm=13(reserved) actualCPU=0.8060s
[t=   2624.6025][DISPATCH              ] wf=11 task=1136 vm=6
[t=   2624.6025][DISPATCH              ] wf=19 task=1896 vm=13
[t=   2624.6135][TASK-COMPLETE         ] task=1929 wf=19 vm=0(reserved) actualCPU=1.4030s
[t=   2624.6135][DISPATCH              ] wf=10 task=989 vm=0
[t=   2624.7035][TASK-COMPLETE         ] task=842 wf=8 vm=2(reserved) actualCPU=5.8020s
[t=   2624.7035][TASK-COMPLETE         ] task=1923 wf=19 vm=36(reserved) actualCPU=1.2040s
[t=   2624.7035][DISPATCH              ] wf=19 task=1973 vm=2
[t=   2624.7035][DISPATCH              ] wf=19 task=1892 vm=36
[t=   2624.7655][TASK-COMPLETE         ] task=1912 wf=19 vm=28(reserved) actualCPU=1.1970s
[t=   2624.7655][DISPATCH              ] wf=8 task=861 vm=28
[t=   2624.8125][TASK-COMPLETE         ] task=1942 wf=19 vm=45(reserved) actualCPU=1.2290s
[t=   2624.8125][DISPATCH              ] wf=8 task=862 vm=45
[t=   2624.8945][TASK-COMPLETE         ] task=989 wf=10 vm=0(reserved) actualCPU=0.2810s
[t=   2624.8945][WF-COMPLETE           ] wf=10 completionTime=2624.8945 deadline=695.1657 -> MISSED
[t=   2624.8945][DISPATCH              ] wf=8 task=863 vm=0
[t=   2624.9225][TASK-COMPLETE         ] task=1918 wf=19 vm=33(reserved) actualCPU=1.4360s
[t=   2624.9225][DISPATCH              ] wf=8 task=864 vm=33
[t=   2624.9855][TASK-COMPLETE         ] task=1907 wf=19 vm=49(reserved) actualCPU=1.1390s
[t=   2624.9855][DISPATCH              ] wf=19 task=1958 vm=49
[t=   2625.1085][TASK-COMPLETE         ] task=1894 wf=19 vm=47(reserved) actualCPU=0.7690s
[t=   2625.1085][DISPATCH              ] wf=8 task=852 vm=47
[t=   2625.2275][TASK-COMPLETE         ] task=1905 wf=19 vm=4(reserved) actualCPU=1.4110s
[t=   2625.2275][DISPATCH              ] wf=8 task=853 vm=4
[t=   2625.2385][TASK-COMPLETE         ] task=1892 wf=19 vm=36(reserved) actualCPU=0.5350s
[t=   2625.2385][DISPATCH              ] wf=8 task=854 vm=36
[t=   2625.2945][TASK-COMPLETE         ] task=1916 wf=19 vm=5(reserved) actualCPU=0.7910s
[t=   2625.2945][TASK-COMPLETE         ] task=1896 wf=19 vm=13(reserved) actualCPU=0.6920s
[t=   2625.2945][DISPATCH              ] wf=8 task=855 vm=13
[t=   2625.2945][DISPATCH              ] wf=8 task=856 vm=5
[t=   2625.3085][TASK-COMPLETE         ] task=1955 wf=19 vm=14(reserved) actualCPU=1.1350s
[t=   2625.3085][TASK-COMPLETE         ] task=1890 wf=19 vm=41(reserved) actualCPU=1.1010s
[t=   2625.3085][DISPATCH              ] wf=8 task=857 vm=14
[t=   2625.3085][DISPATCH              ] wf=8 task=858 vm=41
[t=   2625.3375][TASK-COMPLETE         ] task=1940 wf=19 vm=23(reserved) actualCPU=1.4520s
[t=   2625.3375][DISPATCH              ] wf=8 task=859 vm=23
[t=   2625.3625][TASK-COMPLETE         ] task=1945 wf=19 vm=24(reserved) actualCPU=0.8700s
[t=   2625.3625][DISPATCH              ] wf=8 task=860 vm=24
[t=   2625.4025][TASK-COMPLETE         ] task=1910 wf=19 vm=30(reserved) actualCPU=1.5360s
[t=   2625.4025][DISPATCH              ] wf=5 task=590 vm=30
[t=   2625.4725][TASK-COMPLETE         ] task=1137 wf=11 vm=39(reserved) actualCPU=3.8950s
[t=   2625.4725][DISPATCH              ] wf=5 task=589 vm=39
[t=   2625.6555][TASK-COMPLETE         ] task=849 wf=8 vm=34(reserved) actualCPU=4.9230s
[t=   2625.6555][DISPATCH              ] wf=5 task=588 vm=34
[t=   2625.8255][TASK-COMPLETE         ] task=850 wf=8 vm=40(reserved) actualCPU=4.4080s
[t=   2625.8255][DISPATCH              ] wf=5 task=591 vm=40
[t=   2625.9355][TASK-COMPLETE         ] task=1973 wf=19 vm=2(reserved) actualCPU=1.2320s
[t=   2625.9355][DISPATCH              ] wf=19 task=1968 vm=2
[t=   2626.0495][TASK-COMPLETE         ] task=847 wf=8 vm=20(reserved) actualCPU=5.8290s
[t=   2626.0495][DISPATCH              ] wf=11 task=1138 vm=20
[t=   2626.3405][TASK-COMPLETE         ] task=1958 wf=19 vm=49(reserved) actualCPU=1.3550s
[t=   2626.3405][DISPATCH              ] wf=11 task=1139 vm=49
[t=   2626.4035][TASK-COMPLETE         ] task=848 wf=8 vm=21(reserved) actualCPU=5.8730s
[t=   2626.4035][DISPATCH              ] wf=11 task=1140 vm=21
[t=   2626.7695][TASK-COMPLETE         ] task=851 wf=8 vm=31(reserved) actualCPU=5.2890s
[t=   2626.7695][DISPATCH              ] wf=11 task=1141 vm=31
[t=   2626.8655][TASK-COMPLETE         ] task=1976 wf=19 vm=38(reserved) actualCPU=71.1890s
[t=   2626.8655][DISPATCH              ] wf=11 task=1142 vm=38
[t=   2627.2315][TASK-COMPLETE         ] task=1968 wf=19 vm=2(reserved) actualCPU=1.2960s
[t=   2627.2315][DISPATCH              ] wf=11 task=1143 vm=2
[t=   2628.3185][TASK-COMPLETE         ] task=1965 wf=19 vm=11(reserved) actualCPU=50.6800s
[t=   2628.3185][DISPATCH              ] wf=11 task=1144 vm=11
[t=   2629.2115][TASK-COMPLETE         ] task=864 wf=8 vm=33(reserved) actualCPU=4.2890s
[t=   2629.2115][DISPATCH              ] wf=11 task=1145 vm=33
[t=   2629.3775][TASK-COMPLETE         ] task=862 wf=8 vm=45(reserved) actualCPU=4.5650s
[t=   2629.3775][DISPATCH              ] wf=11 task=1146 vm=45
[t=   2629.5735][TASK-COMPLETE         ] task=1136 wf=11 vm=6(reserved) actualCPU=4.9710s
[t=   2629.5735][DISPATCH              ] wf=11 task=1147 vm=6
[t=   2629.7445][TASK-COMPLETE         ] task=854 wf=8 vm=36(reserved) actualCPU=4.5060s
[t=   2629.7445][DISPATCH              ] wf=11 task=1148 vm=36
[t=   2629.9165][TASK-COMPLETE         ] task=856 wf=8 vm=5(reserved) actualCPU=4.6220s
[t=   2629.9165][DISPATCH              ] wf=19 task=1981 vm=5
[t=   2630.0055][TASK-COMPLETE         ] task=852 wf=8 vm=47(reserved) actualCPU=4.8970s
[t=   2630.0055][DISPATCH              ] wf=5 task=568 vm=47
[t=   2630.1105][TASK-COMPLETE         ] task=859 wf=8 vm=23(reserved) actualCPU=4.7730s
[t=   2630.1105][DISPATCH              ] wf=5 task=572 vm=23
[t=   2630.1365][TASK-COMPLETE         ] task=853 wf=8 vm=4(reserved) actualCPU=4.9090s
[t=   2630.1365][DISPATCH              ] wf=5 task=571 vm=4
[t=   2630.2205][TASK-COMPLETE         ] task=861 wf=8 vm=28(reserved) actualCPU=5.4550s
[t=   2630.2205][DISPATCH              ] wf=5 task=573 vm=28
[t=   2630.2425][TASK-COMPLETE         ] task=863 wf=8 vm=0(reserved) actualCPU=5.3480s
[t=   2630.2425][DISPATCH              ] wf=5 task=570 vm=0
[t=   2630.3305][TASK-COMPLETE         ] task=858 wf=8 vm=41(reserved) actualCPU=5.0220s
[t=   2630.3305][DISPATCH              ] wf=5 task=577 vm=41
[t=   2630.4225][TASK-COMPLETE         ] task=1138 wf=11 vm=20(reserved) actualCPU=4.3730s
[t=   2630.4225][DISPATCH              ] wf=15 task=1565 vm=20
[t=   2630.5515][TASK-COMPLETE         ] task=1981 wf=19 vm=5(reserved) actualCPU=0.6350s
[t=   2630.5515][DISPATCH              ] wf=19 task=1938 vm=5
[t=   2630.6755][TASK-COMPLETE         ] task=857 wf=8 vm=14(reserved) actualCPU=5.3670s
[t=   2630.6755][DISPATCH              ] wf=19 task=1947 vm=14
[t=   2630.7365][TASK-COMPLETE         ] task=860 wf=8 vm=24(reserved) actualCPU=5.3740s
[t=   2630.7365][DISPATCH              ] wf=5 task=569 vm=24
[t=   2631.0385][TASK-COMPLETE         ] task=1140 wf=11 vm=21(reserved) actualCPU=4.6350s
[t=   2631.0385][DISPATCH              ] wf=19 task=1985 vm=21
[t=   2631.3315][TASK-COMPLETE         ] task=855 wf=8 vm=13(reserved) actualCPU=6.0370s
[t=   2631.3315][DISPATCH              ] wf=5 task=576 vm=13
[t=   2631.6705][TASK-COMPLETE         ] task=1141 wf=11 vm=31(reserved) actualCPU=4.9010s
[t=   2631.6705][DISPATCH              ] wf=5 task=575 vm=31
[t=   2631.7075][TASK-COMPLETE         ] task=1938 wf=19 vm=5(reserved) actualCPU=1.1560s
[t=   2631.7075][TASK-COMPLETE         ] task=1969 wf=19 vm=35(reserved) actualCPU=51.1550s
[t=   2631.7075][DISPATCH              ] wf=19 task=1979 vm=5
[t=   2631.7075][DISPATCH              ] wf=5 task=574 vm=35
[t=   2631.7985][TASK-COMPLETE         ] task=1143 wf=11 vm=2(reserved) actualCPU=4.5670s
[t=   2631.7985][DISPATCH              ] wf=19 task=1962 vm=2
[t=   2632.0285][TASK-COMPLETE         ] task=1142 wf=11 vm=38(reserved) actualCPU=5.1630s
[t=   2632.0285][DISPATCH              ] wf=5 task=578 vm=38
[t=   2632.1635][TASK-COMPLETE         ] task=1947 wf=19 vm=14(reserved) actualCPU=1.4880s
[t=   2632.1635][DISPATCH              ] wf=12 task=1189 vm=14
[t=   2632.2735][TASK-COMPLETE         ] task=1985 wf=19 vm=21(reserved) actualCPU=1.2350s
[t=   2632.2735][DISPATCH              ] wf=5 task=581 vm=21
[t=   2632.4345][TASK-COMPLETE         ] task=1979 wf=19 vm=5(reserved) actualCPU=0.7270s
[t=   2632.4345][DISPATCH              ] wf=5 task=579 vm=5
[t=   2632.5885][TASK-COMPLETE         ] task=1189 wf=12 vm=14(reserved) actualCPU=0.4250s
[t=   2632.5885][WF-COMPLETE           ] wf=12 completionTime=2632.5885 deadline=723.1223 -> MISSED
[t=   2632.5885][DISPATCH              ] wf=5 task=580 vm=14
[t=   2632.6455][TASK-COMPLETE         ] task=1962 wf=19 vm=2(reserved) actualCPU=0.8470s
[t=   2632.6455][TASK-COMPLETE         ] task=1139 wf=11 vm=49(reserved) actualCPU=6.3050s
[t=   2632.6455][DISPATCH              ] wf=5 task=583 vm=2
[t=   2632.6455][DISPATCH              ] wf=5 task=585 vm=49
[t=   2633.5795][TASK-COMPLETE         ] task=1147 wf=11 vm=6(reserved) actualCPU=4.0060s
[t=   2633.5795][DISPATCH              ] wf=5 task=586 vm=6
[t=   2633.8785][TASK-COMPLETE         ] task=1144 wf=11 vm=11(reserved) actualCPU=5.5600s
[t=   2633.8785][DISPATCH              ] wf=5 task=584 vm=11
[t=   2634.3495][TASK-COMPLETE         ] task=1145 wf=11 vm=33(reserved) actualCPU=5.1380s
[t=   2634.3495][DISPATCH              ] wf=5 task=582 vm=33
[t=   2634.7175][TASK-COMPLETE         ] task=1146 wf=11 vm=45(reserved) actualCPU=5.3400s
[t=   2634.7175][DISPATCH              ] wf=19 task=1975 vm=45
[t=   2634.8575][TASK-COMPLETE         ] task=1148 wf=11 vm=36(reserved) actualCPU=5.1130s
[t=   2634.8575][DISPATCH              ] wf=5 task=587 vm=36
[t=   2635.9245][TASK-COMPLETE         ] task=1975 wf=19 vm=45(reserved) actualCPU=1.2070s
[t=   2635.9245][DISPATCH              ] wf=16 task=1665 vm=45
[t=   2636.3135][TASK-COMPLETE         ] task=1565 wf=15 vm=20(reserved) actualCPU=5.8910s
[t=   2636.3135][DISPATCH              ] wf=17 task=1765 vm=20
[t=   2636.6665][TASK-COMPLETE         ] task=1963 wf=19 vm=46(reserved) actualCPU=59.5250s
[t=   2636.6665][DISPATCH              ] wf=19 task=1953 vm=46
[t=   2637.5995][TASK-COMPLETE         ] task=1953 wf=19 vm=46(reserved) actualCPU=0.9330s
[t=   2637.5995][DISPATCH              ] wf=7 task=786 vm=46
[t=   2640.4755][TASK-COMPLETE         ] task=1665 wf=16 vm=45(reserved) actualCPU=4.5510s
[t=   2640.4755][DISPATCH              ] wf=19 task=1983 vm=45
[t=   2641.3095][TASK-COMPLETE         ] task=1983 wf=19 vm=45(reserved) actualCPU=0.8340s
[t=   2641.3095][DISPATCH              ] wf=7 task=765 vm=45
[t=   2642.2065][TASK-COMPLETE         ] task=1765 wf=17 vm=20(reserved) actualCPU=5.8930s
[t=   2642.2065][DISPATCH              ] wf=7 task=788 vm=20
[t=   2698.4415][TASK-COMPLETE         ] task=1409 wf=14 vm=22(reserved) actualCPU=1995.7520s
[t=   2698.4415][DISPATCH              ] wf=7 task=768 vm=22
[t=   2714.6225][TASK-COMPLETE         ] task=1325 wf=13 vm=19(reserved) actualCPU=532.4230s
[t=   2714.6225][DISPATCH              ] wf=7 task=771 vm=19
[t=   2749.3325][TASK-COMPLETE         ] task=1331 wf=13 vm=26(reserved) actualCPU=514.7420s
[t=   2749.3325][DISPATCH              ] wf=7 task=787 vm=26
[t=   2764.6375][TASK-COMPLETE         ] task=1332 wf=13 vm=29(reserved) actualCPU=551.6130s
[t=   2764.6375][DISPATCH              ] wf=7 task=785 vm=29
[t=   2772.4745][TASK-COMPLETE         ] task=1328 wf=13 vm=12(reserved) actualCPU=577.4380s
[t=   2772.4745][DISPATCH              ] wf=7 task=766 vm=12
[t=   2783.0295][TASK-COMPLETE         ] task=1326 wf=13 vm=9(reserved) actualCPU=598.8450s
[t=   2783.0295][DISPATCH              ] wf=7 task=769 vm=9
[t=   2810.2825][TASK-COMPLETE         ] task=1334 wf=13 vm=48(reserved) actualCPU=572.8660s
[t=   2810.2825][DISPATCH              ] wf=7 task=774 vm=48
[t=   2812.5395][TASK-COMPLETE         ] task=1314 wf=13 vm=8(reserved) actualCPU=664.1390s
[t=   2812.5395][DISPATCH              ] wf=7 task=770 vm=8
[t=   2883.1785][TASK-COMPLETE         ] task=574 wf=5 vm=35(reserved) actualCPU=251.4710s
[t=   2883.1785][DISPATCH              ] wf=7 task=767 vm=35
[t=   2891.2555][TASK-COMPLETE         ] task=575 wf=5 vm=31(reserved) actualCPU=259.5850s
[t=   2891.2555][DISPATCH              ] wf=19 task=1951 vm=31
[t=   2892.5325][TASK-COMPLETE         ] task=1951 wf=19 vm=31(reserved) actualCPU=1.2770s
[t=   2892.5325][DISPATCH              ] wf=7 task=773 vm=31
[t=   2899.5625][TASK-COMPLETE         ] task=590 wf=5 vm=30(reserved) actualCPU=274.1600s
[t=   2899.5625][DISPATCH              ] wf=7 task=772 vm=30
[t=   2930.1685][TASK-COMPLETE         ] task=587 wf=5 vm=36(reserved) actualCPU=295.3110s
[t=   2930.1685][DISPATCH              ] wf=7 task=775 vm=36
[t=   2957.5335][TASK-COMPLETE         ] task=586 wf=5 vm=6(reserved) actualCPU=323.9540s
[t=   2957.5335][DISPATCH              ] wf=7 task=776 vm=6
[t=   2964.3685][TASK-COMPLETE         ] task=583 wf=5 vm=2(reserved) actualCPU=331.7230s
[t=   2964.3685][DISPATCH              ] wf=7 task=777 vm=2
[t=   2967.5415][TASK-COMPLETE         ] task=155 wf=1 vm=27(reserved) actualCPU=2928.5068s
[t=   2967.5415][DISPATCH              ] wf=7 task=778 vm=27
[t=   2968.9585][TASK-COMPLETE         ] task=422 wf=4 vm=18(reserved) actualCPU=379.9070s
[t=   2968.9585][DISPATCH              ] wf=7 task=782 vm=18
[t=   2981.5445][TASK-COMPLETE         ] task=981 wf=9 vm=37(reserved) actualCPU=2567.9630s
[t=   2981.5445][DISPATCH              ] wf=7 task=783 vm=37
[t=   2989.1355][TASK-COMPLETE         ] task=1412 wf=14 vm=17(reserved) actualCPU=2285.5330s
[t=   2989.1355][DISPATCH              ] wf=7 task=780 vm=17
[t=   3010.2425][TASK-COMPLETE         ] task=916 wf=9 vm=42(reserved) actualCPU=416.6890s
[t=   3010.2425][DISPATCH              ] wf=19 task=1960 vm=42
[t=   3010.3225][TASK-COMPLETE         ] task=577 wf=5 vm=41(reserved) actualCPU=379.9920s
[t=   3010.3225][DISPATCH              ] wf=7 task=784 vm=41
[t=   3011.3285][TASK-COMPLETE         ] task=1960 wf=19 vm=42(reserved) actualCPU=1.0860s
[t=   3011.3285][DISPATCH              ] wf=7 task=781 vm=42
[t=   3012.5445][TASK-COMPLETE         ] task=578 wf=5 vm=38(reserved) actualCPU=380.5160s
[t=   3012.5445][DISPATCH              ] wf=8 task=868 vm=38
[t=   3019.6325][TASK-COMPLETE         ] task=787 wf=7 vm=26(reserved) actualCPU=270.3000s
[t=   3019.6325][DISPATCH              ] wf=7 task=779 vm=26
[t=   3026.2265][TASK-COMPLETE         ] task=584 wf=5 vm=11(reserved) actualCPU=392.3480s
[t=   3026.2265][DISPATCH              ] wf=8 task=869 vm=11
[t=   3039.9535][TASK-COMPLETE         ] task=125 wf=1 vm=7(reserved) actualCPU=452.0380s
[t=   3039.9535][DISPATCH              ] wf=19 task=1949 vm=7
[t=   3041.3745][TASK-COMPLETE         ] task=1949 wf=19 vm=7(reserved) actualCPU=1.4210s
[t=   3041.3745][DISPATCH              ] wf=18 task=1865 vm=7
[t=   3047.1675][TASK-COMPLETE         ] task=1865 wf=18 vm=7(reserved) actualCPU=5.7930s
[t=   3047.1675][DISPATCH              ] wf=8 task=865 vm=7
[t=   3050.6745][TASK-COMPLETE         ] task=771 wf=7 vm=19(reserved) actualCPU=336.0520s
[t=   3050.6745][DISPATCH              ] wf=8 task=870 vm=19
[t=   3055.2635][TASK-COMPLETE         ] task=582 wf=5 vm=33(reserved) actualCPU=420.9140s
[t=   3055.2635][DISPATCH              ] wf=8 task=867 vm=33
[t=   3063.5675][TASK-COMPLETE         ] task=191 wf=1 vm=44(reserved) actualCPU=480.6920s
[t=   3063.5675][DISPATCH              ] wf=8 task=866 vm=44
[t=   3063.8635][TASK-COMPLETE         ] task=568 wf=5 vm=47(reserved) actualCPU=433.8580s
[t=   3063.8635][DISPATCH              ] wf=11 task=1158 vm=47
[t=   3066.1625][TASK-COMPLETE         ] task=452 wf=4 vm=32(reserved) actualCPU=2986.5900s
[t=   3066.1625][DISPATCH              ] wf=11 task=1159 vm=32
[t=   3068.5415][TASK-COMPLETE         ] task=1158 wf=11 vm=47(reserved) actualCPU=4.6780s
[t=   3068.5415][DISPATCH              ] wf=11 task=1160 vm=47
[t=   3072.1365][TASK-COMPLETE         ] task=1159 wf=11 vm=32(reserved) actualCPU=5.9740s
[t=   3072.1365][DISPATCH              ] wf=11 task=1161 vm=32
[t=   3072.7405][TASK-COMPLETE         ] task=585 wf=5 vm=49(reserved) actualCPU=440.0950s
[t=   3072.7405][DISPATCH              ] wf=8 task=873 vm=49
[t=   3073.4415][TASK-COMPLETE         ] task=1160 wf=11 vm=47(reserved) actualCPU=4.9000s
[t=   3073.4415][DISPATCH              ] wf=8 task=874 vm=47
[t=   3076.9555][TASK-COMPLETE         ] task=1161 wf=11 vm=32(reserved) actualCPU=4.8190s
[t=   3076.9555][DISPATCH              ] wf=8 task=871 vm=32
[t=   3078.8485][TASK-COMPLETE         ] task=488 wf=4 vm=10(reserved) actualCPU=480.7370s
[t=   3078.8485][DISPATCH              ] wf=8 task=872 vm=10
[t=   3086.9215][TASK-COMPLETE         ] task=765 wf=7 vm=45(reserved) actualCPU=445.6120s
[t=   3086.9215][DISPATCH              ] wf=8 task=875 vm=45
[t=   3092.6175][TASK-COMPLETE         ] task=572 wf=5 vm=23(reserved) actualCPU=462.5070s
[t=   3092.6175][DISPATCH              ] wf=19 task=1977 vm=23
[t=   3093.8545][TASK-COMPLETE         ] task=1977 wf=19 vm=23(reserved) actualCPU=1.2370s
[t=   3093.8545][DISPATCH              ] wf=19 task=1966 vm=23
[t=   3094.8305][TASK-COMPLETE         ] task=1966 wf=19 vm=23(reserved) actualCPU=0.9760s
[t=   3094.8305][DISPATCH              ] wf=8 task=888 vm=23
[t=   3106.5275][TASK-COMPLETE         ] task=786 wf=7 vm=46(reserved) actualCPU=468.9280s
[t=   3106.5275][DISPATCH              ] wf=8 task=886 vm=46
[t=   3107.0235][TASK-COMPLETE         ] task=579 wf=5 vm=5(reserved) actualCPU=474.5890s
[t=   3107.0235][DISPATCH              ] wf=11 task=1149 vm=5
[t=   3111.7135][TASK-COMPLETE         ] task=1149 wf=11 vm=5(reserved) actualCPU=4.6900s
[t=   3111.7135][DISPATCH              ] wf=11 task=1150 vm=5
[t=   3116.3345][TASK-COMPLETE         ] task=1150 wf=11 vm=5(reserved) actualCPU=4.6210s
[t=   3116.3345][DISPATCH              ] wf=11 task=1151 vm=5
[t=   3121.0095][TASK-COMPLETE         ] task=1151 wf=11 vm=5(reserved) actualCPU=4.6750s
[t=   3121.0095][DISPATCH              ] wf=11 task=1152 vm=5
[t=   3126.2445][TASK-COMPLETE         ] task=1152 wf=11 vm=5(reserved) actualCPU=5.2350s
[t=   3126.2445][DISPATCH              ] wf=11 task=1153 vm=5
[t=   3127.7145][TASK-COMPLETE         ] task=589 wf=5 vm=39(reserved) actualCPU=502.2420s
[t=   3127.7145][DISPATCH              ] wf=11 task=1154 vm=39
[t=   3130.2025][TASK-COMPLETE         ] task=1153 wf=11 vm=5(reserved) actualCPU=3.9580s
[t=   3130.2025][DISPATCH              ] wf=11 task=1155 vm=5
[t=   3132.4475][TASK-COMPLETE         ] task=1154 wf=11 vm=39(reserved) actualCPU=4.7330s
[t=   3132.4475][DISPATCH              ] wf=11 task=1156 vm=39
[t=   3134.6035][TASK-COMPLETE         ] task=1155 wf=11 vm=5(reserved) actualCPU=4.4010s
[t=   3134.6035][DISPATCH              ] wf=11 task=1157 vm=5
[t=   3137.9235][TASK-COMPLETE         ] task=1156 wf=11 vm=39(reserved) actualCPU=5.4760s
[t=   3137.9235][DISPATCH              ] wf=8 task=878 vm=39
[t=   3139.3965][TASK-COMPLETE         ] task=619 wf=6 vm=16(reserved) actualCPU=528.7150s
[t=   3139.3965][DISPATCH              ] wf=8 task=880 vm=16
[t=   3139.9175][TASK-COMPLETE         ] task=788 wf=7 vm=20(reserved) actualCPU=497.7110s
[t=   3139.9175][DISPATCH              ] wf=8 task=876 vm=20
[t=   3140.4565][TASK-COMPLETE         ] task=1157 wf=11 vm=5(reserved) actualCPU=5.8530s
[t=   3140.4565][DISPATCH              ] wf=8 task=883 vm=5
[t=   3142.0545][TASK-COMPLETE         ] task=571 wf=5 vm=4(reserved) actualCPU=511.9180s
[t=   3142.0545][DISPATCH              ] wf=8 task=877 vm=4
[t=   3148.0485][TASK-COMPLETE         ] task=591 wf=5 vm=40(reserved) actualCPU=522.2230s
[t=   3148.0485][DISPATCH              ] wf=8 task=885 vm=40
[t=   3150.5155][TASK-COMPLETE         ] task=774 wf=7 vm=48(reserved) actualCPU=340.2330s
[t=   3150.5155][DISPATCH              ] wf=8 task=887 vm=48
[t=   3161.4005][TASK-COMPLETE         ] task=1478 wf=14 vm=25(reserved) actualCPU=2447.5940s
[t=   3161.4005][DISPATCH              ] wf=8 task=882 vm=25
[t=   3163.5545][TASK-COMPLETE         ] task=569 wf=5 vm=24(reserved) actualCPU=532.8180s
[t=   3163.5545][DISPATCH              ] wf=11 task=1162 vm=24
[t=   3165.3875][TASK-COMPLETE         ] task=588 wf=5 vm=34(reserved) actualCPU=539.7320s
[t=   3165.3875][DISPATCH              ] wf=8 task=881 vm=34
[t=   3166.2505][TASK-COMPLETE         ] task=576 wf=5 vm=13(reserved) actualCPU=534.9190s
[t=   3166.2505][DISPATCH              ] wf=8 task=884 vm=13
[t=   3170.9135][TASK-COMPLETE         ] task=768 wf=7 vm=22(reserved) actualCPU=472.4720s
[t=   3170.9135][DISPATCH              ] wf=11 task=1164 vm=22
[t=   3180.0075][TASK-COMPLETE         ] task=685 wf=6 vm=15(reserved) actualCPU=567.8320s
[t=   3180.0075][DISPATCH              ] wf=8 task=879 vm=15
[t=   3210.6675][TASK-COMPLETE         ] task=580 wf=5 vm=14(reserved) actualCPU=578.0790s
[t=   3210.6675][DISPATCH              ] wf=11 task=1165 vm=14
[t=   3212.5095][TASK-COMPLETE         ] task=772 wf=7 vm=30(reserved) actualCPU=312.9470s
[t=   3212.5095][DISPATCH              ] wf=19 task=1970 vm=30
[t=   3213.3115][TASK-COMPLETE         ] task=1970 wf=19 vm=30(reserved) actualCPU=0.8020s
[t=   3213.3115][DISPATCH              ] wf=11 task=1167 vm=30
[t=   3231.1475][TASK-COMPLETE         ] task=573 wf=5 vm=28(reserved) actualCPU=600.9270s
[t=   3231.1475][DISPATCH              ] wf=11 task=1166 vm=28
[t=   3237.3205][TASK-COMPLETE         ] task=785 wf=7 vm=29(reserved) actualCPU=472.6830s
[t=   3237.3205][DISPATCH              ] wf=11 task=1163 vm=29
[t=   3239.5625][TASK-COMPLETE         ] task=649 wf=6 vm=3(reserved) actualCPU=3034.4260s
[t=   3239.5625][DISPATCH              ] wf=11 task=1171 vm=3
[t=   3261.7235][TASK-COMPLETE         ] task=769 wf=7 vm=9(reserved) actualCPU=478.6940s
[t=   3261.7235][DISPATCH              ] wf=11 task=1168 vm=9
[t=   3271.1975][TASK-COMPLETE         ] task=946 wf=9 vm=1(reserved) actualCPU=2870.8110s
[t=   3271.1975][DISPATCH              ] wf=11 task=1169 vm=1
[t=   3278.8395][TASK-COMPLETE         ] task=783 wf=7 vm=37(reserved) actualCPU=297.2950s
[t=   3278.8395][DISPATCH              ] wf=11 task=1170 vm=37
[t=   3283.6625][TASK-COMPLETE         ] task=780 wf=7 vm=17(reserved) actualCPU=294.5270s
[t=   3283.6625][DISPATCH              ] wf=11 task=1172 vm=17
[t=   3310.0345][TASK-COMPLETE         ] task=570 wf=5 vm=0(reserved) actualCPU=679.7920s
[t=   3310.0345][DISPATCH              ] wf=15 task=1566 vm=0
[t=   3314.7045][TASK-COMPLETE         ] task=581 wf=5 vm=21(reserved) actualCPU=682.4310s
[t=   3314.7045][DISPATCH              ] wf=15 task=1567 vm=21
[t=   3321.4505][TASK-COMPLETE         ] task=1566 wf=15 vm=0(reserved) actualCPU=11.4160s
[t=   3321.4505][DISPATCH              ] wf=15 task=1568 vm=0
[t=   3323.7075][TASK-COMPLETE         ] task=1567 wf=15 vm=21(reserved) actualCPU=9.0030s
[t=   3323.7075][DISPATCH              ] wf=15 task=1569 vm=21
[t=   3331.4165][TASK-COMPLETE         ] task=1568 wf=15 vm=0(reserved) actualCPU=9.9660s
[t=   3331.4165][DISPATCH              ] wf=15 task=1570 vm=0
[t=   3332.2945][TASK-COMPLETE         ] task=1569 wf=15 vm=21(reserved) actualCPU=8.5870s
[t=   3332.2945][DISPATCH              ] wf=15 task=1571 vm=21
[t=   3338.6015][TASK-COMPLETE         ] task=874 wf=8 vm=47(reserved) actualCPU=265.1600s
[t=   3338.6015][DISPATCH              ] wf=15 task=1572 vm=47
[t=   3341.7505][TASK-COMPLETE         ] task=1570 wf=15 vm=0(reserved) actualCPU=10.3340s
[t=   3341.7505][DISPATCH              ] wf=15 task=1573 vm=0
[t=   3342.5665][TASK-COMPLETE         ] task=1571 wf=15 vm=21(reserved) actualCPU=10.2720s
[t=   3342.5665][DISPATCH              ] wf=15 task=1574 vm=21
[t=   3349.6255][TASK-COMPLETE         ] task=1572 wf=15 vm=47(reserved) actualCPU=11.0240s
[t=   3349.6255][DISPATCH              ] wf=15 task=1575 vm=47
[t=   3351.1195][TASK-COMPLETE         ] task=1574 wf=15 vm=21(reserved) actualCPU=8.5530s
[t=   3351.1195][DISPATCH              ] wf=15 task=1576 vm=21
[t=   3351.9915][TASK-COMPLETE         ] task=1573 wf=15 vm=0(reserved) actualCPU=10.2410s
[t=   3351.9915][DISPATCH              ] wf=15 task=1577 vm=0
[t=   3352.7935][TASK-COMPLETE         ] task=766 wf=7 vm=12(reserved) actualCPU=580.3190s
[t=   3352.7935][DISPATCH              ] wf=15 task=1578 vm=12
[t=   3355.1655][TASK-COMPLETE         ] task=775 wf=7 vm=36(reserved) actualCPU=424.9970s
[t=   3355.1655][DISPATCH              ] wf=15 task=1579 vm=36
[t=   3355.3355][TASK-COMPLETE         ] task=872 wf=8 vm=10(reserved) actualCPU=276.4870s
[t=   3355.3355][DISPATCH              ] wf=15 task=1580 vm=10
[t=   3361.0885][TASK-COMPLETE         ] task=1575 wf=15 vm=47(reserved) actualCPU=11.4630s
[t=   3361.0885][DISPATCH              ] wf=15 task=1581 vm=47
[t=   3361.7715][TASK-COMPLETE         ] task=773 wf=7 vm=31(reserved) actualCPU=469.2390s
[t=   3361.7715][DISPATCH              ] wf=19 task=1887 vm=31
[t=   3361.8025][TASK-COMPLETE         ] task=1577 wf=15 vm=0(reserved) actualCPU=9.8110s
[t=   3361.8025][DISPATCH              ] wf=19 task=1964 vm=0
[t=   3362.4575][TASK-COMPLETE         ] task=1887 wf=19 vm=31(reserved) actualCPU=0.6860s
[t=   3362.4575][DISPATCH              ] wf=16 task=1666 vm=31
[t=   3362.5955][TASK-COMPLETE         ] task=1578 wf=15 vm=12(reserved) actualCPU=9.8020s
[t=   3362.5955][DISPATCH              ] wf=16 task=1667 vm=12
[t=   3363.0825][TASK-COMPLETE         ] task=1964 wf=19 vm=0(reserved) actualCPU=1.2800s
[t=   3363.0825][DISPATCH              ] wf=16 task=1668 vm=0
[t=   3363.1855][TASK-COMPLETE         ] task=770 wf=7 vm=8(reserved) actualCPU=550.6460s
[t=   3363.1855][DISPATCH              ] wf=16 task=1669 vm=8
[t=   3364.4715][TASK-COMPLETE         ] task=1576 wf=15 vm=21(reserved) actualCPU=13.3520s
[t=   3364.4715][DISPATCH              ] wf=16 task=1670 vm=21
[t=   3366.6605][TASK-COMPLETE         ] task=1579 wf=15 vm=36(reserved) actualCPU=11.4950s
[t=   3366.6605][DISPATCH              ] wf=16 task=1671 vm=36
[t=   3366.7365][TASK-COMPLETE         ] task=1580 wf=15 vm=10(reserved) actualCPU=11.4010s
[t=   3366.7365][DISPATCH              ] wf=16 task=1672 vm=10
[t=   3368.9725][TASK-COMPLETE         ] task=887 wf=8 vm=48(reserved) actualCPU=218.4570s
[t=   3368.9725][DISPATCH              ] wf=16 task=1673 vm=48
[t=   3370.6305][TASK-COMPLETE         ] task=1581 wf=15 vm=47(reserved) actualCPU=9.5420s
[t=   3370.6305][DISPATCH              ] wf=16 task=1674 vm=47
[t=   3373.0295][TASK-COMPLETE         ] task=1666 wf=16 vm=31(reserved) actualCPU=10.5720s
[t=   3373.0295][DISPATCH              ] wf=16 task=1675 vm=31
[t=   3373.4945][TASK-COMPLETE         ] task=1668 wf=16 vm=0(reserved) actualCPU=10.4120s
[t=   3373.4945][DISPATCH              ] wf=16 task=1676 vm=0
[t=   3374.0135][TASK-COMPLETE         ] task=1667 wf=16 vm=12(reserved) actualCPU=11.4180s
[t=   3374.0135][DISPATCH              ] wf=16 task=1677 vm=12
[t=   3374.8275][TASK-COMPLETE         ] task=1669 wf=16 vm=8(reserved) actualCPU=11.6420s
[t=   3374.8275][DISPATCH              ] wf=16 task=1678 vm=8
[t=   3374.9895][TASK-COMPLETE         ] task=1670 wf=16 vm=21(reserved) actualCPU=10.5180s
[t=   3374.9895][DISPATCH              ] wf=16 task=1679 vm=21
[t=   3377.8985][TASK-COMPLETE         ] task=1671 wf=16 vm=36(reserved) actualCPU=11.2380s
[t=   3377.8985][DISPATCH              ] wf=16 task=1680 vm=36
[t=   3378.9745][TASK-COMPLETE         ] task=1672 wf=16 vm=10(reserved) actualCPU=12.2380s
[t=   3378.9745][DISPATCH              ] wf=16 task=1681 vm=10
[t=   3379.4165][TASK-COMPLETE         ] task=1673 wf=16 vm=48(reserved) actualCPU=10.4440s
[t=   3379.4165][DISPATCH              ] wf=17 task=1766 vm=48
[t=   3379.8215][TASK-COMPLETE         ] task=869 wf=8 vm=11(reserved) actualCPU=353.5950s
[t=   3379.8215][DISPATCH              ] wf=17 task=1767 vm=11
[t=   3382.8355][TASK-COMPLETE         ] task=1674 wf=16 vm=47(reserved) actualCPU=12.2050s
[t=   3382.8355][DISPATCH              ] wf=17 task=1768 vm=47
[t=   3383.6645][TASK-COMPLETE         ] task=784 wf=7 vm=41(reserved) actualCPU=373.3420s
[t=   3383.6645][DISPATCH              ] wf=17 task=1769 vm=41
[t=   3384.0125][TASK-COMPLETE         ] task=1675 wf=16 vm=31(reserved) actualCPU=10.9830s
[t=   3384.0125][DISPATCH              ] wf=17 task=1770 vm=31
[t=   3384.6245][TASK-COMPLETE         ] task=1677 wf=16 vm=12(reserved) actualCPU=10.6110s
[t=   3384.6245][DISPATCH              ] wf=17 task=1771 vm=12
[t=   3385.6445][TASK-COMPLETE         ] task=1679 wf=16 vm=21(reserved) actualCPU=10.6550s
[t=   3385.6445][DISPATCH              ] wf=17 task=1772 vm=21
[t=   3385.7595][TASK-COMPLETE         ] task=1443 wf=14 vm=43(reserved) actualCPU=2676.3760s
[t=   3385.7595][DISPATCH              ] wf=17 task=1773 vm=43
[t=   3385.8075][TASK-COMPLETE         ] task=1678 wf=16 vm=8(reserved) actualCPU=10.9800s
[t=   3385.8075][DISPATCH              ] wf=17 task=1774 vm=8
[t=   3385.8825][TASK-COMPLETE         ] task=1676 wf=16 vm=0(reserved) actualCPU=12.3880s
[t=   3385.8825][DISPATCH              ] wf=17 task=1775 vm=0
[t=   3388.0475][TASK-COMPLETE         ] task=1681 wf=16 vm=10(reserved) actualCPU=9.0730s
[t=   3388.0475][DISPATCH              ] wf=17 task=1776 vm=10
[t=   3388.3065][TASK-COMPLETE         ] task=1680 wf=16 vm=36(reserved) actualCPU=10.4080s
[t=   3388.3065][DISPATCH              ] wf=17 task=1777 vm=36
[t=   3389.8825][TASK-COMPLETE         ] task=871 wf=8 vm=32(reserved) actualCPU=312.9270s
[t=   3389.8825][DISPATCH              ] wf=17 task=1778 vm=32
[t=   3390.0695][TASK-COMPLETE         ] task=1767 wf=17 vm=11(reserved) actualCPU=10.2480s
[t=   3390.0695][DISPATCH              ] wf=17 task=1779 vm=11
[t=   3390.6945][TASK-COMPLETE         ] task=1766 wf=17 vm=48(reserved) actualCPU=11.2780s
[t=   3390.6945][DISPATCH              ] wf=17 task=1780 vm=48
[t=   3394.3305][TASK-COMPLETE         ] task=1775 wf=17 vm=0(reserved) actualCPU=8.4480s
[t=   3394.3305][DISPATCH              ] wf=17 task=1781 vm=0
[t=   3394.7445][TASK-COMPLETE         ] task=1768 wf=17 vm=47(reserved) actualCPU=11.9090s
[t=   3394.7445][DISPATCH              ] wf=13 task=1336 vm=47
[t=   3395.5665][TASK-COMPLETE         ] task=1774 wf=17 vm=8(reserved) actualCPU=9.7590s
[t=   3395.5665][DISPATCH              ] wf=13 task=1337 vm=8
[t=   3395.8025][TASK-COMPLETE         ] task=1769 wf=17 vm=41(reserved) actualCPU=12.1380s
[t=   3395.8025][DISPATCH              ] wf=13 task=1335 vm=41
[t=   3395.8145][TASK-COMPLETE         ] task=1770 wf=17 vm=31(reserved) actualCPU=11.8020s
[t=   3395.8145][DISPATCH              ] wf=1 task=156 vm=31
[t=   3396.0015][TASK-COMPLETE         ] task=1771 wf=17 vm=12(reserved) actualCPU=11.3770s
[t=   3396.0015][DISPATCH              ] wf=4 task=423 vm=12
[t=   3396.5465][TASK-COMPLETE         ] task=1773 wf=17 vm=43(reserved) actualCPU=10.7870s
[t=   3396.5465][DISPATCH              ] wf=4 task=424 vm=43
[t=   3397.1285][TASK-COMPLETE         ] task=1777 wf=17 vm=36(reserved) actualCPU=8.8220s
[t=   3397.1285][DISPATCH              ] wf=4 task=425 vm=36
[t=   3397.5915][TASK-COMPLETE         ] task=423 wf=4 vm=12(reserved) actualCPU=1.5900s
[t=   3397.5915][DISPATCH              ] wf=4 task=427 vm=12
[t=   3398.5735][TASK-COMPLETE         ] task=1776 wf=17 vm=10(reserved) actualCPU=10.5260s
[t=   3398.5735][DISPATCH              ] wf=9 task=982 vm=10
[t=   3398.7485][TASK-COMPLETE         ] task=1772 wf=17 vm=21(reserved) actualCPU=13.1040s
[t=   3398.7485][DISPATCH              ] wf=14 task=1413 vm=21
[t=   3400.4325][TASK-COMPLETE         ] task=1780 wf=17 vm=48(reserved) actualCPU=9.7380s
[t=   3400.4325][DISPATCH              ] wf=9 task=917 vm=48
[t=   3400.9275][TASK-COMPLETE         ] task=1337 wf=13 vm=8(reserved) actualCPU=5.3610s
[t=   3400.9275][DISPATCH              ] wf=9 task=918 vm=8
[t=   3400.9545][TASK-COMPLETE         ] task=1778 wf=17 vm=32(reserved) actualCPU=11.0720s
[t=   3400.9545][DISPATCH              ] wf=9 task=919 vm=32
[t=   3401.0095][TASK-COMPLETE         ] task=1336 wf=13 vm=47(reserved) actualCPU=6.2650s
[t=   3401.0095][DISPATCH              ] wf=9 task=921 vm=47
[t=   3401.0275][TASK-COMPLETE         ] task=1779 wf=17 vm=11(reserved) actualCPU=10.9580s
[t=   3401.0275][DISPATCH              ] wf=1 task=126 vm=11
[t=   3401.0595][TASK-COMPLETE         ] task=880 wf=8 vm=16(reserved) actualCPU=261.6630s
[t=   3401.0595][DISPATCH              ] wf=1 task=127 vm=16
[t=   3401.5075][TASK-COMPLETE         ] task=1335 wf=13 vm=41(reserved) actualCPU=5.7050s
[t=   3401.5075][DISPATCH              ] wf=1 task=128 vm=41
[t=   3402.0195][TASK-COMPLETE         ] task=424 wf=4 vm=43(reserved) actualCPU=5.4730s
[t=   3402.0195][DISPATCH              ] wf=1 task=130 vm=43
[t=   3402.2035][TASK-COMPLETE         ] task=917 wf=9 vm=48(reserved) actualCPU=1.7710s
[t=   3402.2035][DISPATCH              ] wf=18 task=1866 vm=48
[t=   3402.5705][TASK-COMPLETE         ] task=126 wf=1 vm=11(reserved) actualCPU=1.5430s
[t=   3402.5705][DISPATCH              ] wf=18 task=1867 vm=11
[t=   3403.3685][TASK-COMPLETE         ] task=427 wf=4 vm=12(reserved) actualCPU=5.7770s
[t=   3403.3685][DISPATCH              ] wf=18 task=1868 vm=12
[t=   3405.3905][TASK-COMPLETE         ] task=1781 wf=17 vm=0(reserved) actualCPU=11.0600s
[t=   3405.3905][DISPATCH              ] wf=18 task=1869 vm=0
[t=   3405.8125][TASK-COMPLETE         ] task=918 wf=9 vm=8(reserved) actualCPU=4.8850s
[t=   3405.8125][DISPATCH              ] wf=18 task=1870 vm=8
[t=   3406.3585][TASK-COMPLETE         ] task=921 wf=9 vm=47(reserved) actualCPU=5.3490s
[t=   3406.3585][DISPATCH              ] wf=18 task=1871 vm=47
[t=   3407.0725][TASK-COMPLETE         ] task=127 wf=1 vm=16(reserved) actualCPU=6.0130s
[t=   3407.0725][DISPATCH              ] wf=18 task=1872 vm=16
[t=   3407.9745][TASK-COMPLETE         ] task=883 wf=8 vm=5(reserved) actualCPU=267.5180s
[t=   3407.9745][DISPATCH              ] wf=18 task=1873 vm=5
[t=   3408.2005][TASK-COMPLETE         ] task=130 wf=1 vm=43(reserved) actualCPU=6.1810s
[t=   3408.2005][DISPATCH              ] wf=18 task=1874 vm=43
[t=   3412.9465][TASK-COMPLETE         ] task=1866 wf=18 vm=48(reserved) actualCPU=10.7430s
[t=   3412.9465][DISPATCH              ] wf=18 task=1875 vm=48
[t=   3413.1255][TASK-COMPLETE         ] task=1868 wf=18 vm=12(reserved) actualCPU=9.7570s
[t=   3413.1255][DISPATCH              ] wf=18 task=1876 vm=12
[t=   3413.8775][TASK-COMPLETE         ] task=1867 wf=18 vm=11(reserved) actualCPU=11.3070s
[t=   3413.8775][DISPATCH              ] wf=18 task=1877 vm=11
[t=   3415.1725][TASK-COMPLETE         ] task=1870 wf=18 vm=8(reserved) actualCPU=9.3600s
[t=   3415.1725][DISPATCH              ] wf=18 task=1878 vm=8
[t=   3416.1865][TASK-COMPLETE         ] task=1869 wf=18 vm=0(reserved) actualCPU=10.7960s
[t=   3416.1865][DISPATCH              ] wf=18 task=1879 vm=0
[t=   3416.7585][TASK-COMPLETE         ] task=1871 wf=18 vm=47(reserved) actualCPU=10.4000s
[t=   3416.7585][DISPATCH              ] wf=18 task=1880 vm=47
[t=   3417.3735][TASK-COMPLETE         ] task=1872 wf=18 vm=16(reserved) actualCPU=10.3010s
[t=   3417.3735][DISPATCH              ] wf=18 task=1881 vm=16
[t=   3417.5645][TASK-COMPLETE         ] task=1874 wf=18 vm=43(reserved) actualCPU=9.3640s
[t=   3417.5645][DISPATCH              ] wf=1 task=192 vm=43
[t=   3418.9135][TASK-COMPLETE         ] task=192 wf=1 vm=43(reserved) actualCPU=1.3490s
[t=   3418.9135][DISPATCH              ] wf=1 task=193 vm=43
[t=   3420.2205][TASK-COMPLETE         ] task=1873 wf=18 vm=5(reserved) actualCPU=12.2460s
[t=   3420.2205][DISPATCH              ] wf=1 task=194 vm=5
[t=   3423.0575][TASK-COMPLETE         ] task=193 wf=1 vm=43(reserved) actualCPU=4.1440s
[t=   3423.0575][DISPATCH              ] wf=1 task=196 vm=43
[t=   3423.6355][TASK-COMPLETE         ] task=1876 wf=18 vm=12(reserved) actualCPU=10.5100s
[t=   3423.6355][DISPATCH              ] wf=4 task=453 vm=12
[t=   3423.9715][TASK-COMPLETE         ] task=1875 wf=18 vm=48(reserved) actualCPU=11.0250s
[t=   3423.9715][DISPATCH              ] wf=11 task=1182 vm=48
[t=   3424.6495][TASK-COMPLETE         ] task=1877 wf=18 vm=11(reserved) actualCPU=10.7720s
[t=   3424.6495][DISPATCH              ] wf=11 task=1183 vm=11
[t=   3425.8215][TASK-COMPLETE         ] task=1878 wf=18 vm=8(reserved) actualCPU=10.6490s
[t=   3425.8215][DISPATCH              ] wf=11 task=1184 vm=8
[t=   3426.1165][TASK-COMPLETE         ] task=1879 wf=18 vm=0(reserved) actualCPU=9.9300s
[t=   3426.1165][DISPATCH              ] wf=11 task=1185 vm=0
[t=   3426.9215][TASK-COMPLETE         ] task=196 wf=1 vm=43(reserved) actualCPU=3.8640s
[t=   3426.9215][DISPATCH              ] wf=4 task=489 vm=43
[t=   3427.6415][TASK-COMPLETE         ] task=1880 wf=18 vm=47(reserved) actualCPU=10.8830s
[t=   3427.6415][DISPATCH              ] wf=4 task=490 vm=47
[t=   3428.3755][TASK-COMPLETE         ] task=489 wf=4 vm=43(reserved) actualCPU=1.4540s
[t=   3428.3755][DISPATCH              ] wf=4 task=491 vm=43
[t=   3429.3975][TASK-COMPLETE         ] task=1881 wf=18 vm=16(reserved) actualCPU=12.0240s
[t=   3429.3975][DISPATCH              ] wf=4 task=493 vm=16
[t=   3431.9145][TASK-COMPLETE         ] task=490 wf=4 vm=47(reserved) actualCPU=4.2730s
[t=   3431.9145][DISPATCH              ] wf=11 task=1173 vm=47
[t=   3433.0755][TASK-COMPLETE         ] task=493 wf=4 vm=16(reserved) actualCPU=3.6780s
[t=   3433.0755][DISPATCH              ] wf=11 task=1174 vm=16
[t=   3448.4385][TASK-COMPLETE         ] task=886 wf=8 vm=46(reserved) actualCPU=341.9110s
[t=   3448.4385][DISPATCH              ] wf=11 task=1175 vm=46
[t=   3452.0515][TASK-COMPLETE         ] task=875 wf=8 vm=45(reserved) actualCPU=365.1300s
[t=   3452.0515][DISPATCH              ] wf=11 task=1176 vm=45
[t=   3480.9125][TASK-COMPLETE         ] task=781 wf=7 vm=42(reserved) actualCPU=469.5840s
[t=   3480.9125][DISPATCH              ] wf=11 task=1177 vm=42
[t=   3484.8325][TASK-COMPLETE         ] task=767 wf=7 vm=35(reserved) actualCPU=601.6540s
[t=   3484.8325][DISPATCH              ] wf=11 task=1178 vm=35
[t=   3503.5105][TASK-COMPLETE         ] task=884 wf=8 vm=13(reserved) actualCPU=337.2600s
[t=   3503.5105][DISPATCH              ] wf=11 task=1179 vm=13
[t=   3516.3365][TASK-COMPLETE         ] task=868 wf=8 vm=38(reserved) actualCPU=503.7920s
[t=   3516.3365][DISPATCH              ] wf=11 task=1180 vm=38
[t=   3519.5615][TASK-COMPLETE         ] task=776 wf=7 vm=6(reserved) actualCPU=562.0280s
[t=   3519.5615][DISPATCH              ] wf=6 task=620 vm=6
[t=   3520.8545][TASK-COMPLETE         ] task=620 wf=6 vm=6(reserved) actualCPU=1.2930s
[t=   3520.8545][DISPATCH              ] wf=6 task=621 vm=6
[t=   3527.0355][TASK-COMPLETE         ] task=621 wf=6 vm=6(reserved) actualCPU=6.1810s
[t=   3527.0355][DISPATCH              ] wf=6 task=622 vm=6
[t=   3528.0855][TASK-COMPLETE         ] task=1162 wf=11 vm=24(reserved) actualCPU=364.5310s
[t=   3528.0855][DISPATCH              ] wf=6 task=624 vm=24
[t=   3528.8815][TASK-COMPLETE         ] task=870 wf=8 vm=19(reserved) actualCPU=478.2070s
[t=   3528.8815][DISPATCH              ] wf=11 task=1181 vm=19
[t=   3533.9855][TASK-COMPLETE         ] task=624 wf=6 vm=24(reserved) actualCPU=5.9000s
[t=   3533.9855][DISPATCH              ] wf=14 task=1479 vm=24
[t=   3543.5755][TASK-COMPLETE         ] task=879 wf=8 vm=15(reserved) actualCPU=363.5680s
[t=   3543.5755][DISPATCH              ] wf=5 task=594 vm=15
[t=   3549.0395][TASK-COMPLETE         ] task=594 wf=5 vm=15(reserved) actualCPU=5.4640s
[t=   3549.0395][DISPATCH              ] wf=6 task=686 vm=15
[t=   3550.4475][TASK-COMPLETE         ] task=686 wf=6 vm=15(reserved) actualCPU=1.4080s
[t=   3550.4475][DISPATCH              ] wf=6 task=687 vm=15
[t=   3551.0535][TASK-COMPLETE         ] task=777 wf=7 vm=2(reserved) actualCPU=586.6850s
[t=   3551.0535][DISPATCH              ] wf=6 task=688 vm=2
[t=   3551.8035][TASK-COMPLETE         ] task=888 wf=8 vm=23(reserved) actualCPU=456.9730s
[t=   3551.8035][DISPATCH              ] wf=6 task=690 vm=23
[t=   3554.8165][TASK-COMPLETE         ] task=687 wf=6 vm=15(reserved) actualCPU=4.3690s
[t=   3554.8165][DISPATCH              ] wf=7 task=791 vm=15
[t=   3555.9605][TASK-COMPLETE         ] task=690 wf=6 vm=23(reserved) actualCPU=4.1570s
[t=   3555.9605][DISPATCH              ] wf=6 task=650 vm=23
[t=   3559.5785][TASK-COMPLETE         ] task=791 wf=7 vm=15(reserved) actualCPU=4.7620s
[t=   3559.5785][DISPATCH              ] wf=9 task=947 vm=15
[t=   3562.5125][TASK-COMPLETE         ] task=876 wf=8 vm=20(reserved) actualCPU=422.5950s
[t=   3562.5125][DISPATCH              ] wf=5 task=592 vm=20
[t=   3564.2085][TASK-COMPLETE         ] task=1169 wf=11 vm=1(reserved) actualCPU=293.0110s
[t=   3564.2085][DISPATCH              ] wf=5 task=593 vm=1
[t=   3567.5385][TASK-COMPLETE         ] task=592 wf=5 vm=20(reserved) actualCPU=5.0260s
[t=   3567.5385][DISPATCH              ] wf=19 task=1886 vm=20
[t=   3567.8935][TASK-COMPLETE         ] task=1886 wf=19 vm=20(reserved) actualCPU=0.3550s
[t=   3567.8935][WF-COMPLETE           ] wf=19 completionTime=3567.8935 deadline=1026.3200 -> MISSED
[t=   3567.8935][DISPATCH              ] wf=15 task=1582 vm=20
[t=   3568.6975][TASK-COMPLETE         ] task=593 wf=5 vm=1(reserved) actualCPU=4.4890s
[t=   3568.6975][WF-COMPLETE           ] wf=5 completionTime=3568.6975 deadline=2753.9342 -> MISSED
[t=   3568.6975][DISPATCH              ] wf=14 task=1444 vm=1
[t=   3573.8025][TASK-COMPLETE         ] task=782 wf=7 vm=18(reserved) actualCPU=604.8440s
[t=   3573.8025][DISPATCH              ] wf=16 task=1682 vm=18
[t=   3574.9545][TASK-COMPLETE         ] task=1582 wf=15 vm=20(reserved) actualCPU=7.0610s
[t=   3574.9545][DISPATCH              ] wf=4 task=426 vm=20
[t=   3580.7865][TASK-COMPLETE         ] task=1682 wf=16 vm=18(reserved) actualCPU=6.9840s
[t=   3580.7865][DISPATCH              ] wf=13 task=1358 vm=18
[t=   3582.5085][TASK-COMPLETE         ] task=881 wf=8 vm=34(reserved) actualCPU=417.1210s
[t=   3582.5085][DISPATCH              ] wf=13 task=1359 vm=34
[t=   3584.2685][TASK-COMPLETE         ] task=867 wf=8 vm=33(reserved) actualCPU=529.0050s
[t=   3584.2685][DISPATCH              ] wf=13 task=1360 vm=33
[t=   3585.6695][TASK-COMPLETE         ] task=1358 wf=13 vm=18(reserved) actualCPU=4.8830s
[t=   3585.6695][DISPATCH              ] wf=13 task=1361 vm=18
[t=   3587.3585][TASK-COMPLETE         ] task=1359 wf=13 vm=34(reserved) actualCPU=4.8500s
[t=   3587.3585][DISPATCH              ] wf=13 task=1349 vm=34
[t=   3587.6655][TASK-COMPLETE         ] task=778 wf=7 vm=27(reserved) actualCPU=620.1240s
[t=   3587.6655][DISPATCH              ] wf=13 task=1350 vm=27
[t=   3588.7565][TASK-COMPLETE         ] task=779 wf=7 vm=26(reserved) actualCPU=569.1240s
[t=   3588.7565][DISPATCH              ] wf=13 task=1351 vm=26
[t=   3588.8665][TASK-COMPLETE         ] task=1360 wf=13 vm=33(reserved) actualCPU=4.5980s
[t=   3588.8665][DISPATCH              ] wf=13 task=1352 vm=33
[t=   3591.0855][TASK-COMPLETE         ] task=1361 wf=13 vm=18(reserved) actualCPU=5.4160s
[t=   3591.0855][DISPATCH              ] wf=13 task=1353 vm=18
[t=   3591.1295][TASK-COMPLETE         ] task=1350 wf=13 vm=27(reserved) actualCPU=3.4640s
[t=   3591.1295][DISPATCH              ] wf=13 task=1354 vm=27
[t=   3592.4525][TASK-COMPLETE         ] task=873 wf=8 vm=49(reserved) actualCPU=519.7120s
[t=   3592.4525][DISPATCH              ] wf=13 task=1355 vm=49
[t=   3592.8425][TASK-COMPLETE         ] task=1351 wf=13 vm=26(reserved) actualCPU=4.0860s
[t=   3592.8425][DISPATCH              ] wf=13 task=1356 vm=26
[t=   3592.9245][TASK-COMPLETE         ] task=1349 wf=13 vm=34(reserved) actualCPU=5.5660s
[t=   3592.9245][DISPATCH              ] wf=13 task=1357 vm=34
[t=   3593.5835][TASK-COMPLETE         ] task=1352 wf=13 vm=33(reserved) actualCPU=4.7170s
[t=   3593.5835][DISPATCH              ] wf=13 task=1338 vm=33
[t=   3594.0135][TASK-COMPLETE         ] task=865 wf=8 vm=7(reserved) actualCPU=546.8460s
[t=   3594.0135][DISPATCH              ] wf=13 task=1339 vm=7
[t=   3595.7685][TASK-COMPLETE         ] task=1353 wf=13 vm=18(reserved) actualCPU=4.6830s
[t=   3595.7685][DISPATCH              ] wf=13 task=1340 vm=18
[t=   3596.5995][TASK-COMPLETE         ] task=1354 wf=13 vm=27(reserved) actualCPU=5.4700s
[t=   3596.5995][DISPATCH              ] wf=13 task=1341 vm=27
[t=   3597.3455][TASK-COMPLETE         ] task=1356 wf=13 vm=26(reserved) actualCPU=4.5030s
[t=   3597.3455][DISPATCH              ] wf=13 task=1342 vm=26
[t=   3597.8395][TASK-COMPLETE         ] task=1355 wf=13 vm=49(reserved) actualCPU=5.3870s
[t=   3597.8395][DISPATCH              ] wf=13 task=1343 vm=49
[t=   3598.0215][TASK-COMPLETE         ] task=1357 wf=13 vm=34(reserved) actualCPU=5.0970s
[t=   3598.0215][DISPATCH              ] wf=13 task=1344 vm=34
[t=   3598.4925][TASK-COMPLETE         ] task=1338 wf=13 vm=33(reserved) actualCPU=4.9090s
[t=   3598.4925][DISPATCH              ] wf=13 task=1345 vm=33
[t=   3600.0795][TASK-COMPLETE         ] task=1168 wf=11 vm=9(reserved) actualCPU=338.3560s
[t=   3600.0795][DISPATCH              ] wf=13 task=1346 vm=9
[t=   3600.4215][TASK-COMPLETE         ] task=1339 wf=13 vm=7(reserved) actualCPU=6.4080s
[t=   3600.4215][DISPATCH              ] wf=13 task=1347 vm=7
[t=   3600.4385][TASK-COMPLETE         ] task=1166 wf=11 vm=28(reserved) actualCPU=369.2910s
[t=   3600.4385][DISPATCH              ] wf=13 task=1348 vm=28
[t=   3600.5755][TASK-COMPLETE         ] task=1171 wf=11 vm=3(reserved) actualCPU=361.0130s
[t=   3600.5755][DISPATCH              ] wf=9 task=920 vm=3
[t=   3601.0395][TASK-COMPLETE         ] task=1340 wf=13 vm=18(reserved) actualCPU=5.2710s
[t=   3601.0395][DISPATCH              ] wf=1 task=129 vm=18
[t=   3601.8595][TASK-COMPLETE         ] task=1342 wf=13 vm=26(reserved) actualCPU=4.5140s
[t=   3601.8595][DISPATCH              ] wf=17 task=1782 vm=26
[t=   3601.9585][TASK-COMPLETE         ] task=1343 wf=13 vm=49(reserved) actualCPU=4.1190s
[t=   3601.9585][DISPATCH              ] wf=1 task=195 vm=49
[t=   3602.2755][TASK-COMPLETE         ] task=1341 wf=13 vm=27(reserved) actualCPU=5.6760s
[t=   3602.2755][DISPATCH              ] wf=4 task=492 vm=27
[t=   3603.3885][TASK-COMPLETE         ] task=1344 wf=13 vm=34(reserved) actualCPU=5.3670s
[t=   3603.3885][DISPATCH              ] wf=18 task=1882 vm=34
[t=   3603.5645][TASK-COMPLETE         ] task=1345 wf=13 vm=33(reserved) actualCPU=5.0720s
[t=   3603.5645][DISPATCH              ] wf=7 task=789 vm=33
[t=   3605.1755][TASK-COMPLETE         ] task=1347 wf=13 vm=7(reserved) actualCPU=4.7540s
[t=   3605.1755][DISPATCH              ] wf=6 task=623 vm=7
[t=   3605.6635][TASK-COMPLETE         ] task=1346 wf=13 vm=9(reserved) actualCPU=5.5840s
[t=   3605.6635][DISPATCH              ] wf=6 task=689 vm=9
[t=   3606.5155][TASK-COMPLETE         ] task=1348 wf=13 vm=28(reserved) actualCPU=6.0770s
[t=   3606.5155][DISPATCH              ] wf=15 task=1583 vm=28
[t=   3608.8295][TASK-COMPLETE         ] task=789 wf=7 vm=33(reserved) actualCPU=5.2650s
[t=   3608.8295][DISPATCH              ] wf=16 task=1683 vm=33
[t=   3610.8685][TASK-COMPLETE         ] task=1782 wf=17 vm=26(reserved) actualCPU=9.0090s
[t=   3610.8685][DISPATCH              ] wf=13 task=1382 vm=26
[t=   3610.9515][TASK-COMPLETE         ] task=1882 wf=18 vm=34(reserved) actualCPU=7.5630s
[t=   3610.9515][DISPATCH              ] wf=13 task=1383 vm=34
[t=   3613.6295][TASK-COMPLETE         ] task=426 wf=4 vm=20(reserved) actualCPU=38.6750s
[t=   3613.6295][DISPATCH              ] wf=7 task=790 vm=20
[t=   3616.0215][TASK-COMPLETE         ] task=1583 wf=15 vm=28(reserved) actualCPU=9.5060s
[t=   3616.0215][DISPATCH              ] wf=13 task=1384 vm=28
[t=   3618.8935][TASK-COMPLETE         ] task=1683 wf=16 vm=33(reserved) actualCPU=10.0640s
[t=   3618.8935][DISPATCH              ] wf=13 task=1385 vm=33
[t=   3619.0685][TASK-COMPLETE         ] task=790 wf=7 vm=20(reserved) actualCPU=5.4390s
[t=   3619.0685][WF-COMPLETE           ] wf=7 completionTime=3619.0685 deadline=2807.6368 -> MISSED
[t=   3619.0685][DISPATCH              ] wf=13 task=1374 vm=20
[t=   3622.6085][TASK-COMPLETE         ] task=866 wf=8 vm=44(reserved) actualCPU=559.0410s
[t=   3622.6085][DISPATCH              ] wf=13 task=1375 vm=44
[t=   3628.2795][TASK-COMPLETE         ] task=129 wf=1 vm=18(reserved) actualCPU=27.2400s
[t=   3628.2795][DISPATCH              ] wf=13 task=1373 vm=18
[t=   3630.2515][TASK-COMPLETE         ] task=920 wf=9 vm=3(reserved) actualCPU=29.6760s
[t=   3630.2515][DISPATCH              ] wf=13 task=1376 vm=3
[t=   3635.3975][TASK-COMPLETE         ] task=623 wf=6 vm=7(reserved) actualCPU=30.2220s
[t=   3635.3975][DISPATCH              ] wf=13 task=1377 vm=7
[t=   3637.1575][TASK-COMPLETE         ] task=492 wf=4 vm=27(reserved) actualCPU=34.8820s
[t=   3637.1575][DISPATCH              ] wf=13 task=1378 vm=27
[t=   3637.7605][TASK-COMPLETE         ] task=689 wf=6 vm=9(reserved) actualCPU=32.0970s
[t=   3637.7605][DISPATCH              ] wf=13 task=1380 vm=9
[t=   3641.0885][TASK-COMPLETE         ] task=195 wf=1 vm=49(reserved) actualCPU=39.1300s
[t=   3641.0885][DISPATCH              ] wf=13 task=1379 vm=49
[t=   3658.4925][TASK-COMPLETE         ] task=885 wf=8 vm=40(reserved) actualCPU=510.4440s
[t=   3658.4925][DISPATCH              ] wf=13 task=1381 vm=40
[t=   3663.8955][TASK-COMPLETE         ] task=882 wf=8 vm=25(reserved) actualCPU=502.4950s
[t=   3663.8955][DISPATCH              ] wf=13 task=1362 vm=25
[t=   3666.3405][TASK-COMPLETE         ] task=877 wf=8 vm=4(reserved) actualCPU=524.2860s
[t=   3666.3405][DISPATCH              ] wf=13 task=1363 vm=4
[t=   3686.6485][TASK-COMPLETE         ] task=1184 wf=11 vm=8(reserved) actualCPU=260.8270s
[t=   3686.6485][DISPATCH              ] wf=13 task=1364 vm=8
[t=   3699.5255][TASK-COMPLETE         ] task=878 wf=8 vm=39(reserved) actualCPU=561.6020s
[t=   3699.5255][DISPATCH              ] wf=13 task=1366 vm=39
[t=   3708.3525][TASK-COMPLETE         ] task=1167 wf=11 vm=30(reserved) actualCPU=495.0410s
[t=   3708.3525][DISPATCH              ] wf=13 task=1367 vm=30
[t=   3716.1925][TASK-COMPLETE         ] task=1165 wf=11 vm=14(reserved) actualCPU=505.5250s
[t=   3716.1925][DISPATCH              ] wf=13 task=1365 vm=14
[t=   3716.9665][TASK-COMPLETE         ] task=1172 wf=11 vm=17(reserved) actualCPU=433.3040s
[t=   3716.9665][DISPATCH              ] wf=13 task=1368 vm=17
[t=   3750.3665][TASK-COMPLETE         ] task=453 wf=4 vm=12(reserved) actualCPU=326.7310s
[t=   3750.3665][DISPATCH              ] wf=13 task=1369 vm=12
[t=   3759.7385][TASK-COMPLETE         ] task=156 wf=1 vm=31(reserved) actualCPU=363.9240s
[t=   3759.7385][DISPATCH              ] wf=13 task=1371 vm=31
[t=   3780.7805][TASK-COMPLETE         ] task=1177 wf=11 vm=42(reserved) actualCPU=299.8680s
[t=   3780.7805][DISPATCH              ] wf=13 task=1370 vm=42
[t=   3806.4185][TASK-COMPLETE         ] task=1170 wf=11 vm=37(reserved) actualCPU=527.5790s
[t=   3806.4185][DISPATCH              ] wf=13 task=1372 vm=37
[t=   3822.9195][TASK-COMPLETE         ] task=1163 wf=11 vm=29(reserved) actualCPU=585.5990s
[t=   3822.9195][DISPATCH              ] wf=17 task=1783 vm=29
[t=   3831.2745][TASK-COMPLETE         ] task=1783 wf=17 vm=29(reserved) actualCPU=8.3550s
[t=   3831.2745][DISPATCH              ] wf=18 task=1883 vm=29
[t=   3841.4945][TASK-COMPLETE         ] task=1883 wf=18 vm=29(reserved) actualCPU=10.2200s
[t=   3841.4945][DISPATCH              ] wf=15 task=1584 vm=29
[t=   3849.8355][TASK-COMPLETE         ] task=1584 wf=15 vm=29(reserved) actualCPU=8.3410s
[t=   3849.8355][DISPATCH              ] wf=16 task=1684 vm=29
[t=   3855.0585][TASK-COMPLETE         ] task=1684 wf=16 vm=29(reserved) actualCPU=5.2230s
[t=   3855.0585][DISPATCH              ] wf=8 task=889 vm=29
[t=   3860.1535][TASK-COMPLETE         ] task=889 wf=8 vm=29(reserved) actualCPU=5.0950s
[t=   3860.1535][DISPATCH              ] wf=8 task=891 vm=29
[t=   3862.7395][TASK-COMPLETE         ] task=1180 wf=11 vm=38(reserved) actualCPU=346.4030s
[t=   3862.7395][DISPATCH              ] wf=8 task=890 vm=38
[t=   3864.7135][TASK-COMPLETE         ] task=982 wf=9 vm=10(reserved) actualCPU=466.1400s
[t=   3864.7135][DISPATCH              ] wf=4 task=454 vm=10
[t=   3865.7025][TASK-COMPLETE         ] task=891 wf=8 vm=29(reserved) actualCPU=5.5490s
[t=   3865.7025][DISPATCH              ] wf=4 task=455 vm=29
[t=   3865.9115][TASK-COMPLETE         ] task=454 wf=4 vm=10(reserved) actualCPU=1.1980s
[t=   3865.9115][DISPATCH              ] wf=4 task=456 vm=10
[t=   3867.6555][TASK-COMPLETE         ] task=1384 wf=13 vm=28(reserved) actualCPU=251.6340s
[t=   3867.6555][DISPATCH              ] wf=4 task=458 vm=28
[t=   3868.3165][TASK-COMPLETE         ] task=890 wf=8 vm=38(reserved) actualCPU=5.5770s
[t=   3868.3165][WF-COMPLETE           ] wf=8 completionTime=3868.3165 deadline=2810.9094 -> MISSED
[t=   3868.3165][DISPATCH              ] wf=1 task=157 vm=38
[t=   3869.3905][TASK-COMPLETE         ] task=157 wf=1 vm=38(reserved) actualCPU=1.0740s
[t=   3869.3905][DISPATCH              ] wf=1 task=158 vm=38
[t=   3870.3495][TASK-COMPLETE         ] task=458 wf=4 vm=28(reserved) actualCPU=2.6940s
[t=   3870.3495][DISPATCH              ] wf=1 task=159 vm=28
[t=   3871.7225][TASK-COMPLETE         ] task=455 wf=4 vm=29(reserved) actualCPU=6.0200s
[t=   3871.7225][DISPATCH              ] wf=1 task=161 vm=29
[t=   3874.6435][TASK-COMPLETE         ] task=161 wf=1 vm=29(reserved) actualCPU=2.9210s
[t=   3874.6435][DISPATCH              ] wf=17 task=1784 vm=29
[t=   3874.6655][TASK-COMPLETE         ] task=158 wf=1 vm=38(reserved) actualCPU=5.2750s
[t=   3874.6655][DISPATCH              ] wf=18 task=1884 vm=38
[t=   3875.9745][TASK-COMPLETE         ] task=1182 wf=11 vm=48(reserved) actualCPU=452.0030s
[t=   3875.9745][DISPATCH              ] wf=15 task=1585 vm=48
[t=   3876.8205][TASK-COMPLETE         ] task=1585 wf=15 vm=48(reserved) actualCPU=0.8460s
[t=   3876.8205][WF-COMPLETE           ] wf=15 completionTime=3876.8205 deadline=355.2914 -> MISSED
[t=   3876.8205][DISPATCH              ] wf=16 task=1685 vm=48
[t=   3877.7765][TASK-COMPLETE         ] task=1685 wf=16 vm=48(reserved) actualCPU=0.9560s
[t=   3877.7765][WF-COMPLETE           ] wf=16 completionTime=3877.7765 deadline=423.2579 -> MISSED
[t=   3877.7765][DISPATCH              ] wf=9 task=983 vm=48
[t=   3879.7565][TASK-COMPLETE         ] task=983 wf=9 vm=48(reserved) actualCPU=1.9800s
[t=   3879.7565][DISPATCH              ] wf=9 task=984 vm=48
[t=   3880.8265][TASK-COMPLETE         ] task=1884 wf=18 vm=38(reserved) actualCPU=6.1610s
[t=   3880.8265][DISPATCH              ] wf=9 task=985 vm=38
[t=   3881.6415][TASK-COMPLETE         ] task=1413 wf=14 vm=21(reserved) actualCPU=482.8930s
[t=   3881.6415][DISPATCH              ] wf=9 task=987 vm=21
[t=   3882.4195][TASK-COMPLETE         ] task=1784 wf=17 vm=29(reserved) actualCPU=7.7760s
[t=   3882.4195][DISPATCH              ] wf=4 task=457 vm=29
[t=   3883.6005][TASK-COMPLETE         ] task=984 wf=9 vm=48(reserved) actualCPU=3.8440s
[t=   3883.6005][DISPATCH              ] wf=1 task=160 vm=48
[t=   3885.3735][TASK-COMPLETE         ] task=987 wf=9 vm=21(reserved) actualCPU=3.7320s
[t=   3885.3735][DISPATCH              ] wf=9 task=986 vm=21
[t=   3885.3905][TASK-COMPLETE         ] task=1183 wf=11 vm=11(reserved) actualCPU=460.7410s
[t=   3885.3905][DISPATCH              ] wf=18 task=1885 vm=11
[t=   3886.2145][TASK-COMPLETE         ] task=1885 wf=18 vm=11(reserved) actualCPU=0.8240s
[t=   3886.2145][WF-COMPLETE           ] wf=18 completionTime=3886.2145 deadline=487.3135 -> MISSED
[t=   3886.2145][DISPATCH              ] wf=14 task=1414 vm=11
[t=   3887.7105][TASK-COMPLETE         ] task=1414 wf=14 vm=11(reserved) actualCPU=1.4960s
[t=   3887.7105][DISPATCH              ] wf=14 task=1415 vm=11
[t=   3894.0395][TASK-COMPLETE         ] task=1415 wf=14 vm=11(reserved) actualCPU=6.3290s
[t=   3894.0395][DISPATCH              ] wf=14 task=1416 vm=11
[t=   3902.4355][TASK-COMPLETE         ] task=1176 wf=11 vm=45(reserved) actualCPU=450.3840s
[t=   3902.4355][DISPATCH              ] wf=14 task=1418 vm=45
[t=   3903.9935][TASK-COMPLETE         ] task=1181 wf=11 vm=19(reserved) actualCPU=375.1120s
[t=   3903.9935][DISPATCH              ] wf=17 task=1785 vm=19
[t=   3904.7535][TASK-COMPLETE         ] task=1785 wf=17 vm=19(reserved) actualCPU=0.7600s
[t=   3904.7535][WF-COMPLETE           ] wf=17 completionTime=3904.7535 deadline=441.4418 -> MISSED
[t=   3904.7535][DISPATCH              ] wf=14 task=1417 vm=19
[t=   3908.6995][TASK-COMPLETE         ] task=1418 wf=14 vm=45(reserved) actualCPU=6.2640s
[t=   3911.7235][TASK-COMPLETE         ] task=457 wf=4 vm=29(reserved) actualCPU=29.3040s
[t=   3913.3765][TASK-COMPLETE         ] task=1164 wf=11 vm=22(reserved) actualCPU=742.4630s
[t=   3913.3765][DISPATCH              ] wf=11 task=1186 vm=22
[t=   3917.8305][TASK-COMPLETE         ] task=1173 wf=11 vm=47(reserved) actualCPU=485.9160s
[t=   3918.1395][TASK-COMPLETE         ] task=160 wf=1 vm=48(reserved) actualCPU=34.5390s
[t=   3919.0905][TASK-COMPLETE         ] task=1186 wf=11 vm=22(reserved) actualCPU=5.7140s
[t=   3919.8505][TASK-COMPLETE         ] task=1444 wf=14 vm=1(reserved) actualCPU=351.1530s
[t=   3919.8505][DISPATCH              ] wf=14 task=1445 vm=1
[t=   3919.8505][DISPATCH              ] wf=14 task=1446 vm=22
[t=   3919.8505][DISPATCH              ] wf=14 task=1447 vm=29
[t=   3919.8505][DISPATCH              ] wf=14 task=1449 vm=45
[t=   3921.0855][TASK-COMPLETE         ] task=1445 wf=14 vm=1(reserved) actualCPU=1.2350s
[t=   3921.0855][DISPATCH              ] wf=14 task=1448 vm=1
[t=   3922.7305][TASK-COMPLETE         ] task=986 wf=9 vm=21(reserved) actualCPU=37.3570s
[t=   3922.8115][TASK-COMPLETE         ] task=1449 wf=14 vm=45(reserved) actualCPU=2.9610s
[t=   3924.8075][TASK-COMPLETE         ] task=1446 wf=14 vm=22(reserved) actualCPU=4.9570s
[t=   3929.1765][TASK-COMPLETE         ] task=1179 wf=11 vm=13(reserved) actualCPU=425.6660s
[t=   3929.2405][TASK-COMPLETE         ] task=947 wf=9 vm=15(reserved) actualCPU=369.6620s
[t=   3929.2405][DISPATCH              ] wf=9 task=948 vm=13
[t=   3929.2405][DISPATCH              ] wf=9 task=949 vm=15
[t=   3929.2405][DISPATCH              ] wf=9 task=950 vm=21
[t=   3929.2405][DISPATCH              ] wf=9 task=952 vm=22
[t=   3930.2115][TASK-COMPLETE         ] task=1178 wf=11 vm=35(reserved) actualCPU=445.3790s
[t=   3930.5585][TASK-COMPLETE         ] task=948 wf=9 vm=13(reserved) actualCPU=1.3180s
[t=   3930.5585][DISPATCH              ] wf=9 task=951 vm=13
[t=   3932.2355][TASK-COMPLETE         ] task=952 wf=9 vm=22(reserved) actualCPU=2.9950s
[t=   3934.5165][TASK-COMPLETE         ] task=949 wf=9 vm=15(reserved) actualCPU=5.2760s
[t=   3938.9335][TASK-COMPLETE         ] task=1417 wf=14 vm=19(reserved) actualCPU=34.1800s
[t=   3939.1515][TASK-COMPLETE         ] task=650 wf=6 vm=23(reserved) actualCPU=383.1910s
[t=   3939.1515][DISPATCH              ] wf=6 task=651 vm=15
[t=   3939.1515][DISPATCH              ] wf=6 task=652 vm=19
[t=   3939.1515][DISPATCH              ] wf=6 task=653 vm=22
[t=   3939.1515][DISPATCH              ] wf=6 task=655 vm=23
[t=   3940.4875][TASK-COMPLETE         ] task=651 wf=6 vm=15(reserved) actualCPU=1.3360s
[t=   3940.4875][DISPATCH              ] wf=6 task=654 vm=15
[t=   3942.0635][TASK-COMPLETE         ] task=655 wf=6 vm=23(reserved) actualCPU=2.9120s
[t=   3944.3445][TASK-COMPLETE         ] task=652 wf=6 vm=19(reserved) actualCPU=5.1930s
[t=   3950.4035][TASK-COMPLETE         ] task=1448 wf=14 vm=1(reserved) actualCPU=29.3180s
[t=   3955.5765][TASK-COMPLETE         ] task=1368 wf=13 vm=17(reserved) actualCPU=238.6100s
[t=   3967.6215][TASK-COMPLETE         ] task=951 wf=9 vm=13(reserved) actualCPU=37.0630s
[t=   3978.0655][TASK-COMPLETE         ] task=654 wf=6 vm=15(reserved) actualCPU=37.5780s
[t=   3978.2585][TASK-COMPLETE         ] task=1380 wf=13 vm=9(reserved) actualCPU=340.4980s
[t=   3990.5035][TASK-COMPLETE         ] task=1185 wf=11 vm=0(reserved) actualCPU=564.3870s
[t=   3990.5035][DISPATCH              ] wf=11 task=1188 vm=0
[t=   3991.5145][TASK-COMPLETE         ] task=1381 wf=13 vm=40(reserved) actualCPU=333.0220s
[t=   3996.7675][TASK-COMPLETE         ] task=1188 wf=11 vm=0(reserved) actualCPU=6.2640s
[t=   4021.3195][TASK-COMPLETE         ] task=1383 wf=13 vm=34(reserved) actualCPU=410.3680s
[t=   4027.8235][TASK-COMPLETE         ] task=1369 wf=13 vm=12(reserved) actualCPU=277.4570s
[t=   4032.8255][TASK-COMPLETE         ] task=1377 wf=13 vm=7(reserved) actualCPU=397.4280s
[t=   4038.0605][TASK-COMPLETE         ] task=1479 wf=14 vm=24(reserved) actualCPU=504.0750s
[t=   4038.0605][DISPATCH              ] wf=14 task=1480 vm=0
[t=   4038.0605][DISPATCH              ] wf=14 task=1481 vm=1
[t=   4038.0605][DISPATCH              ] wf=14 task=1482 vm=7
[t=   4038.0605][DISPATCH              ] wf=14 task=1484 vm=45
[t=   4039.8755][TASK-COMPLETE         ] task=1480 wf=14 vm=0(reserved) actualCPU=1.8150s
[t=   4039.8755][DISPATCH              ] wf=14 task=1483 vm=0
[t=   4041.5585][TASK-COMPLETE         ] task=1484 wf=14 vm=45(reserved) actualCPU=3.4980s
[t=   4041.8915][TASK-COMPLETE         ] task=1481 wf=14 vm=1(reserved) actualCPU=3.8310s
[t=   4071.5075][TASK-COMPLETE         ] task=1483 wf=14 vm=0(reserved) actualCPU=31.6320s
[t=   4076.0995][TASK-COMPLETE         ] task=1382 wf=13 vm=26(reserved) actualCPU=465.2310s
[t=   4081.1215][TASK-COMPLETE         ] task=1174 wf=11 vm=16(reserved) actualCPU=648.0460s
[t=   4093.1475][TASK-COMPLETE         ] task=1371 wf=13 vm=31(reserved) actualCPU=333.4090s
[t=   4101.7805][TASK-COMPLETE         ] task=1175 wf=11 vm=46(reserved) actualCPU=653.3420s
[t=   4101.7805][DISPATCH              ] wf=11 task=1187 vm=48
[t=   4104.7705][TASK-COMPLETE         ] task=1385 wf=13 vm=33(reserved) actualCPU=485.8770s
[t=   4104.7705][DISPATCH              ] wf=13 task=1388 vm=0
[t=   4104.8855][TASK-COMPLETE         ] task=1367 wf=13 vm=30(reserved) actualCPU=396.5330s
[t=   4108.0525][TASK-COMPLETE         ] task=1187 wf=11 vm=48(reserved) actualCPU=6.2720s
[t=   4108.0525][WF-COMPLETE           ] wf=11 completionTime=4108.0525 deadline=2848.4479 -> MISSED
[t=   4108.5165][TASK-COMPLETE         ] task=1378 wf=13 vm=27(reserved) actualCPU=471.3590s
[t=   4109.4875][TASK-COMPLETE         ] task=1388 wf=13 vm=0(reserved) actualCPU=4.7170s
[t=   4113.6475][TASK-COMPLETE         ] task=1366 wf=13 vm=39(reserved) actualCPU=414.1220s
[t=   4136.0215][TASK-COMPLETE         ] task=1379 wf=13 vm=49(reserved) actualCPU=494.9330s
[t=   4138.2895][TASK-COMPLETE         ] task=1373 wf=13 vm=18(reserved) actualCPU=510.0100s
[t=   4147.2625][TASK-COMPLETE         ] task=1362 wf=13 vm=25(reserved) actualCPU=483.3670s
[t=   4160.3765][TASK-COMPLETE         ] task=1376 wf=13 vm=3(reserved) actualCPU=530.1250s
[t=   4194.4425][TASK-COMPLETE         ] task=1374 wf=13 vm=20(reserved) actualCPU=575.3740s
[t=   4215.4245][TASK-COMPLETE         ] task=1365 wf=13 vm=14(reserved) actualCPU=499.2320s
[t=   4223.9465][TASK-COMPLETE         ] task=1375 wf=13 vm=44(reserved) actualCPU=601.3380s
[t=   4223.9465][DISPATCH              ] wf=13 task=1387 vm=48
[t=   4229.2685][TASK-COMPLETE         ] task=1387 wf=13 vm=48(reserved) actualCPU=5.3220s
[t=   4240.3595][TASK-COMPLETE         ] task=1364 wf=13 vm=8(reserved) actualCPU=553.7110s
[t=   4292.5355][TASK-COMPLETE         ] task=1372 wf=13 vm=37(reserved) actualCPU=486.1170s
[t=   4293.8205][TASK-COMPLETE         ] task=1370 wf=13 vm=42(reserved) actualCPU=513.0400s
[t=   4300.9845][TASK-COMPLETE         ] task=1363 wf=13 vm=4(reserved) actualCPU=634.6440s
[t=   4300.9845][DISPATCH              ] wf=13 task=1386 vm=47
[t=   4306.6615][TASK-COMPLETE         ] task=1386 wf=13 vm=47(reserved) actualCPU=5.6770s
[t=   4306.6615][WF-COMPLETE           ] wf=13 completionTime=4306.6615 deadline=2870.8455 -> MISSED
[t=   4495.0375][TASK-COMPLETE         ] task=128 wf=1 vm=41(reserved) actualCPU=1093.5300s
[t=   4495.0375][DISPATCH              ] wf=1 task=131 vm=30
[t=   4496.4595][TASK-COMPLETE         ] task=131 wf=1 vm=30(reserved) actualCPU=1.4220s
[t=   4567.3165][TASK-COMPLETE         ] task=622 wf=6 vm=6(reserved) actualCPU=1040.2810s
[t=   4567.3165][DISPATCH              ] wf=6 task=625 vm=30
[t=   4568.5435][TASK-COMPLETE         ] task=625 wf=6 vm=30(reserved) actualCPU=1.2270s
[t=   4639.0105][TASK-COMPLETE         ] task=425 wf=4 vm=36(reserved) actualCPU=1241.8820s
[t=   4639.0105][DISPATCH              ] wf=4 task=428 vm=30
[t=   4640.1615][TASK-COMPLETE         ] task=428 wf=4 vm=30(reserved) actualCPU=1.1510s
[t=   4641.6475][TASK-COMPLETE         ] task=919 wf=9 vm=32(reserved) actualCPU=1240.6930s
[t=   4641.6475][DISPATCH              ] wf=9 task=922 vm=30
[t=   4642.9985][TASK-COMPLETE         ] task=922 wf=9 vm=30(reserved) actualCPU=1.3510s
[t=   4818.0685][TASK-COMPLETE         ] task=491 wf=4 vm=43(reserved) actualCPU=1389.6930s
[t=   4818.0685][DISPATCH              ] wf=4 task=494 vm=46
[t=   4819.5745][TASK-COMPLETE         ] task=494 wf=4 vm=46(reserved) actualCPU=1.5060s
[t=   4871.0345][TASK-COMPLETE         ] task=194 wf=1 vm=5(reserved) actualCPU=1450.8140s
[t=   4871.0345][DISPATCH              ] wf=1 task=197 vm=46
[t=   4872.5795][TASK-COMPLETE         ] task=197 wf=1 vm=46(reserved) actualCPU=1.5450s
[t=   4883.7875][TASK-COMPLETE         ] task=688 wf=6 vm=2(reserved) actualCPU=1332.7340s
[t=   4883.7875][DISPATCH              ] wf=6 task=691 vm=46
[t=   4885.4515][TASK-COMPLETE         ] task=691 wf=6 vm=46(reserved) actualCPU=1.6640s
[t=   5049.5915][TASK-COMPLETE         ] task=159 wf=1 vm=28(reserved) actualCPU=1179.2420s
[t=   5049.5915][DISPATCH              ] wf=1 task=162 vm=0
[t=   5050.8645][TASK-COMPLETE         ] task=162 wf=1 vm=0(reserved) actualCPU=1.2730s
[t=   5050.8645][WF-COMPLETE           ] wf=1 completionTime=5050.8645 deadline=8988.9719 -> MET
[t=   5145.7935][TASK-COMPLETE         ] task=1416 wf=14 vm=11(reserved) actualCPU=1251.7540s
[t=   5145.7935][DISPATCH              ] wf=14 task=1419 vm=30
[t=   5146.9205][TASK-COMPLETE         ] task=1419 wf=14 vm=30(reserved) actualCPU=1.1270s
[t=   5209.9305][TASK-COMPLETE         ] task=950 wf=9 vm=21(reserved) actualCPU=1280.6900s
[t=   5209.9305][DISPATCH              ] wf=9 task=953 vm=11
[t=   5211.4045][TASK-COMPLETE         ] task=953 wf=9 vm=11(reserved) actualCPU=1.4740s
[t=   5217.6835][TASK-COMPLETE         ] task=1447 wf=14 vm=29(reserved) actualCPU=1297.8330s
[t=   5217.6835][DISPATCH              ] wf=14 task=1450 vm=11
[t=   5219.1055][TASK-COMPLETE         ] task=1450 wf=14 vm=11(reserved) actualCPU=1.4220s
[t=   5230.4425][TASK-COMPLETE         ] task=985 wf=9 vm=38(reserved) actualCPU=1349.6160s
[t=   5230.4425][DISPATCH              ] wf=9 task=988 vm=46
[t=   5232.2395][TASK-COMPLETE         ] task=988 wf=9 vm=46(reserved) actualCPU=1.7970s
[t=   5232.2395][WF-COMPLETE           ] wf=9 completionTime=5232.2395 deadline=9107.1399 -> MET
[t=   5254.8255][TASK-COMPLETE         ] task=1482 wf=14 vm=7(reserved) actualCPU=1216.7650s
[t=   5254.8255][DISPATCH              ] wf=14 task=1485 vm=46
[t=   5256.3335][TASK-COMPLETE         ] task=1485 wf=14 vm=46(reserved) actualCPU=1.5080s
[t=   5256.3335][WF-COMPLETE           ] wf=14 completionTime=5256.3335 deadline=9163.3595 -> MET
[t=   5284.3325][TASK-COMPLETE         ] task=653 wf=6 vm=22(reserved) actualCPU=1345.1810s
[t=   5284.3325][DISPATCH              ] wf=6 task=656 vm=11
[t=   5285.7685][TASK-COMPLETE         ] task=656 wf=6 vm=11(reserved) actualCPU=1.4360s
[t=   5285.7685][WF-COMPLETE           ] wf=6 completionTime=5285.7685 deadline=9090.2262 -> MET
[t=   5491.1185][TASK-COMPLETE         ] task=456 wf=4 vm=10(reserved) actualCPU=1625.2070s
[t=   5491.1185][DISPATCH              ] wf=4 task=459 vm=11
[t=   5492.4745][TASK-COMPLETE         ] task=459 wf=4 vm=11(reserved) actualCPU=1.3560s
[t=   5492.4745][WF-COMPLETE           ] wf=4 completionTime=5492.4745 deadline=9027.2437 -> MET
[t=      0.0000][CLOSE                 ] === CBMW detail log closed ===
